Email,First Name,Last Name,Country,Zip,Email,Zip,Phone,Phone
gonzalezsansaloneuriel@gmail.com,uriel,gonzalez sansalone,ar,,,,+541124699151,
aelcovich@gmail.com,alejandra,elcovich,ar,,,,+541165090320,
rodrigosancristobal4@gmail.com,rodrigo,san cristobal,ar,,,,+542975174229,
nnnn97gllrdo@gmail.com,ivan,gallardo,ar,,,,+543772610643,
hr961213@gmail.com,hugodaniel,rojas,ar,,,,+543813538617,
pooyoani649@gmail.com,yoani,poo,ar,,,,+542984127367,
emanuelleguiza2004@gmail.com,pablo,almiron,ar,,,,+543417553967,
albaandreina25@gmail.com,julieta,parra,ar,,,,+541128235399,
orellanarocio577@gmail.com,rocio,orellana,ar,,,,+541141751888,
pablorenebarrio@gmail.com,pablo rene,barrios,ar,,,,+543425219779,
daianaangeles17@gmail.com,daiana,ramirez,ar,,,,+541139055507,
mc6739248@gmail.com,miguel,castillo,ar,,,,+543471689954,
lucreciadobler@gmail.com,lucrecia,dobler,ar,,,,+5492215080410,
chichitoortiz21@gmail.com,jerónimo,ortiz arias,ar,,,,+543537569875,
bertazzolimarina7@gmail.com,marina,bertazzoli,ar,,,,+541133702519,
adrianivanalejandros@gmail.com,adrian ivan alejandro,suárez,ar,,,,+543846412132,
tdelosriosr2@gmail.com,tatiana,de los rios riascos,ar,,,,+542216185150,
javierluna9453@gmail.com,javier martin,luna,ar,,,,+541134527129,
luscamargo288@gmail.com,luis,camargo,ar,,,,+543757513202,
josegasparetti636@gmail.com,jose csrlos,gasparetti,ar,,,,+543795379591,
juandarienzohorczuk@gmail.com,juan darienzo,horczuk,ar,,,,+543758430681,
gromazcarolina@gmail.com,carolina,gromaz,ar,,,,,
christiank@100k.com.ar,christian,kaidrits,ar,,,,+541167520007,
aracelibastiiikv@gmail.com,araceli,escobar,ar,,,,+541164440565,
senenciad@gmail.com,liborio,lemos molinas,ar,,,,+541162704020,
jose1974pereiro@gmail.com,jose luis,pereiro,ar,,,,+541176246765,
bs043763@gmail.com,brian,silva,ar,,,,+543772624215,
rubenfleytas23@gmail.com,fabián ruben,fleytas,ar,,,,+543482553748,
floresgiselle187@gmail.comf,giselle jorgelina,flores,ar,,,,+543625240821,
miliparra022@gmail.com,milagros,parra,ar,,,,+543853168723,
romerodamian@gmail.com,damian,romero,ar,,,,+543518525828,
facundolopardo4@gmail.com,facundo,lopardo,ar,,,,+543412169399,
jony01@outlook.com,jonatan,romero,ar,,,,+542964587615,
gonzalologaldo@gmail.com,gonzalo,logaldo,ar,,,,+541150622212,
karenivo46@gmail.com,karen,medina,ar,,,,+543460695105,
gabriel12snack@gmail.com,gabriela,snacck,ar,,,,+542227558481,
pereyrajorgejp09@gmail.com,jorge david pereyra,pereyra,ar,,,,+543854853874,
cativayanira2025@gmail.com,julio césar,solohaga,ar,,,,+543835411363,
eduardomarquestau47@gmail.com,eduardo,marquestau,ar,,,,+542983656858,
lulyf9692@gmail.com,mariana luzmila,flores,ar,,,,+542646228717,
juliovillarreal824@gmail.com,victor leonardo,villarreal,ar,,,,+543815710844,
rociochirino38@gmail.com,rocio cristina,chirino,ar,,,,+543582598608,
gs22142214@gmail.com,gonzalo,silva,ar,,,,+543482388011,
avalosflorecio29@gmail.com,marlene,barreto,ar,,,,+542214949473,
javierknebel01@gmail.com,javier,knebel,ar,,,,+543584306366,
2220patodiaz@gmeil.com,patricia marcela,diaz,ar,,,,+543541564225,
largosshernan09@gmail.com,hernan,largo,ar,,,,+543644826763,
lemairecristian5@gmail.com,cristian,lemaire,ar,,,,+543731640925,
qfmelis@gmail.com,melis,quijije,ar,,,,+541127684045,
brianamartina453@gmail.com,jonathan,enriquez,ar,,,,+541139370796,
nikobarrios2512@gmail.com,nicolás,barrios,ar,,,,+543416616889,
barbierominabal@gmail.com,barbara,bal,ar,,,,+541126703213,
arielmancini79@gmail.com,ariel,mancini,ar,,,,+541161833107,
marurejep2801@gmail.com,maría marta,rejep,ar,,,,+542934402280,
abrilmaite238@gmail.com,abril maite,santillan,ar,,,,+541123473341,
macarena154morales@gmail.com,macarena daniela,morales,ar,,,,+543644110037,
natanaelmikeascom@gmail.com,hernan,de asis,ar,,,,+543751312733,
calderonrosana332@gmail.com,rosana,calderon,ar,,,,+543435409010,
braian45lopez@gmail.com,braian,luis lopez,ar,,,,+543834048177,
azulluna@gmail.com,ansb,nsjsbdjs,ar,,,,+542281300567,
rociokostinchok23@gmail.com,rocio,kostinchok,ar,,,,+543765491994,
gaitanblanca739@gmail.com,blanca amada,gaitan,ar,,,,+543468607534,
francopacheco639@gmail.com,franco,pacheco,ar,,,,+542235407869,
rominarehm@gmail.com,romina,rehm,ar,,,,+541162560701,
djjuan2011@hotmail.com,juan bautista,aravena,ar,,,,+542966215817,
melaniailengomez@gmail.com,melani,gomez,ar,,,,+542233498431,
gghugo11@gmail.com,hugo andres,gonzalez garcia,ar,,,,+542945425994,
nicolasdigasbarro@hotmail.com,nicolás,di gasbarro,ar,,,,+542216222067,
abrilcarmona2005@gmail.com,nicole,carmona,ar,,,,+541125731122,
susanab_rey@hotmail.com,geraldine marina,molina también win,ar,,,,+541123249172,
pedrolarraula1@gmail.com,pedro,larraula,ar,,,,+542213032672,
mariolypenacastillo@gmail.com,marioly,peña,ar,,,,+542215628781,
marianovergara504@gmail.com,mariano ignacio,vergara,ar,,,,+541160464971,
claubres76@gmail.com,claudia bres,bres,ar,,,,+542984933709,
tm4188526@gmail.com,tomas,mendez,ar,,,,+543704924997,
betzykeisysalcedo@gmail.com,betzi,salcedo,ar,,,,+541168004833,
hsgushsd@gmail.com,tamara,toyos,ar,,,,+542235436789,
julieta.m.gonzalez@hotmail.com,julieta,gonzalez,ar,,,,+541141847624,
lucassuarez412151@gmail.com,lucas,suarez,ar,,,,+542215908414,
joanyluz84@hotmail.com,joana,britez,ar,,,,+541153480262,
leonardomayer8@gmail.com,leonardo,mayer ramírez,ar,,,,+541169725486,
rc4659325@gmail.com,roberto,contreras,ar,,,,+543804155645,
sgodas@gmail.coms,silvina,godas,ar,,,,+542245459824,
daianacelestefernandez34@gmail.com,daiana celeste,fernández,ar,,,,+543416168254,
gabydardi@gmail.com,gabriela,dardanelli,ar,,,,+541131399804,
inesdelvalle222@gmail.com,santiago,castro,ar,,,,+541131689360,
nahuelbidera08@gmail.com,nahuel,bidera,ar,,,,+543572500973,
nadiarussian@gmail.com,nadia,russian,ar,,,,+541144255327,
arredondobrayam96@gmail.com,brayam,arredondo,ar,,,,+542664881797,
institutolaglo1986@gmail.com,alberto nicolás,lópez,ar,,,,+543516161080,
chicomajo60@gmail.com,maría josé,chico,ar,,,,+542920352124,
johaaa.mdqq@hotmail.com,mariela johana,rodriguez,ar,,,,+541130306945,
gimenezmaximiliano349@gmail.com,maximiliano luis,gimenez,ar,,,,+542914688058,
edgardojose128@gmail.com,edgardo,kronemberger,ar,,,,+543644459992,
noeliabarani@gmail.com,noelia,barani,ar,,,,+541165855299,
carinalucero87@gmail.com,carina,lucero,ar,,,,+541164318851,
solmoreno138@gmail.com,sol daiana,moreno,ar,,,,+543855744936,
fernando_alvarez_@hotmail.com,ricardo,alvarez barrero,ar,,,,+541158740357,
torrespedroa874@gmil.com,torres,perdro antonio,ar,,,,+543705455045,
corradoezequiel@gmail.com,ezequiel,corrado,ar,,,,+541122654811,
beniciojoaquinescobar@gmail.com,javier,casares,ar,,,,+543873307518,
davidorellana@gmail.com,david,orellana,ar,,,,+543704993145,
nahuelcorreaestebam09@gmail.com,nahuel,correa,ar,,,,+543765514117,
alvaro@gmail.com,benjamin,bobadilla,ar,,,,+543704808484,
marianelaezeiza94@gmail.com,marianela,eseiza,ar,,,,+542215793024,
jacquelineerocio@gmail.com,jacqueline,elias,ar,,,,+541128450531,
tamarabanegas1@gmail.com,tamara abigail,banegas,ar,,,,+543513597859,
briannr1743@gmail.com,brian,ramírez,ar,,,,+541154665520,
celesteleguizaii70@gmail.com,erika celeste,leguiza,ar,,,,+541123782631,
patriciafernandez16@yahoo.com.ar,patricia,fernandez,ar,,,,+541161785637,
thomasswer36@gmail.com,thomas,swerdlin,ar,,,,+541158060571,
leitonavarro49@gmail.com,leonel paulo,navarro,ar,,,,+543875570609,
leivaivan231@gmail.com,iván armando,leiva,ar,,,,+543855183312,
adrianavergara774@gmail.com,adriana,vergara,ar,,,,+543434064725,
adrian35150938@gmail.com,adrian oscar,sosa,ar,,,,+543417417245,
huaitamg35@gmail.com,jesica mabel,huaita gomez,ar,,,,+543872571746,
falconliliana801@gmail.com,liliana soledad,falcón,ar,,,,+543725577350,
florenciadicicca@gmail.com,florencia,di cicca,ar,,,,+541168121398,
alejandrofauez616@gmail.com,elias alejandro,fauez,ar,,,,+541135132457,
fabianmontenegroo91@gmail.com,fabián antonio,montenegro,ar,,,,+541171987512,
carolinamilano18@gmail.com,carolina,milanp,ar,,,,+543534294692,
miguelmateojesus60@gmail.com,penélope belen,miguel,ar,,,,+543482386365,
luciahilenmanggini2004@gmail.com,lucia,manggini,ar,,,,+543416958566,
ema_kl_02@hotmail.com,emanuel,santana,ar,,,,+541139206157,
gordilloerick12@gmail.com,erick,gordillo,ar,,,,+543825568366,
delfinenciso5@gmail.com,delfín,enciso,ar,,,,+541130464581,
cnatanv01313@gmail.com,natan,viegas,ar,,,,+542975370886,
arielvalente1969@gmail.com,ariel valente,valente,ar,,,,+543413510210,
omgallo@hotmail.com,ornella,gallo,ar,,,,+541173628663,
valentinosofiaailen@gmail.com,sofia ailen,valentino,ar,,,,+541168474890,
eduardomanuellauringonzalez@gmail.com,eduardo manuel,laurin gonzalez,ar,,,,+542616133995,
osesr9519@gmail.com,roberto,oses,ar,,,,+542996272836,
carloaguilera400@gmail.com,carlos,aguilera,ar,,,,+543813353104,
merloerica453@gmail.com,erica,merlo,ar,,,,+543487655968,
deltogno.carlos@gmsil.com,carlos alberto,del togno,ar,,,,+541156456469,
ayalajohana247@gmail.com,diego,arce,ar,,,,+543625156742,
panza66rodri@gmail.com,juan horacio rodríguez,rodríguez,ar,,,,+543764166297,
pamelalugones724@gmail.com,cristian nazareno,nietos,ar,,,,+543518500873,
silvinabaldoni@hotmail.com,silvina,baldoni,ar,,,,+541144944865,
cordoba25oscar@gmail.com,oscar fernando,cordoba,ar,,,,+543813931134,
amiuno15@gmail.com,camila,benitez,ar,,,,+541170604919,
jorgeluisvelez980@gmail.com,jorge luis,vélez,ar,,,,+543518164192,
vazquezjorgeomar5@gmail.com,sergio,pereyra,ar,,,,+543516698045,
rocio.eelen28@hotmail.com,rocio,maciel,ar,,,,+541172157574,
juanignaciogonzalezbeltritti@gmail.com,juan ignacio,gonzález,ar,,,,+542966785754,
oscarpietrocola@gmail.com,oscar,pietrocola,ar,,,,+543462588811,
fsusana891fernandezrios@gmail.com,susana,fernández,ar,,,,+543624130845,
martucauquoz@gmail.com,martina,cauquoz,ar,,,,+541140931206,
anamariacampos1961@hotmail.com,ana,campos,ar,,,,+541164815095,
soliuliano30@gmail.com,sol,iuliano,ar,,,,+541139016523,
lizvalenzuela2021@gmail.com,liz adriana,valenzuela,ar,,,,+543804179886,
fabianjeremiasdiaz@gmail.com,fabián nicolás,diaz,ar,,,,+543518138583,
p8523898@gmail.com,francisco,peralta,ar,,,,+543816706401,
yohanacelester@gmail.com,yohana,romero,ar,,,,+543758526828,
elflacoluis18@gmail.com,luis maria,chavez,ar,,,,+543751511405,
awusfersosa@gmail.com,agustín,sosa,ar,,,,+543825667303,
pablo699629@gmail.com,pablo,alarcon,ar,,,,+543855880786,
scrofftluis65@gmail.com,luis,scrofft,ar,,,,+542945912202,
aq044775@gmail.com,andrea,quintana,ar,,,,+542473506366,
mnovoacammarano@gmail.con,micaela,novoa,ar,,,,+541122557956,
czerniakcarolina@gmail.com,carolina,czerniak,ar,,,,+541127365981,
enzovalenzuela934@gmail.com,enzo,valenzuela,ar,,,,+543794527929,
seguramarcelo637@gmail.com,juan,segura,ar,,,,+542612393799,
estebancuarto197@gmail.com,esteban,cuánto,ar,,,,+542262651883,
diazbraian975@gmail.com,braian,diaz,ar,,,,+542645173544,
hacedordemilagros2015@gmail.com,juan,leon,ar,,,,+541168471023,
belenrubino86@gmail.com,maría belén,rubino,ar,,,,+541127437603,
pedromakano19@gmail.com,pedro,gonzález,ar,,,,+543756640495,
veroomorales1117@gimail.cm,veronica cristina,morales,ar,,,,+542614329068,
silviagomezsag@gmail.com,silvia alejandra,gomez,ar,,,,+541169357642,
fdmartincober@gmail.com,franco,martin,ar,,,,+541135725178,
ayegamarra1910@gmail.com,ayelen,gamarra,ar,,,,+541131376037,
fernanda_romero@hotmail.com,maria fernanda,romero,ar,,,,+541157175530,
ayelenbarbin059@gmail.com,nora,silvero,ar,,,,+541138334067,
maralaia9090@gmail.com,marisol,quisbert,ar,,,,+541125492550,
figuereselena46@gmail.com,elena,figueres,ar,,,,+543865240667,
delvallejohana876@gmail.com,joel miguel david,cejas,ar,,,,+543433007508,
martinezemi431@mail.com,emiliana,martinez,ar,,,,+542236702188,
andigallardo2@gmail.com,andrea,gallardo,ar,,,,+541162949997,
guillestanich@gmail.com,guillermina,stanich,ar,,,,+542236680075,
candeotreras10@gmail.com,candela,otreras,ar,,,,+542477362758,
maykolcurvalanmc@gmail.com,michel jesus,curvalan,ar,,,,+541157409023,
gonzalodandrea2019@hotmail.com,gonzalo,dandrea,ar,,,,+541130921996,
macarenacarreras@outlook.com,macarena ailin,carreras gomez,ar,,,,+541166107535,
aylenaguirre122@gmail.com,aylen,aguirre,ar,,,,+543516413142,
jorgepolo451@gmail.com,jorge ramón,polo,ar,,,,+543775454913,
andydiego1993@gmail.com,johanna,valdovino,ar,,,,+541156520853,
ceciliaraimondi7@gmail.com,cecilia,raimondi,ar,,,,+541125604085,
ezequielmezquida1997@gmail.com,gregorio ezequiel,mezquida,ar,,,,+542996039426,
cristianweber2023@gmail.com,cristian,weber,ar,,,,+543493446720,
hamiltonchaparro320@gmail.com,jorge david,chaparro,ar,,,,+541163733519,
carabajalflorencia2312@gmail.com,florencia,carabajal,ar,,,,+541136947203,
molinaamaxii8@gmail.com,maximiliano,molina,ar,,,,+542494496887,
verovivi22@gmail.com,veronica,medina,ar,,,,+541141914862,
mariocaballero412@gmail.com,mario,caballero,ar,,,,+542646271517,
solchydiscioscia@hotmail.com,sol,discioscia,ar,,,,+541124514701,
efraal@hotmail.com,efrain alberto,piña perozo,ar,,,,+541126916285,
tomastunesi2@gmail.com,tomas,tunesi,ar,,,,+541136383345,
matiasyoel170@gmail.com,matias,maidana,ar,,,,+543624254166,
gusarg0977@gmail.com,gustavo elias,argañaraz,ar,,,,+543516219855,
matiascabello521@gmail.com,matis,cabello,ar,,,,+542622640007,
hugosoler@hotmail.com,hugo,soler,ar,,,,+543541218866,
macafuentes@hotmail.com,macarena,fuentes,ar,,,,+541149494073,
tefiferreyra27@gmail.com,nadia,ferreyra,ar,,,,+543547638906,
aguspace7@gmail.con,agustina,marino,ar,,,,+542216746504,
azucenagracielabenitez222@gmail.com,azucena,benitez,ar,,,,+543718526663,
valentinboveda78@gmail.com,julio valentin,boveda,ar,,,,+543751240485,
kamiloikerismael2026@gmail.com,carla,campos,ar,,,,+543815933238,
celinadaneri@outlook.com,zhuxi,jiang,ar,,,,+541123640132,
nzbonino@gmail.com,claudia,bigioni,ar,,,,+541169992880,
sapoznikjonathan@gmail.com,andrea,moraiz,ar,,,,+543755207338,
nicoletabarez04@hotmail.com,nicole,tabarez,ar,,,,+543442646885,
diegoalma1994@gmail.com,diego fabián,almada,ar,,,,+541160369436,
ledesmaamaliaa@gmail.com,amalia,ledesma,ar,,,,+543764171615,
elianghiglione97@gmail.com,elian agustín,ghiglione,ar,,,,+543758442405,
elsaduarte850@gmail.com,analia noemi,ruiz díaz,ar,,,,+543758576022,
eduardogonzalezzzz27@gmail.com,eduardo gabriel,gonzález,ar,,,,+543757630392,
jorgeluistoloza9704@gmail.com,jorge,toloza,ar,,,,+543492672360,
desimelgarejo7@gmail.com,desiree,melgarejo,ar,,,,+541128158841,
raulroldanc26@gmail.com,raul,roldan,ar,,,,+541133299011,
tamaragutierrez0102@gmail.com,tamara valeria,gutierrez,ar,,,,+542664010922,
danieljosetello458@gmail.com,josé daniel,tello costa,ar,,,,+543825527067,
carocejas7676@gmail.com,carolina adriana,cejas,ar,,,,+541141770128,
mariagabrielarodri@gmail.com,maria gabriela,rodriguez,ar,,,,+541154214281,
marciafernandezmf8@gmail.com,marcia,fernandez,ar,,,,+541141709609,
figueroanahuel15@hotmail.com,nahuel,figueroa,ar,,,,+542996821369,
adrianamavelmillergorda@gmail.com,adriana,miller,ar,,,,+543757687595,
larzaballucy@gmail.com,lucia solange,larzabal,ar,,,,+542914739172,
agorosito063@gmail.com,andrea celeste,gorosito,ar,,,,+543404656528,
claudialilianagallardo@gmail.com,claudia liliana,gallardo,ar,,,,+542284230360,
davidmaldonado28372@gmail.com,david leopoldo,maldonado,ar,,,,+541130515655,
gaticabrian2@gmail.com,brean,gatica,ar,,,,+542665299729,
davidlujan270@gmail.com,david,lujan,ar,,,,+543512373872,
dariotemoeran@gmail.com,gaston,temperan,ar,,,,+541136708785,
floriana.assenti@hotmail.com,floriana,assenti,ar,,,,+542216186300,
m.florencia.acosta@hotmail.com,florencia,acosta,ar,,,,+541157593307,
escueragustin1@gmail.com,agustin,escuer,ar,,,,+542934412414,
diegoaquinoeze1212@gmail.com,diego,aquino,ar,,,,+541140287041,
sobamariana@gmail.com,mariana,mariana,ar,,,,,
leandroezequielj3@gmail.com,leandro,juárez,ar,,,,+543564224644,
roquemachado761@gmail.com,roque,machado,ar,,,,+543755646870,
rebecaleito74@gmail.com,leonardo,cabrera,ar,,,,+543515065599,
andressalamone22@gmail.com,carlos andrés,salamone,ar,,,,+541122794136,
candemeza525@gmail.com,candela solange,meza lopez,ar,,,,+541159717349,
flak252@hotmail.com,mayerling,barreto,ar,,,,+541158496316,
wmario680@gmail.com,walter,limachi,ar,,,,+541128962481,
marianocirilo78@gmail.com,mariano,cirilo,ar,,,,+541154033399,
onaviviana114@gmail.com,viviana,oña,ar,,,,+543872210298,
execau786@gmail.com,roberto,aguilar,ar,,,,+543426264104,
nicolasbonilla2002@gmail.com,nicolas,bonilla,ar,,,,+541128246767,
aleyabla@gmail.com,alexandra,blanco,ar,,,,+541125509017,
jonab8586@gmail.com,jona,bazan,ar,,,,+543562414462,
gimenez03j@gmail.com,juan ignacio,gimenez,ar,,,,+541127601128,
tobaresnatalia734@gmail.com,jessica natalia,tobares,ar,,,,+543548630362,
robergonzalez080@gmail.com,roberto,gonzález,ar,,,,+542215388630,
orregoluana265@gmail.com,luana,orrego,ar,,,,+541135050137,
penalbafabiana@gmail.com,vanesa penalba,penalba,ar,,,,+543874069797,
robelen0808@gmail.com,rocio belen,baez,ar,,,,+541134707283,
stuvevaleria@gmail.com,valeria,stuve maurette,ar,,,,+543484387842,
ceballosrodolfo534@gmail.com,nora,ceballos,ar,,,,+543518187627,
evelinjurcisin881@gmail.com,evelin,jurcisin,ar,,,,+541164694397,
roxirojas3322@gmail.com,roxana,rojas,ar,,,,+543704906251,
gomezbrisa348@gimail.com,brisa itati,gomez,ar,,,,+543794093915,
mairamicaelaaguirre@gmail.com,noe,aguirre,ar,,,,+543734413649,
aleebaguilar91@gmail.com,alejandra,aguilar,ar,,,,+541125392997,
rdominguez693@gmail.com,rodrigo,dominguez,ar,,,,+541141968455,
ara.buschittari@live.com.ar,araceli,buschittari,ar,,,,+543537657510,
felibarre@outlook.com.ar,felipe,barrera,ar,,,,+541154948185,
lucreciagandini@gmail.com,maria lucrecia,gandini,ar,,,,+543517895095,
delfinacalandria2@gmail.com,delfina,calandria,ar,,,,+541124098927,
tomasbohiler@gmail.com,tomás,bohiler,ar,,,,+541138195102,
sebasromero429@gmail.com,sebastian,romero,ar,,,,+543476359240,
silviaavila460@gmail.com,silvia,avila,ar,,,,+543521435252,
pnicolasdelgado@gmail.com,nico,delgado,ar,,,,+542215366007,
jbrachoaja@gmail.com,silvio,melo,ar,,,,+5491158662582,
danielajami22@gmail.com,daniel,ajami,ar,,,,+541133852328,
snprado77@gmail.com,sandra,prado,ar,,,,+541155935326,
juanlabombini@gmail.com,juan,duque,ar,,,,+543412283544,
martintomasquiroga10@gmail.com,daiana,morel,ar,,,,+541133698543,
39981477yoana@gmail.com,yoana magali,martinez ferreira,ar,,,,+542475475753,
losduendes02@gmail.com,gisela,gonzález,ar,,,,+543364009107,
hugoarquez6@gmail.com,hugo,arguez,ar,,,,+543076124190,
delfinamariano905@gmail.com,delfina,mariano,ar,,,,+542216836473,
lencinamelany@gmail.com,melany,lencina,ar,,,,+541168566230,
jofrelucianojofre419@gmail.com,juan manuel,jofre,ar,,,,+542634650206,
santiagoordenes32@gmal.com,santiago,ordenes,ar,,,,+542984341109,
abagustinbendersky1@gmail.com,agustin,bendersky,ar,,,,+541151529634,
arielchalub420@gmail.com,ariel,chalub,ar,,,,+543513712970,
javierpucheta197@gmail.com,javier,pucheta,ar,,,,+542964353051,
macarenac108@gmail.com,macarena,cardozo,ar,,,,+543772505395,
francospiazzi96@gmail.com,franco,spiazzi,ar,,,,+541130328123,
paola_irala1@yahoo.com.ar,paola,irala,ar,,,,+541165689966,
damianoshiro@icloud.com,damian,oshiro,ar,,,,+541131577468,
lazartemariaantonia4@gmail.com,cristian alfredo,rodríguez,ar,,,,+543816699974,
angelsepul46@gmail.com,angel,sepulveda,ar,,,,+542995136531,
hallezicarlos5@gmail.com,carlos,hallezi,ar,,,,+543413073363,
earce0126@gmail.com,emmanuel,arce,ar,,,,+542612336366,
lalli_mauro@yahoo.com,aldana,rivas,ar,,,,+541157666610,
titosjorge977@gmail.com,jorge,titos,ar,,,,+543825583709,
rotelaemilce1988@gmail.com,emilce,rotela,ar,,,,+541164711226,
campos1441mail@gmail.com,claudio marcelo,gallo,ar,,,,+541536494918,
bellonoemi581@gmail.com,graciela noemí,bello,ar,,,,+543425515689,
cesardamiangomez@gmail.com,cesar damián,gómez,ar,,,,+541171411859,
ruthyyysuarez@gmail.com,ruth,suárez,ar,,,,+543834928772,
carlaproenza0@gmail.com,gerardo,medeiro,ar,,,,+543751229058,
matiasroa545@gmail.com,matías daniel,roa,ar,,,,+542284730194,
agostinam004@gmail.com,agostina,manrique,ar,,,,+542645867689,
moolinajorge222@gmail.com,jorge,molina,ar,,,,+543624013939,
carmenmabel121@gmail.com,carmen mabel,segovia,ar,,,,+543758524622,
alannicolasparedes25@gmail.com,alan,paredes,ar,,,,+543786417321,
jimenezemi@hotmail.com,emilse,jimenez,ar,,,,+542901542433,
nicopereyrabenited@gmail.com,milena,benítez,ar,,,,+543757654772,
aldanaburgos31@gmail.com,macarena aldana,burgos,ar,,,,+541121648727,
kambroa71@gmail.com,karina,ambroa,ar,,,,+541136412053,
hermesromanfernandeztorres@gmail.com,jose,fernandez,ar,,,,+5491125833301,
noeliasalinas001@gmail.com,noelia,salinas,ar,,,,+542901496121,
alejandroagustinpereyra88@gmail.com,alejandro agustin,pereyra,ar,,,,+543856134821,
enzonahuel2214@gmail.com,enzo nahuel,gonzález,ar,,,,+543794181189,
deycyp08@gmail.com,deysy,pérez,ar,,,,+543625527319,
masita.9@hotmail.com,francisco,rey,ar,,,,+543446216191,
cristiancncarabajal@gmail.com,teófilo,carabajal,ar,,,,+541134209922,
roxanamontoya581@gmail.com,roxanaeva,montoya,ar,,,,+543548545517,
analauravillegas614@gmail.com,ana,villegas,ar,,,,+543518612686,
segoviagaton@gmail.com,gastón wualter,segovia,ar,,,,+542644557496,
martinamanfredini22@gmail.com,martina,ojeda manfredini,ar,,,,+541164562988,
darrigazi@gmail.com,gabriel,arrigazi,ar,,,,+541165462695,
natalirobledo@gmail.com,natali,robledo,ar,,,,+543425437293,
posdeleyrocio343@gmail.com,rocio,posdeley,ar,,,,+543764123372,
daianayeoen7@gmail.com,ayelen,aramayo,ar,,,,+541124880663,
bernardoquaranta7@gmail.com,bernardo,quaranta,ar,,,,+542494015851,
gcavila86@gmail.com,gabriela,avila,ar,,,,+541157563670,
emaraffaelli@gmail.com,ema,raffaelli,ar,,,,+541140309110,
daianabelenperez134@gmail.com,daiana belen,pérez,ar,,,,+543400530565,
soledadguitierrez220@gmail.com,maribel,gutierrez,ar,,,,+543773540047,
rodrigomatiasviana12@gmail.com,rodrigo matias,vaina da silva,ar,,,,+543755278843,
linarespaola132310@gmail.com,luis hernan,acosta,ar,,,,+541121754108,
mflorenciavillar@hotmail.com,maría florencia,villar,ar,,,,+541157103524,
solci2681@gmail.com,sol,molina,ar,,,,+541158154848,
smdigiorgio@hotmail.com,sandra maria,digiorgio,ar,,,,+541154830441,
msolerolon@gmail.com,soledad,rolon,ar,,,,+542213076687,
hguillermo53@gmail.com,guillermo,herrera,ar,,,,+542226483171,
juanmanuel_7633@hotmail.com,juan manuel,mangini,ar,,,,+541159426536,
emanuellaboral197@gmail.com,emanuel,perez,ar,,,,+541156076657,
alejorosales775@gmail.com,alejo,rosales,ar,,,,+542926516037,
licmartinezmiriam@gmail.com,miriam,martinez vazquez,ar,,,,+541144301376,
kar.landolfi@yahoo.com.ar,karen,landolfi,ar,,,,+541164311226,
danielcochea62@gmail.com,brian,cochea,ar,,,,+541162517696,
lara.gtf@hotmail.com,lara,trotter,ar,,,,+542215241501,
maxialbertinazzi33@gmail.com,gonzalo jesús,poblete albertinazzi,ar,,,,+543541280441,
jhoni3950com@gmail.com,octavio,franco,ar,,,,+543705190744,
carlosalbertoaguado806@gmail.com,carlos,aguado,ar,,,,+543624036596,
nero5803@gmail.com,lautaro,varela,ar,,,,+543518170783,
apq_11@hotmail.com,anderson,perez,ar,,,,+541161989896,
lucianatenas20@gmail.com,luciana,tenas,ar,,,,+5491164912857,
marioramos9171@gmail.com,santiago,ramos,ar,,,,+541151101712,
jn9660809@gmail.com,juan antonio,nieto,ar,,,,+543812195112,
ivobelfiore@gmail.com,ivo,belfiore,ar,,,,+542235383309,
maiamillanfuk@gmail.com,maia,bressi,ar,,,,+541133466247,
brendabsttioni.bb@icloud.com,brenda,battioni,ar,,,,+541164018654,
tomifredes23@gmail.com,tomas,fredes,ar,,,,+542634400090,
lautagonzalez83@gmail.com,lautaro daian,gonzalez,ar,,,,+543446318389,
javuerlazart727372727@gmail.com,javier,lazarte,ar,,,,+543855847468,
babyshark0954@gmail.com,mariana,márquez,ar,,,,+542994708147,
torresmariaandrea81@gmail.com,maría andrea,torres,ar,,,,+543854097511,
nlisettem@gmail.com,diego ariel,cusmai,ar,,,,+541131181903,
nestorfabiancastillo97@gmail.com,néstor,castillo,ar,,,,+543446385932,
jramos25382@gmail.com,jesica,ramos,ar,,,,+542236920166,
rdmassei@gmail.com,manuel,fernandez,ar,,,,+5491136260170,
gato_hatesyou@hotmail.com,gabriel,giménez,ar,,,,+541123953907,
violetaquintana785@gmail.com,violeta,quintana,ar,,,,+543878276726,
jimmyandreswatts81@gmail.com,jimmy,wstts,ar,,,,+541122659193,
renzolima89@gmail.com,renzo daniel,lima,ar,,,,+543436103627,
pecoramaria5@gmail.com,maria,pecora,ar,,,,+541131595667,
albertomarquezalbertocarlos87@gmail.com,alberto,marquez,ar,,,,+543764736274,
barrazaemanuel001@gmail.com,juan emanuel,barraza,ar,,,,+543855745344,
ramonvivtorgarcia@gmail.com,victor ramón,garcía,ar,,,,+541130537643,
martinragonesiariel@gmail.com,martin,ragonesi,ar,,,,+541135755923,
albarranana2018@gmail.com,ana maría,albarrán,ar,,,,+542994723867,
daianavirgario2021@gmail.com,daiana lujan,virgario,ar,,,,+543741450644,
heredialeopoldoramon@gmail.com,leopoldo ramon,heredia,ar,,,,+543513906844,
sabinaroxanavanesa@gmail.com,sabina,bermudez,ar,,,,+541151657522,
jmirandac8@gmail.com,juan manuel,miranda,ar,,,,+5491140497796,
agustinmiguelrodriguez7@gmail.com,agustín miguel,rodríguez,ar,,,,+543765501358,
sc9985135@gmail.com,sandra romina,cabrera ramírez,ar,,,,+541130167041,
castilloangel4554@gmail.com,angelica,castillo,ar,,,,+543816569733,
luanasufia2@gmail.com,cristian david,gómez,ar,,,,+543564234097,
cristiancastias87@gmail.com,cristian,castias,ar,,,,+542392542455,
carolinagonzalezcbg@gmail.com,carolina,gonzalez,ar,,,,+541132946210,
martinaguerezta@yahoo.com.ar,martina,guerezta,ar,,,,+543413681406,
milagrosmacarenasparano@gmail.com,milagros,sparano,ar,,,,+541160439052,
carlaanahibauer@gmail.com,carla,bauer,ar,,,,+543446598062,
mileenitavaldez@gmail.com,milena,valdes,ar,,,,+543405455138,
santosfranciscoarrua82@gmail.com,santos francisco,arrua,ar,,,,+543794314347,
crisoscaralfaro@gmail.com,ramón alberto,piedrabuena,ar,,,,+543436614478,
rocio_mia931@hotmail.com,rocio,rodriguez,ar,,,,+5492346591396,
manu.carbia@hotmail.com,manuela,carbia,ar,,,,+541166599655,
oliva188marisa@gmail.com,marisa,oliva,ar,,,,+541128235697,
cristianalmada09@hotmail.com,cristian martin,pérez almada,ar,,,,+541162091974,
disenio1976@gmail.com,natalia,fernandez,ar,,,,+541121768370,
marianomatsu1985@gmail.com,mariano,matsumoto,ar,,,,+541160322622,
benjagomezolivera@gmail.com,benjamin,gomez,ar,,,,+542214083333,
acostaoscarluis1@gamil.com,oscar luis,acosta,ar,,,,+543765222823,
celiaelizabeth43@gmail.com,celia elizabeth,flores,ar,,,,+543513917664,
sebamontez2009@gmail.com,sebastián,cruz,ar,,,,+543883339545,
adantarifa219@gmail.com,adan,tarifa,ar,,,,+543883151569,
marisolgimenez386@gmail.com,rocio,gimenez,ar,,,,+543416160510,
lautisanchezz1235@gmail.com,lautaro,sanchez,ar,,,,+542616675346,
demasiluis2217@gmail.com,luis,demasi,ar,,,,+542934400119,
brunellapiccinini92@gmail.com,brunella,piccinini,ar,,,,+541164986988,
soledad357sf@gmail.com,soledad,sanchez,ar,,,,+541169609924,
dieguitogomzz5@gmail.com,diego,gomez,ar,,,,+543794802895,
venturamarina19@gmail.com,marina,ventura,ar,,,,+541136317046,
juan31delima@gmail.com,juan angel,de lima,ar,,,,+543751229583,
vb869447@gmail.com,rita vanesa,bazan,ar,,,,+543874565262,
oronasmarisol@gmail.com,marisol,orona,ar,,,,+543471347089,
sf4873683@gmail.com,samuel,fernandez,ar,,,,+543764175242,
miriancastillo663@gmail.com,josefina miriam,castillo,ar,,,,+543885723065,
magustinareyes84@gmail.com,fausto,olivieri,ar,,,,+542235519343,
veroparejo9@gmail.com,veronica,parejo,ar,,,,+543543638184,
tonaternavasio@gmail.com,antonia,ternavasio,ar,,,,+542664009933,
walymelideo@gmail.com,walter hernán melideo,melideo,ar,,,,+543446229637,
il5106503@gmail.com,ismael,lucas,ar,,,,+542477681860,
arania770@gmail.com,andrés,ramirez,ar,,,,+541157713462,
barriosjose0188@gmail.com,josé miguel,barrios,ar,,,,+543794036048,
yaninazembruski0@gmail.com,yanina macarena,zembruski,ar,,,,+543765034355,
ximenaferreyra404@gmail.com,ximena,ferreyra,ar,,,,+543515724785,
noeliadanisa@gmail.com,viridiana,soulet,ar,,,,+541167938461,
aledavalos3@hotmail.com,alejandra,davalos,ar,,,,+541154554971,
jtala602@gmail.com,julian,taladrid,ar,,,,+542241472814,
brianbarrionuevo250@gmail.com,alan brian kevin,barrionuevo,ar,,,,+543513511957,
mirianontrera2000@gmail.com,natalia,contrare,ar,,,,+543777417008,
rg2501125@gmail.com,yasmin beatriz,guevara,ar,,,,+542617771320,
cristianjrios1982@gmail.com,cristian,rios,ar,,,,+542995979779,
insaurraldeluismiguel836@gmail.com,luis miguel,insaurralde,ar,,,,+543644805586,
imanolnunezmartinez@gmail.com,imanol,nuñez martinez,ar,,,,+541168469089,
avilamaycol28@gmail.com,alan marcial,avila muncivay,ar,,,,+541171514076,
arqcorinaldesi@gmail.com,claudia,corinaldesi,ar,,,,+541154634264,
sanchezjulieta039@gmail.com,julieta,sanchez,ar,,,,+543755203863,
paosamite@gmail.com,paola belen,samite,ar,,,,+542233545483,
maxicepeda84@gmail.com,oscar maximiliano,cepeda ortubia,ar,,,,+542622541782,
leo377292@gmail.com,leonardo,miranda,ar,,,,+543875465471,
ezalbu13@gmail.com,ezequiel alejandro,bustos,ar,,,,+542901494808,
zamponibrian842@gmail.com,julián alexis luis,lopez,ar,,,,+543471577906,
navarrohectorjavier19121445282@gmail.com,héctor javier,navarro,ar,,,,+543748401086,
santinoesquivel80@gmail.com,santino,esquivel,ar,,,,+543444409340,
leonar_coro777@hotmail.com,pamela del pilar,navarrete saez,ar,,,,+5492994198318,
licalebarrera@gmail.com,ale,barrera,ar,,,,+541154949200,
lizider@gmail.com,elisa,der,ar,,,,+541162735047,
axelcpr30@gmail.com,axel,padilla,ar,,,,+541165873553,
cristianescalante425@gmail.com,angel,escalante,ar,,,,+542645680131,
intercambiosandysanty@gmail.com,mario andrés,santillán,ar,,,,+543812172684,
diasleandronicolas40@gmail.com,leandronicolas,dias,ar,,,,+543795100046,
agosmedinaa20@hotmail.com,agostina,medina,ar,,,,+543534258034,
moralesflavialorena@gmail.com,flavia lorena,morales,ar,,,,+543382417934,
gamarraalejandro538@gmail.com,alejandro,gamarra,ar,,,,+542364275465,
ramonamolina649@gmail.com,andrea,molina,ar,,,,+543725556927,
patriangela@yahoo.com.ar,nicolas,giosa,ar,,,,+541150955790,
cynthiavera13@hotmail.com,cynthia,vera,ar,,,,+541123243325,
florbarrio97@gmail.com,florencia alejandra,barrio,ar,,,,+541157195912,
aldanabrite_32@hotmail.com,aldana,brite,ar,,,,+543624385829,
sebastianvasq16@imail.com,sebastian ariel,asquez,ar,,,,+543704599659,
lucineira1983@gmail.com,pedro,jara,ar,,,,+543515144365,
danieelamarianaa@gmail.com,mariana,maldonado,ar,,,,+541134319981,
alvarezthiago045@gmail.com,thiago,alvarez,ar,,,,+542617452709,
maurodavidpiris@gmail.com,mauro,piris,ar,,,,+543757612381,
juanlez488@gmail.com,juan antonio,lezcano flores,ar,,,,+542245606867,
rubenstrigo854@gmail.com,ruben walter adrián,trigo,ar,,,,+542617212661,
iaraperez12316@gmail.com,enzo,vargas,ar,,,,+543773544792,
riverosc918@gmail.com,carlos,riveros,ar,,,,+541164749896,
felicitasgiangualano@gmail.com,felicitas,giangualano,ar,,,,+542364608010,
estefania123ba@gmail.com,gilda carla julia,peralta,ar,,,,+543512319299,
francodenino@hotmail.com,franco david,denino,ar,,,,+541151048032,
daianadomin16@gmail.com,daiana,dominguez,ar,,,,+543794680231,
stephy.k@hotmail.com,stephanie,mamani,ar,,,,+541168235866,
daniellucarelli2@gmail.com,héctor daniel,lucarelli,ar,,,,+541158525041,
josemiguelamarodosanto@gmail.com,miguel,amaro,ar,,,,+543765132641,
dupuymelisa@gmail.com,mauricio david,entrena,ar,,,,+541153740899,
lezcanobenjamin575@gmail.com,braulio,lezcano,ar,,,,+543764672522,
miguelcaseres25031966@gmail.com,miguel,caseres,ar,,,,+542634686105,
angelpaezr18@gmail.com,angel,paez,ar,,,,+543584397225,
camilavasallo3@gmail.com,camila denise,vasallo,ar,,,,+541128530949,
ayelenrabinovich@hotmail.com,ayelen,rabinovich,ar,,,,+541151519990,
araschevindt@gmail.com,matias,schevindt,ar,,,,+543454401323,
omiguelangel379@gmail.com,miguel angel,ortiz,ar,,,,+543853164443,
antoniaalbares27@gmail.com,juana antonia,albares,ar,,,,+543884547862,
ceciliadimatteo@icloud.com,veronica cecilia,di matteo,ar,,,,+542901486837,
marcelo12nievas5437@gmail.com,marcelo,nievas,ar,,,,+543462601260,
gabrielaolmo@gmail.com,gabriela,olmo,ar,,,,+543463402929,
bebeygino87@gmail.com,gabriel,rivas,ar,,,,+543425997271,
godoygimena13@gmail.com,sergio alejandro,paz,ar,,,,+543812437673,
gachibravo@gmail.com,graciela,bravo,ar,,,,+541138574457,
giselleduarte018@gmail.com,giselle,duarte,ar,,,,+5491123796291,
mazzeohector250@gmail.com,héctor daniel,mazzeo pelaytay,ar,,,,+542914685232,
rosacarlosgabriel355@gmail.com,carlos gabriel,rosa,ar,,,,+543751248942,
benjamingaray457@gmail.com,maximiliano,garay,ar,,,,+542915234912,
cintiaflecha868@gmail.com,matias alexis,corvalán,ar,,,,+542646300588,
ramonavillanueva526@gmail.com,ramona,villanueva,ar,,,,+543482212885,
gustavoalbertomonzon2@gmail.com,gustavo alberto,monzón,ar,,,,+541163011591,
machucafernando225@gmail.com,fernando mauricio,machuca,ar,,,,+543764647148,
rafaelmigliaccio@yahoo.com.ar,rafael,migliqccio,ar,,,,+541130480649,
gabriel@dbbienesraices.com.ar,emilio,gonzales,ar,,,,+541134656533,
calvaro119@gmail.com,alvaro,castillo,ar,,,,+543884473041,
alejoanmartinez@hotmail.com,alexis,martinez,ar,,,,+542241457238,
lauradurando72@gmail.com,pablo,garcia,ar,,,,+541173685827,
maraleila2288@gmail.com,mara,stickerhuber,ar,,,,+541162200987,
pau.campopiano@outlook.com,paula,campopiano,ar,,,,+541138986720,
gimenamorilla@hotmail.com,damián,carrera,ar,,,,+542216403327,
ramirezjonas253@gmail.com,jonas,ramirez,ar,,,,+543417491714,
fernandoontiveros0827@gmail.com,fernando gabriel,ontiveros cabeza,ar,,,,+542616689504,
surbanoyanela28@gmail.com,yanela,surbano,ar,,,,+542954271699,
alecugliari22@gmail.com,pascual alejandro,cugliari,ar,,,,+541168648004,
rominasalazarrr@gmail.com,romina,salazar,ar,,,,+541123342821,
orianatosi@hotmail.com,oriana,tosi,ar,,,,+542215115854,
salasbenavidezhugodamian@gmail.com,hugo,salas,ar,,,,+542995747667,
brisaledesma567@gmail.com,brisa,ledesma,ar,,,,+541138798095,
marisabelmedina2424@gmail.com,maria isabel,medina,ar,,,,+543834879018,
celestevelazquez010@gmail.com,maría celeste,velazquez,ar,,,,+542273427060,
dieguito2018quilmea@gmail.com,diego,nuñez,ar,,,,+541139373254,
dianaemilygomez9@gmail.com,diana,gomez,ar,,,,+542214408288,
cabra5290@gmail.com,jorge,cabrera,ar,,,,+543865266853,
rogerleonardoarce298@gmail.com,roger leonardo,arce,ar,,,,+543525624858,
cristianalbertoguerrero094@gmail.com,cristian alberto,guerrero,ar,,,,+543865570295,
emipaez234@gmail.com,emiliano,paez,ar,,,,+542645689341,
calletierra75@gmail.com,andrés,aquino,ar,,,,+543794902897,
ernestojosecatru@gmail.com,ernesto jose,catru,ar,,,,+542974937160,
jonasangela@gmail.com,jonas,domínguez,ar,,,,+543755528595,
licenciadagym81@gmail.com,gabriela yanet,monzon,ar,,,,+541156998313,
flavioontiveros2@gmail.com,flavio alejandro,ontiveros,ar,,,,+543416059948,
juanbarriopela1980@gmail.com,juan manuel,barrios,ar,,,,+542954556704,
armasmelanivalentina@mail.com,melani,armas,ar,,,,+543834803961,
contrerasa1941@gmail.com,aldana,contreras,ar,,,,+541136599837,
dacasarotti@gmail.com,melisa,obregon,ar,,,,+541169529820,
sashavictoriaortiz98@gmail.com,sasha,victoria ortiz,ar,,,,+541168605388,
silvinamabel12345@gmail.com,silvina mabel,franco,ar,,,,+541176246122,
sonimolinas@hotmail.com,florentin,giménez,ar,,,,+541121567117,
jimenezmariadelmilagro3@gmail.com,maría del milagro,jiménez,ar,,,,+543814635145,
taniarossi46@gmail.com,tania,rossi,ar,,,,+543513114451,
ccastrojaviereduardo94@gmail.com,javier,javier eduardo castro,ar,,,,+541128896281,
acevedo529@est.derecho.uba.ar,milagros,acevedo,ar,,,,+542326402507,
evedanela5234@gmail.com,evelin,gomila,ar,,,,+543493662449,
facualvarez2024@gmail.com,facundo prudencio,alvarez,ar,,,,+543878765548,
elrengo_867@hotmail.com,claudio,perez,ar,,,,+543487304988,
naimrivero797@gmail.com,naim,rivero,ar,,,,+543825523844,
mabelyaninacontrera@gmail.com,yanina,contrera,ar,,,,+543718527720,
rosalessilviabeatriz424@gmail.com,silvia,rosales,ar,,,,+542664562990,
mierescamilaagostina@gmail.com,camila,mieres,ar,,,,+541170325571,
gomezmirtabeatriz69@gmail.com,mirta,gomez,ar,,,,+543794810207,
ledesmairustamilton@gmail.com,milton paul,ledesma irusta,ar,,,,+543585738046,
kairosindumentaria123@gmail.com,geraldine,mendoza,ar,,,,+543482752422,
sofiad4556@gmail.com,sofía,diaz,ar,,,,+543413723699,
maximilianovillalba13@gmail.com,maximiliano,villalba,ar,,,,+541133994868,
mami242126@gmail.com,nancy,miño,ar,,,,+543755304194,
vlvelazquez1427@gmail.com,valeria,velazquez,ar,,,,+542235764285,
agustinabelenbarreto2@gmail.com,agustina,barreto,ar,,,,+541154967000,
mariasegata78@yahoo.com.ar,maria,segata,ar,,,,+541169450380,
alequintana1890@gmail.com,alexandra,quintana,ar,,,,+543775462137,
figueroaseba2025@gmail.com,sebastián augusto,figuefoa,ar,,,,+543455462706,
sofiarriola7@gmail.com,sofia,arriola,ar,,,,+542324698383,
calabresecristian34@gmail.com,cristian andres,calabrese,ar,,,,+542494492459,
waltersaldanowalter@gmail.com,walter,saldaño,ar,,,,+542645264297,
eliovalezuela2128@gmail.com,elio luiz,valenzuela,ar,,,,+543734519705,
jusalto22@hotmail.com,maría juliana,martínez junor,ar,,,,+541169684436,
anuremberg88@gmail.com,alejandro ignacio,nuremberg,ar,,,,+543624710418,
eugeniatorres1122@gmail.com,eugenia sixta,torres,ar,,,,+541165968066,
patocando98@gmail.com,patricio,cando,ar,,,,+541168789082,
m_alexenicer@hotmail.com,victoria,otegui alexenicer,ar,,,,+542235380011,
brisalizaso@gmail.com,brisa,lizaso,ar,,,,+542262613364,
tarantinoayelen@gmail.com,micaela,tarantino,ar,,,,+542246517796,
lucasamuel0304@gmail.com,pamela olivia,vargas velázquez,ar,,,,+542966546911,
damianestigarribia802@gmail.com,damian,estigarribia,ar,,,,+541132688140,
marielabaigorria28@gmail.com,mariela,baigorria,ar,,,,+543513988828,
sergioleguizamon168@gmail.com,sergio,leguizamon,ar,,,,+541157391727,
paolacastrodel@gmail.com,paola,castro delgadillo,ar,,,,+541135175608,
hoyosagostina@gmail.com,agostina,hoyos,ar,,,,+541168238515,
arielalejandrosoto501@gmail.com,ariel alejandro,soto,ar,,,,+541132138485,
csrlosraulmontenegro23@gmail.com,carlos,montenegro,ar,,,,+543625498335,
belenbarreto215@gmail.com,rocio,barreto,ar,,,,+541161043094,
federicoezequuiel@hotmail.com,ezequiel,rodriguez,ar,,,,+541139247425,
estvazquez@hotmail.com,gustavo fabian,vazquez,ar,,,,+541144184044,
xoarq@outlook.com,xoana,escalante,ar,,,,+541135756212,
ivanfagundez@gmail.com,ivan,fagundez,ar,,,,+543751662277,
diegokutz@hotmail.com,diego fernando,kutz,ar,,,,+543794295671,
solcuello291@gmail.comi,soledad,cuello,ar,,,,+542213166858,
acostagerman793@gmail.com,german,acosta,ar,,,,+542235830414,
karenmonteros11@gmail.com,karen,monteros,ar,,,,+543812220495,
rdgrende03@gmail.com,ruth,grande,ar,,,,+542804975468,
taniaroberts07@gmail.com,yoel,astorga,ar,,,,+543834951656,
alebobry@gmail.com,alejandra laura,bobrykowicz,ar,,,,+541123995752,
santiahlbom99@gmail.com,santiago,ahlbom,ar,,,,+543794183853,
eagabriel2023@gmail.com,angel,esco,ar,,,,+543644323409,
jezielhector@gmail.com,héctor,undiner,ar,,,,+543425133529,
tiarabravo9@gmail.com,tiara,bravo,ar,,,,+542215827267,
vaninadavalos15@gmail.com,vanina reynalda,dávalos,ar,,,,+543751532024,
giselaitatigimenez@gmail.com,gisela,gimenez,ar,,,,+541164949236,
alederosariocentral@gmail.com,alejandro,pascua,ar,,,,+543416396274,
neryeiras22@gmail.com,neri sebastián,eiras,ar,,,,+542923437297,
echegaraymiriam026@gmail.com,myriam,echegaray,ar,,,,+542364711916,
maturanorocio5@gmail.com,ariana,maturano,ar,,,,+543813672138,
facupe07@gmail.com,facundo alberto,peña,ar,,,,+543875290544,
rafael127@hotmail.com.hsr,rafael,escalada,ar,,,,+543704356313,
valepresenza@gmail.com,valentina abril,presenza,ar,,,,+542235818832,
darkbloodgore@gmail.com,luz,heredia,ar,,,,+542901402823,
angelgomezdaniel1983@gmail.com,angel,gomez,ar,,,,+542477238736,
eloso5488@gmail.com,luis angel,benitez,ar,,,,+543764850068,
noahalexis2025@gmail.com,jose,sanchez,ar,,,,+543854747547,
mauristafe44@gmail.com,mauricio,cabrera,ar,,,,+543425421296,
yaninariguresma933@gmail.com,yanina,riguresma,ar,,,,+543704251578,
rivarolacami6@gmail.com,camila cristina,valfredo,ar,,,,+543571325077,
raulmarcelocruces3@gmail.com,raúl marcelo,cruces,ar,,,,+542617563788,
almeidaguillermo86@gmail.com,guillermo andres,lezcano almeida alves,ar,,,,+543751246968,
ramonasoto778@gmail.com,soto juana ramona,soto,ar,,,,+543795583638,
leandrodanielf@gmail.com,leandro,feijoo,ar,,,,+541157191331,
maferradas12@gmail.com,micaela abril,ferradas rivero,ar,,,,+541153119865,
marisolpiazza_20@live.com.ar,marisol,piazza,ar,,,,+542223460769,
yonigandino@gmail.com,yonatan,gandino,ar,,,,+543388536352,
micaelabaragiotta54@gmail.com,micaela,baragiotta,ar,,,,+541160574483,
marceloarielangel30@gmail.com,marcelo ariel,angel,ar,,,,+543547635138,
sandovalyose371@gmail.com,yoseli,pacheco,ar,,,,+542996214954,
figueroasamil733@gmail.com,samil,fugueroa,ar,,,,+543853060906,
julyn_96@hotmail.com,julieta,nadal,ar,,,,+541165388807,
edumarpauli@yahoo.com,eduardo,di stabile,ar,,,,+541132320360,
cintty_alonso@yahoo.com.ar,cintia,alonso,ar,,,,+541134232205,
dani1422@gmail.com,daniel,ojeda,ar,,,,+543875636085,
gerardochamomendez76@gmail.como,gerardo mendez,chamo,ar,,,,+541130427748,
gabymaison@gmail.com,gabriela,maison,ar,,,,+541159565409,
av0938642@gmail.com,alejandra,vega,ar,,,,+543444505858,
leitarebeca362@gmail.com,lea rebeca s,saavedra,ar,,,,+542645536574,
claudiacastsno33@gmail.com,claudia,castaño,ar,,,,+542225510046,
natybasterra@gmail.com,natasha,insfran,ar,,,,+543704822974,
vallisilombra@hotmail.com,maria,silombra,ar,,,,+542281543056,
kiaaraa11gonzalez@gmail.com,kiara,gonzalez,ar,,,,+543444577290,
jorthiagoisaa27@gmail.com,jorgelina,vera,ar,,,,+543412152997,
dimarcojimena739@gmail.com,jimena,di marco,ar,,,,+543534113560,
juansebastiangalera523@gmail.com,juan sebastián,galera,ar,,,,+542235362868,
rosario.andrada2501@hotmail.es,rosario micaela,andrada,ar,,,,+541126184411,
yurby1@hotmail.com,yurby,zurita,ar,,,,+541168760765,
rubenwaldemarscolamieri@gmail.com,ruben waldemar,scolamieri,ar,,,,+543455535945,
lulenmorales27@gmail.com,lucia ayelén,morales,ar,,,,+542224557361,
sashasalcedo50@gmail.com,sasha,salcedo,ar,,,,+543764821193,
sofiagramondo@gmail.com,sofia,gramondo,ar,,,,+542346501023,
sofialucynay@gmail.com,luciana jazmín,parede,ar,,,,+543644541236,
algarinkatherines@gmai.com,katherines,algarin,ar,,,,+543757302049,
juanperez@gmail.com,juan,perez,ar,,,,+541133392914,
andreaferreyra753@gmail.com,elizabeth,ferreyra,ar,,,,+543517404640,
olivapaulo2021@gmail.com,paulo,oliva,ar,,,,+543513797324,
26011975m@gmail.com,marcelo eduardo,fernandez,ar,,,,+543764836542,
bobadilladaiana301@gmail.com,marcelo fernando,altamirano,ar,,,,+541135826748,
flaaviaromina@gmail.com,flavia,villarreal,ar,,,,+541127142995,
florenciasandulli@gmail.com,florencia,sandulli,ar,,,,+541133812457,
micaeladelpilarcura@gmail.com,sebastian,lopez,ar,,,,+541128481199,
brendarodriguez0983@gmail.com,brenda,rodríguez,ar,,,,+543874790610,
lilianamierez83@gmail.com,orlando,moraes,ar,,,,+543755842400,
heretichia@gmail.com,adriana,heretichi,ar,,,,+543704010604,
fernandezcuty09@gmail.com,aitana,fernández,ar,,,,+542302572274,
rhinadiaz84@gmail.com,rhina,diaz,ar,,,,+541144344844,
mauricolman10@gmail.com,mauricio,colman,ar,,,,+543704978443,
maximata559@gmail.com,maxi,silva,ar,,,,+543755293943,
melisarojas36@gmail.com,melisa,rojas,ar,,,,+543571616704,
faa32310@gmail.com,franco,aguirre,ar,,,,+542634744845,
giselleabi010@gmail.com,abigail,correa,ar,,,,+541166081723,
garfieldgrace@hotmail.com,graciela,kessler,ar,,,,+542235315618,
gastonaraya2007@gmail.com,gaston,araya,ar,,,,+543874874943,
brianezequielmansilla66@gmail.com,flavia,sagradin,ar,,,,+541136247426,
fabriciomeneses000@gmail.com,fabricio,meneses,ar,,,,+543772307021,
vanmaguy@gmail.com,vanesa,sandoval,ar,,,,+542995316526,
enzomontes127@gmail.com,enzo,montes,ar,,,,+543878609586,
lheitooborja@gmail.com,leonardo,borja,ar,,,,+543875385652,
valeriaedithlozano@gmail.com,valeria edith,lozano,ar,,,,+542664849532,
loyolavirginia159@gmail.com,virginia,loyola,ar,,,,+542216544496,
solozamicael60@gmail.com,jesica,ojeda,ar,,,,+543878234077,
deboraoriburo45@gmail.com,debora,oriburo,ar,,,,+543644925814,
fernandezjosepatricio@gmail.com,brando,fernandez,ar,,,,+543454061699,
alejrodriguez@yahoo.com,alejandro,rodríguez,ar,,,,+541121794224,
fede.rojel@hotmail.com,federico,rojel,ar,,,,+542944334620,
sebaromerosager@gmail.com,sebastian,romero,ar,,,,+543482217393,
perezvelentina84@gmail.com,valentina,pérez,ar,,,,+543855867445,
camilamoreira1833@gmail.com,camila,moreira,ar,,,,+543487518851,
cristinaemore@gmail.com,cristina,more,ar,,,,+541134394500,
jgvalmayor@gmail.com,joaquín,gomez valmayor,ar,,,,+541123037994,
lobosmaia6@gmail.com,alan,lobos,ar,,,,+541139284351,
arganarazc24@gmail.com,camila,argañaraz,ar,,,,+5491157535888,
geronimo89amaya@gmail.com,geronimo,amaya,ar,,,,+543813638779,
leguizamonmatias940@gmail.com,esteban,leguizamon,ar,,,,+541139391972,
coppolagiulianojavier3@gmail.com,giuliano javier,coppola,ar,,,,+543813691992,
diegodomingomerino793@gmail.com,gabriela,sánchez,ar,,,,+543625248559,
alejodutto80@gmail.com,alejo,dutto,ar,,,,+542615636133,
leominassianmsa@hotmail.com,gisela,moreno,ar,,,,+541130237861,
sergiiba07@gmail.com,elina,leguizamon,ar,,,,+543855757856,
caramanicocatalina@gmail.com,catalina,caramanico,ar,,,,+542474667242,
estebancorvalan903@gmail.com,esteban omar,corvalan,ar,,,,+541126845072,
mariiiaquevedo10@gmail.com,maria del rosario,quevedo,ar,,,,+543492619031,
jiimeemontes@gmail.com,nicolás,unrein,ar,,,,+541136234991,
ignaciouzcudun90@gmail.com,ignacio,uzcudun,ar,,,,+541172482173,
lorenabarroso0812@gmail.com,santiago,poblete,ar,,,,+542615436192,
emilianaisabellacas19@gmail.com,emiliana,castillo,ar,,,,+541156369118,
marcelodulce9@yahoo.com.ar,jordy,barreiro,ar,,,,+542234005649,
sergiodrobledo@gmail.com,sergio daniel,robledo,ar,,,,+542224603347,
rodriguezamadorciro@gmail.com,yazmín micaela,budzovsky,ar,,,,+541138553985,
sofi_gnecco@hotmail.com,sofia,gnecco,ar,,,,+5491138841515,
loredecaux@gmail.com,lorena,decaux,ar,,,,+541165255318,
abc@abc.com,add,asd,ar,,,,+541124444350,
giseelacardozo@gmail.com,gisella,anselmo,ar,,,,+543873255792,
pavondaianaadm@gmail.com,daiana,pavon,ar,,,,+541122627224,
juancarlossangil@hotmail.com,clara,san gil,ar,,,,+541144997217,
celestemendizabal@gmail.com,celeste,mendizabal,ar,,,,+5493413483627,
lucila1zanassi@gmail.com,rosana,szemis,ar,,,,+541150972904,
micaelaromera00@gmail.com,micaela,romera,ar,,,,+541124645478,
andreivo68@gmail.com,andrea,demartini,ar,,,,+541134473908,
giulianaamato4@gmail.com,giuliana,amato,ar,,,,+541163041095,
soloagafiorella@gmail.com,lucas,sayago,ar,,,,+541138180554,
marceramirez0404@gmail.com,diana,ramírez,ar,,,,+542213074619,
rominitapreina@gmail.com,romina paola,reina,ar,,,,+541128366917,
laugluk07@gmail.com,laura,gomez,ar,,,,+541165327771,
valen99marcolini@gmail.com,valentina,marcolini,ar,,,,+542915748479,
silvinabargassouto@hotmail.com,silvina,bargas,ar,,,,+5491141787170,
dlmb1617@gmail.com,dhebora lavignia,matias bacellar,ar,,,,+541128954850,
dianasamaniego1981@gmail.com,luciana,candia,ar,,,,+541126290818,
paolaradaelli7@gmail.com,paola,radaelli ptasnik,ar,,,,+543757200144,
benitezlaurar@hotmail.com,laura,benitez,ar,,,,+5493442644862,
patriciobaez885@gmail.com,patricio,baez,ar,,,,+541125975071,
nataliamendez9735@gmail.com,natalia,mendez,ar,,,,+541134061076,
lacruzhmabel@gmail.com,hilda,la cruz,ar,,,,+541141920781,
kapazu02@gmail.com,karen,arevalo,ar,,,,+541131404778,
julianvidal263@gmail.com,julian,vidal,ar,,,,+541134320994,
oscarap1099@gmail.com,oscar,pineda,ar,,,,+541124020418,
juliamiceli0@gmail.com,julia,miceli pitta,ar,,,,+541128484616,
angelacontrera029@gmail.com,angela,contrera,ar,,,,+541126245364,
vegavale66@gmail.com,valeria,vega,ar,,,,+542394402356,
alejandrobosniak@gmail.com,alejandro,bosñak,ar,,,,+541153778924,
klostercesar@gmail.com,cesar,kloster,ar,,,,+541125682556,
jurere338@hotmail.com,carmelo,marmo,ar,,,,+541160287959,
msdiosquez@gmail.com,melody,diosquez,ar,,,,+541133007800,
agustino_010@hotmail.com,agustin,otero,ar,,,,+543329575337,
soifloor.-@live.com,florencia julieta,farias,ar,,,,+541127972769,
diaziara2910@gamil.com,iara,diaz,ar,,,,+541168012003,
emilianochia9@gmail.com,emiliano,chia,ar,,,,+541127994874,
andysof73@gmail.com,sofia,santagada,ar,,,,+541136724617,
lucerogabriel00@gmail.com,gabriel,lucero,ar,,,,+541124041815,
jfurquin09@gmail.com,julieta,furquin,ar,,,,+541172399019,
rut.ferreira@hotmail.com,rut,ferreira,ar,,,,+541132673603,
leandrobustamante84@gmail.com,leandro,bustamante,ar,,,,+541158352447,
fbuttazzoni@yahoo.com.ar,micaela natali,buttazzoni,ar,,,,+541130402128,
candelaariaklein@gmail.com,candela,klein,ar,,,,+541124625996,
yaniirodriguez2303@gmail.com,yanina,rodríguez,ar,,,,+541150039796,
giuffralucia3@gmail.com,lucia,giuffra,ar,,,,+541136079981,
mikaparada06@gmail.com,agustina micaela,parada,ar,,,,+542996597680,
estudiobenini@gmail.com,giorgio,benini,ar,,,,+541136225183,
carolinaluciamendoza@gmail.com,carolina,mendoza,ar,,,,+541151321456,
maximilianokarless@gmail.com,florencia,ge ta,ar,,,,+542224537507,
alyalinesweeden@gmail.com,alyalines,weeden,ar,,,,+541169951988,
lauemen@gmail.com,laura,mendez,ar,,,,+542996001915,
tomasagustinacosta203@gmail.com,tomas,acosta,ar,,,,+541123599202,
laraafernandez@gmail.com,lara,fernandez,ar,,,,+541157526109,
gabcab93gc@gmail.com,gabriel,caballero,ar,,,,+541160589090,
joanabelencuello@gmail.com,joana,cuello,ar,,,,+541164367829,
oscarcampetelli@feravasociados.com,maria rosa,menendez,ar,,,,+541153886773,
ailenfigueredo97@gmail.com,ailen,figueredo,ar,,,,+541126845195,
ayelenblanco@yahoo.com,marina ayelen,blanco,ar,,,,+541165697452,
duartesofia72@gmail.com,sofia,caos,ar,,,,+541128567340,
alejocifuen95@gmail.com,jonny alejandro,cifuentes bojaca,ar,,,,+543454066398,
yamilamercedesfava@gmail.com,yamila mercedes,fava,ar,,,,+541169047109,
juliibusto@gmail.com,julieta agustina,busto,ar,,,,+541154876296,
ariel_gemelli@live.com.ar,angel ariel,gemelli,ar,,,,+541136351654,
sofiaacosta132002@gmail.com,sofia belen,acosta,ar,,,,+543705224687,
lmercedes.ramos@usal.edu.ar,mercedes lorena,ramos,ar,,,,+541157075924,
patrinlopez2016@gmail.com,claudio gustavo,rodríguez,ar,,,,+541164864331,
arandajeniifer@gmail.com,jenifer evelin,aranda,ar,,,,+543832492214,
mc9175406@gmail.com,marcelo,cisneros,ar,,,,+543877544991,
romysegura07@gmail.com,romina,sepulveda,ar,,,,+542604350098,
juanarielscarabello@gmail.com,juan ariel,scarabello,ar,,,,+543564386119,
giovannijoaquin18@gmail.com,giovanni,meza,ar,,,,+542233430610,
nicovolpicona1999@gmail.com,nicolas,volpicina,ar,,,,+541135940322,
sosagabrielorlando092@gmail.com,daniel,se,ar,,,,+543124368907,
lanegryyy6@gmail.com,valeria,montes,ar,,,,+542214986273,
leonelrivaszr@gmail.com,leonel,rivas andia,ar,,,,+542215726622,
mariacarballo682@gmail.com,noha,belén,ar,,,,+541130016636,
floreslucianaestefania67@gmail.com,luciana estefanía,flores,ar,,,,+543804368477,
anagrinman@gmail.com,ana,grinman,ar,,,,+541158733170,
gdlplucca@gmail.com,guadalupe,lucca,ar,,,,+543812369151,
lucasagustinsolis@gmail.com,lucas agustín,solis,ar,,,,+543513089371,
sofialeiva2001@gmail.com,sofía,leiva,ar,,,,+541140444109,
agustinwhd427@gmail.com,christian,albornoz,ar,,,,+541139023148,
vanesadt@gmail.com,vanesa,di tullio,ar,,,,+541169743381,
veronicaricchetti@hotmail.com,veronica,ricchetti,ar,,,,+541156031589,
hpetrosillo@gmail.com,hernan,petrosillo,ar,,,,+541153133779,
gaby25779gg@gmail.com,gabriel,gonzález,ar,,,,+541162645569,
mirandaromina997@gmail.com,aldana,miranda,ar,,,,+541157301341,
marialauromero50@gmail.com,maria laura,romero,ar,,,,+543718692458,
erii98rodriguez@gmail.com,luisana abril,rodríguez,ar,,,,+541139119206,
raulernestocollado@gmail.com,raul,collado,ar,,,,+541123237795,
carodiazinchausti2644@gmail.com,maria,diaz,ar,,,,+541141763419,
pizarroflor74@gmail.com,florencia,pizarro,ar,,,,+541162465636,
andreasoria@outlook.com,franca,dabini,ar,,,,+541167953412,
vanecrisos@hotmail.com,diego daniel,farias,ar,,,,+542291510623,
nadiachiavenna@gmail.comn,nadia,chiavenna,ar,,,,+541168564716,
gschegg88@gmail.com,gabriela,schegg,ar,,,,+543757514130,
analopezfurst@gmail.com,ana,lopez furst,ar,,,,+541164000020,
vsrodriguez85@gmail.com,vanesa,rodriguez,ar,,,,+541139435779,
jimenaullua83@gmail.com,jimena,ullua,ar,,,,+541155893666,
hernancobos36@gmail.com,hernán,cobos,ar,,,,+542235219630,
pablitozz100@gmail.com,pablo,lopez,ar,,,,+541131172836,
maximiliano543villagra@gmail.com,maximiliano catriel,villagra,ar,,,,+541128851198,
yulianapisiotta@gmail.com,juliana,pisiotta,ar,,,,+541141652961,
karengamarra880@gmail.com,karen,gamarra,ar,,,,+541156229423,
nicoacegaleano@gmail.com,nicolas,acevedo,ar,,,,+541121919282,
danielarestaino@hotmail.com,daniela,restaino,ar,,,,+541166658624,
paulairamain0@gmail.com,paula,iramain,ar,,,,+541167540312,
soriafrancisco653@gmail.com,francisco,soria,ar,,,,+541166422371,
manuupalomares@gmail.com,manuela,palomares,ar,,,,+5492616533860,
renfijesbraianagustin1@gmail.com,braian agustin,renfijes,ar,,,,+543875819757,
mvgonzalez1968@gmail.com,naira antonia,rodriguez,ar,,,,+541125431482,
yaninacmarcucci@gmail.com,yanina,marcucci,ar,,,,+541167028988,
cebaflor84@gmail.com,florencia mariana,ceballos,ar,,,,+541168710459,
danielatamarataborda@gmail.com,daniela,taborda,ar,,,,+541126161305,
maru_g_92@hotmail.com,mariana,gonzalez,ar,,,,+541151060343,
ravelazquez95@gmail.com,rodrigo,velazquez,ar,,,,+541161640353,
kiaraestrada874@gmail.com,kiara,estrada,ar,,,,+543888664721,
alejandrorojasflores860@gmail.com,alejandro,rojas,ar,,,,+543884716248,
javierhendler@hotmail.com,javier,hendler,ar,,,,+541159610371,
ermanclaudio@hotmail.com,claudio,erman,ar,,,,+541154170719,
coni28@outlook.com,constanza,trama,ar,,,,+541128735992,
pablolunapl22@gmail.com,pablo de jesús,luna,ar,,,,+541168267090,
rodriguezflorencianle@gmail.com,florencia,rodriguez,ar,,,,+542901405926,
yelitzapaka@gmail.com,yelitza,carranza,ar,,,,+541171725002,
acostamarialujan99@mail.com,lujan,acosta,ar,,,,+541124759948,
sarachamaximiliano7@gmail.com,maximiliano,saracha,ar,,,,+543487709731,
bsamueljuanramon@gmail.com,samuel juan ramón,berón,ar,,,,+543826416356,
lizmarielserapio08@gmail.com,liz mariel,serapio,ar,,,,+543878401311,
nazarenodellinmagine@gmail.com,dell inmagine,nazareno cruz,ar,,,,+542323482280,
ferreyragremariaceleste@gmail.com,maría,gré,ar,,,,+542304563670,
caterinatapia50@gmail.com,caterina,tapia,ar,,,,+541127498661,
florsotelobelen@gmail.com,florencia,sotelo,ar,,,,+541151437905,
araceliclaribelrojo@gmail.com,araceli,rojo,ar,,,,+541130489743,
mfd@gmail.com,daniela,lauria,ar,,,,,
damianhernandez1357@email.com,kevin,hernandez,ar,,,,+543446386974,
kiaratoniolo06@gmail.com,kiara,toniolo,ar,,,,+5493454173544,
rominavaleriaroldan@gmail.com,romina,roldan,ar,,,,+543854560218,
larraguetamilena@gmail.com,maite milena,larragueta,ar,,,,+543484368755,
silvestriyamila@gmail.com,yamila,silvestri gimenez,ar,,,,+541171203818,
magaligogenola@gmail.com,magali,gogenola,ar,,,,+541161961377,
agostinayazmin13@gmail.com,agostina,zabala,ar,,,,+541168905831,
isma43156@gmail.com,ismael,orona,ar,,,,+541153258960,
mayracornejo338@gmail.com,mayra,cornejo,ar,,,,+542604088193,
noejm1001@gmail.com,franco,garcia,ar,,,,+543704962270,
malvinafrnandz@gmail.com,malvina,fernandez,ar,,,,+541161413835,
fabianapazmicaela@gmail.com,fabiana,paz,ar,,,,+541164516591,
forsi1975@gmail.com,fernando javier,orsi,ar,,,,+541154756730,
rociobeguerra@gmail.com,rocio belen,guerra,ar,,,,+541164460141,
anabsofiamontiel@gmail.com,anabella,montie,ar,,,,+541140369572,
yesicasarmiento24@hotmail.com,yesica,sarmiento,ar,,,,+541170745959,
beluugreco@gmail.com,maria belen,greco,ar,,,,+543415155875,
beloymartinez@gmail.com,blas,martínez,ar,,,,+541167292736,
micaferrati@gmail.com,micaela,ferrari,ar,,,,+543413010767,
mgromero@live.com.ar,miguel,miguel romero,ar,,,,+541159076757,
cele.flores@hotmail.com,celeste,flores,ar,,,,+541126355550,
llamberti305@gmail.com,lorenzo,lamberti,ar,,,,+542326432725,
adrilicitra79@hotmail.com,carolina,krens,ar,,,,+541165874175,
kohlsagustin@gmail.com,agustin,kohls,ar,,,,+543751447850,
joaquinirurueta09@gmail.com,joaco,irurueta,ar,,,,+542915340083,
xneun4908@gmail.com,ximena,neun,ar,,,,+546935254911,
terik1716@gmail.com,erick,torres,ar,,,,+543624895022,
isamaleguevara1807@gmail.com,agustín,lobos,ar,,,,+542644184226,
silviarandich@gmail.com,silvia,randich,ar,,,,+541155703417,
mariacanali76@gmail.com,maria canali,canali,ar,,,,+541126468166,
milagropacheco015@gmail.com,milagro jazmin,pacheco,ar,,,,+541158333170,
reyesmelany@outlook.com,melany,reyes,ar,,,,+541135175678,
libradoalejandrogarcia@gmail.com,librado alejandro,garcia,ar,,,,+542901538750,
evelinsantillan10@outlook.es,evelin,santillan,ar,,,,+543813340958,
fabiansalemme@hotmail.com,fabián,salemme,ar,,,,+541158493200,
frann_cmed@yahoo.com,francisco felipe,medina,ar,,,,+543624701932,
jhonfredys480@gmail.com,john fredy,silva pinzón,ar,,,,+541138235725,
khalilgenovese@gmail.com,khalil,genovese,ar,,,,+541134548972,
micaleortiz@gmail.com,micaela julieta,ortiz,ar,,,,+542901524048,
mariemiderosa@gmail.com,emilia,derosa,ar,,,,+543407668569,
rominaluna616@gmail.com,romina,luna,ar,,,,+543876576888,
arandaclaudia1972@gmail.com,claudia,aranda,ar,,,,+541125231314,
nestorjportela@gmail.com,nestor,portela,ar,,,,+541164398423,
quintanaaraceli162@gmail.com,ludmila,quintana,ar,,,,+543704039358,
yapuradilan705@gmail.com,dylan,yapura,ar,,,,+543838496615,
merelesmariana23@gmail.com,mariana,mereles,ar,,,,+543704044377,
nfherrera20@gmail.com,nahuel,herrera,ar,,,,+543456260271,
gloriave@gmail.com,galia,fridenberg,ar,,,,+541126151177,
arianazoia@campus.fmed.uba.ar,micaela,zoia,ar,,,,+5492944808331,
tamaraailenjuarezcurilem@gmail.com,tamara,curilem,ar,,,,+542236813452,
jesicamaria130@gmail.com,jesica,vega,ar,,,,+541156576037,
benjavaldez583@gmail.com,benjamín,valdez,ar,,,,+541136178426,
nicolesualet856@gmail.com,nicole,sualet,ar,,,,+541154709276,
eluneymareco0@gmail.com,eluney,jugo mareco,ar,,,,+541139316963,
xiarayasminha@gmail.com,xiara yasmin,hawryluk illa,ar,,,,+541141445284,
,eliana,simonetti,ar,,,,+541133268328,
,ailen,arias,ar,,,,+541168723538,
,julmary,acosta,ar,,,,+541125145943,
,diaz,clara,ar,,,,+541130901999,
,anabella,gomez,ar,,,,+541134750458,
,scarafoni natalia,soledad,ar,,,,+541140235888,
,luciana,garcía,ar,,,,+541158399723,
,paula belen,noba,ar,,,,+541161872996,
,romina,burgos,ar,,,,+541157932592,
,sosto maria,graciela,ar,,,,+541165977418,
,pepita,pistolera,ar,,,,+541112345678,
,melina soledad,cassanelli,ar,,,,+541130339306,
,jimena,pizarro,ar,,,,+541128996121,
,rita itati,veron,ar,,,,+541161130869,
,pamela,ferrari,ar,,,,+541123972834,
,fátima,brianthe,ar,,,,+541132823593,
,aline,loures,ar,,,,+541133601021,
,diego nahuel,flores,ar,,,,+541141451448,
,boris,montalvo,ar,,,,+541124095465,
,camila,irigoitia,ar,,,,+541158979695,
,gladis,delgadillo,ar,,,,+541166596901,
,eugenia,moyano,ar,,,,+541157561921,
,maria fernanda,tercon,ar,,,,+541140662567,
,gabriela alejandra,caresano,ar,,,,+541157610470,
,veronica,pagliaro,ar,,,,+541166868039,
,geraldine,giunta,ar,,,,+541162747738,
,nahuel,romero,ar,,,,+541165455405,
,florencia,teves,ar,,,,+541123857280,
,martin rodrigo,mansilla,ar,,,,+541156948049,
,georgina aldana,coria,ar,,,,+541162628737,
,gimenez,antonella,ar,,,,+541134147954,
,laura isabel,martinez,ar,,,,+541156011486,
,antonio,gonzalez,ar,,,,+541150371996,
,yaroslavl,shybelo,ar,,,,+541121613209,
,meza,evelyn,ar,,,,+541127975227,
,exquivel,antonio,ar,,,,+541121913115,
,daniel,daniel,ar,,,,+541178975566,
,agustina,loiacono,ar,,,,+541132057254,
,lourdes,facal,ar,,,,+541127326039,
,david,labanca,ar,,,,+541140950214,
,victor,contreras,ar,,,,+541130450254,
,montaño chavez luis,alberto,ar,,,,+541123297626,
,gaston,rodriguez,ar,,,,+541130310316,
,gisela,figueroa,ar,,,,+541156402293,
,matias adrian falcón,figueredo,ar,,,,+541157994176,
,paola,toledo,ar,,,,+541159652740,
,raul,liguori,ar,,,,+541166586639,
,pablo,travali,ar,,,,+541123453740,
,martin,genero,ar,,,,+541164313649,
,ana daniela,juárez,ar,,,,+541130710746,
,marta griselda,german,ar,,,,+541150401503,
,paula,ramdan,ar,,,,+541158889999,
,suárez eduardo,damián,ar,,,,+541121916998,
,carlos,saba,ar,,,,+541553317355,
,carolina,cardozo,ar,,,,+541169215688,
,carlos,adrian,ar,,,,+541165143215,
,noelia,urdaneta,ar,,,,+541164037423,
,jennifer,irala,ar,,,,+541161195338,
,antonella,morales,ar,,,,+541156597821,
,brenda,zambrano,ar,,,,+541123364799,
,natalia,esquivel,ar,,,,+541157655711,
,ornella,quintavalli,ar,,,,+541168253415,
,josé,maximiliano,ar,,,,+541166380435,
,rocio,palavecino,ar,,,,+541165979148,
,daniel,geuna,ar,,,,+541160144444,
,ana,more,ar,,,,+541165842686,
,lucila,ramirez,ar,,,,+541157476060,
,boni,gaston,ar,,,,+541166574568,
,zulma,zulma,ar,,,,+541140926859,
,juan ignacio,zorrilla,ar,,,,+541167986787,
,alan demian,firenze,ar,,,,+541161246541,
,marcelo alejandro,encina,ar,,,,+541162941376,
,brenda,navarro,ar,,,,+541168443563,
,wanda,boaglio,ar,,,,+541132824197,
,juan,forero,ar,,,,+541122517056,
,blas ezequiel,bruno,ar,,,,+541161478096,
,yamila,dauud,ar,,,,+541144956016,
,rocio,rios,ar,,,,+541137876255,
,agustina,córdova,ar,,,,+541147298931,
,agustin,gomez,ar,,,,+541158987238,
,lucila,amaya,ar,,,,+541159982996,
,rubén,peña,ar,,,,+541123452424,
,ramon,faulkner,ar,,,,+541168307538,
,francisco,briasco,ar,,,,+541122543656,
,marianela l,alonso,ar,,,,+541133558571,
,liliana ester,avalos,ar,,,,+541130488015,
,emiliano,baldasarre,ar,,,,+541134400206,
,diego,lombardero,ar,,,,+541150211738,
,carina,ortiz,ar,,,,+541130930015,
,andrea,tonelli,ar,,,,+541122460111,
,arce,enrique,ar,,,,+541121910948,
,ivanna quinteros,chavarri,ar,,,,+541162365324,
,carlos,tarzia,ar,,,,+541134982814,
,romero,ruben,ar,,,,+541133392308,
,claudia,peña,ar,,,,+541130091986,
,maria fernanda,campos,ar,,,,+541121782763,
,gustavo,malagreca,ar,,,,+541158524030,
,ygnacio,centurin,ar,,,,+541154682544,
,pablo facundo,quintero,ar,,,,+541150547009,
,natalia,garcia,ar,,,,+541173615807,
,marinaro,gustavo,ar,,,,+541135423488,
,turra johanna,tamara,ar,,,,+541139500112,
,evelyn,regelli,ar,,,,+541134431620,
,walter,roza,ar,,,,+541154067003,
,gustavo,garcia,ar,,,,+541540859067,
,sofia aldana,correa,ar,,,,+541141912777,
,sergio,morales,ar,,,,+541133244370,
,jonathan alejandro,gomez,ar,,,,+541121875653,
,sintia,quispe,ar,,,,+541562366645,
,luis anibal,figueredo,ar,,,,+541166550125,
,cintia julieta,antelo,ar,,,,+541160300252,
,laura,laura,ar,,,,+541122559681,
,cristina,cristina,ar,,,,+541158831362,
,jesus,vigabriel,ar,,,,+541132335422,
,adalberto,sanchez,ar,,,,+541134254704,
,claudio,gonzalez,ar,,,,+541551528744,
,gaston david,orellano,ar,,,,+541124602403,
,bárbara,gonzález,ar,,,,+541124970455,
,samanta,sullivan,ar,,,,+541131110259,
,leonardo,armoa,ar,,,,+541138440521,
,cristian ismael,arrieta,ar,,,,+541125802998,
,lorena,cambiasso,ar,,,,+541158216726,
,carolina,gomez,ar,,,,+541124723914,
,sergio oscar,esteban,ar,,,,+541160527192,
,sebastian,grillo,ar,,,,+541134392900,
,marcos,dominguez,ar,,,,+541157970218,
,sergio luis,ravagni,ar,,,,+541171384308,
,moira,robalo,ar,,,,+541168153920,
,sergio,galanti,ar,,,,+541138772484,
,favio hernan,juarez,ar,,,,+541162228818,
,mónica,aquino,ar,,,,+541124661232,
,marcos,para,ar,,,,+541155795811,
,mencía ezequiel,elias,ar,,,,+541150561256,
,marcelo,marcelo,ar,,,,+541134470590,
,romero rodrigo,nicolas,ar,,,,+541158261981,
,leonel,gonzalez,ar,,,,+541157312081,
,jenny,vilchez,ar,,,,+541173686546,
,sergio,gonzalez,ar,,,,+541158351345,
,marcelo dario,gomez,ar,,,,+541167662426,
,ronny,olivo,ar,,,,+541125517829,
,bruno,castellarin,ar,,,,+541126082005,
,gastón alejandro,nievez,ar,,,,+541134788660,
,diana,gonzalez,ar,,,,+541126436425,
,mauricio,ruiz,ar,,,,+541126660352,
,natalia,guerra,ar,,,,+541523179782,
,llahuar,zelaya,ar,,,,+541133928891,
,juan emilio,sola,ar,,,,+541151085689,
,maría del rosario toledo,ortigoza,ar,,,,+541125110125,
,serena ailin,fernandez,ar,,,,+541128079017,
,agustina,pons,ar,,,,+541153354012,
,olga portillo,potillo,ar,,,,+541132140265,
,silvia,conforti,ar,,,,+541137930139,
,roberto carlos,brandan,ar,,,,+541168094520,
,rosalba morel,molinas,ar,,,,+541159434515,
,walter,maffi,ar,,,,+541141412691,
,giselle,grinspan,ar,,,,+541131588508,
,camila rocio,caputo,ar,,,,+541125010065,
gramacai@hotmail.com,graciela mabel,esteban,ar,,,,+541540761497,
,ezequiel,yanrquine,ar,,,,+541156139612,
,sebastián,rojas,ar,,,,+541125160198,
,marcelo,pernas,ar,,,,+541133039900,
,zulema,leider,ar,,,,+541162706470,
,carlos,cabrera,ar,,,,+541134117726,
,luciana,garay,ar,,,,+541159086041,
,daniela,ledinic,ar,,,,+541164214770,
,yesica,yesica,ar,,,,+541150052360,
,camila,castro,ar,,,,+541169131535,
,fanny daiana,balmori,ar,,,,+541166663268,
,guido,rinaldelli,ar,,,,+541135572347,
,ricardo,ortigoza,ar,,,,+541167842685,
,maria paula,villagran,ar,,,,+541157171154,
,de clementi,ariana,ar,,,,+541127429110,
,uihui,uihui,ar,,,,+541154878444,
,cintia,alvarez,ar,,,,+541135693383,
,eliana,alvarez,ar,,,,+541153867531,
,yesica,ezeiza,ar,,,,+541125125526,
,gabriela verónica,morales,ar,,,,+541136206886,
acostamaximilianohernan@gmal.com,maximiliano,acosta,ar,,,,+541134900337,
corykim77@gmail.com,veronica,kim,ar,,,,+541134131112,
ausilileonel01@gmail.com,leonel,ausili,ar,,,,+542616576747,
leoneldavid001@gmail.com,leonardo david,gomez,ar,,,,+541127874747,
damianandresmachado@gmail.com,damian,machado,ar,,,,+541139410059,
olegariobru@gmail.com,bruna,olegario da silva souza,ar,,,,+541133486920,
mercadolour0303@gmail.com,lourdes,mercado,ar,,,,+543804594104,
miliidelvallehonzales@gmail.com,milagros,gonzalez,ar,,,,+542644189710,
bustamantemariela047@gmail.com,mariela,bustamante,ar,,,,+543844418979,
solangesambueza31@gmail.com,santi,exequiel,ar,,,,+542804601637,
daiana201197@hotmail.com,daiana,ramos,ar,,,,+541163099483,
tmedina@artro.com.ar,trinidad,medina,ar,,,,+541169390015,
veronicanoeliaramos1981@gmail.com,veronica,noelia ramos,ar,,,,+541123395168,
mezazulma26@gmail.com,zulma,meza,ar,,,,+541150947647,
marianaiduma@gmail.com,mariana ines,duma,ar,,,,+541157212183,
jacquelinecaparrotta@gmail.com,jacqueline,caparrotta,ar,,,,+541125054278,
jaykomarecos29@gmail.com,jayko,marecos,ar,,,,+5491130287785,
karenaitanavargas70@gmail.com,karen,vargas,ar,,,,+543487666657,
dylanquiroga605@gmail.com,dylan,quiroga,ar,,,,+5492358421862,
lorenacalandria40@gmail.com,lorena,calandria,ar,,,,+541168029705,
felix1185ardila@gmail.com,felix,ardila,ar,,,,+541151492843,
nicolasgsavio@gmail.com,nicolas,savio,ar,,,,+541165706883,
camilayebenitez01@gmail.com,camila,benitez,ar,,,,+541125084625,
7karenrodriguez@gmail.com,karen,rodriguez,ar,,,,+543412632694,
dayanaklaus18@gmail.com,dayana,klaus,ar,,,,+541137040652,
evelinmagali14@gmail.com,evelyn,heredia,ar,,,,+541131443772,
analiavrodriguez@gmail.com,analía,verónica rodriguez,ar,,,,+541141416195,
luzangelaturcios@gmail.com,luz angela,turcios acosta,ar,,,,+541140997208,
rossicristina@hotmail.com,maria cristina,rossi,ar,,,,+541140290850,
rubencazon89@gmail.com,rubén esteban,cazon,ar,,,,+541137999394,
kiaramiranda577@gmail.com,kiara,miranda,ar,,,,+541164655838,
dylanjk788@gmail.com,dylan,león,ar,,,,+541128755368,
antonellabaez156@gmail.com,antonella,baez,ar,,,,+541144122066,
antogiansanti40@gmail.com,antonella,giansanti,ar,,,,+541173571201,
olgavattimo711@hotmail.com,federici,castro,ar,,,,+541130968637,
camilamenendezpaez@gmail.com,camila,menendez paez,ar,,,,+541161606006,
melina.s.mendoza@hotmail.com,melina,mendoza,ar,,,,+541132540001,
rocioleiva1103@gmail.com,rocio micaela,leiva,ar,,,,+541125961352,
mari-aleja-1995@hotmail.com,maría alejandra,tello borja,ar,,,,+541164805561,
marcelozepeda2020@gmail.com,marcelo,zepeda,ar,,,,+541141654196,
sifiafrancescaacosta@gmail.com,sofia francesca,acosta,ar,,,,+543815983262,
polancobautista96@gmail.com,bautista,polanco,ar,,,,+543446239916,
abrilsuarezmenna@hmail.com,abril,suárez menna,ar,,,,+541168903168,
tizianacocaro7@gmail.com,tiziana,cocaro,ar,,,,+541150953069,
davidbmx1996dc@gmail.com,cristian,ramires ramirez,ar,,,,+541132482974,
2012ianlinares@gmail.com,ian,linares,ar,,,,+542920533232,
gualesjulieta@gmail.com,julieta,guales,ar,,,,+541125444538,
dylancoronell16@gmail.com,dylan,coronel,ar,,,,+543435701022,
antonelamora078@gmail.com,francesca,mora,ar,,,,+541158519245,
bikingo7szsz@gmail.com,ramón rosa,ibáñez,ar,,,,+541123697419,
mojicosimbronflorencia@gmail.com,florencia,gonzalez,ar,,,,+541128773418,
tatialba643@gmail.com,tatiana,alba,ar,,,,+543886470023,
elizabethmaciel022@gmail.com,elizabeth,maciel,ar,,,,+541125467238,
barbosa_tamara@yahoo.com.ar,tamara,barbosa,ar,,,,+541160433588,
krojosagasta@gmail.com,kiara,rojo sagasta,ar,,,,+541167214696,
m.buezo@hotamil.com,mariano,buezo,ar,,,,+542223505633,
melischreiber79@gmail.com,melisa,schreiber,ar,,,,+541159078059,
amarianela449@gmail.com,marianela,aguirre,ar,,,,+541123802283,
rmino634@gmail.com,rocio,miño,ar,,,,+543454055126,
alegreian262@gmail.com,ian,alegre,ar,,,,+543625262130,
juantetling52@gmail.com,juan,tetling,ar,,,,+542396431076,
jeremiasjesush@gmail.com,jeemias,hipolito,ar,,,,+543873385504,
energikaindumentria@hotmail.com,diego fabian,czarny,ar,,,,+541169913310,
bombermarce@hotmail.com,marcelo,ferfi,ar,,,,+541169199028,
julikier4@gmail.com,julieta,kiernicki,ar,,,,+541130170472,
prichumerlo07@outlook.es,priscila julieta,merlo,ar,,,,+5491135165845,
jrdulcynea@gmail.com,ariel,bartolome,ar,,,,+541130003446,
aylensofia654@gmail.com,sofia,campos,ar,,,,+541162725923,
romerogodomonica@gmail.com,vanesa,romero,ar,,,,+541128692492,
giulibonnet53@gmail.com,giuliana,bonnet,ar,,,,+541154667655,
pmarcelaeva@gmail.com,walter,gulabert,ar,,,,+541163511723,
nataliaobrien420@gmail.com,natalia,obrien,ar,,,,+541130854873,
riverobruno374@gmail.com,bruno,rivero,ar,,,,+542494274790,
nicolemaresca032@gmail.com,nicole,maresca,ar,,,,+541157621113,
a.lopezvazquez@hotmail.com,alejandra,lópez vázquez,ar,,,,+541140898329,
candelayasmin200@gmail.com,candela,molina,ar,,,,+541131833116,
danabelenyesicah@gmail.com,belén,humana,ar,,,,+543887464086,
blancomaupro@gmail.com,mauro,blanco,ar,,,,+542984415838,
taniapernas664@gmail.com,tania,pernas,ar,,,,+541150617923,
eliomoyanoo@gmail.co,elio,moyano,ar,,,,+543826442555,
varelanicolas985@gmail.com,nicolas david,varela,ar,,,,+541166004181,
yamildavidpereyra@gmail.com,yamil,pereyra,ar,,,,+542664038380,
nellyarevalos94@gmail.com,nelly,arevalos,ar,,,,+541165659396,
na_dicarlo@hotmail.com,natalia,di carlo,ar,,,,+541155697512,
gladyspernas@hotmail.com,gladys,pernas,ar,,,,+541150438569,
micaela1234kjk@gmail.com,micaela,gonzale,ar,,,,+542216726020,
thiagocardozo1325@gmail.com,thiago,cardozo,ar,,,,+542215670063,
rociolorenzocabrera@gmail.com,rocio,cabrera,ar,,,,+541161216506,
ybarraalexis51@gmail.com,alexis,yvarra,ar,,,,+541128697453,
valeaquino89@hotmail.com,valeria,aquino,ar,,,,+541138306372,
santinodionel3@gmail.com,santu,dionel,ar,,,,+542966617736,
h90869682@gmail.com,hamburguesa,hamburguesa,ar,,,,+541170678111,
rclaraevangelina@gmail.com,clara,rueda,ar,,,,+543416621819,
maximo@pfortner.com,maria jose,da silva,ar,,,,+541154743637,
erikacamottaph@gmail.com,erika ailén,camotta,ar,,,,+541160592526,
mercedessal806@gmail.com,mercedes,salvatierra,ar,,,,+543872216837,
guizzobrisa@gmail.com,brisa,guizzo,ar,,,,+542255406586,
ag44068948@gmail.com,agustina,gomez,ar,,,,+543854098353,
abygero03@gmail.com,abigail,geronimo,ar,,,,+543885414554,
santillanelizabeth318@gmail.com,josué,herrera,ar,,,,+542622500017,
mariamartinezbea12345@gmail.com,maría beatriz,maria martinez,ar,,,,+543435013066,
cansinoskarina2@gmail.com,karina,cansinos,ar,,,,+543855760317,
ayelenherrera2432@gmail.com,ayelen,herrera,ar,,,,+543854359219,
pavonnadia21@gmail.com,nadia,pavon,ar,,,,+543814355548,
brianapinilla19@gmail.com,briana,pinilla,ar,,,,+542235023963,
aramayokeila70@mail.com,benja,rivero,ar,,,,+541135865330,
biancajazmingomez10@gmail.com,bianca,gómez,ar,,,,+541171995749,
verogc2020@gmail.com,veronica,codaro,ar,,,,+541132346992,
gastonromeo254@gmail.com,gaston,ramirez,ar,,,,+541134345551,
cristinbarroso5@gmail.com,cristian,barroso,ar,,,,+541128423570,
dabanchmatias@gmail.com,matias,dabanch,ar,,,,+541166657858,
majohernaez1988@gmail.com,maria josé,hernaez,ar,,,,+541130496275,
quimeeirodriguez@gmail.com,florencia,rodríguez,ar,,,,+541176269792,
cintiajaimez50@gmail.com,cintia naiara,jaimez,ar,,,,+543644924114,
tabordaaxel52@gmail.com,axel,taborda,ar,,,,+542920632799,
adolfonicolas2009@gmail.com,nicolas,aguirre,ar,,,,+541122847778,
antonellaacosta577@gmail.com,antonella,acosta,ar,,,,+543814753410,
brunomaroa59@gmail.com,zamira,llema,ar,,,,+542916497488,
martulove98@gmail.com,martina,marques,ar,,,,+541134451998,
gjbaler@hotmail.com,gabriel,gonzalez,ar,,,,+541144746259,
vicente60@hotmail.com,vicente,polastri,ar,,,,+542995034182,
magalicarando15@gmail.com,magali,carando,ar,,,,+541134662510,
iancastellanos110@gmail.com,ian,castellanos,ar,,,,+542262596465,
genuasofiamicaela@gmail.com,sofi,genua,ar,,,,+542213169997,
rociosprsp@gmail.com,rocio,piñeyro,ar,,,,+541122383802,
trochedaiana433@gmail.com,daiana,troche,ar,,,,+541125521929,
martinabroggi13@gmail.com,martina,broggi,ar,,,,+541168157647,
maxi3211a@gmail.com,anahí griselda,lópez,ar,,,,+542224411448,
cintysol9@gmail.com,cintia,aguilar,ar,,,,+541126362224,
cjxkxkffjfjfjjf@gmail.com,pablo,albarracin,ar,,,,+543838496747,
emarcove@yahoo.com.ar,daniela,cruz,ar,,,,+542215368653,
jf1359431@gmail.com,javier,javier flores,ar,,,,+543886675267,
delfivaldez2015@gmail.com,gabriela,veron,ar,,,,+542267441368,
paz908494@gmail.com,romina,paz,ar,,,,+543874108199,
juanchymatias@gmail.com,matias,benítez,ar,,,,+541138179109,
leoneloorelanaaa@gmail.com,leonel,orellana,ar,,,,+541164517495,
mg6883306@gmail.com,marío,giménez,ar,,,,+541157492624,
pazn5715@gmail.com,nahuel,paz,ar,,,,+543841453968,
go7682072@gmail.com,uriel,olguin,ar,,,,+542664973656,
toneghinezequiel@gmail.com,david ezequiel,toneghin,ar,,,,+541121811521,
matiascolloca@gmail.com,matias,colloca,ar,,,,+541126445850,
mariana34227@gmail.com,mariana,acuña,ar,,,,+541166845571,
agustinabrxvo@gmail.com,agustina,burgos,ar,,,,+541157087210,
gastonblanco320@gmail.com,gaston,blanco,ar,,,,+5491136062232,
rous101071@gmail.com,rosa,perez,ar,,,,+542665115194,
andrerimasa@gmail.com,andrea,rimasa,ar,,,,+541169688778,
carlitoseuge09@gmail.com,carlos,cordoba,ar,,,,+542473475275,
alvarezrociooo24@gmail.com,rocío,alvarez,ar,,,,+543838415951,
saldovaljohann@gmail.com,johan,saldoval,ar,,,,+543445453119,
victoriajazminarce@gmail.com,victoria jazmin,arce,ar,,,,+541162132210,
reayuliana617@gmail.com,yuliana,rea,ar,,,,+543855902014,
mariaayala8419@gmail.com,maría,ayala,ar,,,,+541160081433,
pablohueso3279@gmail.com,pablo,bustos,ar,,,,+541126992828,
mary_nes_m@hotmail.com,alberto,pandiani,ar,,,,+543489637376,
camilasgherza@hotmail.con,camila,sgherza,ar,,,,+541125184490,
delakiara2009@gmail.com,kiara,navarrete,ar,,,,+541171165953,
aimarapereyra04@gmail.com,joaquin,pereyra,ar,,,,+541128239200,
mt9298759@gmail.com,maria,tirado,ar,,,,+542644440092,
guilleurzagaste2021@gmail.com,mateo,lamas,ar,,,,+543883375498,
mendezvictoria0510@gmail.com,victoria,méndez,ar,,,,+541133450964,
lacedanara@gmail.com,nara,gonzález,ar,,,,+542604230565,
benicioythiago@gmail.com,lucas,figueroa,ar,,,,+541122681863,
agustinajazmincuenca@gmail.com,agustina,cuenca,ar,,,,+542216765708,
bautistafuentes049@gmail.com,bautista,fuen,ar,,,,+542914664924,
padoval@gmail.com,patricia,doval,ar,,,,+541163241278,
gabi001627@gmail.com,gabriel,oviedo,ar,,,,+543705230906,
ibanezmartina259@gmail.com,martina,ibañez,ar,,,,+543854899592,
maximoramos147@gmail.com,maximo,ramos,ar,,,,+542478578788,
noheliacandia455@gmail.com,nohelia,candia,ar,,,,+541157477999,
yamilamaidana095@gmail.com,yamila,maidana,ar,,,,+5491160504880,
solbecerra1983@gmail.com,soledad,becerra,ar,,,,+5491172108297,
recursos.humanos@inarch.com.ar,carla victoria,gonzalez,ar,,,,+541158963777,
anabellagiannici@hotmail.com,anabella,giannici,ar,,,,+541144002949,
rominaperezok@gmail.com,eric hernan,olea,ar,,,,+541154776759,
belencofan62@gmail.com,belen,cofan,ar,,,,+541152602066,
velascomaitee@gmail.com,maite,velasco,ar,,,,+541141907055,
walter31260ortega@gmail.com,walter,ortega,ar,,,,+542215792214,
analiascrepis@gmail.com,analia,screpis,ar,,,,+541151536862,
federaleromero@gmail.com,federico,romero,ar,,,,+541151352572,
ignaciodiaz88@gmail.com,ignacio,diaz,ar,,,,+5491156145909,
anamayrak@hotmail.com,ana,krasner,ar,,,,+541167036306,
natanaelciare@gmail.com,natanael,ciare,ar,,,,+543878404240,
delfinaolivares27@gmail.com,delfina,olivares,ar,,,,+543873602371,
monicaleticiamontes604@gmail.com,mónica,montes,ar,,,,+543855814328,
perezhugo7525@gmail.com,hugo,perez,ar,,,,+543705008049,
yesicaperezgv@gmail.com,yesica,perez,ar,,,,+541140366581,
juanpedrogonzalez766@gmail.com,juan,gonzález,ar,,,,+543856412133,
sebasgomez1529@gmail.com,denis,ramírez,ar,,,,+541139099559,
marianamiranda195@gmail.com,mariana,miranda,ar,,,,+5491151490736,
exequielluna96@gmail.com,exequiel,luna,ar,,,,+541164466726,
zuliethtorrealba@gmail.com,zulieth,torrealba,ar,,,,+542215026925,
luciagonzalez24@yahoo.com.ar,lucía,gonzalez,ar,,,,+541123652419,
francogreco30@gmail.com,franco,greco,ar,,,,+541168741836,
thiagosimonsilva2003@hotmail.com,thiago,silva,ar,,,,+541171535574,
aguspke25@gmail.com,agustina,prado,ar,,,,+541162179089,
lautarodipoti@gmail.com,lautaro,dipoti,ar,,,,+541170663183,
artparsar@gmail.com,arturo,paredes,ar,,,,+5491138885326,
macdonaldstefania@gmail.com,stefanía,mac donald,ar,,,,+542966630699,
laurapassarotti@gmail.com,laura,passarotti,ar,,,,+541160948587,
moreg0102@gmail.com,morena,garcia,ar,,,,+541140909423,
sofiaheyt@gmail.com,sofia,heyt,ar,,,,+541130054695,
aldanaayecuomo@hotmail.com,aldana,cuomo,ar,,,,+541153881187,
ppa61269@yahoo.com,esteban alejandro,borgnia,ar,,,,+541144915767,
fabianasoledad2507@gmail.com,fabiana delgado,fabiana delgado,ar,,,,+541131159795,
romithna3@gmail.com,florencia,ferreyra,ar,,,,+542901526574,
solmagus22@gmail.com,sol,martinez,ar,,,,+541159520384,
lucasarria2016@gmail.comp,luca,saturo,ar,,,,+5492966674609,
salvatmarina4@gmail.com,marina,salvat,ar,,,,+541136453027,
agustinorellana12344@gmail.com,agustín,lopez,ar,,,,+543841415963,
tomasjoelramosmolina30@gmail.com,tomás joel,ramos molina,ar,,,,+543875189266,
pablonicolascorrea33@gmail.com,nicolas,correa,ar,,,,+541161624121,
romeromelani331@gmail.com,ximena,romero,ar,,,,+543886634181,
julietaevangelina765@gmail.com,julieta,jutz,ar,,,,+543434382403,
pau_hotz@hotmail.com,paula,hotz,ar,,,,+541169466008,
milagrospeluffo@gmail.com,maria milagros,peluffo,ar,,,,+541154546416,
borbollasantino817@gmail.com,santino,borbolla,ar,,,,+542342512581,
roseobrisa706@gmail.com,brisa,roseo,ar,,,,+542323587424,
bcarrizo610@gmail.com,brenda,carrizo,ar,,,,+543825589955,
beronraulnicolas43@gmail.com,marcelo,beron,ar,,,,+542645605882,
claudiamarcelaluna501@gmail.com,claudia marcela,luna,ar,,,,+541134319733,
lopezfranciscosantacruz@gmail.com,francisco,santacruz,ar,,,,+541124759369,
lgiachetta52@gmail.com,lara,giachetta,ar,,,,+542346588708,
ayalamarcela268@gmail.com,marcela,ayala,ar,,,,+541162768074,
mataco89@hotmail.com,luis gabriel,luna,ar,,,,+541131405929,
arielespinosa2233@gmail.com,milo,espinosa,ar,,,,+543858513309,
hectorjavier9432@gmail.com,hector,itriago,ar,,,,+541123936565,
frangonzalezcdp@gmail.com,franco,gonzalez,ar,,,,+543412731814,
dylangabrielbenitez642@gmail.com,dyln,benitez,ar,,,,+541166790579,
luisyoel@gamil.com,luis,tableta,ar,,,,+543755664822,
arcemagali969@gmail.com,magali,arce,ar,,,,+541169756903,
elizabethmarisa2026@gmail.com,elizabeth,lópez,ar,,,,+543886403846,
bazanlucas795@gmail.com,lucas ruben,bazan,ar,,,,+543435528873,
morelamalia596@gmail.com,amalia elizabeth,morel,ar,,,,+542221427508,
macieldamian858@gmail.com,damian,maciel,ar,,,,+541134194194,
isabelmareco11@gmail.com,nimia isabel,mareco morel,ar,,,,+541157344404,
smerigliol94@gmail.com,luca,smeriglio borges,ar,,,,+541131216899,
cyntiameza80@gmail.com,martin,gardella,ar,,,,+541155735251,
chenlosebastian@hotmail.com,sebastian,chenlo,ar,,,,+541166922527,
gluz51933@gmail.com,luz,gómez,ar,,,,+541151470251,
florbleguizamon@gmail.com,florencia belen,leguizamon,ar,,,,+543846412397,
camisosa2200@gmail.com,camila,sosa,ar,,,,+543841407689,
nunezu289@gmail.com,uma,nuñez,ar,,,,+541140254418,
priscilasalamanconicole@gmail.com,priscila,salamanco,ar,,,,+541123077879,
ferrignogustavo050@gmail.com,gustavo,ferrigno,ar,,,,+542612775097,
lunayael510@gmail.com,yael,luna,ar,,,,+543874427302,
sarasosa19092004@gmail.com,sara,sosa,ar,,,,+543705222812,
delfinaa0012@gmail.com,delfina,meneses,ar,,,,+542226517010,
verdugocarloscv@gmail.com,carlos,verdugo,ar,,,,+541132408785,
mariaeugeniaortegariego@gmail.com,maría eugenia,ortega riego,ar,,,,+543704794327,
mflorenciapa@gmail.com,maría florencia,pascual,ar,,,,+541150608988,
claudiaramo76@gmail.com,claudia,ramo,ar,,,,+541140864206,
jimenezlisandroyandel14@gmail.com,carlos,jimenez,ar,,,,+543858400240,
roociiooalancay99@gmail.com,rocio,alancay,ar,,,,+543834249073,
yancovladim@gmail.com,yanko,sejas,ar,,,,+541171271837,
sofiatiziano98@gmail.com,sofia,sofi perez,ar,,,,+541168449574,
lepezmaximiliano694@gmail.com,maximiliano,lepez,ar,,,,+541138831975,
belensjrobledo@gmail.com,belen,robledo,ar,,,,+543454105986,
bocalomas1982@gmail.com,emanuel,martinez,ar,,,,+541164305660,
nataliasrodriguez1978@gmail.com,natalia susana,rodriguez,ar,,,,+541158390786,
santybaez2607@gmail.com,santino,baez,ar,,,,+541139356636,
leticiavargas789@gmail.com,fidelia,guzmán soto,ar,,,,+541162649837,
melanillano3@gmail.com,melani,llano,ar,,,,+542323219194,
garciaalejote@gmail.com,alejo,garcia,ar,,,,+542214005481,
romiami1@hotmail.com,mariano,mana,ar,,,,+5491139283838,
ignaciobarreyra1@gmail.com,ignacio,barreyra,ar,,,,+542216243744,
ramirezjavir9091@gmail.com,bautista,ramirez,ar,,,,+542266488795,
quirogaprisci2024@gmail.com,priscila,quirogo,ar,,,,+543644652387,
castilloserena2009@gmail.com,serena,belén castillo,ar,,,,+542975048799,
sosasantiago12228091@gmail.com,santiago,sosa,ar,,,,+543812528136,
mediluis262@gmail.com,luis,medina,ar,,,,+543813979892,
eithanmulero2708@gmail.com,mariajose,blanco,ar,,,,+542236005628,
nm395715@gmail.com,néstor martinez,nestor martinez,ar,,,,+5491164771852,
araceliaguirrezabalaax@gmail.com,araceli,aguirrezabala,ar,,,,+543644680460,
bautistacabanillas@gmail.com,bautista,cabanillas,ar,,,,+5491162944156,
bonillaarianabelen433@gmail.com,ariana,bonilla,ar,,,,+541139300414,
kk27705300@gmail.com,kiara,garcía,ar,,,,+543844437036,
hernandezhernesto204@gmail.com,agustín,hernandez,ar,,,,+542984500824,
gaelsosayanten89@gmail.com,gael,yanten,ar,,,,+542954614965,
majo_aa@hotmail.com,majo,majito,ar,,,,+541135695587,
nadiamazza23@gmail.com,nadia,mazza,ar,,,,+541139019918,
trabagoindependiente25@gmail.com,camila,aguero,ar,,,,+542657638294,
keilamanyari@gmail.com,luana keila,manyari,ar,,,,+541131255052,
jennifercuello25@gmail.com,jennifer,cuello,ar,,,,+541157517043,
patogs2006@gmail.com,patricia giselles,silva,ar,,,,+541124568304,
sergiomonzon649@gmail.com,sergio damian,monzon,ar,,,,+541173688201,
laranaomilombardi@gmail.com,naomi,lombardi,ar,,,,+541161592299,
andreapaolalopez21@gmail.com,andrea,lópez,ar,,,,+5491157636272,
melaniebellofatto98@gmail.com,melanie,bellofatto,ar,,,,+541162903494,
abrilcoco6@gmail.com,abril,olivera,ar,,,,+541170828078,
leitoatrleosanguin@gmail.com,leonardo,fabio sanguin,ar,,,,+542281414192,
paglianiuma@gmail.com,uma,pagliani,ar,,,,+541154142512,
jonatanalejandrochichizola@gmail.com,jonatan alejandro,chichizola,ar,,,,+541148888356,
yamiilapetronio7@gmail.com,yamiila,petronio,ar,,,,+541138010048,
kamalacalzados@gmail.com,romina,karen,ar,,,,+541162294186,
damignr02@gmail.com,damian,gey,ar,,,,+541139073726,
amslersol@gmail.com,maria sol,amsler,ar,,,,+543425280456,
celesteberdeal@hotmail.com,maria celeste,berdeal,ar,,,,+541159368051,
sabrinaarellano1982@gmail.com,pablo,figueredo,ar,,,,+541156356705,
corzojuan36@gmail.com,juan,corzo,ar,,,,+541122907701,
alderetelucas404@gmail.com,maria rosa,alderete,ar,,,,+541162668003,
tiagojoseosvaldocarrizo@gmail.com,tiago,carrizo,ar,,,,+543841418516,
marianacenteno13143@gmail.com,mariano,navarro,ar,,,,+541125641278,
brayaneduardobustos3@gmail.com,brayan eduardo,bustos,ar,,,,+542664565668,
diangodelaoca207@gmail.com,david,benitez,ar,,,,+543743509009,
sanchez440117@gmail.com,martin,sánchez,ar,,,,+5493489339154,
trejofabiolapriscila2@gmail.com,fabiola,trejo,ar,,,,+543854405016,
ludmila.robles@bue.edu.ar,ludmila,robles,ar,,,,+541151155767,
camacholuisana017@gmail.com,luisana,camacho,ar,,,,+543883126398,
miglesias2110@gmail.com,mariano,iglesias,ar,,,,+541168777003,
rabregu531@gmail.com,roxana,abregu,ar,,,,+543816404589,
jazminrivero324@gmail.com,lara,rivero,ar,,,,+541136878309,
ramonbaigorria888@gmail.com,ramon,baigorria,ar,,,,+542657660467,
moyanosgabriel@gmail.com,gabriel,moyano,ar,,,,+542216998090,
emosolichipalomino@gmail.com,agustina,palomino,ar,,,,+543853010906,
arielluppo55@gmail.com,ariel hugo oscar,luppo,ar,,,,+541159586468,
perelloleandro56@gmail.com,leandro,perello,ar,,,,+541138628693,
florfernandez1217@gmail.com,florencia,fernández,ar,,,,+541160033821,
martinaagranero@gmail.com,martina,granero,ar,,,,+541149409783,
ozanceleste@gmail.com,valentino,ozan,ar,,,,+542954291534,
molinayonatan2026@gmail.com,jonathan,molina,ar,,,,+541127200331,
hbogado901@gmail.com,hector,bogado,ar,,,,+541154710830,
monicapadulo605@gmail.com,mónica,padulo,ar,,,,+542213549899,
dylanaranda16386@gmail.com,dylan,aranda,ar,,,,+541123824067,
kg6162844@gmail.com,kiara,gomez,ar,,,,+543434805829,
hectordossantos76@gmail.com,héctor,dos santos,ar,,,,+541172482876,
braiancondori939@gmail.com,braian,condori,ar,,,,+543838414115,
britanybitancur2@gmail.com,britany,disante,ar,,,,+542212219180,
ruizmateoemanuel0@gmail.com,matias,gonzales,ar,,,,+542942890534,
maicolvalderrey54@gmail.com,maico,valderrey,ar,,,,+542284732234,
guadacaballero62@gmail.com,guadalupe,caballero,ar,,,,+542255554761,
monicaalecialezcano@hotmail.com,monica,lezcano,ar,,,,+541161603935,
sofimika10@gmail.com,alejandra,riquelme,ar,,,,+541128719315,
ampesantino3@gmail.com,santino,ampe,ar,,,,+543832504785,
rugbish@hotmail.com,ezequiel mario,porfiri,ar,,,,+541123655317,
lautarowaters45@gmail.com,lautaro,waterw,ar,,,,+542974148210,
juenlastra@gmail.com,juan,lastra,ar,,,,+542996236691,
choscomariano@gmail.com,mariano,chosco,ar,,,,+543875715900,
jacquieba@gmail.com,jacqueline,basso,ar,,,,+541153421368,
eduardorodrigue789z@gmail.com,alfredo,rodriguez,ar,,,,+542984203089,
nachogonzalezz0707@gmail.com,ignacio,gonzález,ar,,,,+541169557502,
mp6023376@gmail.com,cecilia,espindola,ar,,,,+541136916484,
marcosfedericoetcheverry@gmail.com,marcos,etcheverry,ar,,,,+541141793158,
reynosocarlanatalia17@gmail.com,juan,stripolis,ar,,,,+543445405776,
terantiziano25@gmail.com,santino,laranburu,ar,,,,+542914780005,
daclciel22@gmail.com,ciel,dacal,ar,,,,+541121939594,
gayosogimena0@gmail.com,gimena,gayoso,ar,,,,+541176495785,
chamorrofelipe51@gmail.com,felipe,chamorro,ar,,,,+541166542085,
juanapna983@gmail.com,juana,peña,ar,,,,+543826449176,
deborajazmingonzalez03@gmail.com,jazmin,gonzalez,ar,,,,+541131758602,
gpedeflous@gmail.com,graciela,pedeflous,ar,,,,+541134011826,
grbelen95@gmail.com,rosario,gonzález,ar,,,,+541167350458,
rouser0515@gmail.com,eduardo,fernandez,ar,,,,+541131768428,
adrintrieri@gmail.com,adriana,intrieri,ar,,,,+541150260887,
miguelgonzalez92738@gmail.com,miguel,gonzalez,ar,,,,+541136111094,
maribelzambrana93@gmail.com,uriel,cervantes,ar,,,,+542214942545,
belenmaximiliano549@gmail.com,milagros,cristaldo,ar,,,,+543487219363,
cortezsandra765@gmail.com,sandra,cortez,ar,,,,+542644598547,
omarpeloc52@gmail.com,omar,peloc,ar,,,,+542622376697,
guianelareynoso20@gmail.com,guianela,reynoso,ar,,,,+542215367105,
alexanderherrlein415@gmail.com,alexander,herrlein,ar,,,,+543447575721,
yaquesoledad46@gmail.com,soledad,yaque,ar,,,,+543873636027,
magaligienenz7778@gmail.com,magali,giménez,ar,,,,+542215650546,
bonifaceleonel@gmail.com,leonel,boniface,ar,,,,+542966693550,
lucasluque848@gmail.com,lucas,luque,ar,,,,+541138678865,
dariosebastianromo@gmail.com,dario,romo,ar,,,,+541167657392,
mariams1954@gmail.com,maria,amstutz,ar,,,,+541131841001,
maiajrod17@gmail.com,pedro,caballero,ar,,,,+541134803480,
gracielamprado25@hotmail.com,graciela,prado,ar,,,,+541168460158,
priscilaailenferreira09@gmail.com,priscila,ferreira,ar,,,,+541149495500,
benjachavez551@gmail.com,benjamin,chavez,ar,,,,+541162456633,
chaconagostina334@gmail.com,agostina,chacon,ar,,,,+542622345225,
florenciaserrano583@gmail.com,florencia,serrano,ar,,,,+543875546667,
benitezleoncio233@gmail.com,leo,benitez,ar,,,,+543718558040,
marielib1975@gmail.com,mariela,libossart,ar,,,,+5492604336790,
bauticardozo063@gmail.com,bauti,cardozo,ar,,,,+543974074523,
kevin22perez2@gmail.com,priscila,toniane,ar,,,,+542213579961,
ludmillabanos@gmail.com,ludmila,baños,ar,,,,+543887466238,
nicolasmirandaguido@gmail.com,nicolas,miranda,ar,,,,+543854840644,
leonrocioelizabeth3@gmail.com,rocío,leon,ar,,,,+542984203943,
malefeliu@gmail.com,maría,feliú,ar,,,,+541131334546,
aldanafiordomi22@gmail.com,aldana,fiordomi,ar,,,,+542215704725,
lautaroalejandroherrera41@gmail.com,lautaro,alejandro herrera,ar,,,,+543853169510,
franciscocaballieri4@gmail.com,francisco,caballieri,ar,,,,+542920189519,
torresmorenaceleste@gmail.com,morena,torres,ar,,,,+541139473156,
danieladelprete88@gmail.com,daniela,del prete,ar,,,,+541162327952,
gabigarland99@gmail.com,gabriel,garland,ar,,,,+542245431070,
arreguijesus07@gmail.com,jesús maximiliano,arregui,ar,,,,+543487215163,
valentinatamay707@gmail.com,valentina,tamay,ar,,,,+543456590937,
danieladelgadoxiomaraa2011@gmail.com,daniela,delgado,ar,,,,+542645852025,
emisuarez729@gmail.com,emiliano,suárez,ar,,,,+542634362083,
morajaqueline62@gmail.com,yaque,mora,ar,,,,+543705043551,
as3635595@gmail.com,alexis,sánchez,ar,,,,+541122346390,
nellycerdasion@gmail.com,nelly,cerda,ar,,,,+542914707257,
mirtaliduaperez5@gmiel.com,ailen,la nena,ar,,,,+541132394307,
maldonadoluisana778@gmail.com,luisana,maldonado,ar,,,,+543874127615,
logan_3649@gmail.com,loga,rama,ar,,,,+541140474743,
almarazfrancodenis@gmail.com,franco,almaraz,ar,,,,+543855412022,
marih48349752@gmail.com,maricel,herrera,ar,,,,+543711415253,
maguiluestetica2015@gmail.com,magali,comerci,ar,,,,+541153474535,
cejasmaia23@gmail.com,solange,nieva,ar,,,,+543834606188,
batistaabril894@gmail.com,abril,batista,ar,,,,+543834297358,
camposemilse646@gmail.com,emilse,campos,ar,,,,+543841432595,
oscargomezludmi123@gmail.com,brenda magali,oviedo,ar,,,,+542646228146,
juaanobando49@gmail.com,juan,obando,ar,,,,+542923510481,
lorenapinea@gmail.com,lorena,pinea,ar,,,,+541164795690,
truhalcon@hotmail.com,jorge,trutschel,ar,,,,+541161728962,
nachocavalli@gmail.com,nacho,cavalli,ar,,,,+542344548713,
cristaldog56@gmail.com,gabriel,cristaldo,ar,,,,+543735586098,
albarracinalexis1113@gmail.com,alexis,albarracin,ar,,,,+543564478389,
benjagomezjoel17@gmail.com,benja,gomez,ar,,,,+542355649957,
cs4762417@gmail.com,maycol,pucheta,ar,,,,+543434063856,
jazminocampos916@gmail.com,jazmin,ocampos,ar,,,,+541166791841,
salinazoe4@gmail.com,zoe,salina,ar,,,,+542644548394,
romeroliaanabelisaura@gmail.com,alejandra,romero,ar,,,,+543878406952,
cesarbarrera1186@gmail.com,cesar,barrera,ar,,,,+543878226247,
benitezcandelariam@gmail.com,candelaria,benítez,ar,,,,+543704983582,
ledesmaangelagus@gmail.com,agustín,ledesma,ar,,,,+543855988211,
raynawaltdisney@gmail.com,stefano gael,grinovero,ar,,,,+541152592004,
sulzykmilena9@gmail.com,milena,sulzyk,ar,,,,+541127766685,
villanovanelida07@gmail.com,nelida,villanova,ar,,,,+5493447598139,
jz6857261@gmail.com,jose,zapata,ar,,,,+543364003922,
selvamalvina803@gmail.com,selva,avalos,ar,,,,+543874435657,
selenebelen156@gmail.com,selene,bressan,ar,,,,+541165449780,
santinoamaya24@gmail.com,santino,amaya,ar,,,,+542323583224,
hubermiqueas546@gmail.com,thiago,duarte,ar,,,,+5493435084208,
yamilaportillo263@gmail.com,abel,fabricios,ar,,,,+541160479419,
chiflifigaro@gmail.com,milagro,serapio,ar,,,,+543873021206,
paolamolinari28@gmail.com,laura paola,molinari,ar,,,,+543537654769,
moregomez0710@gmail.com,morena,cañete,ar,,,,+542645784910,
britezlidia44@gmail.com,ricardo,sandoval,ar,,,,+542236321417,
gladyscarolina99@gmail.com,oriana,luna,ar,,,,+543834320815,
gimenezisaia9@gmail.com,isaia,gimenez,ar,,,,+542291543243,
lucianoroldanolmo@gmail.com,lu,roldan,ar,,,,+541136178943,
quinonezromina91@gmail.com,romina,quiñones,ar,,,,+542262249361,
gaticab433@gmail.com,lautaro benjamin,coria gatica,ar,,,,+542664870580,
miliifagotti@gmail.com,milagros,fagotti,ar,,,,+542664747938,
thianbogarin37@gmail.com,thian,bogarin,ar,,,,+543718497999,
lucasmonjes08@gmail.com,lucas,monjes,ar,,,,+543516758872,
adrianaaracelimadregal4@gmail.com,adriana araceli,madregal,ar,,,,+543704791587,
castrosofia627@gmail.com,sofía,castro,ar,,,,+542215997663,
tejadamelina827@gmail.com,daiana melina,tejada,ar,,,,+541155154928,
niicocontreras27@gmail.com,nicolas,contreras,ar,,,,+541158266271,
caremarosa764@gmail.com,rosa,carema,ar,,,,+543878807157,
catacatalucas56@gmail.com,lucas,catacata,ar,,,,+542617590400,
calodaniela2012@gmail.com,daniela,calo,ar,,,,+541127480458,
olgayasminailinrodriguez@gmail.com,olga,godoy,ar,,,,+543364592432,
nazarenalescano123@gmail.com,nazarena,lescano,ar,,,,+541167928631,
giselagastonderomero@gmail.com,gisela,vargas,ar,,,,+541176241737,
zuritafrancisco002@gmail.com,josé,zurita,ar,,,,+543886598415,
gomezxiomaramaite@gmail.com,maite,gomez,ar,,,,+543873276385,
waltermansilla995@gmail.com,walter,mansilla,ar,,,,+543844523524,
corderofacundo7@gmail.com,facundo,cordero,ar,,,,+543854265322,
soriayaquelin08@gmail.com,maria,soria,ar,,,,+543442678009,
casandrobrunodiaz1@gmail.com,casandro bruno,diaz,ar,,,,+543704308792,
maicolortiz462@gmail.com,mayco braian,ortiz,ar,,,,+542645743881,
gjpino2025@gmail.com,gonzalo,pinotto,ar,,,,+541136417390,
nahirroldan17@gmail.cm,lourdes nahir,roldan,ar,,,,+543858414875,
escobarkiarajacquline@gmail.com,kiara,escobar,ar,,,,+541176000073,
leonardocejaz10@gmail.com,leonardo,cejaz,ar,,,,+541127306748,
florenciatestore97@gmail.com,florencia ayelen,testore,ar,,,,+541153154959,
vacajustohector@gmail.com,justo,vaca,ar,,,,+543873416331,
roldannico93@gmail.com,roldan,nicola,ar,,,,+543437446432,
yohanapaz103@gmail.com,yohana,paz,ar,,,,+543878368048,
elizeitu@hotmail.com,eliana,zeitune,ar,,,,+541126428053,
gisela200929@gmail.com,gisela denise,campos,ar,,,,+542664581286,
lhoancarmona075@gmail.com,josé,herrera,ar,,,,+542617164466,
chamorroevelinflorencia@gmail.com,evelin,chamorro,ar,,,,+543777884468,
veronicaartigue91@gmail.com,veronica,artigue,ar,,,,+541125446507,
pablocardaci22@gmail.com,pablo,cardaci,ar,,,,+542236227605,
velezmilagro28@gmail.com,milagro,velez,ar,,,,+543834283982,
angelacejas941@gmail.com,angela,cejas,ar,,,,+541130752779,
damianspinelli29@gmail.com,lautt,spinelli,ar,,,,+541136689375,
benjariverplate01@gmail.com,benjamin,duarte,ar,,,,+541134258573,
ramiro48garciaemail@gmail.com,ramiro,garcia,ar,,,,+543878635212,
cristianogvolonte@gmail.com,cristian,volonte,ar,,,,+541134538734,
sc4535804@gmail.com,santiago,chirino,ar,,,,+542634346469,
gabrielitafasce44@gmail.com,gabriela,fasce,ar,,,,+541173589057,
leonardojavierontivero@gmail.com,lisandro,gomez,ar,,,,+5493854209176,
claudobordon@gmail.com,claudio,bordón,ar,,,,+543456258236,
drjoaquincedeno@gmail.com,joaquin,cedeno,ar,,,,+541137806457,
pablomendonca@yahoo.con,pablo,mendonca,ar,,,,+541136974461,
zapatamarcelosantos59@gmail.com,tobias,zapata,ar,,,,+541154257762,
binsaurralde97@gmail.com,belen,insaurralde,ar,,,,+543704544426,
gonzalezmartina@gmail.com,martina,gonzalez,ar,,,,+541131279753,
zerpai132@gmail.com,santi,vargas,ar,,,,+543884652936,
cabrerasergiofernandolp85@gmail.com,sergio,cabrera,ar,,,,+542215589217,
santillanalejandro988@gmail.com,leo,santillan,ar,,,,+543815521900,
hpirelli455@gmail.com,helen,pirelli,ar,,,,+5491156188801,
delpuplola6@gmail.com,lola,delpup,ar,,,,+542396605049,
rowously@gmail.com,rita,cabral,ar,,,,+541134302608,
brisaangeljuan@gmail.com,juan,bravo,ar,,,,+542604025109,
rociomaylenrojas@gmail.com,rocío,rojas,ar,,,,+543704008717,
pereyranatasha803@gmail.com,natasha,pereyra,ar,,,,+542235291100,
mariaalejandralemos51@gmail.com,maria,lemos,ar,,,,+543417407914,
eduardocuello380@gmail.com,eduardo,cuello,ar,,,,+542625559499,
nreynoso381@gmail.com,natalia,reynoso,ar,,,,+542364261676,
giulianaabril301@gmail.com,giuliana,cabral,ar,,,,+541161023781,
milagros50alderete@gmail.com,milagros,pallottini,ar,,,,+542262245436,
adcarosella@gmail.com,antonella,magnano,ar,,,,+541136065180,
corvofranco2@gmail.com,franco,corvo,ar,,,,+542477589283,
claudiobenitez1975@gmail.com,claudio,benitez,ar,,,,+542804352899,
soutoalejandra@gmail.com,alejandra elena,souto,ar,,,,+541138856392,
jesucar1245@gmail.com,merce,vedoya,ar,,,,+542352563589,
luisezequielperez590@gmail.com,luis ezequiel,pérez,ar,,,,+541139544120,
gastygonzalez2013@gmail.com,gaston,gonzález,ar,,,,+541123048911,
axelvazquez270@gmail.com,axel,vazquez,ar,,,,+543487711980,
dominguezjorgue72@gmail.com,jorgue,dominguez,ar,,,,+542612473935,
samuelnot8@gmail.com,samuel,molina,ar,,,,+541165471082,
yoel40187@gmail.com,roberto,castillo,ar,,,,+543482278656,
andre22_85@hotmail.com,gabriel martin,fernández,ar,,,,+541158079341,
especheelias15@gmail.com,elias,espeche,ar,,,,+543854565223,
kc9312514@gmail.com,denisse,saravia,ar,,,,+543758525366,
fiorellapereyra321@gmail.com,fiorella,pereyra,ar,,,,+542216245769,
laimekevin366@gmail.com,kevin,laime,ar,,,,+541166634892,
giselaquiroga79@gmail.com,gisela,quiroga,ar,,,,+541127475303,
jazbatalla01@gmail.com,jazmin,batalla,ar,,,,+541169994219,
marucampoya@gmail.com,mariel,canpoya,ar,,,,+541135143015,
silvamariaanalia7@gmail.com,akiles,ojeda,ar,,,,+543455526782,
firzxangela@gmail.com,angela,firzx,ar,,,,+543534211734,
yazminvargasortiz4@gmail.com,yazmin,vargas ortiz,ar,,,,+541170820211,
aimarcristian92@gmail.com,cristian,aimar,ar,,,,+542657792168,
gerardoquinterohotmsi@gmail.com,gerardo,quintero,ar,,,,+542634762336,
belenpezzotta2@gmail.com,lourdes belen,encalada,ar,,,,+541125337739,
leosancheez255@gmail.com,leonel,sanchez,ar,,,,+543434605660,
leilasoria85@gmail.com,leila,soria,ar,,,,+543413308509,
montenegronancy124@gmail.com,nancy,montenegro,ar,,,,+541136679723,
xiomarasolangemendoza@gmail.com,xiomara,mendoza,ar,,,,+541164300587,
aldiiaiello@gmail.com,aldana,aiello,ar,,,,+541156291826,
velazquezsonia660@gmail.com,sonia,velázquez,ar,,,,+5493885470240,
valensilvera234@gmail.com,valentina,silvera,ar,,,,+542216739436,
gonzaleztiziana375@gmail.com,tiziana,gonzalez,ar,,,,+542805015163,
estefaniabeli177@gmail.com,estefania,beli,ar,,,,+543838413952,
vl683754@gmail.com,santino,canelo,ar,,,,+543444418212,
mailenrodriguez487@gmail.com,mailen,rodriguez,ar,,,,+541166164520,
eliananoya46@gmail.com,eliana,noya,ar,,,,+541166733744,
mari19gonzalezz@gmail.com,maria,gonzález,ar,,,,+542215976908,
luisitolencina133@gmail.com,luis,lencina,ar,,,,+543456596684,
bravoayelen95@gmail.com,ayelen,bravo,ar,,,,+542216116005,
eulogiomartinez810@gmail.com,eulogio,martinez gonzalez,ar,,,,+541158689059,
oteroestefania7@gmail.com,brisa,otero,ar,,,,+543444461828,
caca2020lba@gmail.com,lelia,arevalos,ar,,,,+542215911536,
juanmanuelcarrega@gmail.com,juanmanuel,carrega,ar,,,,+542322588709,
cynthianorambuena049@gmail.com,cynthia,norambuena,ar,,,,+542334412517,
noemirobay927@gmail.com,damaris,sibulofsky,ar,,,,+543435262421,
acostaaxelnahuel771@gmail.com,nahuel,acosta,ar,,,,+543436478626,
azulbenitez1@outlook.com,azul,benitez,ar,,,,+541144072063,
joseibaez8@gmail.com,ramón josé,ibañez,ar,,,,+541149930421,
leandrodamianbasilottagiodi@gmail.com,leandro,basilotta,ar,,,,+542664701805,
chechuaraujo2021@gmail.com,daniel,carrara,ar,,,,+541126165883,
franciscogalati@gmail.com,francisco,galati,ar,,,,+5491133175175,
alejandrofabianbiondi6@gmail.com,nahiara,rodríguez,ar,,,,+541156578739,
w4213782@gmail.com,wilian,wilian,ar,,,,+541155286381,
toranzobenja7@gmail.com,benja,toranzo,ar,,,,+541128591241,
benjaminlimonao964@gmail.com,benjamin,limonao,ar,,,,+542945689555,
carnevalebelen59@gmail.com,belén,carnevale,ar,,,,+541125821217,
adrifernandez1402@gmail.com,adrian,fernandez,ar,,,,+542634216991,
ayelenmor96@gmail.com,ayelen betsabé,quijano,ar,,,,+541157010294,
josefinadegrossir@gmail.com,josefina,degrossi rossini,ar,,,,+5492804601268,
marianelaalonso142@gmail.com,agustin,benitez,ar,,,,+541140637576,
gabipared22@hotmai.com,enzo gabriel,pared,ar,,,,+541168019420,
cornaralara835@gmail.com,lara,cornara,ar,,,,+542478403497,
terceroluisa21@gmail.com,luisa,tercero,ar,,,,+543886571754,
carmonaluciano371@gmail.com,luciano,carmona,ar,,,,+542622359306,
cristiandanielgalaz@gmail.com,sergio josé,santana,ar,,,,+542612491129,
gaelgutii180@gmail.com,gael,vera,ar,,,,+541125886595,
macarenabrest@hotmail.com,karen,brest,ar,,,,+541126226667,
antoniomesamailcon@gmail.com,antonio,mesa,ar,,,,+542392493803,
ad2213686@gmail.com,sofia,diaz,ar,,,,+541162831257,
yamigamarra1@gmail.com,sandra,gamarra,ar,,,,+543444407097,
carlagaitan63@gmail.com,carla,gaitán,ar,,,,+541162316799,
zunipalacios3@gmail.com,zuni,palacios,ar,,,,+543644114820,
alexisdanielpalacios1994@gmail.com,ale,alexis palacios,ar,,,,+541151817278,
santimartel2008@gmail.com,santiago,martel,ar,,,,+542804608375,
saltonestor43@gmail.com,nestor,salto,ar,,,,+542213630336,
floryana1234gmilcom@gmail.com,flor,albornoz,ar,,,,+541171200523,
pp4461309@gmail.com,yesica paola,pacheco,ar,,,,+541153851883,
velen03040506@gmail.com,valentina,zapata,ar,,,,+541124737202,
rominalobo83@gmail.com,romina,lobo,ar,,,,+541176322280,
martinriver0227@gmail.com,martin,suárez,ar,,,,+541176125248,
sebastiangalvan027@gmail.com,sebastián,galván,ar,,,,+541140379901,
ba0845242@gmail.com,araceli,barreto,ar,,,,+543454120153,
romerojuangabriel073@gmail.com,juan gabriel,romero,ar,,,,+543834083218,
zarzayamile9@gmail.com,yammile,zarza,ar,,,,+542337411595,
rubenmalonaaaa@gmail.com,ruben diario,molina,ar,,,,+541157636386,
alexispintos939@gmail.com,alexis,pintos,ar,,,,+542983535421,
sosapamelamarina@gmail.com,brayam,dosa,ar,,,,+542657394222,
daianaailenchurasullca@gmail.com,daianaailen,churasullca,ar,,,,+541150619047,
angiems1108@gmail.com,angie,moya,ar,,,,+541125545211,
rramiromaxi22@gmail.com,maximiliano,silva,ar,,,,+541128780575,
felicianozenobia72@gmail.com,reina,rodriguez,ar,,,,+541124668851,
daygl1dy@gmail.com,david,yglesias,ar,,,,+541158166950,
brunoalegui94@gmail.com,bruno,leguipan,ar,,,,+542975306362,
torresjaz2004@gmail.com,yuliana,torres,ar,,,,+541149722969,
villasantimario06@gmail.com,mario,villasanti,ar,,,,+543364172547,
2616965758ramonveliz@gmail.com,ramon,veliz,ar,,,,+542622365837,
arcebrenda494@gmail.com,brenda,arce,ar,,,,+541125285121,
lujanayelen994@gmail.com,laura,molina,ar,,,,+542323449026,
ricardobugeno637@gmail.com,ricardo,bugeño,ar,,,,+542613460667,
yamialemassey@gmail.com,yamila,guichon,ar,,,,+541125790758,
cabraljaamin30@gmail.com,jasmin,cabral,ar,,,,+542954815164,
arikpodsm@gmail.com,ariel,carboni,ar,,,,+541128480907,
fernandacrojasc@gmail.com,fernanda,rojas cepeda,ar,,,,+542976249482,
michulozoe@gmail.com,zoe,micciullo,ar,,,,+541139086305,
anabogarin549@gmail.com,ana,bogarin,ar,,,,+541161183309,
maluucost@gmail.com,malena,costa,ar,,,,+542267661745,
bertolamilujan@gmail.com,lujan,bertolami,ar,,,,+543434504255,
latorreelias10@gmail.com,elías,latorre,ar,,,,+542224480686,
rodrigomurua821@gmail.com,facundo,murua,ar,,,,+541123004514,
agustinamarchesi776@gmail.com,agustina,marchesi,ar,,,,+541124966085,
26matijirge@gmail.com,jorge matías,nuñez,ar,,,,+542622253797,
kiaragonzalez56sanluiseduar@gmail.com,kiara,gonzález,ar,,,,+542665127011,
gavilandylan906@gmail.com,dylan,gavilan,ar,,,,+543454941888,
alejandroomartinez8430@gmail.com,alejandro,martinez,ar,,,,+541125112987,
romanromann2025@gmail.com,roman,cristian,ar,,,,+542964453538,
eliaslautaro2008@gmail.com,elias,herrera,ar,,,,+543865330980,
mairasoiza027@gmail.com,tiziana,machado,ar,,,,+541144038788,
exequielrea8@gmail.com,ezequiel,rea,ar,,,,+543816433484,
ramirofernandez7113@gmail.com,ramiro,fernandez,ar,,,,+541162122653,
yulianamunoz476@gmail.com,yuli,munoz,ar,,,,+542984779832,
yanezroci92@gmail.com,roci,yañez,ar,,,,+542945466132,
brandoncolares85@gmail.com,brandon,colares,ar,,,,+541156186166,
ferginaxel87@gmail.com,fernando,barrientos,ar,,,,+542966662029,
dalilapiris68@gmail.com,dalila,piris,ar,,,,+541155852061,
leandroconcha289@gmail.com,leandro,concha,ar,,,,+542984367930,
axel27debo@gmail.com,axel,pavon,ar,,,,+542954810571,
lucasagustinn077@gmail.com,lucas,martinez,ar,,,,+541176518885,
pedrozomario77@gmail.com,mario,pedrozo,ar,,,,+542216545062,
cristianmerlosflores7@gmail.com,cristian,merlos,ar,,,,+541162673680,
larrodeleonel92@gmail.com,leonel,larrode,ar,,,,+542324341051,
montenegromagali89@gmail.com,magali,montenegro,ar,,,,+543644161164,
joaquinsbona258@gmail.com,sbona,alejandro,ar,,,,+542302633146,
alancrespo445@gmail.com,alan,crespo,ar,,,,+542945534192,
encinadiegoleonel907@gmail.com,diego,encina,ar,,,,+543765365977,
ivoorieta01@gmail.com,ivo,orieta,ar,,,,+541168556550,
gilmiguelito86@gmail.com,miguel,miguel gil,ar,,,,+542364555856,
morenavazquez0613@gmail.com,ismael,galarza,ar,,,,+541168458785,
sotonelson996@gmail.com,nelson,soto,ar,,,,+541144186469,
agustojuangomez@gmail.com,juan,gomez,ar,,,,+542326406681,
tellodelfinaa@gmail.com,delfina,tello,ar,,,,+542346595771,
sergiogonsalez072@gmail.com,sergio,gonzalez,ar,,,,+541169769089,
nolatleonell@gmail.com,leonel wilson,gracias,ar,,,,+543704713955,
alarconrodrigo537@gmail.com,rodrigo,alarcon,ar,,,,+541130955673,
thiagoburgos599@gmail.com,thiago,burgos,ar,,,,+543834550916,
valendomingues591@imail.com,valentina,dominguez,ar,,,,+541176163662,
oscargabrielrivero99@gmail.com,oscar,rivero,ar,,,,+542281362892,
emilianojorgemolina12@gmail.com,emiliano,molina,ar,,,,+541155703416,
hectorfabiantorres047@gmail.com,héctor,fabián torres,ar,,,,+542273420470,
santinoviera00@gmail.com,santino,viera,ar,,,,+542215994994,
biancaeluneyjuarez486@gmail.com,bianca,juarez,ar,,,,+542235675224,
mariancardinali@yahoo.com.ar,maria de los angeles,cardinali,ar,,,,+543548401656,
nahiaraalvarez5702@gmail.com,nahiara,alvarez,ar,,,,+541168089594,
aliciajackon987@gmai.com,alicia,jackson,ar,,,,+542355454024,
sebastianjaviersanchez41@gmail.com,sebastián,javier,ar,,,,+543644372661,
fs8070425@gmail.com,agus,lopez,ar,,,,+541156174447,
marimeza620@gmail.com,maría laura,meza,ar,,,,+541176530703,
silvasebastiandaniel8@gmail.com,sebastián daniel,silva,ar,,,,+541162844511,
juancruzguindon01@gmail.com,juan cruz,guindón,ar,,,,+543462340820,
adahiana546@gmail.com,dahiana,alarcón,ar,,,,+541132567242,
alanponsetti16@gmail.com,alan,ponsetti,ar,,,,+541126029981,
lopezzaira460@gmail.com,zaira,lopez,ar,,,,+541176030819,
fernandezarianaangeles@gmail.com,ariana,fernandez,ar,,,,+541125886630,
joaquinubarte64@gmail.com,joaquin,ubarte,ar,,,,+543772634799,
ezejorsami2024@gmail.com,samira brest,brest,ar,,,,+543364320533,
normaanalistte@hotmail.com,norma,listte,ar,,,,+5491156195117,
ambarrosendolucero@gmail.com,ambar,lucero,ar,,,,+541123133456,
monyperez218@gmail.com,monica,perez,ar,,,,+541130200902,
danieltello877@gmail.com,aaron,silva,ar,,,,+542236005399,
rubenmorenoalexanderjusto@gmail.com,ruben,moreno,ar,,,,+542658411841,
maicolbarbero2@gmail.com,maicol,barbero,ar,,,,+543408683868,
villagranoemi213@gmail.com,noemi,villagra,ar,,,,+541125385836,
verocarpi37@gmail.com,veronica,carpineta,ar,,,,+541157649709,
magalimoyano2026@gmail.com,magali,moyano,ar,,,,+542604117792,
varelauma187@gmail.com,uma,varela,ar,,,,+542625403942,
mvparada78@gmail.com,gilbert,arreola,ar,,,,+541148442041,
diegobustos1901@gmail.com,diego,bustos,ar,,,,+543754565431,
adrianfrancorw@gmail.com,walter adrián,franco,ar,,,,+541163660505,
mtiziano687@gmail.com,tiziano,moyano,ar,,,,+542246506098,
rasjidoelias261@gmail.com,elias martin,rasjido,ar,,,,+543837523076,
yuswil14@gmail.com,yuswil,natera,ar,,,,+541123878142,
dylansuque500@gmail.com,dylan,suque,ar,,,,+541131692317,
flaviaselva52@gmail.com,carloseduardo,aguirre,ar,,,,+543434255680,
patolindo69@gmail.com,patricio,leonardo,ar,,,,+542994023327,
mariadaniela141096@gmail.com,maria daniela,carvajal,ar,,,,+541127194447,
mairabravoprof@gmail.com,mara,bravo,ar,,,,+541131512459,
javierdiaaz12345678@gmail.com,javier nicolás,díaz,ar,,,,+541136744655,
rociobelen876amilcom@gmail.com,rocio,acosta,ar,,,,+543786417469,
leticiaaguilera176@gmail.com,leticia,aguilera,ar,,,,+542216907735,
cataabal5@gmail.com,catalina,abal,ar,,,,+541131252806,
vnglnbltrn@gmail.com,evangelina,beltran,ar,,,,+542901650226,
andreadelvallebertea@gmail.com,martin,alfie,ar,,,,+541156962913,
jeshusyz@gmail.com,jesús,pérez,ar,,,,+541125866167,
leanrobledo14@gmail.com,leandro,robledo,ar,,,,+543412619106,
senaluzesmeralda4@gmail.com,sena,luz esmeralda,ar,,,,+542794296487,
gomezianmariano439@gmail.com,ian,gomez,ar,,,,+542213992182,
olivamorena922@gmail.com,morena,oliva,ar,,,,+541123449689,
icharri303@gimail.com,ian,charri,ar,,,,+542233444941,
amayerleticia@gmail.com,leticia soledad,amayer,ar,,,,+541123274852,
corteznataliaa032@gmail.com,natalia soledad,cortez,ar,,,,+542477685667,
agostinariquelme18@gmail.com,agostina jael,riquelme,ar,,,,+541158081612,
gonchimendoza10@gmail.com,martin,gomes,ar,,,,+541140474859,
rodrigorial122@gmail.com,anto,rial,ar,,,,+541136356225,
damianbustamante2222@gmail.com,damian,bustamante,ar,,,,+542284612057,
cecilia951@telecentro.com.ar,cecilia,pugliese,ar,,,,+541134441113,
riverodaniel969@gmail.com,daniel,rivero,ar,,,,+543873525894,
moiraamaestrismith@abc.gob.ar,thiago,gomez,ar,,,,+542392556325,
evelynibarra648@gmail.com,evelyn,ibarra,ar,,,,+542235112542,
iantancredi03@gmail.com,ian,tancredi,ar,,,,+541122919829,
rafacha3@yahoo.com,rafael,vetrano,ar,,,,+541156581080,
thaielbenjaminvazquezaguilarr@gmail.com,benja,vázquez,ar,,,,+542975136433,
melrociocabral@gmail.com,melany,cabral,ar,,,,+541156337318,
leonfranchesca33@gmail.com,franchesca,leon,ar,,,,+542664950636,
benjaminpalacio862@gmail.com,benjamin,palacio,ar,,,,+542634766829,
roldanyaquelin421@gmail.com,yaquelin,roldan,ar,,,,+543873715625,
vivigre1@gmail.com,viviana maria,greco,ar,,,,+542241533549,
nahuelquirmarilyn@gmail.com,jeremías,flores,ar,,,,+542945654698,
carlaesmeraldareinoso@gmail.com,carla,reinoso,ar,,,,+543876408526,
davidjuliantabares@gmail.com,juli,grosso,ar,,,,+543444516627,
cristianmartinaranda30@gmail.com,cristian,aranda,ar,,,,+541151463768,
brendaluciaacuna2013@gmail.com,brenda lucia,acuña,ar,,,,+541148894526,
diazjorgelina@live.com.ar,jorgelina,diaz,ar,,,,+542262627967,
verotrucco9@gmail.com,víctor,bozic,ar,,,,+542944641548,
isabelmasedo2232@gmail.com,miguel,lizarraga,ar,,,,+541131481713,
tiaramouls@gmail.com,tiara,mouls,ar,,,,+541173744903,
miaagustinarodriguez090@gmail.com,mateo,rodriguz,ar,,,,+541128437316,
zoebillordo04@gmail.com,zoe,billordo,ar,,,,+541160568461,
cande98robles@gmail.com,candela,robles,ar,,,,+542974387683,
ezequielgastonramos@gmail.com,gaston,ramos,ar,,,,+541164881616,
emanuelcarrizo73@gmail.com,emanuel,carrizo,ar,,,,+542975303293,
chaparroaguilerag@gmail.com,gustavo,aguilera,ar,,,,+541122864313,
eduardoraularias64@gmail.com,eduardo raul,arias,ar,,,,+541132120109,
lautarolopez@gmail.com,lautaro lopez,lopez,ar,,,,+542625468227,
rosnagordillo@gmail.com,aixa,brasseur,ar,,,,+541162625012,
guimenezalexis752@gmail.com,alexis,guimenez,ar,,,,+541138780015,
candebrest08@gmail.com,candela,brest,ar,,,,+543364028440,
danielrezendeneves@gmail.com,daniel,neves,ar,,,,+541138173903,
eduardouzin@gmail.com,eduardo,martínez calizaya,ar,,,,+541170736020,
ezequieljuan937@gmail.com,jose,meza,ar,,,,+541159885581,
alexisvergara766@gmail.com,alexis,vergara,ar,,,,+543855173946,
estefaniaespee@gmail.com,estefania,esper,ar,,,,+541150982523,
nahiraelbaluna15@gmail.com,nahi,luna,ar,,,,+542942680128,
yeleisiruiz3@gmail.com,yeleisi,ruiz,ar,,,,+541166185592,
longochavezjeremias@gmail.com,jeremias,longo chavez,ar,,,,+541156959399,
griseldadenza@gmail.com,griselda,denza,ar,,,,+541155709624,
sebozzano@gmail.com,santiago,bozzano,ar,,,,+541163741446,
josenegro1456@gmail.com,josé,dominguez,ar,,,,+541132162414,
cristhian_romano2001@yahoo.com.ar,cristhian,romano,ar,,,,+542215772331,
isaiasezequielibanez95@gmail.com,isaías nazareno,ibañez,ar,,,,+541141746447,
almadalili05@gmail.com,liliana,almada,ar,,,,+541131629806,
nicklegiovanna@gmail.com,giovanna,nickle,ar,,,,+541123538433,
pinos7934@gmail.com,sebastián,pino,ar,,,,+541130850681,
kiaraluzcarballo523@gmail.com,kiara,carballo,ar,,,,+542325545477,
estebanalexandergarcia5656@gmail.com,esteban,garcia,ar,,,,+541160991827,
cristianliendro57@gmail.com,cristián,liendro,ar,,,,+542975361883,
vanesalencina687@gmail.com,vanesa,lencina,ar,,,,+542323354696,
benjavallejos330@gmail.com,benjamín,medina,ar,,,,+541131992971,
martinazthiago8@gmail.com,thiago,martinez,ar,,,,+543434299294,
lujan33jimenez@gmail.com,lujan,jiménez,ar,,,,+543844443683,
magaarp16@gmail.com,magali,tealdi,ar,,,,+541169390294,
yaquelinatienza@gmail.com,yaque,atienza,ar,,,,+542946528892,
casstlou@gmail.com,lourdes,castellón,ar,,,,+541128683445,
tatitogarridoo@gmail.com,victor,garrido,ar,,,,+542914753163,
mariorellana714@gmail.com,mary,orellana,ar,,,,+541155047872,
thiagojonasfleitas110@gmail.com,thiago,fleitas,ar,,,,+543364387586,
miguelrojas124mc@gmail.com,miguel alejandro,rojas,ar,,,,+542975949850,
steave_a@hotmail.com,esteban,ayala,ar,,,,+541159221685,
ormenoiam@gmail.com,ian,ormeño,ar,,,,+542984287733,
robertomaidanag@gmail.com,roberto,gonzález,ar,,,,+5493454040964,
martagym2024@gmail.com,marta,acosta,ar,,,,+541154743869,
marciamiguelinabritez1@gmail.com,marcia,britez,ar,,,,+543757628004,
vanesaescuderoylisandro@gmail.com,juan carlos,lópez,ar,,,,+541127328832,
daisymbustamante24@gmail.com,daisy,bustamante,ar,,,,+543435035390,
nutalexisvelez@gmail.com,alexis,velez,ar,,,,+541178511998,
patricioamaro302@gmail.com,patricio,amaro,ar,,,,+543454744958,
vergaramaira26@gmail.com,maira,vergara,ar,,,,+541130213394,
fedegomez707@gmail.com,fede,gomes,ar,,,,+541123341215,
gsbrielfernandez8@gmail.com,gabriel,fernández,ar,,,,+543741413037,
micavballesteros@hotmail.com,micaela,ballesteros,ar,,,,+541169133129,
luluramirez19@icloud.com,ludmila,ramirez,ar,,,,+541164173551,
elnegro260729@gmail.com,aaron,walter rodriguez,ar,,,,+541150421977,
geivancord@gmail.com,jorge emilio córdoba,córdoba,ar,,,,+541165156228,
rojasduranjhonadan@gmail.com,jhon adan,rojas duran,ar,,,,+542804619788,
lizramonachavezbenitez426@gmail.com,venancio,nuñez,ar,,,,+541124947726,
karinacicerchia123@gmail.com,franco,luna,ar,,,,+543424403530,
bergarav@hotmail.com,vanesa,bergara,ar,,,,+541131069625,
yanyceccoli03@gmail.com,debora,ceccoli,ar,,,,+541132318886,
silviacoman56700@gmail.com,eduardo,perez,ar,,,,+543877432178,
macarenarealmr@gmail.com,macarena,real gatti,ar,,,,+541159672844,
rociocesar184@gmail.com,johana,cesar,ar,,,,+542396579302,
norac9427@gmail.com,nora,condori,ar,,,,+541125881579,
lic_adridecarlo@hotmail.com,adriana lorena,de carlo,ar,,,,+541163583114,
condemaicol1@gmail.com,maico,conde,ar,,,,+541132055916,
alexisbarreiro2558@gmail.com,alexis,barreiro,ar,,,,+541126186822,
estefaniabenitez719@gmail.com,estefanía,benítez,ar,,,,+543434456532,
alfredoneza9@gmail.com,alfredo,neza,ar,,,,+542615668790,
rodasmorinigobianca@gmail.com,bianca arami,rodas morinigo,ar,,,,+541169710903,
zalorobert36@gmail.com,roberto,zalocar,ar,,,,+542975141277,
dilanemmanuelrd@gmail.com,dilan emmanuel,ruiz delgado,ar,,,,+541164797535,
lautitoromero12@gmail.com,lautaro,romero,ar,,,,+541122382151,
lucianogutierrez34@gmail.com,facu,santiago facundo,ar,,,,+541126240359,
nahuelpiccini@gmail.com,lucas,piccini,ar,,,,+541135630943,
fernandezvaletina146@gmail.com,valentina,fernandez,ar,,,,+543456442581,
tejedacamila06@gmail.com,mia,tejeda,ar,,,,+543804875047,
bjonatan799@gmail.com,jonatan,barrios,ar,,,,+541130157557,
caroybry2794@gmail.com,carolina,martinez,ar,,,,+541173695334,
luisanaguggiari303@gmail.com,luisana,guggiari,ar,,,,+543873355618,
nairalfaro2222@gmail.com,valentina,alfaro,ar,,,,+542914228181,
raulescalada222@gmail.com,raúl,escalada,ar,,,,+543705158394,
luquenaiara56@gmail.com,naiara,luque,ar,,,,+541122561767,
verrito030275@gmail.com,franco,galvan,ar,,,,+541160161752,
maximoyoelzamorano@gmail.com,maximo,zamorano,ar,,,,+543834229760,
carmonabenjamin412@gmail.com,benja,carmona,ar,,,,+542235946093,
suarezmilenaaylen3@gmail.com,milena,suarez,ar,,,,+541172451074,
namaste.claudia@hotmail.com,claudia,gutiérrez,ar,,,,+541161747879,
nadiabelenlezcano@gmail.com,nadia,lezcano,ar,,,,+541158437026,
alejoyzulmaylautaro@gmail.com,alejo,leiva,ar,,,,+541159796659,
damiancaballero933@gmail.com,santy,caballero,ar,,,,+543704998109,
gabrielacantero898@gmail.com,gabriela,cantero,ar,,,,+541176111627,
gonzaloyo86@gmail.com,gonzalo,loyola,ar,,,,+542604533213,
griseldafuentealba959@gmail.com,griselda,fuentealba,ar,,,,+542915024721,
71sixtoreyes@gmail.com,sixto,reyes,ar,,,,+541141402364,
anadeno916@gmail.com,isael,silva,ar,,,,+541164662698,
tizianomiaortiz28@gmail.com,sergio,figeroa,ar,,,,+541139369692,
liliortegas113@gmail.com,daisy,varela,ar,,,,+542213104095,
paulobolivar06@gmail.com,paulo,bolivar,ar,,,,+543878345234,
carloscoitino03@gmail.com,carlos gabriel,coitiño,ar,,,,+541131219245,
rominagaleano3espa2011@gmail.com,romina,galeano,ar,,,,+542213078886,
soledadguada864@gmail.com,carla,gomez,ar,,,,+543815558417,
sofiiamonterorios@gmail.com,facundo,montero,ar,,,,+542236197335,
martinabambill@gmail.com,martina,bambill,ar,,,,+541131871713,
tolosamarialuz03@gmail.com,maria luz,tolosa,ar,,,,+542233395237,
arandagriselda76@gmail.com,griselda,aranda,ar,,,,+543704776706,
fernandezznahuel7@gmail.com,jonathan nahuel,franco fernandez,ar,,,,+541135854129,
diegoelopez7@hotmail.com,diego,lópez,ar,,,,+541158572191,
lucianocano991@gmail.com,luciano juan,cano,ar,,,,+541176028472,
arianagalindez128@gmail.com,milena,galíndez,ar,,,,+543834318298,
gabrielaabrilaraujo01@gmail.com,gabriela,araujo,ar,,,,+541149891524,
camilaujados@gmail.com,camila,ujados,ar,,,,+541127886812,
arielavello7@gmail.com,ariel,avello,ar,,,,+541165663832,
sarlengogus@gmail.com,gustavo,sarlengo,ar,,,,+542216038590,
tamiabigailcardozo@gmail.com,tamara abigail,cardozo,ar,,,,+541124601924,
brisavargas682@gmail.com,brisa,del mar vargas rosales,ar,,,,+541123388945,
reynosogisela2012@gmail.com,gisela,reynoso,ar,,,,+543827434972,
emanuelmiqueas8@gmail.com,emanuel,castiglione,ar,,,,+541125573531,
valemaciel12345@gmail.com,valentina,maciel,ar,,,,+542244470886,
florenciacast58@gmail.com,florencia,castillo,ar,,,,+542932515107,
gonzaeve7@gmail.com,gonzalo,quiroga,ar,,,,+541164332016,
patryfff@hotmail.com.ar,patricia,gutierrez,ar,,,,+541159462583,
yeisondiazplk@gmail.com,yeison,diaz,ar,,,,+541156893254,
mercausantiago091@gmail.com,santiago,mercau,ar,,,,+542974780828,
ezequielacaya9@gmail.com,ezequiel,acaya,ar,,,,+542604812014,
escobarfederico97@gmail.com,federico,escobar,ar,,,,+541123899417,
vilmaquispe93@hotmail.com,vilma,quispe,ar,,,,+541138919703,
roxananoemibordon314@gmail.com,roxana noemi,bordon,ar,,,,+542323212305,
belenfigliomeni53@gmail.com,maría belen,figliomeni,ar,,,,+541151409077,
taniayamilaromero2004@gmail.com,tania,romero,ar,,,,+543873648936,
lucialeonardo230@gmail.com,lucia,leonardo,ar,,,,+542284720796,
astridvr4@icloud.com,astrid,von rusz,ar,,,,+5493855265857,
nina_1122@live.com,cyn,saavedra,ar,,,,+541131184585,
nicolasguinazu555@gmail.com,nicolas,guiñazu,ar,,,,+542634571586,
erciliavatimo@gmail.com,ercilia,váttimo,ar,,,,+5493435075916,
matiasrisep@gmail.com,matias,rise,ar,,,,+541141854318,
tabordaestrella57@gmail.com,junior,maleika,ar,,,,+543435305603,
espidolaalejandra@gmail.com,karina,espindola,ar,,,,+541176383407,
gomezbrendaceleste04@gmail.com,brenda celeste,gomez,ar,,,,+543786464990,
thiagoagustin651@gmail.com,thiago,rivera,ar,,,,+5492942549246,
agustinericgonzalez@gmail.com,carlos eric agustín,gonzález,ar,,,,+543794057433,
hijoslosamo073128@gmail.com,ariel,posadas,ar,,,,+543886697008,
gomezbraian28@gmail.com,braian,gomez,ar,,,,+543489567610,
lau399290@gmail.com,lautaro,salto,ar,,,,+541135650354,
lasalsera55@hotmail.com,ignacio,somoza,ar,,,,+542915773372,
moreiraaquino22@gmail.com,tiago,de aquino moreira,ar,,,,+541171867900,
lourdesmansillakillian@gmail.com,lourdes,mansilla killian,ar,,,,+542478521470,
mariaramosisabel1969@gmail.com,maria isabel,ramos,ar,,,,+541139127555,
vf2721999@gmail.com,verónica noemi,fernandez,ar,,,,+541126041308,
eve.dietrich@hotmail.com,evelyn,dietrich,ar,,,,+541165777444,
alejandradelhonte@gmail.com,marcela,delhonte,ar,,,,+5491121849067,
lopezclaudia1979@gmail.com,claudia,lopez,ar,,,,+541131663304,
carlotavermal@gmail.com,otto,manusovich,ar,,,,+541151744993,
sandrablanco774@hotmail.com,enilia,larrocca,ar,,,,+5493484687658,
debo.baez@hotmail.com,debora lucia,baez,ar,,,,+541132902743,
melodygrigolio@gmail.com,melody,grioglio,ar,,,,+543492583617,
costasnarelabelen@gmail.com,narela,costas,ar,,,,+543855876160,
agostinamonje@gmail.com,agostina,monje,ar,,,,+541127481972,
maximilianosonda5@gmail.com,sofia soledad,sonda,ar,,,,+542358412891,
revestaroficial@hotmail.com,jesica,zarza,ar,,,,+541130764535,
gastonsoage@gmail.com,gaston,soage,ar,,,,+543454322669,
alanizmarlen9@gmail.com,ayelen,alaniz,ar,,,,+541131405609,
emm@nuelgustabolopezgmail.com,emmanuel,lopez,ar,,,,+543886589451,
danamikeylanaomilazaneo@gmail.com,dana,lazaneo,ar,,,,+543434465988,
caballeroeliseomaximiliano@gmail.com,maximiliano eliseo,caballero,ar,,,,+543725449917,
danielasilveyra29@gmail.com,daniela,silveyra,ar,,,,+541132910771,
naiuu26gmailcom@gmail.com,naiara,perez,ar,,,,+543329540918,
abrahamsol0805@gmail.com,sol,abraham,ar,,,,+542226509710,
pauliibritez13@gmail.com,paula,cabaña britez,ar,,,,+541135659911,
fanny.gonzalez18@hotmail.com,fanny,gonzalez,ar,,,,+541162484496,
diegosoria2017@hotmail.com,diego,soria,ar,,,,+541128456944,
leoneladaianasimoes@gmail.com,leonela,simoes,ar,,,,+543741456774,
romerotatiana809@gmail.com,tatiana nair,romero,ar,,,,+541125235308,
elias46045@gmail.com,elias,morales,ar,,,,+543055025692,
nicolasmamani1500@gmail.com,nicolas,mamani,ar,,,,+541164001039,
valeria08fendernandez08@gmail.com,valeriadaiana,fernández,ar,,,,+541132657520,
fernandodelpinto03@gmail.com,brahian,fernando cruz,ar,,,,+541150285681,
alejandrodiab@live.com,claudio,musa,ar,,,,+541121731827,
nataliamarisolramostriguero@gmail.com,natalia,ramos,ar,,,,+541137700186,
xiomaralizondo0@gmail.com,xiomara,lizondo,ar,,,,+543873048892,
taliavelasquez97@gmail.com,beatriz talia,velasquez paco,ar,,,,+541137670902,
stelitamaudani@gmail.com,stella,chevillet,ar,,,,+543447592284,
cabraltiziano715@gmail.com,tiziano,cabral,ar,,,,+5491128365219,
paolacarrizo654@gmail.com,paola,carrizo,ar,,,,+541123128924,
ayelenalanis993@gmail.com,ayelen,alanis,ar,,,,+541171075780,
aracelijenifercorzo@gmail.com,araceli,corzo,ar,,,,+543804534632,
yanetmora012@gmail.com,yanet,mora,ar,,,,+541131411081,
cusabiasamira@gmail.com,samira,cusabia,ar,,,,+543888407863,
morenaaxel16@gmail.com,axel,acosta,ar,,,,+541158499600,
pf8135988@gmail.com,pablo,fernandez,ar,,,,+543773501978,
cpaolaacosta2@gmail.com,paola,acosta,ar,,,,+541134852529,
jesicafontana89@gmail.com,jesica,fontana,ar,,,,+541164349806,
diegoemanuelsilva237@gmail.com,diego,silva,ar,,,,+543772583134,
anahicalliguari4@gmail.com,anahi,calliguari,ar,,,,+543884603453,
dulgutiz14@gmail.com,flavia florencia,alcoba,ar,,,,+543888309603,
marianojalvarez@hotmail.com,mariano,alvarez,ar,,,,+541162461894,
kevinbhnn@gmail.com,kevin,rodriguez,ar,,,,+541125169347,
camilamaglio0@gmail.com,camila,maglio,ar,,,,+5491121835179,
sfmrmaster@gmail.com,fredi martin,rubilar,ar,,,,+542804821824,
juanmag331@gmail.com,juan,garcia,ar,,,,+541165547421,
cathemktg@gmail.com,catherina,de león,ar,,,,+541164083491,
micaelalacroze@gmail.con,beltran,lacroze,ar,,,,+541168627966,
avoliofede11@gmail.com,federico,avolio,ar,,,,+541151223204,
lucasagustincampos1@gmail.com,lucas,campo,ar,,,,+541132355627,
tizigarok@gmail.com,tiziano,garcia,ar,,,,+542995106078,
elalmacen1123@gmail.com,natalia,natalia,ar,,,,+541169624627,
javierrollano@gmail.com,carlos javier,rollano,ar,,,,+541138152908,
carlasofiabarraza@gmail.com,carla sofia,barraza,ar,,,,+541122753273,
sebibusca@gmail.com,sebastian,buscarini,ar,,,,+5491164216766,
celeste_alo@hotmail.com,celeste,alo,ar,,,,+541159516440,
zoemalenaescobar@gmail.com,zoe,escobar,ar,,,,+541140245191,
gutierrezmc4@gmail.com,maria del carmen,gutierrez,ar,,,,+541123951393,
lulecaplatz@gmail.com,daniela,gonzalez,ar,,,,+542923469856,
nahirmilagros14@gmail.com,nahir,hainitz,ar,,,,+541166592429,
terrizzanosofia@gmail.com,sofia,terrizzano,ar,,,,+541132307106,
amarantemarisa@yahoo.com.ar,marisa claudia,amarante,ar,,,,+541134512666,
monicalora128@gmail.com,miguel,ferratto,ar,,,,+542396416658,
enzo123salguero@gmail.com,enzo,salguero,ar,,,,+541161822977,
ruizdiazjorgeisrrael@gmail.com,walter,alegre,ar,,,,+541141874978,
m.recalde@bue.edu.ar,maría agustina,recalde,ar,,,,+541168724030,
polleroenzo@gmail.com,enzo,pollero,ar,,,,+542324530801,
naylalezme04@gmail.com,nayla,lezme,ar,,,,+5493718410959,
nandrada051@gmail.com,tiziano,andrada,ar,,,,+541166041912,
milena.alcaraz@icloud.com,milena,alcaraz,ar,,,,+543484520095,
studlamateada@gmail.com,matias,gallay,ar,,,,+541123997800,
claudiaalyce@gmail.com,claudia alice,garcia,ar,,,,+542262669640,
soledadnedina@gmail.com,nelida,medina,ar,,,,+541130851356,
alexiscarrizo903@gmail.com,alexis,carrizo,ar,,,,+542227629617,
mpena01@gmail.com,maria de los angeles,rodriguez,ar,,,,+541160562080,
tatianaalegre835@gmail.com,tatiana,alegre,ar,,,,+543537311327,
asoagustina@gmail.com,agustina,aso,ar,,,,+541135839191,
corzouriel818@gmail.com,uriel,delgado,ar,,,,+543804215066,
bretamar187@gmail.com,eliana beatriz,retamar,ar,,,,+541162027465,
viikiita905@gmail.com,zahira,melo,ar,,,,+541171426326,
caroofriasthianvasquez1234@gmail.com,carolina,frias,ar,,,,+542281386590,
camporoberto167@gmail.com,roberto,camp,ar,,,,+541170739830,
camifos@gmail.com,camila,fos,ar,,,,+5491138010548,
arijazgarcia@gmail.com,martin omar,garcia,ar,,,,+541130347361,
cielogodoy235@gmail.com,cielo angelina,godoy,ar,,,,+541170832982,
misael2026diaz@gmail.com,misael,díaz,ar,,,,+542804852574,
agostinaabeijon2@gmail.com,priscila,abeijon,ar,,,,+541150388832,
facundoleonelvera549@gmail.com,facundo,vera,ar,,,,+542975291566,
valenschechtel@gmail.com,valentina,schechtel,ar,,,,+5491134642249,
leguizamonni@gmail.com,nicolas matias,leguizamons,ar,,,,+541167952663,
priscilaymateo0301@gmail.com,camila,franchini,ar,,,,+541131258396,
nahiararojas157@gmail.com,nahyara,rojas,ar,,,,+543756611540,
santisanudo049@gmail.com,santino,sañudo,ar,,,,+542477506714,
helenahellers@hotmail.com,alicia helena,hellers,ar,,,,+5491121556059,
juanmaurino4@gmail.com,juan,maurino,ar,,,,+542634302387,
macelo14r@gmail.com,marcelo,figeroa,ar,,,,+542932573244,
julianasayago36@gmail.com,rosaura juliana,sayago,ar,,,,+542954323493,
gonrojo22@hotmail.com,jose,gonzalo,ar,,,,+541136262211,
martin_alliot@hotmail.com,martin,alliot,ar,,,,+541150411212,
carrillomarisel984@gmail.com,marisel,condori carrillo,ar,,,,+541135002717,
martinaminutillo96@gmail.com,martina,minutillo,ar,,,,+541130232076,
tluzmi2021@gmail.com,luzmila,tlrres,ar,,,,+542944791478,
arandabrisa379@gmail.com,brisa,aranda,ar,,,,+543857449729,
yva1786@hotmail.com,yamila vanesa,alvarez,ar,,,,+541154092572,
vonwernichtomas@gmail.com,tomas,von wernich,ar,,,,+543454969324,
vetestani@hotmail.com,maria veronica,testani,ar,,,,+541152294089,
umacandela42@gmail.com,uma,arroyo,ar,,,,+541122840408,
cisnerosdamian51@gmail.com,damian,cisneros,ar,,,,+543834959263,
agabycb@gmail.com,francisco,guast,ar,,,,+541159915152,
mauromaisano2001@hotmail.con,agustina,rielo,ar,,,,+541136197505,
facuylautym@gmail.com,cintia gisele,gonzález,ar,,,,+541133008209,
lauben25@hotmail.com,romina ester,martinez,ar,,,,+543487558247,
diegofcascardo@gmail.com,diego,cascardo,ar,,,,+541156171313,
juanolivera4834876@gmail.com,juan,olivera,ar,,,,+542255423982,
silvaanalianoemi@gmail.com,analia,silva,ar,,,,+543329552710,
canupanmaia777@gmail.com,maia,cañupan,ar,,,,+542975348369,
lamasjorge218@gmail.com,jorge carlos,lamas,ar,,,,+543886149328,
mcarabetta1@gmail.com,monica,carabetta,ar,,,,+541126021381,
trigogilda620@gmail.com,gilda,trigo,ar,,,,+542617718243,
hannamayra36@gmail.com,mayra,martinez,ar,,,,+542364368972,
marcelabfrare@gmail.com,marcela,frare,ar,,,,+541139310395,
bustoalma074@gmail.com,alma,busto,ar,,,,+543435344012,
lailanicolef@gmail.com,laila,fretes,ar,,,,+541160524625,
sebastianmoyano5@gmail.com,jesus,moyano,ar,,,,+5492622552189,
maximilianoreynoso931@gmail.com,maximiliano,reynoso,ar,,,,+543837439845,
torrestanya837@gmail.com,tanya,torres,ar,,,,+542302201994,
humbertodanielf45@gmail.com,humberto,daniel fernandez,ar,,,,+541155067861,
chauquigerardo0@gmail.com,gerardo,chauqui,ar,,,,+541144791968,
danielarociooliva@gmail.com,rocio,oliva,ar,,,,+543742563210,
limanorma367@gmail.com,norma,loma,ar,,,,+541125697903,
riosarmindo77@gmail.com,armindo,rios,ar,,,,+541126015801,
zalazarjorgelina050@gmail.com,jorgelina beatriz,zalazar,ar,,,,+541168838254,
tvalentina660@gmail.com,valentina,torres,ar,,,,+5491135629940,
larakevin029@gmail.com,kevin,lara,ar,,,,+542625638101,
lore_cpl@hotmail.com,abril camila,lavalle pacino,ar,,,,+541165254224,
selejaime2007@gmail.com,selena,jaime,ar,,,,+5491163736356,
lezcanomia242@gmail.com,mia,lezcano,ar,,,,+541138853657,
rubencampo2487@gmail.com,ruben,campo,ar,,,,+542914486810,
frutosyonatan727@gmail.com,jonatan,frutos,ar,,,,+541122737673,
saidamuruchi8@gmail.com,saida,muruchi,ar,,,,+542622243197,
ottavianozoe@gmail.com,zoe,ottaviano,ar,,,,+542346553599,
josepadi12pa@gmail.com,jose,padilla,ar,,,,+543487215143,
linditadayan@hotmail.com,linda,dayan,ar,,,,+541154775314,
julietagodoy38@gmail.com,julieta,godoy,ar,,,,+541141766208,
mariaguarino368@gmail.com,maria de los angeles,guarino,ar,,,,+542268404247,
nora.l.gonzalez@hotmail.com,malena laura,ostengo,ar,,,,+541132090150,
maxi1991adri@gmail.com,adrian,carbajal,ar,,,,+541127207253,
facundtorres8@gmail.com,facundo gustavo,torres rojas,ar,,,,+541131705183,
rsol96523@gmail.com,sol,rodriguez,ar,,,,+542364700115,
braianortellado542@gmail.com,braian,ortellado,ar,,,,+542281371236,
guadaabarreira@gmail.com,guadalupe,barreira,ar,,,,+541130557607,
gabrielaaa1300@gmail.com,gabriela,ardila,ar,,,,+542216915282,
juanroja_02_06@hotmail.com,juan josé,roja,ar,,,,+541136371613,
nadiacastelli87@gmail.com,jonathan,bakker,ar,,,,+541158845811,
nicolasdiazpuig@gmail.com,mariano nicolas,díaz puig,ar,,,,+541162952005,
lucasmeza1234pro@gmail.com,lucas,meza,ar,,,,+541134571558,
angelventollieri@gmail.com,miguel angel,allende,ar,,,,+541131261807,
florenciarotili97@gmail.com,florencia,rotili,ar,,,,+541150350157,
davidgonezdylan@gmail.com,david,gomez,ar,,,,+541125016480,
catalinafister2345@gmail.com,evelyn,viña,ar,,,,+543442663705,
juniormiguelitororo@gmail.com,rocio,medina,ar,,,,+541169641126,
testfr@gmail.com,testfr,frtest,ar,,,,+541139786589,
nahuel.fz@hotmail.com,nahuel,fernandez,ar,,,,+541124028586,
lionelleguizamon416@gmail.com,mario,ramirez,ar,,,,+543425207899,
aquinodiegom@gmail.com,diego,aquino,ar,,,,+541523906034,
belen.davalos@hotmail.com.ar,belen,davalos,ar,,,,+541134554422,
cadenevanesa32@gmail.com,vanesa,cadene,ar,,,,+541132968002,
matigomezz1999@gmail.com,matias,gomez,ar,,,,+541176447880,
beron7700@gmail.com,nicolas,berón,ar,,,,+543444467822,
melanielemos00@gmail.com,melanie,lemos,ar,,,,+541160598978,
cienfuegosrocioaylen2@gmail.com,rocio,cienfuegos,ar,,,,+542224538396,
pereyramateo825@gmail.com,mateo,pereyra,ar,,,,+541151028821,
camimontiel826@gmail.com,cami,montiel,ar,,,,+543447565179,
nabilamonserrat4@gmail.com,erika,monserrat,ar,,,,+541164508284,
rojasmartinrojas52@gmail.com,martin,rojas,ar,,,,+543855762822,
gonzaloferrugiari421@gmail.com,gonzalo,ferrugiari,ar,,,,+541176689720,
beatrizliliana0801@gmail.com,liliana beatriz,torres,ar,,,,+542634728159,
brisaelisabetb@gmail.com,brisa,benítez,ar,,,,+541136047851,
nicolanahibrito@gmail.com,nicol,becerra,ar,,,,+543583412434,
carolinasosa672@gmail.com,carolina,sosa,ar,,,,+542615450146,
viegasraul198@gmail.com,raúl roberto,viegas,ar,,,,+543518527571,
tomasvillafane149@gmail.com,tomas,villafañe,ar,,,,+541123826430,
diegons84@hotmail.com,diego,serrano,ar,,,,+541158689415,
veronjuanmarcelo037@gailm.com,juan,veron,ar,,,,+541140465894,
nikopittala@gmail.com,nicolás,pittala,ar,,,,+541161237425,
iaralanza12@gmail.com,iara yanella,lanza,ar,,,,+543487361260,
2000oscarquiroz2025@gmail.com,oscar,david,ar,,,,+541122970815,
pilarjosefina304@gmail.com,lucia,miño,ar,,,,+543434602612,
cintiarominarredes@gmail.com,cintia,arredes,ar,,,,+541168492946,
germannico2027@gmail.com,maria,maidana,ar,,,,+543795030583,
marianovarela0112@gmail.com,mariano,varela,ar,,,,+541160570879,
alanagustinbillordo24@gmail.com,agustin,billordo,ar,,,,+541125869065,
tomasdelgado3232@gmail.com,tomas,delgado,ar,,,,+541165523969,
aidanyoselinbenitez@gmail.com,maría rosa,benítez,ar,,,,+543454130034,
perieguillermo871@gmail.com,guillermo,perie,ar,,,,+543751393761,
alfonsocapisciolto@gmail.com,alfonso,capisciolto,ar,,,,+541159333162,
enzitogonzalez@gmail.com,enzo,gonzález,ar,,,,+543489636591,
anaballe78@gmail.com,analia,veronica,ar,,,,+541171559716,
davidheredia0578@gmail.com,david,heredia,ar,,,,+541138792958,
insaurraldeariel355@gmail.com,ariel,insaurralde,ar,,,,+543364574921,
humacatawalter91@gmail.com,walter,humacata,ar,,,,+543884657961,
oliveraangel2026@gmail.com,víctor,olivera,ar,,,,+543454187591,
brianmeaurio27@gmail.com,brian,meaurio,ar,,,,+541134316183,
yaninarey9@gmail.com,yanina,tuñinali,ar,,,,+541165534474,
maraciniagostina8@gmail.com,agostina,maracini,ar,,,,+542323540047,
fernandezmarianomartin58@gmail.com,mariano,fernandez,ar,,,,+541126980045,
almeiralorena94@gmail.com,lorena,almeira,ar,,,,+541157742550,
ulibri265@gmail.com,brian,uliambre,ar,,,,+543704574688,
marisolcabrora@gmail.com,marisol,cabrora,ar,,,,+541161204687,
nataliajanicezurita@gmail.com,natalia,zurita,ar,,,,+541165900585,
marianaromero3412@gmail.com,jaquelina,romero,ar,,,,+543437478966,
jmstatti@gmail.com,juan mariano,statti,ar,,,,+541167062695,
new_osvaldo@hotmail.com,germán osvaldo,suarez,ar,,,,+541134972900,
marpaupez@gmail.com,maría paula,lópez,ar,,,,+541154278280,
diegosebastianbevilacqua@gmail.com,diego,bevilacqua,ar,,,,+541134101815,
estrellamamani584@gmail.com,estrella,mamani,ar,,,,+543884849188,
yiselm576@gmail.com,yisel,martinez,ar,,,,+542804830626,
ballesterosmaylen33@gmail.com,maylen,ballesteros,ar,,,,+542262612407,
milagroscandelapalacios@gmail.com,milagros candela,palacios,ar,,,,+542474671234,
milagros48074459@gmail.com,milagros,castillo,ar,,,,+5492634868436,
macho7523@gmail.com,heriberto,olivera,ar,,,,+542984279211,
tiridiaz09@gmail.com,daniel,diaz,ar,,,,+542984585570,
efrentabarcache@gmail.com,efren,tabarcache,ar,,,,+543883451455,
malaucas2009@hotmail.com,maria laura,castro,ar,,,,+541136163973,
stroppolopaola@gmail.com,valentina,olguin rodriguez,ar,,,,+542901524756,
yamilaarrieta8@gmail.com,yamila,arrieta,ar,,,,+541151356929,
antonelaluque576@gmail.com,antonela,luque,ar,,,,+542474473498,
jalinicole45@gmail.com,nicole,jali,ar,,,,+541163089795,
rabarluisiana@gmail.com,luisiana,rabar,ar,,,,+542804268066,
pichimolina165@gmail.com,marcelo,marcelo molina,ar,,,,+541158871201,
antfig1@gmail.com,segundo,figuera,ar,,,,+541127363396,
tizianomamani11@gmail.com,tiziano,yael,ar,,,,+5491128567017,
09v05a13d@gmail.com,soledad,maria,ar,,,,+541160566820,
berchu003@gmail.com,bernarda,rodriguez viegas,ar,,,,+541158038218,
marcosadrianmuro@gmail.com,adrian,muro,ar,,,,+541122805738,
xiomaragamarra003@gmail.com,ailén,rojo,ar,,,,+543774504417,
ruiz45151@gmail.com,lorena,ruiz,ar,,,,+542477349657,
eugeniaaguero48@gmail.com,maria eugenia,aguero,ar,,,,+543388501787,
cruzagostina31@gmail.com,agostina,cruz,ar,,,,+543883440789,
maxinunez067@gmail.com,alejandro,nuñez,ar,,,,+541150280338,
mariaovando@gmail.com,maria antonia,ovando,ar,,,,+541123225940,
betianamorales@hotmail.com,betiana,morales,ar,,,,+541158164665,
leandrogroves70@gmail.com,leandro ezequiel,groves,ar,,,,+5491176026197,
adri_nieva12@hotmail.com,adriana,nieva,ar,,,,+5491151237647,
avilaluz2407@gmail.com,oriana,avila,ar,,,,+541124763855,
davidjovet81@gmail.com,david,jovet,ar,,,,+541123555104,
alangabrielea@gmail.com,educado,andreu,ar,,,,+541134366723,
faustinarocca3@gmail.com,faustina,rocca,ar,,,,+5492983655397,
jschenhaister@gmail.com,juliana,schenhaister,ar,,,,+541133947726,
jaqui2885@gmail.com,milagros,robles,ar,,,,+542216804023,
itatiluz12@gmail.com,rosario,ojeda,ar,,,,+542664348447,
lg586214@gmail.com,jose,guzman,ar,,,,+543883123299,
rivellisergio083@gmail.com,sergio,rivelli,ar,,,,+541157561756,
rafilangeri@gmail.com,rocio,filangeri,ar,,,,+541136875701,
gladyslobo74@gmail.com,gladys,lobo,ar,,,,+541130026911,
cabrerasestefania@gmail.com,estefania,cabrera,ar,,,,+541132801052,
pollogaray14@gmail.com,yonatan garay,garay,ar,,,,+543832503549,
nadiacastillo7709@gmail.com,nadia,gonzalez,ar,,,,+541136628958,
claudioboquita34@gmail.com,claudio,maidana,ar,,,,+541122753145,
emanuelalcaman3@gmail.com,emanuel,alcaman,ar,,,,+542213619484,
veronicacardenascc@gmail.com,veronica,cardenas,ar,,,,+541162704615,
francocofre86@gmail.com,diego,grosso,ar,,,,+541161198080,
solange33@gmail.com,solange,sergian,ar,,,,+541144556688,
ivonnemujicaa@outlook.com,ivonne,mujica,ar,,,,+541132855848,
trovadormarcelo@gmail.com,marcelo omar,garcia,ar,,,,+541130442407,
sergiogabrielcasco109@gmail.com,sergio,casco,ar,,,,+542364454332,
hhvhhvuvuvbuungtfymmvuguf@gmail.com,danilo,mendozas,ar,,,,+541172058690,
matiiigodoy1234@gmail.com,matias,godoy,ar,,,,+543413739223,
enriquezalan2020@gmail.com,alan,enriquez,ar,,,,+541169189387,
marianopaiz661@gmail.com,mariano,paiz,ar,,,,+543458405406,
daianacondori@gmail.com,daiana,condori,ar,,,,+542617060853,
morenaescobar1000@gmail.com,morena,escobar,ar,,,,+541138751129,
beimar33mendoza@gmail.com,beimar,mendoza,ar,,,,+541132039623,
vivianaandreabordon796@gmail.com,viviana,bordon,ar,,,,+542974194680,
chelo931002@gmail.com,marcelo alfredo,galarza,ar,,,,+541130692160,
milagrosailen1202@gmail.com,mili,avila,ar,,,,+541153375376,
alvaresjulieta91@gmail.com,julieta,alvares,ar,,,,+541153412788,
lulumoreyra1211@gmail.com,ludmila,moreyra,ar,,,,+541128468774,
silvialauraa8@gmail.com,silvia,aguilera,ar,,,,+541132623684,
meliankevin12@gmail.com,nacho,melian,ar,,,,+541162664312,
matias.seib05@gmqil.com,matias,seib,ar,,,,+541132438875,
lourdeslucianarodriguez3@gmail.com,lourdes,rodríguez,ar,,,,+541156460911,
perezivanrodrigo16@gmail.com,iván rodrigo,pérez,ar,,,,+541131923375,
barrosbrandon79@gmail.com,brandon,barros,ar,,,,+541156346173,
maribeljohahernandez@gmail.com,johanna maribel,hernández,ar,,,,+541160998223,
karinabentancor864@gmail.com,karina,bentancor,ar,,,,+541128870436,
patriciogabrielpintos@gmail.com,patricio,pintos,ar,,,,+541155837886,
liliuzi1515@gmail.com,angel,duarte,ar,,,,+543547314523,
nicolasrosati9@gmail.com,nicolás,rosati,ar,,,,+542215058951,
valee247gutierre@gmail.com,omar ezequiel,piccolini,ar,,,,+542216743840,
castillocarinag@gmail.com,carina,castillo,ar,,,,+543434617278,
ysalloechebarria@gmail.com,yamile,salloechebarria,ar,,,,+542314615103,
corzoariana813@gmail.com,tatiana,sarapura,ar,,,,+542634896903,
mateorod097@gmail.com,mateo,rodriguez,ar,,,,+541172136596,
zoe68994@gmail.com,zoe,gonzales,ar,,,,+541140295712,
luiscsrrera15@gmail.com,fernando,cabrera,ar,,,,+543454104450,
larisaleguiza@gmail.com,tiziano,navalon,ar,,,,+541154643099,
pauladulcelimaymanta@gmail.com,paula dulce,limaymanta rojas,ar,,,,+541162967128,
axelmercado2006@gmail.com,axel,mercado,ar,,,,+542617139908,
lautarogimenez3101@gmail.com,lautaro,gimenez,ar,,,,+541130435787,
maduweinem@gmail.com,maria eduarda,rodrigues weinem,ar,,,,+5491178944158,
guadazabala2232@gmail.com,guada,zabala,ar,,,,+543447647484,
rominadjuarez@gmail.com,romina,juarez,ar,,,,+542235862579,
whykoliver@gmail.com,gabriel,oliva,ar,,,,+543863578657,
larganaraz792@gmail.com,lautaro,argeñaraz,ar,,,,+543854871073,
keylaargentieri334@gmail.com,keila,argentieri,ar,,,,+541176172026,
sofiromero8@gmail.com,sofia,romero,ar,,,,+541165321314,
bautistatizirosana123@gmail.com,rosana,sosa,ar,,,,+542494219785,
lucianaximenadios@gmail.com,luciana,diosquez,ar,,,,+541138415190,
fredesmaia6@gmail.com,maia,fredes,ar,,,,+542216170790,
maurogimnasia2222@gmail.com,brisa ayelen,sosa,ar,,,,+542215594522,
rodzam92@gmail.com,rodrigo,zamora,ar,,,,+542265440064,
mariaabregu10@gmail.com,yael,franco,ar,,,,+541139095374,
sandrainca1973@gmail.com,sandra imarcela,inca,ar,,,,+543886046284,
palizawalter14@gmail.com,walter,paliza,ar,,,,+543873587583,
ccamisantillan1@gmail.com,camila,santillan,ar,,,,+5491122687111,
emilianojuangabriel90@gmail.com,valentina,méndez,ar,,,,+543888308928,
hernandesbastiann@gmail.com,bastian,bastian hernández,ar,,,,+541125545521,
zamiranavarro61@gmail.com,zamira,torres navarro,ar,,,,+543735575378,
jonatanklusener@gmail.com,yonatan,klusener,ar,,,,+541133018498,
encuestaslesya@gmail.com,olesya,chernyavskaya,ar,,,,+541140893428,
tomasg1995@gmail.com,tomas,gtomas,ar,,,,+541168651433,
claudiarysz@gmail.com,claudia,rysznivkier,ar,,,,+541168799993,
gonzalezsolnoelia@gmail.com,sol,gonzalez,ar,,,,+541167144486,
smayor1293@gmail.com,sofia,mayor,ar,,,,+541159510845,
correathiago2124@icloud.com,thiago,correa,ar,,,,+541132308305,
leitola79@gmail.com,evelin cintia,pere,ar,,,,+541126217685,
pardoalejandra472@gmail.com,alejandra,pardo,ar,,,,+542622362941,
montenegroelian90@gmail.com,joel,martín scheffer,ar,,,,+543487228734,
sofiaaguero042008@gmail.com,sofia,aguero,ar,,,,+543484227307,
brisacarrizo017@gmail.com,emiliano,quiroga,ar,,,,+541132819760,
lopez97sool@gmail.com,maria sol,lopez,ar,,,,+542494244782,
lunacarnet0@gmail.com,luna lihuén,carnet juárez,ar,,,,+541122721731,
marisaortiz973@gmail.com,marisa,ortiz,ar,,,,+541134371188,
sebastiannitsche99@gmail.com,sebastian,nitsche,ar,,,,+541164770947,
bertethiago3@gmail.com,thiago,berte,ar,,,,+541133167501,
tizianocoria124@gmail.com,tiziano,coria,ar,,,,+543813486963,
ec2713428@gmail.com,tobías ezequiel,córdoba,ar,,,,+541133308447,
rg1367358@gmail.com,ramona rosaura,gomez,ar,,,,+543644566218,
reynaibarra465@gmail.com,reyna,inga ibarra,ar,,,,+541132992845,
leo@gmail.com,leo,apellido,ar,,,,+5493492306033,
vbfp76@yahoo.com.ar,vanesa,portillo,ar,,,,+541137560562,
fariassheisel7@gmail.com,karem,farias galaz,ar,,,,+542665009234,
luis2377563@gmail.com,marianela,orellano,ar,,,,+541157303516,
ludmilasuarez455@gmail.com,ludmila,suarez,ar,,,,+541133062040,
veronicaeccarius1989@gmail.com,veronica,eccarius,ar,,,,+541133818388,
guillermoaguero298@gmail.com,guillermo,aguero,ar,,,,+543704010254,
luisbenitezlab@gmail.com,luis alberto,benítez,ar,,,,+541122657360,
daianaalvarez481@gmail.com,daiana,alvarez,ar,,,,+541144951204,
hernangonzalez051224@gmail.com,hernan,gonzalez,ar,,,,+543446363613,
suarezthiagobenjam9n@gmail.com,thiago,suarez,ar,,,,+541171679762,
silnovosad22@gmail.com,silvana,novosad,ar,,,,+541144404473,
emirrejala80@gmail.com,sirli,benitez,ar,,,,+543482771558,
brendaayelendiazrubio@gmail.com,brenda ayelen,diaz rubio,ar,,,,+541131828239,
julianjavierlopez0@gmail.com,julian javier,lopez,ar,,,,+541132735874,
meneceselias5@gmail.com,elias,ramos,ar,,,,+541162436560,
avrilalisantoro@gmail.com,avril,hernandez,ar,,,,+541167626525,
noraraquelrojas@hotmail.es,raquel,rojas,ar,,,,+541158513094,
martinesluci2026@gmail.com,luciano,martinez,ar,,,,+5493774468279,
viveromiguel91@gmail.com,migue,vivero,ar,,,,+541155251818,
elianavellaneda01@gmail.com,eliana,avellaneda,ar,,,,+541124078993,
sosaeugenia859@gmail.com,eugenia,sosa,ar,,,,+542664883692,
belukoz@gmail.com,belen,koz,ar,,,,+541155703641,
rodritobares1@gmail.com,rodrigo,tobares,ar,,,,+542664640341,
chacomontalvo46@gmail.com,angel,carmelo,ar,,,,+541133602078,
leeariel2001@gmail.com,ariel,lee,ar,,,,+541144307489,
aguerojulissa123@gmail.com,julissa antonela,aguero,ar,,,,+542665269247,
milagrospajon79@gmail.com,milagros agostina,pajon,ar,,,,+543855822416,
jeremiasbarreiro2013@gamil.com,jere,barreiro,ar,,,,+541154697039,
bustoslujansafira@gmail.com,lujan,bustos,ar,,,,+541131976132,
lopezfbn@gmail.com,juan roman,lopez,ar,,,,+541160579339,
quirogajorgegustavo656@gmail.com,jorge gustavo,quiroga,ar,,,,+542664373715,
cuellojaqueline496@gmail.com,karina,cuello,ar,,,,+541178950579,
godoypau048@gmail.com,paula yamila,godoy,ar,,,,+542966630858,
normayesicabravo901@gmail.com,norma,bravo,ar,,,,+541122885290,
zaballaluz385@gmail.com,luz,zaballa,ar,,,,+543412858196,
izanfede9@gmail.com,federico,rios,ar,,,,+542622560345,
castrovidelazoe1@gmail.com,zoe,castro videla,ar,,,,+541127448521,
lila11ojeda@gmail.com,lidia,ojeda,ar,,,,+542966497689,
milagrosvanesafarias27@gmail.com,milagros,farias,ar,,,,+541131443631,
cabreradahiana637@gmail.com,jessica dahiana,cabrera espinoza,ar,,,,+541130417879,
mariadelcarmensoledabarroso@gmail.com,mariadelcarmensoleda,barroso,ar,,,,+542665137608,
yordanfigueredo89@gmail.com,yordan,figueredo,ar,,,,+541153408746,
fernandezgera71@gmail.com,geraldine,fernández,ar,,,,+542974524946,
caraballoivan40@gmail.com,ivan,caraballo,ar,,,,+543534416168,
nestorgonzales2350@gmail.com,nestor gabriel,gonzalez,ar,,,,+543735563798,
nanopsi@gmail.com,mariano andres,fernandez,ar,,,,+541167830140,
alfonrom1@icloud.com,alfonso,rom,ar,,,,+542227558004,
gmartinelli@lflsa.com.ar,luca,lena,ar,,,,+541165365156,
jaquepogonza75@gmail.com,aldana,pogonza,ar,,,,+541168730304,
juanzulli66@gmail.com,juan,zulli,ar,,,,+541125790522,
diegoortega@gmail.com,diego,ortega,ar,,,,+541156068879,
yanilquindt@gmail.com,yanil,quindt,ar,,,,+541137722034,
mbverolo@gmail.com,maría belén,verolo,ar,,,,+541169646669,
joni_250_5@hotmail.com,jonatan alfredo,ferraz,ar,,,,+542944249721,
mpaucorbella@gmail.com,paula,corbella,ar,,,,+541160022643,
alejandrocardozo635@gmail.com,alejandro gabriel,cardozo,ar,,,,+541145268394,
cladisbelen03@gmail.com,belen,cladis,ar,,,,+542215632803,
alonzojuanpi15@gmail.com,juan pablo,alonso,ar,,,,+541150276381,
sergiopyur8@gmail.com,sergio,romamo,ar,,,,+541168456208,
molibri1234@gmail.com,yesica,yesica molina,ar,,,,+542995099088,
diegoltorrez1942@gmail.com,diego,torrez,ar,,,,+541132945626,
soledad16emanuel@gmail.com,zamira,aguilar,ar,,,,+542612088081,
camiventola@gmail.com,camila,ventola,ar,,,,+541136595876,
marianelabrusciano6@gmail.com,josias,romero,ar,,,,+541157715344,
gomezluis251983@gmail.com,jose luis,gomez,ar,,,,+541158990543,
bogarindiegoemmanuel86@gmail.com,diego,bogarin,ar,,,,+541122596113,
williambrizuela752@gmail.com,william,brizuela,ar,,,,+541135192433,
aylinbustamante513@gmail.com,aylin,tayguan,ar,,,,+541127588207,
eleugeniogonzalez12@gmail.com,eugenio,gonzalez,ar,,,,+542984353847,
agustinacastillo608@gmail.com,agustina,castillo,ar,,,,+541168697466,
ayelenduarte59@gmail.com,horacio,dominguez,ar,,,,+541136064333,
lizanaliamartinezcastillo6@gmail.com,liz analía,martinez castillo,ar,,,,+541164855040,
lopezvaleriafernanda61@gmail.com,valeria,fernanda lópez,ar,,,,+541172328665,
agusflorgomez22@gmail.com,agustina,gomez,ar,,,,+541173670698,
jesusbarroso829@gmail.com,jesus,barroso,ar,,,,+543875435961,
nadiacorbalan18@gmail.com,nadia,corbalan,ar,,,,+541151269505,
carlaayelencastillo4@gmail.com,carla ayelen,castillo,ar,,,,+543455646390,
sb3005531@gmail.com,sebastián,benítez,ar,,,,+543186528665,
cajal9517@gmail.com,francisco alejandro,obadilla,ar,,,,+542920348279,
uri11velasquez@gmail.com,uriel,velasquez,ar,,,,+541134128355,
axeldanielpaniagua455@gmail.com,axel,paniagua,ar,,,,+542213576413,
mirandaines240@gmail.com,alejandra,oviedo,ar,,,,+541125551130,
javierandressegura12@gmail.com,sandra,alonso pereira,ar,,,,+542215561115,
barrosomagali2@gmail.com,magali,barroso,ar,,,,+542995368766,
alejandramorannorma@gmail.com,norma,morán,ar,,,,+543487220353,
tiaraarganaraz03@gmail.com,tiara,toledo,ar,,,,+541127663794,
toledos858@gmail.com,sofia,toledo,ar,,,,+541133829181,
marcoaugmenescardi@gmail.com,marco,menescardi,ar,,,,+541133742158,
bastianmedina1234567@gmail.com,bastian,bastian medina,ar,,,,+541138676167,
reynareyesnavarro@gmail.com,reyna,reyes,ar,,,,+541138220584,
kevinhernanmontans@gmail.com,kevin,montans,ar,,,,+541151273306,
guerraayelen18@gmail.com,ayelen,guerra,ar,,,,+541168001874,
vellejosabrina16@gmail.com,celso,vallejo,ar,,,,+541127546690,
tv8130005@gmail.com,ezequiel,gonzalez,ar,,,,+542664908759,
zaidazalazar14@gmail.com,zaida,zalazar,ar,,,,+542966754157,
jd824673@gmail.com,díaz jorge,jorge diaz,ar,,,,+543704376085,
gladisgalan020@gmail.com,humberto,codega,ar,,,,+541168618272,
pereznahiara640@gmail.com,nahiara,perez,ar,,,,+541166066589,
marioluisdiaz21@gmail.com,milagros del rosario,robles,ar,,,,+541136198645,
gckpal@yahoo.com.ar,vriviana,krenz,ar,,,,+541166726839,
fs9466224@gmail.com,fabian luciano,sosa,ar,,,,+541125398790,
lucreciabenitez885@gmail.com,lucrecia,benitez,ar,,,,+541125610679,
veronicayruzun19@gmail.com,veronica,yruzun,ar,,,,+542920649395,
maggigonzalez2345@gmail.com,maggi,gonzalez,ar,,,,+542966219978,
ticakbustamante@gmail.com,barbara,bustamante,ar,,,,+541162888944,
gonzalobernal971@gmail.com,gonzalo,bernal,ar,,,,+543704303605,
morenainsaurralde40@gmail.com,mia,insaurralde,ar,,,,+541127449902,
valentinapare3@gmail.comgmail.com,valentina,pare,ar,,,,+541167386896,
papumojica10@gmail.com,daniel,mojica,ar,,,,+541169562980,
yakemayraguimaraez@gmail.com,mayra,guimaraez,ar,,,,+543425695628,
farfanaylenmilagros@gmail.com,aylen,farfán,ar,,,,+541131004643,
melaniailen09@gmail.com,melani,sosa vega,ar,,,,+543825570738,
saldanomara143@gmail.com,mara,saldaño,ar,,,,+543813429793,
fabiemaza@gmail.com,fabian,maza,ar,,,,+541133914414,
carcvadesurez6677rein@gmail.com,fabricio,rios,ar,,,,+541179562001,
sosab6591@gmail.com,belen,sosa,ar,,,,+541127938163,
franciscourrutte0@gmail.com,francisco,urrutte,ar,,,,+541176704595,
marialallana173@gmail.com,ignacio,carmona,ar,,,,+543489591138,
antoleiva163@gmail.com,alejandra,leiva,ar,,,,+541137059603,
jenniferlarrosa2004@gmail.com,lucas,gonzalez,ar,,,,+543487707126,
gonzaloechebarrena@gmail.com,gonzalo,echebarrena,ar,,,,+541161949880,
leytonsole5@gmail.com,sole,leyton,ar,,,,+543878438141,
cayunaojose897@gmail.com,jose,cayunao,ar,,,,+542804719979,
mvictordavid979@gmail.com,victor,martínez,ar,,,,+542216397312,
lucasbenitez19922012@gmail.com,lucas,benitez,ar,,,,+541156031827,
vargasdina150@gmail.com,dina,vargas,ar,,,,+543804359681,
ianacevedovizcaino@gmail.com,ian,vizcaíno,ar,,,,+542617592614,
leonardoriiz39@gmail.com,adriana,martinez,ar,,,,+5493364354119,
nerinaizarriaga63@gmail.com,nerina,izarriaga,ar,,,,+542926547960,
luciatuillier@gmail.com,lucia,tuillier,ar,,,,+541144275139,
octaviolf2016@gmail.com,octavio,lucardi fierro,ar,,,,+541127121689,
cieloalbornoz546@gmail.com,cielo,albornoz,ar,,,,+541135788508,
noeliabarrozo37@gmail.com,noelia,barrozo,ar,,,,+541138766163,
eg4387669@gmail.com,elizabeth,elizabeth,ar,,,,+542213554179,
sz8328130@gmail.com,sergio,zarate,ar,,,,+541140782232,
angelomarabila767@gmail.com,angel,abila,ar,,,,+542216921437,
rosalesmarco214@gmail.com,marco,rosales,ar,,,,+542617673541,
sgtab@hotmail.com,sergio,taboada,ar,,,,+541136502684,
emilcer792@gmail.com,emilce,rodríguez,ar,,,,+541165177564,
dylanvenencio7@gmail.com,dylan,venencio,ar,,,,+541155237330,
mimiminvielle@hotmail.com,gladys,minvielle,ar,,,,+542284614729,
yami23ponce@gmail.com,yamila,ponce,ar,,,,+541169601891,
tobiasarias425@gmail.com,tobias,arias,ar,,,,+543468611782,
fr3756542@gmail.com,flori,rios,ar,,,,+543483530867,
pazyanina1819@gmail.com,yanina,paz,ar,,,,+541166624456,
paniaguajonathan1516@gmail.com,jonathan,paniagua,ar,,,,+542395467718,
piersantinijoaquin@gmail.com,joaquin,vidal,ar,,,,+541137045047,
biancarociobatista02@gmail.com,bianca,batista,ar,,,,+541162297413,
erwinvillca990@gmail.com,erwin,villca,ar,,,,+541131501841,
ximetev@gmail.com,ximena,tevez,ar,,,,+541161702885,
vzavala547@gmail.com,victor,zavala,ar,,,,+542657329036,
brendatatianavelozo@gmail.com,brenda,velozo,ar,,,,+543734514395,
sanabriaflorencia44@gmail.com,florencia,sanabria,ar,,,,+542281368022,
tizianopontecorvo04@gmail.com,tiziano,pontecorvo,ar,,,,+541151096407,
miguelangelforever991@gmail.com,miguel,gonzalez,ar,,,,+541176523328,
micalopez3098@gmail.com,micaela,lópez,ar,,,,+541164205936,
maldonadon415@gmail.com,nadia,maldonado,ar,,,,+541150414024,
okitovillasboa1234ov@gmail.com,pablo,ayala,ar,,,,+541166064801,
tardittipatricia@gmail.com,patricia,tarditti,ar,,,,+541127520565,
camilafernandeezz01@gmail.com,camila,fernandez,ar,,,,+541131190455,
ayepicon9@gmail.com,candela,picón,ar,,,,+541140814749,
venes4460@gmail.com,sebastián,vene,ar,,,,+541125787905,
esmeraldatraico63@gmail.com,esmeralda,traico,ar,,,,+543487734595,
trinidadeluneyserena@gmail.com,eluney,trinidad,ar,,,,+541164606297,
boxlersantiago6@gmail.com,santiago,boxler,ar,,,,+543454023569,
salaslauty898@gmail.com,lauty,salas,ar,,,,+543877542860,
nivoramirez7@gmail.com,nicolas,ramírez,ar,,,,+542226477564,
tmfpena@gmail.com,tania,peña,ar,,,,+543625287105,
tonnynanodear@gmail.com,mariano,dearmas,ar,,,,+541168256077,
rg7570153@gmail.com,román,gonzález,ar,,,,+542355422345,
bautistagpnzalez95@mail.com,bautista,gonzalez,ar,,,,+541128507215,
romiluque25@gmail.com,romina soledad,luque,ar,,,,+541124715676,
cristianjoseramirez2019@gmail.com,cristian,ramirez,ar,,,,+542226633238,
jr3480257@gmail.com,javier,romero,ar,,,,+543795086517,
jarajuli165@gmail.com,maximiliano,aguirre,ar,,,,+541162282885,
vallcarla38@gmail.com,carla,valle,ar,,,,+541178989547,
perujosofia@gmail.com,sofia,perujo,ar,,,,+543442618986,
audelinaherrera16@gmail.com,gabriel,romero,ar,,,,+543873697116,
tiarabeccacece@gmail.com,tiara,beccacece,ar,,,,+541124652045,
aerotaller@hotmail.com,pablo,acuña,ar,,,,+541132395944,
leandrominett@gmail.com,leandro,minetto,ar,,,,+542983531733,
roldankarina366@gmail.com,karina,roldán,ar,,,,+543856416002,
mg8001768@gmail.com,maria,gonzalez,ar,,,,+541154221208,
victoriadalal7@gmail.com,victoria,dalal,ar,,,,+541125231285,
silviasuarez01122@gmail.com,sergio,gimenez,ar,,,,+542324537647,
jorgebenitez95245762@gmail.com,jorge,benitez,ar,,,,+541168239139,
claudiagabrielarodriguez555@gmail.com,claudia,claudia rodríguez,ar,,,,+541164449463,
nievaceleste54@gmail.com,celeste,nieva,ar,,,,+541167081486,
loreesequeira20@gmail.com,lorena,sequeira,ar,,,,+542215792939,
sofiaailensanchez27@gmail.com,sofia,sanchez,ar,,,,+541125509104,
carlitabiassoni@hotmail.com,caria,biassoni,ar,,,,+541149398530,
sirafierro8@gmail.com,sira,fierro,ar,,,,+541134221539,
marianoaraya@hotmail.com,mariano eduardo,araya,ar,,,,+541169743270,
villamontefernanda@gmail.com,fernanda,villamonte,ar,,,,+541126607669,
eid497510@gmail.com,emir,id,ar,,,,+542494520748,
angelvallejos166@gmail.com,angel,vallejos,ar,,,,+541125179952,
mfgallego@tyax.com.ar,luis alberto,fernández,ar,,,,+541159294525,
jesicamariamonzon51@gmail.com,jesicamaria,monzon,ar,,,,+543454407773,
martinpereyara@gmail.com,martin,pereyara,ar,,,,+541124892806,
cristiantorres23031978181630@gmail.com,cristian,cristian torres,ar,,,,+541122452613,
eliascamejo45@gmail.com,elias,camejo,ar,,,,+543487347603,
francescabalsari@gmail.com,francesca,balsari,ar,,,,+541162336689,
alejandro926167@gmail.com,jose,canaviri,ar,,,,+541157419793,
rubendiaz2707@gmail.com,amadeo,villagra,ar,,,,+543834941910,
belenalcaraz943@gmail.com,maria,alcaraz,ar,,,,+542634510535,
frtomasskate@gmail.com,francisco tomas,romero,ar,,,,+543835594008,
nl3045067@gmail.com,rodrigo,lopez,ar,,,,+542236755347,
cordobarociobe1999@gmail.com,rocio,cordoba,ar,,,,+541123101107,
jonatanjoelandersonibarra@gmail.com,jonatan,ibarra,ar,,,,+543885169672,
guzmannaiara4@gmail.com,naiara,guzmán,ar,,,,+541125273757,
ocaranzakatherina16@gmail.com,katherina,ocaranza,ar,,,,+541167969924,
almaverdun145@gmail.com,alma,verdun,ar,,,,+541128809078,
lucasjuaquin1@gmail.com,lucas,juaquin,ar,,,,+541158068988,
lricci@remax.com.ar,lau,ricci,ar,,,,+541139342259,
milenacastillo679@gmail.com,fiama milena,castillo,ar,,,,+541123476538,
messinajuan109@gmail.com,juan,messina,ar,,,,+541122892603,
aylendiaz678@gmail.com,aylen,diaz,ar,,,,+543705280334,
danisafernandez30@gmail.com,dani,fernández,ar,,,,+542634619753,
analiarosa203@gmail.com,analia rosa,sanchez,ar,,,,+543884093699,
alexismaldjian@gmail.com,alexis,maldjian,ar,,,,+541122883693,
ludmilrivaas@gmail.com,ludmila,rivas,ar,,,,+541149169811,
gustavorubenlopez77@gmail.com,gustavo,lopez,ar,,,,+541154826269,
ma9141203gmailcom@gmail.com,matias,ale,ar,,,,+543813660790,
brendasalinas466@gmail.com,brenda,salinas,ar,,,,+541125002396,
gabrielavegap68@gmail.com,yesica,lópez,ar,,,,+542617606282,
sofiamarizamartinez1988@gmail.com,sofia,martinez,ar,,,,+541136733667,
mariaevaruiz75@gmail.com,maria,ruiz,ar,,,,+542246441043,
troncosovanesarocio@gmail.com,german,aranda,ar,,,,+541122723567,
villalbaromina94@gmail.com,gustavo ariel,villalba,ar,,,,+541134476688,
julietacastillo326@gmail.com,julieta,castillo,ar,,,,+541134341520,
jmmuras@gmail.com,juan manuel,muras,ar,,,,+541566939972,
milirivero1234@icloud.com,milagros,rivero,ar,,,,+541168375859,
davidgerez348@gmail.com,david,gerez,ar,,,,+543644365363,
julioalbarracin12boca@gmail.com,julio,albarracín,ar,,,,+541125700284,
arguellozaira510@gmail.com,zaira,arguello,ar,,,,+543468617767,
jordiblove@gmail.com,jorgelina,marcelo,ar,,,,+542494066863,
lujli45678kbmo@gmail.com,lucas,juárez,ar,,,,+542224469620,
eliasbenedetti77@gmail.com,elias,benedetti,ar,,,,+541151793957,
nicolas398rojo@gmail.com,nicolas,rojo,ar,,,,+542215899790,
wiederkehsantonella42@gmail.com,antonella,wiederkehs,ar,,,,+541178939049,
claudiojavierp2012@gmail.com,claudio,perez,ar,,,,+541130986808,
sissigaston7@gmail.com,gaston,sissi,ar,,,,+541128778159,
francoxgamer@gmail.com,franco,ontivero,ar,,,,+543512632363,
caterinasalias102@gmail.com,caterina,salías,ar,,,,+543782550941,
pablorost19@gmail.com,pablo,rost,ar,,,,+542996069129,
morenaolbj@gmail.com,morena,olmedo,ar,,,,+541167047393,
mariafortuny16@gmail.com,pablo,domínguez,ar,,,,+541165212205,
leandroisaiascontrerascaldora@gmail.com,leandro isaias,caldora,ar,,,,+541134690763,
aaaaaaaaaaassss04@gmail.com,mauricio,gonzález,ar,,,,+541153765762,
tamaraelizabethpino@gmail.com,tamara elizabeth,pino,ar,,,,+541122563610,
ppanachulli@gmail.com,pablo,panachulli,ar,,,,+541128199585,
luisromerocardozo4463@gmail.com,luis,romero,ar,,,,+541166272391,
sayanafernandez10@gmail.com,sayana,fernández ortiz,ar,,,,+5492617628024,
morenogabrielalejandr0@gmail.com,gabriel,moreno,ar,,,,+543804948863,
diegoaplaza24@gmail.com,diego,plaza,ar,,,,+541156579834,
danielmaldonado@gmail.com,daniel,maldonado,ar,,,,+541156669704,
gabymiguegarcia@hotmail.com,gabriel miguel,garcia,ar,,,,+541150122171,
villegasmilagros740@gmail.com,milagros,villegas,ar,,,,+542622634118,
chidichimovictoriaa@gmail.com,victoria,chidichimo,ar,,,,+541169409244,
paulaallegrini@gmail.com,paula,allegrini,ar,,,,+541151096908,
benitezpamerocio@gmail.com,pamela rocio,benitez,ar,,,,+543644620485,
florcasanoba@hotmail.com,camila,conti,ar,,,,+541160062988,
ben25062007@gmail.com,ariel benicio,arrieta,ar,,,,+541122926645,
barrosciruja@gmail.com,nicolas alejandro,barros,ar,,,,+541138335202,
sfleitashargain@gmail.com,sebastian aldo,fleitas hargain,ar,,,,+541125147092,
luisalbertomonllor25@gmail.com,monllor,luis alberto,ar,,,,+542974222368,
braianplat2@gmail.com,braian,plat,ar,,,,+541169559792,
soofiirodriguez12@gmail.com,sofía,gabellotta,ar,,,,+542954850664,
daianasoldurso@gmail.com,daiana,durso,ar,,,,+541167913964,
romina_1006@hotmail.com,romina,zakic,ar,,,,+541168554032,
nataliacamilasilva1234@gmail.com,natalia camila,silva,ar,,,,+543454033568,
salvapablo26@gmail.com,pablo,salva,ar,,,,+541137845747,
diegoabelgangas@gmail.com,diego,gangas,ar,,,,+542995764892,
silvanacasazza743@gmail.com,silvana,casazza,ar,,,,+541160056550,
alexiscristianruiz@gmail.com,tamara,ruiz,ar,,,,+541164793839,
rubenparionachulluncuy@gmail.com,ruben eusebio,pariona chulluncuy,ar,,,,+541167520939,
danielvallejoz4709@gmail.com,daniel,vallejos,ar,,,,+542224517704,
cristianlucasinfante@gmail.com,cristian lucas eladio,infante,ar,,,,+542224468048,
santybenja18p@gmail.com,santiago,perez,ar,,,,+542615103120,
alejandracristales97@gmail.com,hugo,monzon,ar,,,,+541148705487,
luisalejaimes2014@gmail.com,jaimes,luis,ar,,,,+541144001091,
lopezjesicamelisa@gmail.com,jesica melisa,lopez,ar,,,,+541136478301,
graciel.par@hotmail.com,graciela,parapugna,ar,,,,+541166683528,
santarenemilce@gmail.com,emilce,santaren,ar,,,,+543775400839,
marquezorianacamila@gmail.com,oriana camila,marquez,ar,,,,+541169562549,
diartecamila60@gmail.com,mariana,medina,ar,,,,+541151190784,
adryfresia@gmail.com,adriana,sosa,ar,,,,+542975417023,
yaninamaidana358@gmail.com,kevin,ramirez,ar,,,,+541171397169,
sofiaguadalupequezada@gmail.com,sofia,quezada,ar,,,,+542996108127,
maiteschmit91@gmail.com,maite,villalba,ar,,,,+543454269456,
an6295103@gmail.com,alejandra,staraf,ar,,,,+541171815226,
94alvarezronald@gmail.com,ronald,alvarez,ar,,,,+541169758777,
sharifurielzanabre75@gmail.com,sharif uriel,zanabre,ar,,,,+542215995446,
marinaantenao0@gmail.com,marina,antenao,ar,,,,+542954537042,
raulalbertodanielli33@gmail.com,raúl alberto,danielli,ar,,,,+543442301323,
belenvalentin44@gmail.com,maria,garcia,ar,,,,+543446561960,
gabrielmaximilianoolivera4@gmail.com,gabriel maximiliano,olivera,ar,,,,+542974045516,
doloresmariamonzon1@gmail.com,dolores,monzón,ar,,,,+541169962990,
argking30@gmail.com,king,arg,ar,,,,+543804140588,
rominaynata_@uotlook.com,romina celeste,zarlenga,ar,,,,+541132086860,
er933280@gmail.com,elizabeht,rodriguez,ar,,,,+542664969006,
sosadamianalejo@gmail.con,damian,sosa,ar,,,,+541157426135,
ramirezpaniagua@gmail.com,jorge luis,ramirez,ar,,,,+542974935133,
maritososa2003@gmail.com,mario,sosa,ar,,,,+543782432304,
nahuelvenitez2@gmail.com,nahuel,corvalan,ar,,,,+541144065575,
emanatasha26@gmail.com,emanuel,barreras,ar,,,,+542657704537,
2007benjamincabrejas@gmail.com,benjamin,cabrejas,ar,,,,+5491145774957,
rodrigo@hotmail.con,rodrigo,domínguez,ar,,,,+542657528728,
nicobalmaceda397@gmail.com,nicolas,balmaceda,ar,,,,+541128462847,
ericjoellucero348@gmail.com,eric,lucero,ar,,,,+542604051124,
1133791749mayra@gmail.com,mayra,almeida,ar,,,,+541133791749,
elenaestherquijano@gmail.com,elena,quijano,ar,,,,+541140665621,
caraballocarla869@gmail.com,carla,caraballo,ar,,,,+543444575898,
vrivero937@gmail.com,fransesca,aquino,ar,,,,+541130697248,
luisarce92@gmail.com,luis,arce,ar,,,,+541155726599,
dufflartdailiany@gmail.com,dailiany,dufflart,ar,,,,+541162664607,
calveteagostina@gmail.com,agostina,calvete,ar,,,,+542314500571,
debyamax@gmail.com,debora,amaxopulos,ar,,,,+541166888890,
nandede@hotmail.com,walter,moreno,ar,,,,+541151399668,
jerenicolas99@gmail.com,jeremias,cardozo,ar,,,,+541166152030,
fabriziobrunettini@gmail.com,fabrizio,brunettini,ar,,,,+541162081644,
nicolasfortelli6@gmail.com,nicolas,fortelli,ar,,,,+542920369381,
bg0914624@gmail.com,brenda,gomez,ar,,,,+542657602899,
catzeus78@gmail.com,gaston,tablada,ar,,,,+541130211069,
ludmilanahiaraperez@gmail.com,ludmila nahiara,perez,ar,,,,+542665276813,
ferrandolucrecia15@gmail.com,mia,richhi,ar,,,,+542494211191,
ug5923172@gmail.com,uriel,gomez,ar,,,,+542215999030,
ricardovivier9@gmail.com,ricardo,vivier,ar,,,,+542984380668,
ezeavalos08@gmail.com,ezequiel,avalo,ar,,,,+541161139336,
quintanamaxi34@gmail.com,maxi,quintana,ar,,,,+5491135951048,
feertorres54@gmail.com,fernando,gaston,ar,,,,+542227677434,
delfinaavaca8@gmail.com,delfina,avaca,ar,,,,+543388519497,
priscilaayelenmartinez@gmail.com,priscila,martinez,ar,,,,+543873129359,
yesicacordoba2304@gmail.com,yesica,cordoba,ar,,,,+543854584832,
jg3492790@gmail.com,julieta,guzman,ar,,,,+542252447638,
veronicaquiroz1415@gmail.com,veronica soledad,quiroz,ar,,,,+541123878019,
lolaabrasero@gmail.com,lola,brasero,ar,,,,+541127435021,
garciafranco@outlook.com,garcia,franco,ar,,,,+541176395587,
fcaste1000@gmail.com,facundo,castelluccio,ar,,,,+541158873917,
jeniigutierrez5@gmail.com,jenifer,gutiérrez,ar,,,,+542243462210,
afagustinflores312@gmail.com,agustín,agustín flores,ar,,,,+541138330907,
gimenezrosana7358@gmail.com,rosana,gimenez,ar,,,,+543455547541,
cortesjairo975@gmail.com,jairo oscar,cortes,ar,,,,+541166185188,
micaelavillalobo143@gmail.com,maximiliano,mansilla,ar,,,,+543489599504,
julianaabigailt@gmail.com,nayla,abigail torres,ar,,,,+541123349892,
mazzimendoza@gmail.com,maximiliano,mendoza,ar,,,,+542302661172,
daesquivel@icloud.com,demian,esquivel,ar,,,,+541141583112,
lorelamaka1994@gmail.com,lorena,thies,ar,,,,+542215633462,
priscilaoviedo921@gmail.com,priscila,oviedo,ar,,,,+542665057101,
jimenablengine@gmail.com,jimena,blengine,ar,,,,+541140412481,
tamarabenjaserrano17@gmail.com,tamara,arsenio,ar,,,,+541124506573,
barrionuevomarialuisa42@gmail.com,maría luisa,barrionuevo,ar,,,,+541151475941,
vivianadulceabraham@gmail.com,viviana,abraham,ar,,,,+541154554095,
micalamas@live.com.ar,micaela,lamas,ar,,,,+541161629927,
ornebm@gmail.com,ornella,marando,ar,,,,+541155766461,
vsergio900@gmail.com,sergio,vega,ar,,,,+541139367455,
ggghitman@gmail.com,alejandro german,ghiitman,ar,,,,+542901544272,
lucasmanzorro1998@gmail.com,lucas,manzorro,ar,,,,+541123744481,
silvanaramos_6@hotmail.com,silvana,ramos,ar,,,,+542975416517,
valdezcatalina759@gmail.com,clarisa,valdez,ar,,,,+543456593204,
figueroax335@gmail.com,xiomara abigail,figueroa,ar,,,,+543436416420,
beefeter70@gmail.com,robertino,bongiorno,ar,,,,+541138933777,
leoaquino1123@gmail.com,leandro,aquino,ar,,,,+541155293806,
pameandreazamudio@gmail.com,pamela,zamudio,ar,,,,+541132013599,
tamita2013@gmail.com,tamara,ridriguez,ar,,,,+541123296566,
geronimogervan39@gmail.com,geronimo,gervan,ar,,,,+543835564475,
abigailmelisa14@gmail.com,abigail melisa,juarez,ar,,,,+541154767637,
maimoro17@gmail.com,maira,moro,ar,,,,+541140734067,
carocarroll87@hotmail.com,tomas,frasier,ar,,,,+541136434334,
francisco-1307@hotmail.com,francisco,sanchez,ar,,,,+541138996077,
romerofranco02d@gmail.com,franco david,romero,ar,,,,+541154576394,
benenatilautaro2@gmail.com,lautaro gabriel,benenati,ar,,,,+541165134583,
robertorallin@hotmail.com,roberto,rallin,ar,,,,+5491167414537,
gonzalezmailen99@gmail.com,mailen,gonzalez,ar,,,,+541138985200,
lautarofleita26@gmail.com,lautaro,fleita,ar,,,,+542494067224,
julieta1638991@gmail.com,julieta,arias,ar,,,,+541125864113,
formosaramonlista30@gmail.com,gabriel orlando,sala,ar,,,,+543704578943,
rosauraacosta.ivomia1921@mail.com,rosaura,acosta,ar,,,,+542216927966,
genaromoran133@gmail.com,genaro,morán,ar,,,,+542665305805,
fernandapereyra763@gmail.com,nahuel,ojeda,ar,,,,+543454397375,
valentinatizianaa32@gmail.com,jazmin,albarracin,ar,,,,+541138588098,
torrescintia482@gmail.com,mauro,torres,ar,,,,+5493309002047,
gladisvivianahall@gmail.com,noelia carolina,balague,ar,,,,+541168500505,
elizabethmyriamrau@gmail.com,elizabeth,rau,ar,,,,+541162800618,
tamaynaiara023@gmail.com,nahiara,tamay,ar,,,,+543456540838,
viviseverino99@hotmail.com,melisa,bucaron,ar,,,,+541159054991,
vanesayordano2@gmail.com,vanesa,yordano,ar,,,,+541158072204,
santiagobautista201252@gmail.com,santiago,bautista,ar,,,,+543888435522,
dayrazarza18@gmail.com,dayra,zarza,ar,,,,+541123464061,
urielchaves56@gmail.com,uriel,chaves,ar,,,,+542914665115,
juanmauricioc75@gmail.com,juan,castillo,ar,,,,+543886823318,
mendozagerman13@gmail.com,german,mendoza,ar,,,,+541123173105,
portillobruno77@gmail.com,bruno,portillo,ar,,,,+541125080457,
monzonmariaceleste9@gmail.com,maría celeste del rosario,monzon,ar,,,,+541171073754,
gladyslezcano74@gmail.com,gladys,lezcano,ar,,,,+543444415238,
alejandrocorbalan57@gmail.com,alejandro,corbalan,ar,,,,+541125042558,
moraluna12052014@gmail.com,dario,luna,ar,,,,+541161608807,
alejandrapazos21@gmail.com,alberto,ahumada,ar,,,,+541128450181,
thiagoandrestroiano@gmail.com,jorge,tamaro,ar,,,,+542216970830,
falconlaura225@gmail.com,gabriela,falcon,ar,,,,+541170653846,
sanabriamatias1988@gmail.com,matías,sanabria,ar,,,,+541168693248,
jorloco53@gmail.com,jorge gabriel,martinez,ar,,,,+541168538916,
carlosdamian5555@gmail.com,carlos,burgos,ar,,,,+541164868692,
hectorbisbano@gmail.com,adriana,gomez,ar,,,,+541136542749,
diegosaucedo642@gmail.com,diego,saucedo,ar,,,,+541126013743,
puchizabalapaz@gmail.com,claudia,zabala,ar,,,,+542255602119,
perezvalemai@gmail.com,valeria,pérez,ar,,,,+542914757217,
analiareuter21@gmail.com,analia,reuter,ar,,,,+541150355357,
blancagaliano010@gmail.com,blanca,galiano,ar,,,,+541168770677,
alverezclaudia1222@gmail.com,claudia,alvarez,ar,,,,+541141909294,
bastianquiroga666@gmail.com,bastian,quiroga,ar,,,,+541132624711,
alexirodrigue62@gmail.com,valentina,fernández,ar,,,,+543886695211,
cignarellijorge427@gmail.com,jorge andrés,cignarelli,ar,,,,+541164439814,
taticastro19com@gmail.com,tatiana,alaniz,ar,,,,+542664361252,
fderboglaw@gmail.com,francisca,perez,ar,,,,+541162812687,
danielaparedes162@gmail.com,sandra,coello,ar,,,,+541136388154,
carolinadelsavio@hotmail.com,caro,del savio,ar,,,,+541158567677,
lukasscacios36@gmail.com,richard david,ramirez gomez,ar,,,,+541125713057,
aldanamontero0032@gmail.com,aldana,monteros,ar,,,,+541123634282,
ezequielismaelgonzalezgonzalez@gmail.com,ezequiel ismael,gonzález gonzález,ar,,,,+541140651400,
sofiaacostawaslet@gmail.com,sofia,acosta,ar,,,,+542262557412,
danielvalenzuela082026@gmail.com,daniel,valenzuela,ar,,,,+543777674980,
analauragene39@gmail.com,analaura,gene,ar,,,,+541130198413,
h54547898@gmail.com,aaron,arrooz,ar,,,,+541156295968,
sabrinabravo279@gmail.com,sabrina,bravo,ar,,,,+541156026507,
santiagochambi1997@gmail.com,adriel santiago,mamani chambi,ar,,,,+541123464897,
nachoatlettaz@gmail.com,ignacio,arlettaz,ar,,,,+541151802653,
marlenebarcena26@gmail.com,karen,barcena,ar,,,,+542974706325,
estudioquatraroyasoc@gmail.com,andrea,quatraro,ar,,,,+541166141986,
julietapioli123@gmail.com,julieta,pioli,ar,,,,+541155697941,
thianperalta77t@gmail.com,thian,peralta,ar,,,,+542914066373,
gastongf65@gmail.com,gaston,figueroa,ar,,,,+543884420981,
totovillarreal5@gmail.com,pablo,villarreal,ar,,,,+541158486144,
lucasquiroz389@gmail.com,lucas,quiroz,ar,,,,+543888465391,
palacioalexis810@gmail.com,alexis,palacios,ar,,,,+541122931442,
casasmariela425@gmail.com,mariela,casas,ar,,,,+541176013258,
solmicaelarecalde@agmeil.com,sol,recalde,ar,,,,+541126282401,
nbastias176@gmail.com,nicolas,bastias,ar,,,,+542665270801,
zairabarboza034@gmail.com,zaira,diaz,ar,,,,+541150508309,
ligorriaignacio97@gmail.com,ignacio,villalba,ar,,,,+541165646907,
florentinjose529@gmail.com,josé,florentin,ar,,,,+541160394162,
micaelaesosa99@gmail.com,micaela,sosa,ar,,,,+543447412072,
vitor_8301@hotmail.com,victor,padilla,ar,,,,+541154604664,
szsdebora3@gmail.com,debora,zanuso,ar,,,,+541132735992,
sharonalahy8@gmail.com,sharon,aguirre,ar,,,,+541150983264,
hernanavalos199@gmail.com,hernan,avalos,ar,,,,+543885576471,
facundogfranco@gmail.com,facundo,franco,ar,,,,+541122586893,
wilhalmaxel964@gmail.com,axel ulises,wilhalm,ar,,,,+541123562668,
alanezequielm5@gmail.com,alan,miras,ar,,,,+541133770384,
sierraltap90@gmail.com,pamela,sierralta,ar,,,,+541165592893,
yamilaheredia1997@gmail.com,yamila,heredia,ar,,,,+541133759126,
tiaratoledo14@gmail.com,tiara,toledo,ar,,,,+542254602102,
bassinipablo0@gmail.com,pablo,bassini,ar,,,,+541136705707,
solebarraza16@gmail.com,soledad,barraza,ar,,,,+543425441247,
gortamixx19@gmail.com,tamara,goro,ar,,,,+543434631063,
tamburojana8@gmail.com,jana,tamburo,ar,,,,+543454029502,
banegaisabelmariana@gmail.com,mariana isabel,banega,ar,,,,+543886695282,
karinaportillo1117@gmail.com,karina,portillo,ar,,,,+541161350180,
baezangelina994@gmail.com,maría angelina,baez riquelme,ar,,,,+541161177268,
ludmilaledesma015@gmail.com,ludmila,ledesma,ar,,,,+542604038451,
priscilacaseres13@icloud.com,priscila,caseres,ar,,,,+541123191282,
nahuelalvarez469@gmail.com,nahuel,alvarez duna,ar,,,,+541168910209,
esteco1825@gmail.com,estela,martinez,ar,,,,+541139401234,
biancaamarillo15@gmail.com,bianca,amarillo,ar,,,,+541135863097,
angelicafrutos991@gmail.com,gonzález victor,gonzález,ar,,,,+543782549886,
javidesantaeelena@gmail.com,javier,ibañez,ar,,,,+541122454356,
lautigodoy1422@gmail.com,lauti,godoy,ar,,,,+5492323358618,
miaperezosa55@gmail.com,mía,pérez,ar,,,,+541171090197,
maxi_cotelo@hotmail.com,maxi,cotelo,ar,,,,+541128563642,
gianlucalopez1212@gmail.com,gianluca,lopez,ar,,,,+543437484840,
lfranciscojavier779@gmail.com,francisco javier,lopez,ar,,,,+542946401937,
jesustheking95@gmail.com,leon,mariani,ar,,,,+543436103790,
paularamos058@gmail.com,paula,ramos,ar,,,,+541128389928,
gastonnicolasruiz53@gmail.com,gastón,nicolas ruiz,ar,,,,+5493855755664,
matealan02@gmail.com,alan,sala,ar,,,,+541163568081,
juanpabloorellano285@gmail.com,juan,orellano,ar,,,,+543436986247,
milvane@hotmail.com,milena,sepulveda,ar,,,,+542262513939,
pineron190@gmail.com,nelson,piñero,ar,,,,+542920409088,
agoraarteydeco@gmail.com,maria,mendez,ar,,,,+5491152215092,
guidorquispehuallpaquispe@gmail.com,guido ricardo,quispe huallpa,ar,,,,+541155286267,
elianadoval12@hotmail.com,eliana sofia,doval,ar,,,,+541169759494,
molinaludmila90@gmail.com,ludmila,molina,ar,,,,+541158124474,
miguelangeljaquemain5@gmail.com,miguel,jaquemain,ar,,,,+543454051359,
rafaelsilvero241287@gmail.com,rafael,silvero,ar,,,,+541132074567,
clashvicio55@gmail.com,laura,actis,ar,,,,+543436400402,
fquintana829@gmail.com,fabio,quintana,ar,,,,+542604009989,
agostinaaraldi21@gmail.com,agostina,araldi,ar,,,,+541136421773,
abelalexandroherrera@gmail.com,abel,herrera,ar,,,,+541156619675,
mcasanovace@gmail.com,mariana,casanova,ar,,,,+542494240301,
melinaayelenpetraglia@gmail.com,melina,petraglia,ar,,,,+541123398297,
bg8887777@gmail.com,maría,gómez,ar,,,,+542634595334,
marianotorresbrizuela2@gmail.com,mariano,torres brizuela,ar,,,,+541126270736,
sabri_la_negra22@hotmail.com,antonio,emma,ar,,,,+541140994396,
sanchezcapalbo@gmail.com,gustavo,sanchez,ar,,,,+541125020725,
florvaliente7@gmail.com,florencia,valiente,ar,,,,+541150602125,
rickdario@gmail.com,dario javier,rick,ar,,,,+541166060529,
riveroantonella05@gmail.com,antonella,rivero,ar,,,,+541165591849,
camilacrowe2005@icloud.com,camila,crowe,ar,,,,+541154135823,
romanonancy30@gmail.com,nancy,romano,ar,,,,+541126840022,
santiagososasosa6@gmail.com,santiago,sosa,ar,,,,+541171344286,
bocamaziwalter49@gmail.com,walter,bocamazi,ar,,,,+541144169906,
jzmin230611@hotmail.com.ar,fernando,acevedo,ar,,,,+541159599160,
oviedoelias622@gmail.com,elias ramon,oviedo,ar,,,,+541136336662,
jonahdomi@gmail.com,ramiro,dominguez,ar,,,,+541158726689,
ruverplate2026@gmail.com,santiago,nazarenotorres,ar,,,,+542665241791,
elena94heeredia@gmail.com,abigail,heredia,ar,,,,+541157743847,
santinolucero799@gmail.com,santino,lucero,ar,,,,+541165870509,
miguelangelmolina515@gmail.com,miguel,molina,ar,,,,+541127409945,
ffernandezzmale543@gmail.com,malena,fernandez,ar,,,,+542474666340,
aguirrelarasandraisabel@gmail.com,rodrigo leordo,diaz,ar,,,,+543435333162,
cesarrodriguez17992@gmail.com,cesar,rodriguez,ar,,,,+541134696163,
ballestermaxi76@gmail.com,maximiliano,ballester,ar,,,,+541158407483,
perezyanet22@gmail.com,jeannette,perez,ar,,,,+541169534043,
yamila1arizaga@gmail.com,yamila,arizaga,ar,,,,+541169511067,
marcelotolaba@gmail.com,isaias,lopez,ar,,,,+543884803143,
pamelaorciani@gmail.com,pamela,santellan,ar,,,,+542344414035,
danygalvan12345@gmail.com,daniela,galvan,ar,,,,+542396519945,
dieguitohernan73@gmail.com,rodrigo,ibañez,ar,,,,+541172181379,
alex7751250@gmail.com,alexis,lópez,ar,,,,+543856097128,
china1997ailin@gmail.com,cynthia ailin,basualdo,ar,,,,+541131077178,
mg1082642@gmail.com,maria,gomez,ar,,,,+543444634178,
agustinsimoncelli@gmail.com,agustin,simoncelli,ar,,,,+541130548342,
miac45909@gmail.com,mia,caceres,ar,,,,+541135750941,
palacio.sabri2012@gmil.com,sabrina,palacio,ar,,,,+541169725614,
aldanasarmientoz145@gmail.com,aldana,sarmiento,ar,,,,+543704782791,
cristiandanielcardozo052@gmail.com,cristian,cardozo,ar,,,,+542257616139,
rojasortegasantoshipolito@gmail.com,santos hipolito,rojas ortega,ar,,,,+542926518082,
jessicamansilla091@gmail.com,jessica,mansilla,ar,,,,+542915338075,
marucha1993mc@gmail.com,maria,chaparro,ar,,,,+541169003993,
clotysandy@gmail.com,claudia andrea,natale,ar,,,,+541136308088,
zayvilar87@gmail.com,antonio,fernandez,ar,,,,+541155620151,
srivera242019@gmail.com,santiago gabriel,rivera,ar,,,,+541166947629,
fiomelgarejo2@gmail.com,fiorella,melgarejo,ar,,,,+541159151871,
belenbonnesserre@gmail.com,maría belén,bonnesserre,ar,,,,+541164438718,
milagrosariza@icloud.com,milagros,ariza,ar,,,,+541131924845,
leandrojesuscaceres9@gmail.com,leandro,caceres,ar,,,,+543705029813,
cinthiaromero682@gmail.com,cintia,cinthia romero,ar,,,,+543835447821,
fjuanenrique1987@gmail.com,juan,enrique,ar,,,,+543329327451,
zeusmolinas@gmail.com,juli,molinas,ar,,,,+541176496682,
alitoaries2025@gmail.com,gabriela,garcia,ar,,,,+541166468543,
godoynehuen2@gmail.com,nehuen,godoy vega,ar,,,,+543444625090,
jorgtoledo16@gmail.com,jorge,toledo,ar,,,,+543878296640,
bonkcaterine@gmail.com,caterine,bonko,ar,,,,+542944790321,
tevesvictor0221@gmail.com,victor,teves,ar,,,,+541168528253,
abatenuelia@gmail.com,kiara diaz,kiara diaz,ar,,,,+542216164011,
bastianbarron12@gmail.com,pepo,tahiel,ar,,,,+541152343676,
martinabigerna1@gmail.com,martina,bigerna,ar,,,,+541140863939,
andreaalbano12@hotmail.com,andrea,albano,ar,,,,+541135116411,
biancadominguez462@gmail.com,bianca,dominguez,ar,,,,+541128173778,
isaakbyron68@gmail.com,byron,isaak,ar,,,,+541164019413,
melanyroci271@gmail.com,melany,vera,ar,,,,+541168835813,
angelinacamusso757@gmail.com,angelina,camusso,ar,,,,+541140878512,
damianquintana2013@gmail.com,damian,quintana,ar,,,,+541133240640,
danielgentilini1966@gmail.com,luca,gentilini,ar,,,,+542354416648,
hoffmannrosariocotu08@gmail.com,constanza,prieto,ar,,,,+541164695307,
santoruffopamela2@gmail.com,pamela,santoruffo,ar,,,,+541150297300,
pachecoailin73@gmail.com,ailin,pacheco,ar,,,,+5492478460778,
boccalandrokaren05@gmail.com,karen,boccalandro,ar,,,,+541144268443,
natii_nana@hotmqil.com,romina natalia,ramirez,ar,,,,+541131545691,
emimassu@gmail.com,emilio,massucco,ar,,,,+541160546050,
mikafurrer100@gmail.com,micaela,furrer,ar,,,,+541134441515,
archuvilaura@gmail.com,laura,archuvi,ar,,,,+541134546160,
marianabassetti@yahoo.com.ar,mariana,bassetti,ar,,,,+541141651060,
fmpancheri90@gmail.com,flavia,pancheri,ar,,,,+541168111537,
matialma1601@gmail.com,matias,areco,ar,,,,+541171345564,
lamaylu2202@gmail.com,selene,flores,ar,,,,+541157609158,
rojasjonatan1234@gmail.com,jonatan,rojas,ar,,,,+541125133237,
rodrihumatiti@gmail.com,rodrigo alejandro,cerpa,ar,,,,+541158946379,
enzomontiel1111@gmail.com,josue,peralta,ar,,,,+541150092629,
djpisci78@gmail.com,julio dario,piscicelli,ar,,,,+5491134822630,
lorenalaurent91@gmail.com,andrea lorena,olivera laurent,ar,,,,+541162997814,
barbarapalavecino1122@gmail.com,barbara,palavecino,ar,,,,+541134439025,
gaelgonzalo018@gmail.com,jennifer elizabeth,penayo,ar,,,,+541139355102,
isisgrimaxi@gmail.com.ar,isis yasmin,insaurralde da chile,ar,,,,+541150408597,
mirandascipioni723@gmail.com,miranda,scipioni,ar,,,,+541131845121,
jorge1972arg@gmail.com,jorge,patiño,ar,,,,+541128796304,
claudiodelgado553@gmail.com,claudio,delgado,ar,,,,+541161735627,
santicisneros865@gmail.com,santiago,cisneros,ar,,,,+541164101722,
gabrielaanaliaolivera10@gmail.com,gabriela,olivera,ar,,,,+541156536135,
martinez_aldi@yahoo.com.ar,alejandro,bartolomeo,ar,,,,+541168049593,
danielcarrillo@gmail.com,daniel enrique,carrillo,ar,,,,+541168022638,
fernandez.ms@hotmail.com,micaela soledad,fernández,ar,,,,+541161074427,
juandavidballesterosbayona@gmail.com,juan,ballesteros,ar,,,,+541151422596,
nahuelmedina@gmail.com,nahuel,medina,ar,,,,+541156386599,
abriil_zapata@hotmail.com,cristian damián,málaga,ar,,,,+541169747633,
romanacosta1705@gmail.com,roman,acosta,ar,,,,+543834994200,
marinataborda815@gmail.com,domi,taborda,ar,,,,+543804522461,
maximilianoguionet10@gmail.com,maximiliano,diaz,ar,,,,+542634657927,
nacanora@gmail.com,nestor aldo,canora,ar,,,,+541167471630,
roxanamed@gmail.com,roxana,medieta,ar,,,,,
paulacarolinacanay@gmail.com,paula carolina,canay,ar,,,,+541163742814,
mairamiranda716@gmail.com,maira,miranda,ar,,,,+542974703612,
thiagogabucci11@gmail.com,thiago,ortiz,ar,,,,+541171334059,
aticodlb21@gmail.com,francisco,gonzález gonzález,ar,,,,+541153148188,
cristiandanielurruchua02@gmail.com,cristian,urruchua,ar,,,,+543489569941,
vivianabuczer@gmail.com,vivíana,buczer,ar,,,,+541125102428,
rodrigo10enriquez@gmail.com,rodrigo,enriquez,ar,,,,+543435711135,
dulcignojuanmariano@gmail.com,juan mariano,dulcigno,ar,,,,+541153473284,
francoluis042331@gmail.com,nahir alejandra,diaz,ar,,,,+543813983280,
rufinomartinezanibal@gmail.com,anibal rufino,martínez,ar,,,,+541168851793,
matiasleandrohernangonzalez@gmail.com,matias,gonzalez,ar,,,,+541168469889,
ubaldobarreto66@gmail.com,ubaldo,barreto,ar,,,,+542216104572,
jacquesbarrere2009@gmail.com,jacques,barrere,ar,,,,+5491124877223,
miguelrodasgenez@gmail.com,miguel,rodas genez,ar,,,,+541144721658,
hernanflor2024@gmail.com,laura,pardo,ar,,,,+541121746742,
pantusogerman@gmail.com,german,pantuso,ar,,,,+541178273053,
lorenaggallegos17@gmail.com,lorena,gallegos,ar,,,,+541135878506,
paramidaniflor@gmail.com,florencia,paramidani,ar,,,,+541134658711,
jazminmercado9909@gmail.com,milagros,mercado,ar,,,,+542635036634,
jorgearielm0109@gmail.com,jorge ariel,jorge martínez,ar,,,,+542213098414,
naiaraholman@gmail.com,naiara jazmin,holman,ar,,,,+541140588851,
florentinjonatan411@gmail.com,jonatan,florentin,ar,,,,+541166663484,
yamila.sakin@bue.edu.ar,yamila laila,sakin,ar,,,,+541151370796,
flordelacuesta@hotmail.com,florencia,vattimo,ar,,,,+541150471109,
raponijulieta@gmail.com,julieta,raponi,ar,,,,+541127068276,
caballerogusty123@gmail.com,gustavo,caballero,ar,,,,+541123827452,
natatoriosblasscifo@gmail.com,daniel,scifo,ar,,,,+541125204033,
andreaesperon46@gmail.com,andrea,esperon,ar,,,,+541128535643,
fernandorafaelburgos100@gmail.com,fernando,burgos,ar,,,,+541133939887,
jesuspelayes036@gmail.com,jesus,pelayes,ar,,,,+542914964276,
nahiaraventrice18@gmail.com,nahiara,ventrice,ar,,,,+541157669763,
thianlopez453@gmail.com,tian,thian lopez,ar,,,,+543845688851,
umasaenz40@gmail.com,uma,saenz,ar,,,,+542215247349,
thiaramartinez400@gmail.com,guadalupe,thiara martinez,ar,,,,+542664379235,
noeliacapucho@hotmail.com,noelia,capucho,ar,,,,+542215466411,
nahuepiazza@gmail.com,nahuel,piazzalonga,ar,,,,+541164561483,
augusstoo07@gmail.com,daniel,caballero,ar,,,,+541137352474,
patriciocalfullanca22@gmail.com,patricio,calfullanca,ar,,,,+542945585884,
federojas1302@gmail.com,federico ramon,rojas,ar,,,,+541138479644,
gomezayelengomez325@gmail.com,ayelen,gómez,ar,,,,+541161355253,
blmacodiego@gmail.com,rocío,bracamonte,ar,,,,+541162811739,
lukitasfrance@gmail.com,natalia noemi,gonzalez,ar,,,,+541135751250,
dayanaoviedo2010@gmail.com,dayana,oviedo,ar,,,,+541168684823,
ericamoreira504@gmail.com,erika,moreira,ar,,,,+541138746274,
alexkrasnobroda@gmail.com,alexis,krasnobroda,ar,,,,+541169197006,
nicolasrivero807@gmail.com,franco nicolas,fernandez,ar,,,,+541123347831,
castillo45micaela@gmail.com,mariana,castillo,ar,,,,+541178986866,
licsilviaflores9@gmail.com,silvia,flores,ar,,,,+541150969771,
patricionicolasrojas6@gmail.com,patricio,rojas,ar,,,,+541150481769,
lautelesca@hotmail.com,laura,telesca,ar,,,,+541150640934,
enriiromeromabel2016@gmail.com,enriqueta mabel,romero,ar,,,,+543734441062,
quequemartinezl@gmail.clm,juan josé,martinez larrea,ar,,,,+541123993857,
caviajuan352@gmail.com,juan angel,cavia,ar,,,,+542984741373,
noecarrillo2211@gmail.com,noe,carrillo,ar,,,,+543884348871,
arianaalfonso9@gmail.com,ariana,alfonso,ar,,,,+541122756918,
edithgriffa50@gmail.com,edith,griffa de,ar,,,,+541123871153,
maiarojas2535@gmail.com,maia,rojas,ar,,,,+541151091875,
despogallego@gmail.com,marcelo,despo,ar,,,,+541155813400,
jorgeblanco@gmail.com,jorge,blanco,ar,,,,+541162342567,
szapata282@gmail.com,sandra,zapata,ar,,,,+541151489631,
murilloevelyn@outlook.com,evelyn tatiana,murillo,ar,,,,+541149741867,
singhpauladaniela4@gmail.com,paula,singh,ar,,,,+541168737383,
tecnoeard1980@gmail.com,miguel,ayala,ar,,,,+541176495470,
lescanosoledad16@gmai.com,soledad,lescano,ar,,,,+543644106573,
axelfabianolea@gmail.com,axelfabian,olea,ar,,,,+543813024272,
aliciaetchebarne7@gmail.com,alicia,etchebarne,ar,,,,+541171395173,
ricardocanteros2022@gmail.com,ricardo,canteros,ar,,,,+541124772454,
fariaslaura060@gmail.com,héctor fabián,ortiz,ar,,,,+541169751189,
juankyaguirre2020@gmail.com,juan,aguirre,ar,,,,+541122426674,
guidovelarde20@gmail.com,mercedes,sejas lamas,ar,,,,+541123582219,
danielanoelia039@gmail.com,noelia daniela,villaverde,ar,,,,+541172275422,
cordescandela06@gmail.com,sandra,fabricatore,ar,,,,+541121695891,
munozpedrodamian158@gmail.com,pedro damián,muñoz,ar,,,,+542974394328,
marcelonicastro022@gmail.com,marcelo,nicastro,ar,,,,+541132069990,
martiaguilar447@gmail.com,ramón,aguilar,ar,,,,+541162685872,
brahiancanete30@gmail.com,brahian,cañete,ar,,,,+541168869720,
camitol97@gmail.com,camila,toloza,ar,,,,+541155263689,
julietacrea@hotmail.com,camila sol,crea,ar,,,,+541160581015,
jorgeraul4979@gmail.com,jorge,delgado,ar,,,,+541111453001,
dm851342@gmail.com,diana azul,martinez,ar,,,,+541123371242,
y@ndel.com.ar,yandel,gamarra,ar,,,,+543435341130,
castilloguada875@gmail.com,nicol,amarilla,ar,,,,+541140926919,
diazsebastianm138@gmail.com,sebastian,diaz,ar,,,,+541165128049,
florenciasalice@gmail.com,florencia,salice,ar,,,,+541154910343,
rociomelinagonzalez@gmail.com,rocio melina,gonzalez,ar,,,,+541128895646,
alexandramoyanom@gmail.com,alexandra,moyano,ar,,,,+541125307962,
barriosferreira@gmail.com,anselma ramona,barrios duarte,ar,,,,+541161077498,
craboleddac@gmail.com,catherine,craboledda,ar,,,,+541169537209,
zubillagamaria7@gmail.com,cristian hernan,freire,ar,,,,+541130337472,
matiasrepetto421@hotmail.com,matías,repetto,ar,,,,+541136455591,
noemilucindacoriimpa@gmail.com,noemi,impa,ar,,,,+542993280965,
,mia,lales,ar,,,,+5491170037777,
mangodeborah88@gmail.com,deborah,mamgo,ar,,,,+541133426972,
fatimacerbino12@gmail.com,fatima,cerbino,ar,,,,+541125707837,
marisasuarez2021@hotmail.com,maria isabel,suarez,ar,,,,+543624544180,
blancomayra980@gmail.com,mayra,blanco,ar,,,,+541133812935,
gabyllorenzon@hotmail.com,gabriela,lorenzon,ar,,,,+541140706411,
camiacetosella@gmail.com,camila,acetosella,ar,,,,+541156098766,
lunitaguadalupe@hotmail.com,luna,parodi,ar,,,,+541160055416,
marianalvarez@gmail.com,mariana,alvarez,ar,,,,+541125040055,
samihalfon@hotmail.com,sami,halfon,ar,,,,+541144007006,
silvaamalia028@gmail.com,amalia,silva,ar,,,,+541122603110,
carinayague@hotmail.com,carina,yague,ar,,,,+542923692260,
roxanasampataro@gmail.com,roxana ines,sampataro,ar,,,,+541158507875,
elianavidal88@gmail.com,eliana,vidal,ar,,,,+541159223167,
facugut@gmail.com.ar,facundo,gutierrez,ar,,,,+541159134641,
hecmigliozzi@outlook.com,hector,migliozzi,ar,,,,+543471680539,
mileburguer69@gmail.com,melani,diaz,ar,,,,+541154768291,
exequielsandoval26@gmail.com,exequiel,sandoval,ar,,,,+541157527113,
agusthinaperez@gmail.com,ivana agustina,milanesi,ar,,,,+541122552516,
nuchigeddes718@msn.com,nuchi,geddes,ar,,,,+541134733145,
ramosfa71@gmail.com,leonel ivan,fernandez,ar,,,,+541124093568,
ianrodriguezcass03@gmail.com,ian rodriguez,rodriguez,ar,,,,+541168291558,
abnani@hotmail.com,nancy,camarero,ar,,,,+541154139880,
ivanmateo764@gmail.com,ivan,martín,ar,,,,+541128991522,
picalaabeja1@gmail.com,olga,ponce de leon,ar,,,,+541159967822,
alejandragabrielaflamenco@gmail.com,alejandra,flamenco,ar,,,,+541154746414,
pereiranando@hotmail.com,fernando,pereira,ar,,,,+541153382936,
fabianagimenez070@gmail.com,fabiana,gimenez,ar,,,,+541136108001,
enzomichelthizi@gmail.com,nadares,ezequiel fabian,ar,,,,+541166946695,
carusotomas28@gmail.com,mauricio,bermúdez,ar,,,,+541133616778,
carohalelo@gmail.com,pierini,enzo fabio,ar,,,,+541167910074,
martinianopf@gmail.com,martiniano,capparelli,ar,,,,+541130748552,
camilabelenpontoriero@gmail.com,camila,pontoriero,ar,,,,+541136475062,
deangelisadrii@gmail.com,adriana,de angelis,ar,,,,+541165353976,
yesicasanchez21x@gmail.com,yesica,yohana,ar,,,,+541149378462,
martinmelly4@gmail.com,martin,sequeira,ar,,,,+541158344094,
braianrodriguez2523@gmail.com,braian,rodriguez,ar,,,,+541124597511,
camilasoreira75@gmail.com,camila,belen soreira,ar,,,,+541155692593,
residenciaelportaldelatardecer@gmail.com,cajal,pablo miguel,ar,,,,+541123173795,
fernando.kenny@hotmail.com,fernando,kenny,ar,,,,+541141453075,
luesemtuhu@gmail.com,luis,tuero,ar,,,,+541136104261,
anto25f@gmail.com,antonella,fernandez,ar,,,,+541131017678,
gongaray@hotmail.com,gonzalo,garay,ar,,,,+541126602290,
consultorioamericas12@gmail.com,alayón,viviana,ar,,,,+541127897204,
karenbastian26@icloud.com,karen,mariel barbona,ar,,,,+541127368795,
agus77in@hotmail.com,agustin,gav,ar,,,,+541540471502,
romeromartin1.9@hotmail.com,gabriel,elian perez,ar,,,,+541161219473,
celeblonda@gmail.com,etcheverry,maría celeste,ar,,,,+541141657642,
facuricardo@hotmail.com,facundo,perez,ar,,,,+541125452810,
suarezcristiandamian6@gmail.com,suárez,cristian damian,ar,,,,+541128238034,
vivideme@yahoo.com.ar,viviana,demetilla,ar,,,,+541139558546,
c.mir09@hotmail.com,analia,armoa,ar,,,,+541162173076,
sebastiandc31@gmail.com,sebastian,di carlo,ar,,,,+541140620043,
gonzalezespinozajavier38@gmail.com,javier,gonzález espinoza,ar,,,,+541134455232,
denrivarola@gmail.com,denisse,rivarola,ar,,,,+541138717267,
nicolascervis@gmail.com,nicolas,cervi,ar,,,,+541569480470,
pf9863767@gmail.com,pablo,figueroa,ar,,,,+541130479162,
lucianagutman@yahoo.com.ar,alma,lombardero,ar,,,,+541144064219,
camilapolicelli@gmail.com,camila,polielli,ar,,,,+541164838885,
eliana-canteros@hotmail.com,eliana,canteros,ar,,,,+541136395228,
erickfranciscovasquez09@gmail.com,erik,vasquez,ar,,,,+541538631719,
soledadaristimuno066@gmail.com,erika,soledad aristimuño,ar,,,,+541171019552,
rikysandoval070@gmail.com,ricardo,omar sandoval,ar,,,,+541150970592,
lucianaanoble@gmail.com,luciana,ayelen noble,ar,,,,+541160305956,
zitro.ortiz@hotmail.com,pablo,ortiz,ar,,,,+541168054122,
bosteroseba603@gmail.com,sebastian,villalba,ar,,,,+541150617891,
servinhernan2001@gmail.com,servin,federico hernan,ar,,,,+541136833761,
mariaalejandralagana65@gmail.com,maria,alejandra lagana,ar,,,,+541465259734,
fvillanueva1@hotmail.com,santiago,villanueva,ar,,,,+541544796408,
dc163739@gmail.com,david,cárdenas,ar,,,,+541164340171,
mga621@gmail.com,arce,marcelo,ar,,,,+541148709115,
julietabottoni@gmail.com,julieta,bottoni,ar,,,,+541131200970,
clary.c.n@hotmail.com,clara,arredondo,ar,,,,+541137750245,
ismaelpedidosdistrizen@gmail.com,ismael,padel,ar,,,,+541135128987,
lucianoopalacios1@gmail.com,luciano,palacios,ar,,,,+541153351121,
lautycano445@gmail.com,lautaro,cano,ar,,,,+541134776661,
mariana_cbeltran@hotmail.com,mariana,beltrán,ar,,,,+541162750288,
medusajim@gmail.com,hernan,agustín jimenez,ar,,,,+541131031287,
cielorazzo1988@gmail.com,ezequiel,villalba,ar,,,,+541163632802,
nahuelleandrodiaz@hotmail.com,diaz,nahuel,ar,,,,+541165952434,
orjescarolina05@gmail.com,celia,carolina orjes,ar,,,,+541124709890,
mabigailromero118@gmail.com,martina,romero,ar,,,,+541160180992,
matiasmuggler@gmail.com,matias,ezequiel muggler,ar,,,,+541553840403,
luisinamuni@gmail.com,luisina,muni,ar,,,,+541142573699,
yanina150480@gmail.com,yanina,capasso,ar,,,,+541156965825,
agustinbaldiviezo01@gmail.com,agustín,baldiviezo,ar,,,,+542216494007,
hussonsofia@gmail.com,sofia,husson,ar,,,,+541135606502,
jaojo14@gmail.com,jose alberto,acosta,ar,,,,+541144490185,
laritab44@gmail.com,laura,bu,ar,,,,+541130625843,
andreavero557@hotmail.com,andrea veronica,paglione,ar,,,,+542235224667,
gustavosuarez576@gmail.com,yona,neirott,ar,,,,+543855066305,
alfredosoria994@gmail.com,cristian,soria,ar,,,,+543876283259,
nmorillof@gmail.com,noel,morillo,ar,,,,+542995290400,
castillojavierosvaldo@gmail.com,javier,castillo,ar,,,,+541169556390,
davidsua01107437@hotmail.com,luis david,suarez,ar,,,,+542995090144,
monirodripuebla89@gmail.com,daypilzoenao,puebla,ar,,,,+542994124442,
sajasgabrielaalejandra@gmail.com,dario,curto,ar,,,,+541158402655,
ricardomaximilianodecima33@gmail.com,ricardo,decima,ar,,,,+543814140843,
agumilagonza745@gmail.com,rodrigo javier,gonzalez,ar,,,,+541161547224,
soniarebolini02@gmail.com,monica sonia,rebolini,ar,,,,+542983400018,
heredpucci@yahoo.com.ar,hernan edgardo,pucci,ar,,,,+541140672358,
evelynlucianavallejos@gmail.com,eylin,cuccittini,ar,,,,+543625495864,
miguel2017ab@gmail.com,norma,martínez,ar,,,,+543794621561,
fogirotti@gmail.com,fernando,girotti,ar,,,,+541166367787,
barreralucia434@gmail.com,lucia,barrer,ar,,,,+543534799172,
daianabelen2606@gmail.com,ruben,rodriguez,ar,,,,+541165662904,
arieljoselaterza@gmail.com,ariel,laterza,ar,,,,,
estherteranvillegas@gmail.com,esther,terán villegas,ar,,,,+541176685358,
michelle.brito@live.com,michelle claudia,brito sanchez,ar,,,,+541165693357,
casmarlen@yahoo.com,marlen,cas,ar,,,,+543757551965,
martinezvanina852@gmail.com,elizabet vanina,martinez,ar,,,,+542323461093,
dronesdelnorte23@gmail.com,gustavo,comelli,ar,,,,+543873213833,
oscarbrenner1974@gmail.com,oscar,brenner,ar,,,,+542474566757,
mg1829069@gmail.com,marga,gonzalez,ar,,,,+543471348473,
zoegorosito25@gmail.com,david,gorosito,ar,,,,+541136456332,
thom_shei07@hotmail.com,eliana,gonzalez,ar,,,,+541162997269,
blamas185@gmail.com,bruno,lamas,ar,,,,+541161752844,
beludarroza@gmail.com,camila belén,darroza garcía,ar,,,,+541170732121,
