prospecto_id,conversacion_id,estado_actual,decision,criterio,fuente_principal,fecha_evidencia,email_enmascarado,telefono_enmascarado,motivo_exclusion_o_revision
285,142,Fuera de zona,PENDIENTE_REVISION,estado_no_calificado_canonico,asignaciones,2025-11-06 12:21:20.000000,m************@gmail.com,+54113****990,interaccion_whatsapp_posterior_a_descarte
415,397,Fuera de zona,PENDIENTE_REVISION,estado_no_calificado_canonico,asignaciones,2025-11-10 15:58:25.000000,m*******************@gmail.com,+54261****092,interaccion_whatsapp_posterior_a_descarte
671,326,Fuera de zona,PENDIENTE_REVISION,estado_no_calificado_canonico,asignaciones,2025-11-10 11:08:47.000000,f*********@gmail.com,+54263****973,interaccion_whatsapp_posterior_a_descarte
782,473,Fuera de zona,PENDIENTE_REVISION,estado_no_calificado_canonico,asignaciones,2025-11-10 17:03:30.000000,m**************@gmail.com,+54346****187,interaccion_whatsapp_posterior_a_descarte
1567,1100,Fuera de zona,PENDIENTE_REVISION,estado_no_calificado_canonico,asignaciones,2025-11-19 11:12:20.000000,a*********************@gmail.com,+54383****606,interaccion_whatsapp_posterior_a_descarte
1664,1171,Fuera de zona,PENDIENTE_REVISION,estado_no_calificado_canonico,asignaciones,2025-11-20 11:26:52.000000,g*************@gmail.com,+54116****315,interaccion_whatsapp_posterior_a_descarte
1725,1257,Fuera de zona,PENDIENTE_REVISION,estado_no_calificado_canonico,asignaciones,2025-11-21 16:30:47.000000,g*********************@gmail.com,+54223****984,interaccion_whatsapp_posterior_a_descarte
1820,1287,No busca cobertura médica,PENDIENTE_REVISION,estado_no_calificado_canonico,asignaciones,2026-05-07 12:42:18.000000,c***************@gmial.com,+54113****392,interaccion_whatsapp_posterior_a_descarte
2162,1536,Fuera de zona,PENDIENTE_REVISION,estado_no_calificado_canonico,asignaciones,2025-11-27 10:01:05.000000,m****************@gmail.com,+54264****232,interaccion_whatsapp_posterior_a_descarte
2272,1618,Fuera de zona,PENDIENTE_REVISION,estado_no_calificado_canonico,asignaciones,2025-11-28 10:42:32.000000,c***************@gmail.com,+54221****092,interaccion_whatsapp_posterior_a_descarte
2378,1695,Fuera de zona,PENDIENTE_REVISION,estado_no_calificado_canonico,asignaciones,2025-12-01 09:55:09.000000,j**************@gmail.com,+54222****183,interaccion_whatsapp_posterior_a_descarte
2904,2046,Fuera de zona,PENDIENTE_REVISION,estado_no_calificado_canonico,asignaciones,2025-12-04 12:01:54.000000,a***************@hotmail.com,+54348****409,interaccion_whatsapp_posterior_a_descarte
2932,2062,Fuera de zona,PENDIENTE_REVISION,estado_no_calificado_canonico,asignaciones,2025-12-04 14:35:52.000000,m**************@gmail.com,+54113****120,interaccion_whatsapp_posterior_a_descarte
3053,2144,Fuera de zona,PENDIENTE_REVISION,estado_no_calificado_canonico,asignaciones,2025-12-05 11:39:58.000000,c********************@gmail.com,+54348****380,interaccion_whatsapp_posterior_a_descarte
3409,2332,Fuera de zona,PENDIENTE_REVISION,estado_no_calificado_canonico,asignaciones,2025-12-09 11:00:38.000000,m*************************@gmal.com,+54382****628,interaccion_whatsapp_posterior_a_descarte
3433,2357,Fuera de zona,PENDIENTE_REVISION,estado_no_calificado_canonico,asignaciones,2025-12-09 11:14:55.000000,s********@gmail.com,+54388****056,interaccion_whatsapp_posterior_a_descarte
3602,2471,Fuera de zona,PENDIENTE_REVISION,estado_no_calificado_canonico,asignaciones,2025-12-10 16:45:30.000000,m******@gmail.com,+54364****032,interaccion_whatsapp_posterior_a_descarte
3618,2481,Fuera de zona,PENDIENTE_REVISION,estado_no_calificado_canonico,asignaciones,2025-12-10 16:29:33.000000,n*************@gmail.com,+54345****073,interaccion_whatsapp_posterior_a_descarte
3641,2494,Fuera de zona,PENDIENTE_REVISION,estado_no_calificado_canonico,asignaciones,2025-12-11 14:42:25.000000,e************@gmail.com,+54348****866,interaccion_whatsapp_posterior_a_descarte
3735,2544,Fuera de zona,PENDIENTE_REVISION,estado_no_calificado_canonico,asignaciones,2025-12-12 10:50:54.000000,g*************@gmail.com,+54351****437,interaccion_whatsapp_posterior_a_descarte
4061,2718,Fuera de zona,PENDIENTE_REVISION,estado_no_calificado_canonico,asignaciones,2025-12-15 15:03:00.000000,p***********@gmail.com,+54354****363,interaccion_whatsapp_posterior_a_descarte
4193,2804,Fuera de zona,PENDIENTE_REVISION,estado_no_calificado_canonico,asignaciones,2025-12-16 12:57:36.000000,t****************@gmail.com,+54223****378,interaccion_whatsapp_posterior_a_descarte
4295,2862,Fuera de zona,PENDIENTE_REVISION,estado_no_calificado_canonico,asignaciones,2025-12-17 11:40:28.000000,m********@gmail.com,+54112****624,interaccion_whatsapp_posterior_a_descarte
4307,2870,Fuera de zona,PENDIENTE_REVISION,estado_no_calificado_canonico,asignaciones,2025-12-17 14:14:32.000000,m*****************@gmil.com,+54362****119,interaccion_whatsapp_posterior_a_descarte
4561,3013,Fuera de zona,PENDIENTE_REVISION,estado_no_calificado_canonico,asignaciones,2025-12-19 17:09:24.000000,m**************@gmail.com,+54116****270,interaccion_whatsapp_posterior_a_descarte
4766,3120,Fuera de zona,PENDIENTE_REVISION,estado_no_calificado_canonico,asignaciones,2025-12-22 10:23:53.000000,c********************@gmail.com,+54385****383,interaccion_whatsapp_posterior_a_descarte
4914,3210,Fuera de zona,PENDIENTE_REVISION,estado_no_calificado_canonico,asignaciones,2025-12-23 17:24:12.000000,r************@gmail.com,+54112****733,interaccion_whatsapp_posterior_a_descarte
5082,3292,Fuera de zona,PENDIENTE_REVISION,estado_no_calificado_canonico,asignaciones,2025-12-26 11:02:13.000000,m************@gmail.com,+54113****153,interaccion_whatsapp_posterior_a_descarte
5292,3393,Fuera de zona,PENDIENTE_REVISION,estado_no_calificado_canonico,asignaciones,2025-12-28 12:13:40.000000,u******************@gmail.com,+54351****961,interaccion_whatsapp_posterior_a_descarte
5366,3431,Fuera de zona,PENDIENTE_REVISION,estado_no_calificado_canonico,asignaciones,2025-12-29 11:37:28.000000,s***************@gmail.com,+54375****647,interaccion_whatsapp_posterior_a_descarte
5394,3459,Fuera de zona,PENDIENTE_REVISION,estado_no_calificado_canonico,asignaciones,2025-12-29 11:32:50.000000,a***********@gmail.com,+54358****141,interaccion_whatsapp_posterior_a_descarte
5503,3531,Fuera de zona,PENDIENTE_REVISION,estado_no_calificado_canonico,asignaciones,2025-12-30 10:57:23.000000,a***********@gmail.com,+54387****990,interaccion_whatsapp_posterior_a_descarte
5541,3551,Fuera de zona,PENDIENTE_REVISION,estado_no_calificado_canonico,asignaciones,2025-12-30 12:24:01.000000,c***********************@gmail.com,+54375****495,interaccion_whatsapp_posterior_a_descarte
5660,3604,Fuera de zona,PENDIENTE_REVISION,estado_no_calificado_canonico,asignaciones,2026-01-02 12:09:10.000000,s****************@gmail.com,+54236****032,interaccion_whatsapp_posterior_a_descarte
5832,3710,Fuera de zona,PENDIENTE_REVISION,estado_no_calificado_canonico,asignaciones,2026-01-02 16:41:45.000000,s**************@gmail.com,+54221****250,interaccion_whatsapp_posterior_a_descarte
6106,3860,Fuera de zona,PENDIENTE_REVISION,estado_no_calificado_canonico,asignaciones,2026-01-06 11:57:54.000000,n************@gmai.com,+54388****245,interaccion_whatsapp_posterior_a_descarte
6290,3960,Fuera de zona,PENDIENTE_REVISION,estado_no_calificado_canonico,asignaciones,2026-01-08 11:45:52.000000,t***************@gmail.com,+54354****530,interaccion_whatsapp_posterior_a_descarte
6473,4061,Fuera de zona,PENDIENTE_REVISION,estado_no_calificado_canonico,asignaciones,2026-01-10 13:51:56.000000,d***********@gmail.com,+54342****327,interaccion_whatsapp_posterior_a_descarte
6612,4133,Fuera de zona,PENDIENTE_REVISION,estado_no_calificado_canonico,asignaciones,2026-01-12 17:44:54.000000,s*********@gmail.com,+54351****086,interaccion_whatsapp_posterior_a_descarte
7156,4433,Fuera de zona,PENDIENTE_REVISION,estado_no_calificado_canonico,asignaciones,2026-01-20 13:10:30.000000,a***********@gmail.com,+54298****624,interaccion_whatsapp_posterior_a_descarte
7360,4541,Fuera de zona,PENDIENTE_REVISION,estado_no_calificado_canonico,asignaciones,2026-01-22 16:30:06.000000,f**************@gmail.com,+54291****443,interaccion_whatsapp_posterior_a_descarte
7695,4719,No busca cobertura médica,PENDIENTE_REVISION,estado_no_calificado_canonico,asignaciones,2026-01-28 09:50:36.000000,h******@gmail.com,+54115****253,interaccion_whatsapp_posterior_a_descarte
7697,4721,Fuera de zona,PENDIENTE_REVISION,estado_no_calificado_canonico,asignaciones,2026-01-28 10:33:17.000000,o**************@gmail.com,+54221****460,interaccion_whatsapp_posterior_a_descarte
7798,4772,Fuera de zona,PENDIENTE_REVISION,estado_no_calificado_canonico,asignaciones,2026-01-29 17:43:43.000000,b**********@hotmail.com,+54232****433,interaccion_whatsapp_posterior_a_descarte
7990,4878,No busca cobertura médica,PENDIENTE_REVISION,estado_no_calificado_canonico,asignaciones,2026-02-02 12:37:21.000000,s******@eplconsultores.com.ar,+54112****197,interaccion_whatsapp_posterior_a_descarte
8070,4916,Fuera de zona,PENDIENTE_REVISION,estado_no_calificado_canonico,asignaciones,2026-02-03 10:30:38.000000,c************@gmail.com,+54113****988,interaccion_whatsapp_posterior_a_descarte
8084,4925,Fuera de zona,PENDIENTE_REVISION,estado_no_calificado_canonico,asignaciones,2026-02-03 13:23:57.000000,a*************@gmail.com,+54223****601,interaccion_whatsapp_posterior_a_descarte
8262,5023,Fuera de zona,PENDIENTE_REVISION,estado_no_calificado_canonico,asignaciones,2026-02-05 18:43:00.000000,a*******@hotmail.com,+54113****200,interaccion_whatsapp_posterior_a_descarte
8283,5036,Fuera de zona,PENDIENTE_REVISION,estado_no_calificado_canonico,asignaciones,2026-02-05 15:06:13.000000,c************************@gmail.com,+54224****969,interaccion_whatsapp_posterior_a_descarte
8361,5070,Fuera de zona,PENDIENTE_REVISION,estado_no_calificado_canonico,asignaciones,2026-02-06 14:11:04.000000,m*********@gmail.com,+54234****671,interaccion_whatsapp_posterior_a_descarte
8741,5281,Fuera de zona,PENDIENTE_REVISION,estado_no_calificado_canonico,asignaciones,2026-02-11 12:31:28.000000,a************@gmail.com,+54298****410,interaccion_whatsapp_posterior_a_descarte
8760,5290,Fuera de zona,PENDIENTE_REVISION,estado_no_calificado_canonico,asignaciones,2026-02-11 16:08:59.000000,j***************@hotmail.com,+54221****160,interaccion_whatsapp_posterior_a_descarte
8777,5299,Fuera de zona,PENDIENTE_REVISION,estado_no_calificado_canonico,asignaciones,2026-02-11 17:55:18.000000,c*********@icloud.com,+54112****956,interaccion_whatsapp_posterior_a_descarte
8829,5339,Fuera de zona,PENDIENTE_REVISION,estado_no_calificado_canonico,asignaciones,2026-02-12 10:40:11.000000,j***************@gmil.com,+54222****550,interaccion_whatsapp_posterior_a_descarte
8832,5331,No busca cobertura médica,PENDIENTE_REVISION,estado_no_calificado_canonico,asignaciones,2026-02-12 11:32:13.000000,r************@gmail.com,+54291****964,interaccion_whatsapp_posterior_a_descarte
8882,5351,No busca cobertura médica,PENDIENTE_REVISION,estado_no_calificado_canonico,asignaciones,2026-02-12 16:16:31.000000,c*****************@gmail.com,+54344****144,interaccion_whatsapp_posterior_a_descarte
15367,5496,Fuera de zona,PENDIENTE_REVISION,estado_no_calificado_canonico,asignaciones,2026-02-27 13:34:28.000000,a******************@icloud.com,+54113****472,interaccion_whatsapp_posterior_a_descarte
15714,5720,No busca cobertura médica,PENDIENTE_REVISION,estado_no_calificado_canonico,asignaciones,2026-03-04 17:13:10.000000,t**************@gmail.com,+54116****644,interaccion_whatsapp_posterior_a_descarte
15758,5739,Fuera de zona,PENDIENTE_REVISION,estado_no_calificado_canonico,asignaciones,2026-03-04 14:43:33.000000,c*************@gmail.com,+54341****097,interaccion_whatsapp_posterior_a_descarte
15809,5762,No busca cobertura médica,PENDIENTE_REVISION,estado_no_calificado_canonico,asignaciones,2026-03-05 12:26:20.000000,c***********@gmail.com,+54232****983,interaccion_whatsapp_posterior_a_descarte
15899,5811,Fuera de zona,PENDIENTE_REVISION,estado_no_calificado_canonico,asignaciones,2026-03-06 17:07:25.000000,l***********@gmail.com,+54112****093,interaccion_whatsapp_posterior_a_descarte
16315,5990,No busca cobertura médica,PENDIENTE_REVISION,estado_no_calificado_canonico,asignaciones,2026-03-11 13:51:53.000000,g*****************@gmail.com,+54116****781,interaccion_whatsapp_posterior_a_descarte
16333,6003,No busca cobertura médica,PENDIENTE_REVISION,estado_no_calificado_canonico,asignaciones,2026-03-11 16:12:20.000000,l**************@gmail.com,+54115****056,interaccion_whatsapp_posterior_a_descarte
16411,6039,No busca cobertura médica,PENDIENTE_REVISION,estado_no_calificado_canonico,asignaciones,2026-03-12 12:29:01.000000,c****************@gmail.com,+54115****025,interaccion_whatsapp_posterior_a_descarte
16417,6044,No busca cobertura médica,PENDIENTE_REVISION,estado_no_calificado_canonico,asignaciones,2026-03-13 14:50:22.000000,v************@icloud.com,+54113****497,interaccion_whatsapp_posterior_a_descarte
16494,6085,No busca cobertura médica,PENDIENTE_REVISION,estado_no_calificado_canonico,asignaciones,2026-03-13 12:24:33.000000,f***************@gmail.com,+54222****434,interaccion_whatsapp_posterior_a_descarte
16774,6221,No busca cobertura médica,PENDIENTE_REVISION,estado_no_calificado_canonico,asignaciones,2026-03-17 10:31:44.000000,f*********@gmail.com,+54114****944,interaccion_whatsapp_posterior_a_descarte
16802,6230,Fuera de zona,PENDIENTE_REVISION,estado_no_calificado_canonico,asignaciones,2026-03-17 11:43:23.000000,p*******@gmail.com,+54298****716,interaccion_whatsapp_posterior_a_descarte
16805,6233,Fuera de zona,PENDIENTE_REVISION,estado_no_calificado_canonico,asignaciones,2026-03-17 12:59:51.000000,e*************@icloud.com,+54115****759,interaccion_whatsapp_posterior_a_descarte
16822,6239,Fuera de zona,PENDIENTE_REVISION,estado_no_calificado_canonico,asignaciones,2026-03-17 16:19:57.000000,e***********@hotmail.com,+54221****558,interaccion_whatsapp_posterior_a_descarte
16987,6320,Fuera de zona,PENDIENTE_REVISION,estado_no_calificado_canonico,asignaciones,2026-03-19 12:26:57.000000,n*************@gmail.com,+54113****961,interaccion_whatsapp_posterior_a_descarte
17069,6365,Fuera de zona,PENDIENTE_REVISION,estado_no_calificado_canonico,asignaciones,2026-03-20 13:04:16.000000,n****************************@gmil.com,+54385****609,interaccion_whatsapp_posterior_a_descarte
17187,6424,No busca cobertura médica,PENDIENTE_REVISION,estado_no_calificado_canonico,asignaciones,2026-03-23 13:11:15.000000,a****************@gmail.com,+54224****922,interaccion_whatsapp_posterior_a_descarte
17368,6500,Fuera de zona,PENDIENTE_REVISION,estado_no_calificado_canonico,asignaciones,2026-03-25 13:52:17.000000,p***************@gmail.com,+54113****644,interaccion_whatsapp_posterior_a_descarte
17586,6604,No busca cobertura médica,PENDIENTE_REVISION,estado_no_calificado_canonico,asignaciones,2026-03-27 11:07:36.000000,t****************@gmail.com,+54221****202,interaccion_whatsapp_posterior_a_descarte
17792,6705,No busca cobertura médica,PENDIENTE_REVISION,estado_no_calificado_canonico,asignaciones,2026-03-30 09:58:15.000000,f**********@gmail.com,+54113****124,interaccion_whatsapp_posterior_a_descarte
17921,6771,No busca cobertura médica,PENDIENTE_REVISION,estado_no_calificado_canonico,asignaciones,2026-03-31 14:37:35.000000,b******************@gmail.com,+54387****468,interaccion_whatsapp_posterior_a_descarte
17923,6773,Fuera de zona,PENDIENTE_REVISION,estado_no_calificado_canonico,asignaciones,2026-03-31 15:48:01.000000,c************@gmail.com,+54384****578,interaccion_whatsapp_posterior_a_descarte
18083,"6841,7008",No busca cobertura médica,PENDIENTE_REVISION,estado_no_calificado_canonico,asignaciones,2026-04-06 15:29:30.000000,j**************@gmail.com,+54112****957,interaccion_whatsapp_posterior_a_descarte
18130,6867,No busca cobertura médica,PENDIENTE_REVISION,estado_no_calificado_canonico,asignaciones,2026-04-03 02:13:34.000000,o**********************@gmail.com,+54297****708,interaccion_whatsapp_posterior_a_descarte
18135,6870,No busca cobertura médica,PENDIENTE_REVISION,estado_no_calificado_canonico,asignaciones,2026-04-03 02:13:59.000000,g***************@mail.com,+54387****837,interaccion_whatsapp_posterior_a_descarte
18143,6872,No busca cobertura médica,PENDIENTE_REVISION,estado_no_calificado_canonico,asignaciones,2026-04-03 02:12:23.000000,f***********@gmail.com,+54224****615,interaccion_whatsapp_posterior_a_descarte
18149,6874,No busca cobertura médica,PENDIENTE_REVISION,estado_no_calificado_canonico,asignaciones,2026-04-03 10:32:42.000000,t***************@gmail.com,+54113****444,interaccion_whatsapp_posterior_a_descarte
18161,6879,Fuera de zona,PENDIENTE_REVISION,estado_no_calificado_canonico,asignaciones,2026-04-03 10:59:43.000000,l****************@gmail.com,+54385****363,interaccion_whatsapp_posterior_a_descarte
18179,6883,Fuera de zona,PENDIENTE_REVISION,estado_no_calificado_canonico,asignaciones,2026-04-03 14:35:46.000000,f*******@gmail.com,+54382****698,interaccion_whatsapp_posterior_a_descarte
18205,6896,Fuera de zona,PENDIENTE_REVISION,estado_no_calificado_canonico,asignaciones,2026-04-04 11:25:21.000000,c**************@gmail.com,+54387****161,interaccion_whatsapp_posterior_a_descarte
18251,6913,Fuera de zona,PENDIENTE_REVISION,estado_no_calificado_canonico,asignaciones,2026-04-04 12:09:57.000000,c********@gmail.com,+54266****018,interaccion_whatsapp_posterior_a_descarte
18300,6949,Fuera de zona,PENDIENTE_REVISION,estado_no_calificado_canonico,asignaciones,2026-04-05 10:05:31.000000,p***************@gmail.com,+54371****532,interaccion_whatsapp_posterior_a_descarte
18328,6957,Fuera de zona,PENDIENTE_REVISION,estado_no_calificado_canonico,asignaciones,2026-04-05 21:58:00.000000,g****************@gmail.com,+54290****575,interaccion_whatsapp_posterior_a_descarte
18363,6971,No busca cobertura médica,PENDIENTE_REVISION,estado_no_calificado_canonico,asignaciones,2026-04-06 09:57:13.000000,t*************@gmail.com,+54114****939,interaccion_whatsapp_posterior_a_descarte
18379,6978,Fuera de zona,PENDIENTE_REVISION,estado_no_calificado_canonico,asignaciones,2026-04-06 11:02:38.000000,s***********@gmail.com,+54261****558,interaccion_whatsapp_posterior_a_descarte
18381,6981,Fuera de zona,PENDIENTE_REVISION,estado_no_calificado_canonico,asignaciones,2026-04-06 11:03:03.000000,p****************@gmail.com,+54376****384,interaccion_whatsapp_posterior_a_descarte
18400,6989,No busca cobertura médica,PENDIENTE_REVISION,estado_no_calificado_canonico,asignaciones,2026-04-06 15:04:30.000000,m***************@gmail.com,+54343****204,interaccion_whatsapp_posterior_a_descarte
18453,7066,No busca cobertura médica,PENDIENTE_REVISION,estado_no_calificado_canonico,asignaciones,2026-04-07 12:53:29.000000,b********@gmail.com,+54236****561,interaccion_whatsapp_posterior_a_descarte
18494,7072,Fuera de zona,PENDIENTE_REVISION,estado_no_calificado_canonico,asignaciones,2026-04-07 12:43:09.000000,p**************@gmail.com,+54351****446,interaccion_whatsapp_posterior_a_descarte
18522,7092,No busca cobertura médica,PENDIENTE_REVISION,estado_no_calificado_canonico,asignaciones,2026-04-07 16:46:50.000000,m*****************@gmail.com,+54115****848,interaccion_whatsapp_posterior_a_descarte
18536,7097,Fuera de zona,PENDIENTE_REVISION,estado_no_calificado_canonico,asignaciones,2026-04-07 17:34:12.000000,z**************@gmail.com,+54345****371,interaccion_whatsapp_posterior_a_descarte
18576,7115,Fuera de zona,PENDIENTE_REVISION,estado_no_calificado_canonico,asignaciones,2026-04-08 11:58:44.000000,e**************@gmail.com,+54221****651,interaccion_whatsapp_posterior_a_descarte
18592,"7124,7125",Fuera de zona,PENDIENTE_REVISION,estado_no_calificado_canonico,asignaciones,2026-04-08 12:56:57.000000,z******************@gmail.com,+54345****196,interaccion_whatsapp_posterior_a_descarte
18605,7130,No busca cobertura médica,PENDIENTE_REVISION,estado_no_calificado_canonico,asignaciones,2026-04-08 15:13:41.000000,c***********@gmail.com,+54115****638,interaccion_whatsapp_posterior_a_descarte
18612,7132,Fuera de zona,PENDIENTE_REVISION,estado_no_calificado_canonico,asignaciones,2026-04-08 15:29:57.000000,l********@gmail.com,+54265****072,interaccion_whatsapp_posterior_a_descarte
18616,7135,Fuera de zona,PENDIENTE_REVISION,estado_no_calificado_canonico,asignaciones,2026-04-09 12:50:51.000000,n*****************@gmail.com,+54261****326,interaccion_whatsapp_posterior_a_descarte
18623,7137,No busca cobertura médica,PENDIENTE_REVISION,estado_no_calificado_canonico,asignaciones,2026-04-08 16:14:46.000000,p********@gmail.com,+54112****903,interaccion_whatsapp_posterior_a_descarte
18682,7167,No busca cobertura médica,PENDIENTE_REVISION,estado_no_calificado_canonico,asignaciones,2026-04-09 12:04:43.000000,c****************@gmail.com,+54373****372,interaccion_whatsapp_posterior_a_descarte
18690,7172,Fuera de zona,PENDIENTE_REVISION,estado_no_calificado_canonico,asignaciones,2026-04-09 10:59:22.000000,r*******************@gmail.com,+54221****055,interaccion_whatsapp_posterior_a_descarte
18701,"7179,7180",Fuera de zona,PENDIENTE_REVISION,estado_no_calificado_canonico,asignaciones,2026-04-09 13:24:08.000000,m**********@gmail.com,+54345****015,interaccion_whatsapp_posterior_a_descarte
18702,7181,Fuera de zona,PENDIENTE_REVISION,estado_no_calificado_canonico,asignaciones,2026-04-09 15:43:05.000000,e**********@gmail.com,+54296****167,interaccion_whatsapp_posterior_a_descarte
18733,7196,Fuera de zona,PENDIENTE_REVISION,estado_no_calificado_canonico,asignaciones,2026-04-10 11:13:52.000000,j******************@gmail.com,+54115****469,interaccion_whatsapp_posterior_a_descarte
18772,7258,No busca cobertura médica,PENDIENTE_REVISION,estado_no_calificado_canonico,asignaciones,2026-04-10 14:39:36.000000,g******************@gmail.com,+54112****926,interaccion_whatsapp_posterior_a_descarte
18871,7303,Fuera de zona,PENDIENTE_REVISION,estado_no_calificado_canonico,asignaciones,2026-04-11 16:42:22.000000,h*****************@gmail.com,+54344****583,interaccion_whatsapp_posterior_a_descarte
18974,7361,Fuera de zona,PENDIENTE_REVISION,estado_no_calificado_canonico,asignaciones,2026-04-13 11:59:42.000000,f***********@gmail.com,+54387****516,interaccion_whatsapp_posterior_a_descarte
18978,7363,No busca cobertura médica,PENDIENTE_REVISION,estado_no_calificado_canonico,asignaciones,2026-04-13 09:32:28.000000,a*******************@gmail.com,+54340****859,interaccion_whatsapp_posterior_a_descarte
19002,7373,Fuera de zona,PENDIENTE_REVISION,estado_no_calificado_canonico,asignaciones,2026-04-13 12:31:10.000000,n*********@gmail.com,+54385****321,interaccion_whatsapp_posterior_a_descarte
19007,7375,Fuera de zona,PENDIENTE_REVISION,estado_no_calificado_canonico,asignaciones,2026-04-13 11:21:46.000000,s*****************@gmail.com,+54113****362,interaccion_whatsapp_posterior_a_descarte
19019,7380,No busca cobertura médica,PENDIENTE_REVISION,estado_no_calificado_canonico,asignaciones,2026-04-13 13:52:14.000000,m**********@gmail.com,+54113****612,interaccion_whatsapp_posterior_a_descarte
19041,7394,Fuera de zona,PENDIENTE_REVISION,estado_no_calificado_canonico,asignaciones,2026-04-13 14:49:31.000000,y******************@gmail.com,+54343****212,interaccion_whatsapp_posterior_a_descarte
19156,7448,No busca cobertura médica,PENDIENTE_REVISION,estado_no_calificado_canonico,asignaciones,2026-04-14 14:10:59.000000,e******************@gmail.com,+54116****539,interaccion_whatsapp_posterior_a_descarte
19439,7578,No busca cobertura médica,PENDIENTE_REVISION,estado_no_calificado_canonico,asignaciones,2026-04-17 10:37:47.000000,z***************@gmail.com,+54229****565,interaccion_whatsapp_posterior_a_descarte
19459,7588,No busca cobertura médica,PENDIENTE_REVISION,estado_no_calificado_canonico,asignaciones,2026-04-17 14:10:28.000000,m*******@hotmail.com,+54116****808,interaccion_whatsapp_posterior_a_descarte
19462,7589,Fuera de zona,PENDIENTE_REVISION,estado_no_calificado_canonico,asignaciones,2026-04-17 14:18:43.000000,c********************@gmail.com,+54383****311,interaccion_whatsapp_posterior_a_descarte
19558,7640,Fuera de zona,PENDIENTE_REVISION,estado_no_calificado_canonico,asignaciones,2026-04-18 18:42:31.000000,c**********@gmail.com,+54249****438,interaccion_whatsapp_posterior_a_descarte
19576,7648,Fuera de zona,PENDIENTE_REVISION,estado_no_calificado_canonico,asignaciones,2026-04-19 15:37:39.000000,a***********************@gmail.com,+54353****212,interaccion_whatsapp_posterior_a_descarte
19578,7649,No busca cobertura médica,PENDIENTE_REVISION,estado_no_calificado_canonico,asignaciones,2026-04-20 12:34:39.000000,b**********@gmail.com,+54112****120,interaccion_whatsapp_posterior_a_descarte
19594,7656,Fuera de zona,PENDIENTE_REVISION,estado_no_calificado_canonico,asignaciones,2026-04-20 11:02:18.000000,m***************@gmail.com,+54234****449,interaccion_whatsapp_posterior_a_descarte
19657,7687,No busca cobertura médica,PENDIENTE_REVISION,estado_no_calificado_canonico,asignaciones,2026-04-20 13:11:32.000000,c***********@gmail.com,+54116****245,interaccion_whatsapp_posterior_a_descarte
19665,7692,Fuera de zona,PENDIENTE_REVISION,estado_no_calificado_canonico,asignaciones,2026-04-20 13:57:34.000000,r************@gmail.com,+54374****607,interaccion_whatsapp_posterior_a_descarte
19681,7705,No busca cobertura médica,PENDIENTE_REVISION,estado_no_calificado_canonico,asignaciones,2026-04-20 15:51:22.000000,c*************@gmail.com,+54112****873,interaccion_whatsapp_posterior_a_descarte
19788,7744,Fuera de zona,PENDIENTE_REVISION,estado_no_calificado_canonico,asignaciones,2026-04-21 16:42:09.000000,v*******************@gmail.com,+54342****343,interaccion_whatsapp_posterior_a_descarte
19953,7820,Fuera de zona,PENDIENTE_REVISION,estado_no_calificado_canonico,asignaciones,2026-04-23 16:16:35.000000,m*********@hotmail.com,+54117****400,interaccion_whatsapp_posterior_a_descarte
19967,7832,Fuera de zona,PENDIENTE_REVISION,estado_no_calificado_canonico,asignaciones,2026-04-23 17:34:46.000000,n**************@gmail.com,+54377****500,interaccion_whatsapp_posterior_a_descarte
19969,7833,Fuera de zona,PENDIENTE_REVISION,estado_no_calificado_canonico,asignaciones,2026-04-23 16:10:36.000000,a****************@gmail.com,+54265****973,interaccion_whatsapp_posterior_a_descarte
19977,7845,No busca cobertura médica,PENDIENTE_REVISION,estado_no_calificado_canonico,asignaciones,2026-04-23 17:31:18.000000,s********************@gmail.com,+54230****173,interaccion_whatsapp_posterior_a_descarte
20052,7880,No busca cobertura médica,PENDIENTE_REVISION,estado_no_calificado_canonico,asignaciones,2026-04-24 15:49:00.000000,r***************@gmail.com,+54115****822,interaccion_whatsapp_posterior_a_descarte
20222,7948,Fuera de zona,PENDIENTE_REVISION,estado_no_calificado_canonico,asignaciones,2026-04-27 14:31:09.000000,b**************@gmail.com,+54294****155,interaccion_whatsapp_posterior_a_descarte
20342,8008,Fuera de zona,PENDIENTE_REVISION,estado_no_calificado_canonico,asignaciones,2026-04-28 15:58:17.000000,j*******************@gmail.com,+54116****909,interaccion_whatsapp_posterior_a_descarte
20351,8015,Fuera de zona,PENDIENTE_REVISION,estado_no_calificado_canonico,asignaciones,2026-04-28 17:45:06.000000,l**********@gmail.com,+54261****414,interaccion_whatsapp_posterior_a_descarte
20502,8095,No busca cobertura médica,PENDIENTE_REVISION,estado_no_calificado_canonico,asignaciones,2026-04-30 17:43:24.000000,f*************@gmail.com,+54112****224,interaccion_whatsapp_posterior_a_descarte
20596,"8140,8171",No busca cobertura médica,PENDIENTE_REVISION,estado_no_calificado_canonico,asignaciones,2026-05-04 16:52:22.000000,c**************@gmail.com,+54117****053,interaccion_whatsapp_posterior_a_descarte
20640,8162,No busca cobertura médica,PENDIENTE_REVISION,estado_no_calificado_canonico,asignaciones,2026-05-04 12:25:14.000000,b*********@gmail.com,+54228****230,interaccion_whatsapp_posterior_a_descarte
20733,8198,No busca cobertura médica,PENDIENTE_REVISION,estado_no_calificado_canonico,asignaciones,2026-05-05 14:18:08.000000,m**************@gmail.com,+54113****537,interaccion_whatsapp_posterior_a_descarte
20781,8218,No busca cobertura médica,PENDIENTE_REVISION,estado_no_calificado_canonico,asignaciones,2026-05-06 09:33:50.000000,p***********@gmail.com,+54116****450,interaccion_whatsapp_posterior_a_descarte
21182,8367,Fuera de zona,PENDIENTE_REVISION,estado_no_calificado_canonico,asignaciones,2026-05-12 11:44:38.000000,l************@gmail.com,+54294****191,interaccion_whatsapp_posterior_a_descarte
21283,8399,No busca cobertura médica,PENDIENTE_REVISION,estado_no_calificado_canonico,asignaciones,2026-05-13 13:02:56.000000,j******************@gmail.com,+54113****590,interaccion_whatsapp_posterior_a_descarte
21351,8418,Fuera de zona,PENDIENTE_REVISION,estado_no_calificado_canonico,asignaciones,2026-05-14 11:46:22.000000,z*******@gmail.com,+54378****495,interaccion_whatsapp_posterior_a_descarte
21625,8518,Fuera de zona,PENDIENTE_REVISION,estado_no_calificado_canonico,asignaciones,2026-05-19 09:56:32.000000,l*****************@gmail.com,+54113****873,interaccion_whatsapp_posterior_a_descarte
21804,8594,No busca cobertura médica,PENDIENTE_REVISION,estado_no_calificado_canonico,asignaciones,2026-05-21 13:57:23.000000,r**************@gmail.com,+54388****187,interaccion_whatsapp_posterior_a_descarte
21865,8621,No busca cobertura médica,PENDIENTE_REVISION,estado_no_calificado_canonico,asignaciones,2026-05-22 11:05:23.000000,c*************@gmail.com,+54113****121,interaccion_whatsapp_posterior_a_descarte
22151,8743,No busca cobertura médica,PENDIENTE_REVISION,estado_no_calificado_canonico,asignaciones,2026-05-27 15:17:50.000000,m*****************@gmail.com,+54113****154,interaccion_whatsapp_posterior_a_descarte
22176,8750,Fuera de zona,PENDIENTE_REVISION,estado_no_calificado_canonico,asignaciones,2026-05-27 14:05:37.000000,y*************@gmail.com,+54113****063,interaccion_whatsapp_posterior_a_descarte
22329,8810,No busca cobertura médica,PENDIENTE_REVISION,estado_no_calificado_canonico,asignaciones,2026-05-29 10:05:09.000000,r***********@gmail.com,+54113****701,interaccion_whatsapp_posterior_a_descarte
22335,8814,No busca cobertura médica,PENDIENTE_REVISION,estado_no_calificado_canonico,asignaciones,2026-05-29 10:34:48.000000,r***********@gmail.com,+54351****524,interaccion_whatsapp_posterior_a_descarte
22728,8945,No busca cobertura médica,PENDIENTE_REVISION,estado_no_calificado_canonico,asignaciones,2026-06-03 16:42:52.000000,j**********@gmail.com,+54299****440,interaccion_whatsapp_posterior_a_descarte
22864,8988,No busca cobertura médica,PENDIENTE_REVISION,estado_no_calificado_canonico,asignaciones,2026-06-04 15:29:16.000000,n*********@ledevit.com,+54113****627,interaccion_whatsapp_posterior_a_descarte
22925,9010,Fuera de zona,PENDIENTE_REVISION,estado_no_calificado_canonico,asignaciones,2026-06-05 10:59:40.000000,d***************@gmail.com,+54343****476,interaccion_whatsapp_posterior_a_descarte
23130,9103,No busca cobertura médica,PENDIENTE_REVISION,estado_no_calificado_canonico,asignaciones,2026-06-08 14:03:47.000000,m***************@gmail.com,+54117****425,interaccion_whatsapp_posterior_a_descarte
23162,9118,No busca cobertura médica,PENDIENTE_REVISION,estado_no_calificado_canonico,asignaciones,2026-06-08 15:57:29.000000,d************@hotmail.com,+54115****062,interaccion_whatsapp_posterior_a_descarte
23174,9120,No busca cobertura médica,PENDIENTE_REVISION,estado_no_calificado_canonico,asignaciones,2026-06-08 16:55:43.000000,n***************@gmail.com,+54114****873,interaccion_whatsapp_posterior_a_descarte
23291,9166,No busca cobertura médica,PENDIENTE_REVISION,estado_no_calificado_canonico,asignaciones,2026-06-09 15:41:13.000000,l********@gmail.com,+54232****217,interaccion_whatsapp_posterior_a_descarte
23467,9234,No busca cobertura médica,PENDIENTE_REVISION,estado_no_calificado_canonico,asignaciones,2026-06-10 16:01:59.000000,e**********@gmail.com,+54112****290,interaccion_whatsapp_posterior_a_descarte
23528,9257,No busca cobertura médica,PENDIENTE_REVISION,estado_no_calificado_canonico,asignaciones,2026-06-11 09:02:19.000000,d**********************@gmail.com,+54113****388,interaccion_whatsapp_posterior_a_descarte
23619,9299,Fuera de zona,PENDIENTE_REVISION,estado_no_calificado_canonico,asignaciones,2026-06-11 16:39:54.000000,l*******************@gmail.com,+54112****378,interaccion_whatsapp_posterior_a_descarte
23729,9346,No busca cobertura médica,PENDIENTE_REVISION,estado_no_calificado_canonico,asignaciones,2026-06-12 14:01:47.000000,g******************@gmail.com,+54222****615,interaccion_whatsapp_posterior_a_descarte
23742,9354,No busca cobertura médica,PENDIENTE_REVISION,estado_no_calificado_canonico,asignaciones,2026-06-12 16:18:33.000000,z************@gmail.com,+54114****703,interaccion_whatsapp_posterior_a_descarte
23808,9392,No busca cobertura médica,PENDIENTE_REVISION,estado_no_calificado_canonico,asignaciones,2026-06-13 12:35:39.000000,a*****************@gmail.com,+54116****694,interaccion_whatsapp_posterior_a_descarte
23959,9459,No busca cobertura médica,PENDIENTE_REVISION,estado_no_calificado_canonico,asignaciones,2026-06-16 12:53:47.000000,v***********@hotmail.com,+54911*****816,interaccion_whatsapp_posterior_a_descarte
24337,9615,Fuera de zona,PENDIENTE_REVISION,estado_no_calificado_canonico,asignaciones,2026-06-18 14:37:55.000000,g*****************@gmail.com,+54344****799,interaccion_whatsapp_posterior_a_descarte
24363,9626,Fuera de zona,PENDIENTE_REVISION,estado_no_calificado_canonico,asignaciones,2026-06-18 16:13:01.000000,t******@gmail.com,+54266****284,interaccion_whatsapp_posterior_a_descarte
24478,9668,No busca cobertura médica,PENDIENTE_REVISION,estado_no_calificado_canonico,asignaciones,2026-06-19 17:21:49.000000,g*************@gmail.com,+54117****998,interaccion_whatsapp_posterior_a_descarte
24481,9671,No busca cobertura médica,PENDIENTE_REVISION,estado_no_calificado_canonico,asignaciones,2026-06-19 15:48:18.000000,h**************@gmail.com,+54235****179,interaccion_whatsapp_posterior_a_descarte
24497,9675,Fuera de zona,PENDIENTE_REVISION,estado_no_calificado_canonico,asignaciones,2026-06-19 17:21:59.000000,l********@gmail.com,+54292****816,interaccion_whatsapp_posterior_a_descarte
24594,9709,No busca cobertura médica,PENDIENTE_REVISION,estado_no_calificado_canonico,asignaciones,2026-06-22 12:31:48.000000,m********************@gmail.com,+54221****274,interaccion_whatsapp_posterior_a_descarte
24827,9819,No busca cobertura médica,PENDIENTE_REVISION,estado_no_calificado_canonico,asignaciones,2026-06-23 15:32:20.000000,n************@gmail.com,+54266****165,interaccion_whatsapp_posterior_a_descarte
24870,9834,No busca cobertura médica,PENDIENTE_REVISION,estado_no_calificado_canonico,asignaciones,2026-06-23 17:19:04.000000,e***********************@gmail.com,+54266****657,interaccion_whatsapp_posterior_a_descarte
24871,9835,No busca cobertura médica,PENDIENTE_REVISION,estado_no_calificado_canonico,asignaciones,2026-06-23 16:50:53.000000,g**************@gmail.com,+54388****096,interaccion_whatsapp_posterior_a_descarte
25045,9904,No busca cobertura médica,PENDIENTE_REVISION,estado_no_calificado_canonico,asignaciones,2026-06-25 10:53:47.000000,a***********@gmail.com,+54115****424,interaccion_whatsapp_posterior_a_descarte
25057,9909,Fuera de zona,PENDIENTE_REVISION,estado_no_calificado_canonico,asignaciones,2026-06-25 10:58:35.000000,b*******************@gmail.com,+54221****357,interaccion_whatsapp_posterior_a_descarte
25083,9914,Fuera de zona,PENDIENTE_REVISION,estado_no_calificado_canonico,asignaciones,2026-06-25 13:56:52.000000,m***************@gmail.com,+54353****299,interaccion_whatsapp_posterior_a_descarte
25094,9919,Fuera de zona,PENDIENTE_REVISION,estado_no_calificado_canonico,asignaciones,2026-06-25 14:03:02.000000,b************@gmail.com,+54356****825,interaccion_whatsapp_posterior_a_descarte
25201,9969,No busca cobertura médica,PENDIENTE_REVISION,estado_no_calificado_canonico,asignaciones,2026-06-26 11:38:59.000000,n****************@gmail.com,+54116****953,interaccion_whatsapp_posterior_a_descarte
25219,9975,No busca cobertura médica,PENDIENTE_REVISION,estado_no_calificado_canonico,asignaciones,2026-06-26 12:09:39.000000,l****************@gmail.com,+54262****163,interaccion_whatsapp_posterior_a_descarte
25364,10033,No busca cobertura médica,PENDIENTE_REVISION,estado_no_calificado_canonico,asignaciones,2026-06-29 14:01:48.000000,d***************@gmail.com,+54116****687,interaccion_whatsapp_posterior_a_descarte
25518,10111,Fuera de zona,PENDIENTE_REVISION,estado_no_calificado_canonico,asignaciones,2026-06-29 14:47:58.000000,d***********************@gmail.com,+54113****342,interaccion_whatsapp_posterior_a_descarte
25614,10165,No busca cobertura médica,PENDIENTE_REVISION,estado_no_calificado_canonico,asignaciones,2026-06-30 10:53:18.000000,g*******@gmail.com,+54112****122,interaccion_whatsapp_posterior_a_descarte
25655,10185,No busca cobertura médica,PENDIENTE_REVISION,estado_no_calificado_canonico,asignaciones,2026-06-30 12:42:57.000000,m**************@gmail.com,+54346****576,interaccion_whatsapp_posterior_a_descarte
25822,10253,No busca cobertura médica,PENDIENTE_REVISION,estado_no_calificado_canonico,asignaciones,2026-07-01 13:26:46.000000,q************@gmail.com,+54116****027,interaccion_whatsapp_posterior_a_descarte
25823,10254,No busca cobertura médica,PENDIENTE_REVISION,estado_no_calificado_canonico,asignaciones,2026-07-01 14:25:47.000000,f**************@gmail.com,+54261****137,interaccion_whatsapp_posterior_a_descarte
25849,10265,Fuera de zona,PENDIENTE_REVISION,estado_no_calificado_canonico,asignaciones,2026-07-01 16:46:35.000000,g****************@gmail.com,+54291****584,interaccion_whatsapp_posterior_a_descarte
25942,10302,No busca cobertura médica,PENDIENTE_REVISION,estado_no_calificado_canonico,asignaciones,2026-07-02 11:29:37.000000,r**************@gmail.com,+54348****585,interaccion_whatsapp_posterior_a_descarte
25985,10321,No busca cobertura médica,PENDIENTE_REVISION,estado_no_calificado_canonico,asignaciones,2026-07-02 15:16:21.000000,l************@gmail.com,+54115****057,interaccion_whatsapp_posterior_a_descarte
25994,10327,No busca cobertura médica,PENDIENTE_REVISION,estado_no_calificado_canonico,asignaciones,2026-07-02 14:54:44.000000,e*************@gmail.com,+54266****189,interaccion_whatsapp_posterior_a_descarte
25995,"10328,10330",No busca cobertura médica,PENDIENTE_REVISION,estado_no_calificado_canonico,asignaciones,2026-07-02 15:19:40.000000,a**************@gmail.com,+54116****739,interaccion_whatsapp_posterior_a_descarte
26011,10334,No busca cobertura médica,PENDIENTE_REVISION,estado_no_calificado_canonico,asignaciones,2026-07-02 16:12:34.000000,v***************@gmail.com,+54911*****713,interaccion_whatsapp_posterior_a_descarte
26051,"10351,10885",No busca cobertura médica,PENDIENTE_REVISION,estado_no_calificado_canonico,asignaciones,2026-07-14 15:30:25.000000,g********@gmail.com,+54382****144,interaccion_whatsapp_posterior_a_descarte
26071,10358,No busca cobertura médica,PENDIENTE_REVISION,estado_no_calificado_canonico,asignaciones,2026-07-03 11:43:30.000000,o***@hotmail.com,+54115****560,interaccion_whatsapp_posterior_a_descarte
26324,10470,No busca cobertura médica,PENDIENTE_REVISION,estado_no_calificado_canonico,asignaciones,2026-07-06 10:15:39.000000,z**************@gmail.com,+54115****271,interaccion_whatsapp_posterior_a_descarte
26388,10494,Fuera de zona,PENDIENTE_REVISION,estado_no_calificado_canonico,asignaciones,2026-07-06 13:37:40.000000,a***********@gmail.com,+54299****917,interaccion_whatsapp_posterior_a_descarte
26595,10582,Fuera de zona,PENDIENTE_REVISION,estado_no_calificado_canonico,asignaciones,2026-07-08 11:59:03.000000,c******************@gmail.com,+54387****403,interaccion_whatsapp_posterior_a_descarte
26613,10600,No busca cobertura médica,PENDIENTE_REVISION,estado_no_calificado_canonico,asignaciones,2026-07-08 12:08:19.000000,s******************@gmail.com,+54113****758,interaccion_whatsapp_posterior_a_descarte
26632,10608,No busca cobertura médica,PENDIENTE_REVISION,estado_no_calificado_canonico,asignaciones,2026-07-08 14:51:31.000000,a********@hotmail.com,+54112****019,interaccion_whatsapp_posterior_a_descarte
26765,"10658,10674",No busca cobertura médica,PENDIENTE_REVISION,estado_no_calificado_canonico,asignaciones,2026-07-10 16:25:18.000000,n************@gmail.com,+54116****855,interaccion_whatsapp_posterior_a_descarte
26971,"10730,10793",No busca cobertura médica,PENDIENTE_REVISION,estado_no_calificado_canonico,asignaciones,2026-07-13 10:00:39.000000,o***********@gmail.com,+54344****017,interaccion_whatsapp_posterior_a_descarte
27111,10809,No busca cobertura médica,PENDIENTE_REVISION,estado_no_calificado_canonico,asignaciones,2026-07-13 11:45:28.000000,a***********************@gmail.com,+54266****918,interaccion_whatsapp_posterior_a_descarte
27156,10820,No busca cobertura médica,PENDIENTE_REVISION,estado_no_calificado_canonico,asignaciones,2026-07-13 14:46:30.000000,g*******************@hotmail.com,+54911*****634,interaccion_whatsapp_posterior_a_descarte
27224,10847,No busca cobertura médica,PENDIENTE_REVISION,estado_no_calificado_canonico,asignaciones,2026-07-14 11:13:02.000000,c***********@gmail.com,+54388****307,interaccion_whatsapp_posterior_a_descarte
27321,"10901,10921",No busca cobertura médica,PENDIENTE_REVISION,estado_no_calificado_canonico,asignaciones,2026-07-15 10:10:45.000000,m*************@hotmail.com,+54225****139,interaccion_whatsapp_posterior_a_descarte
27599,11040,No busca cobertura médica,PENDIENTE_REVISION,estado_no_calificado_canonico,asignaciones,2026-07-17 12:25:41.000000,m*********************@gmail.com,+54115****860,interaccion_whatsapp_posterior_a_descarte
27601,"11041,11077",No busca cobertura médica,PENDIENTE_REVISION,estado_no_calificado_canonico,asignaciones,2026-07-17 16:35:31.000000,a***********************@gmail.com,+54221****034,interaccion_whatsapp_posterior_a_descarte
27971,11356,No busca cobertura médica,PENDIENTE_REVISION,estado_no_calificado_canonico,asignaciones,2026-07-20 11:55:22.000000,p**********@gmail.com,+54247****630,interaccion_whatsapp_posterior_a_descarte
28070,11411,No busca cobertura médica,PENDIENTE_REVISION,estado_no_calificado_canonico,asignaciones,2026-07-21 12:12:54.000000,s****************@gmail.com,+54221****694,interaccion_whatsapp_posterior_a_descarte
28115,11434,No busca cobertura médica,PENDIENTE_REVISION,estado_no_calificado_canonico,asignaciones,2026-07-21 12:11:50.000000,m****************@gmail.com,+54221****368,interaccion_whatsapp_posterior_a_descarte
28385,11513,Fuera de zona,PENDIENTE_REVISION,estado_no_calificado_canonico,asignaciones,2026-07-23 13:09:31.000000,m*************@gmail.com,+54117****897,interaccion_whatsapp_posterior_a_descarte
28392,11515,No busca cobertura médica,PENDIENTE_REVISION,estado_no_calificado_canonico,asignaciones,2026-07-23 13:28:33.000000,d**************@gmail.com,+54112****581,interaccion_whatsapp_posterior_a_descarte
28394,11517,Fuera de zona,PENDIENTE_REVISION,estado_no_calificado_canonico,asignaciones,2026-07-23 13:09:48.000000,t****************@gmail.com,+54116****099,interaccion_whatsapp_posterior_a_descarte
28446,14269,Fuera de zona,PENDIENTE_REVISION,estado_no_calificado_canonico,asignaciones,2026-07-23 13:10:10.000000,g*************@gmail.com,+54112****159,interaccion_whatsapp_posterior_a_descarte
28521,11545,No busca cobertura médica,PENDIENTE_REVISION,estado_no_calificado_canonico,asignaciones,2026-07-24 10:26:32.000000,b****************@gmail.com,+54115****041,interaccion_whatsapp_posterior_a_descarte
28858,11670,No busca cobertura médica,PENDIENTE_REVISION,estado_no_calificado_canonico,asignaciones,2026-07-27 11:45:09.000000,g***************@gmail.com,+54116****823,interaccion_whatsapp_posterior_a_descarte
28925,11686,No interesado,PENDIENTE_REVISION,estado_no_calificado_canonico,prospectos,2026-07-27 16:27:33.000000,f**@grupocober.online,+54239****347,interaccion_whatsapp_posterior_a_descarte
28944,11695,No interesado,PENDIENTE_REVISION,estado_no_calificado_canonico,prospectos,2026-07-27 18:57:49.000000,j********@hotmail.com,+54116****608,interaccion_whatsapp_posterior_a_descarte
28978,11724,No interesado,PENDIENTE_REVISION,estado_no_calificado_canonico,prospectos,2026-07-28 03:22:15.000000,y*******************@gmail.com,+54385****067,interaccion_whatsapp_posterior_a_descarte
28992,11730,No busca cobertura médica,PENDIENTE_REVISION,estado_no_calificado_canonico,asignaciones,2026-07-30 10:28:23.000000,n************@gmail.com,+54112****712,interaccion_whatsapp_posterior_a_descarte
29047,11755,Fuera de zona,PENDIENTE_REVISION,estado_no_calificado_canonico,asignaciones,2026-07-28 16:33:48.000000,d**************@gmail.com,+54371****750,interaccion_whatsapp_posterior_a_descarte
29053,11758,No interesado,PENDIENTE_REVISION,estado_no_calificado_canonico,prospectos,2026-07-28 14:24:49.000000,c*********@gmail.com,+54114****312,interaccion_whatsapp_posterior_a_descarte
29068,11763,No interesado,PENDIENTE_REVISION,estado_no_calificado_canonico,prospectos,2026-07-28 15:54:12.000000,y**********************@gmail.com,+54113****713,interaccion_whatsapp_posterior_a_descarte
29091,11775,No busca cobertura médica,PENDIENTE_REVISION,estado_no_calificado_canonico,asignaciones,2026-07-28 17:35:06.000000,n**********@gmail.com,+54235****294,interaccion_whatsapp_posterior_a_descarte
29105,11781,No interesado,PENDIENTE_REVISION,estado_no_calificado_canonico,prospectos,2026-07-28 21:02:47.000000,l******@gmail.com,+54113****333,interaccion_whatsapp_posterior_a_descarte
29123,11794,No interesado,PENDIENTE_REVISION,estado_no_calificado_canonico,prospectos,2026-07-29 03:16:37.000000,l**********************@gmail.com,+54116****540,interaccion_whatsapp_posterior_a_descarte
29157,11815,No interesado,PENDIENTE_REVISION,estado_no_calificado_canonico,prospectos,2026-07-29 11:30:04.000000,f*******@gmail.com,+54112****484,interaccion_whatsapp_posterior_a_descarte
29159,11816,No interesado,PENDIENTE_REVISION,estado_no_calificado_canonico,prospectos,2026-07-29 11:14:01.000000,d*********@gmail.com,+54115****009,interaccion_whatsapp_posterior_a_descarte
29213,11837,No interesado,PENDIENTE_REVISION,estado_no_calificado_canonico,prospectos,2026-07-29 17:25:26.000000,d***********@gmail.com,+54114****521,interaccion_whatsapp_posterior_a_descarte
29214,11838,No interesado,PENDIENTE_REVISION,estado_no_calificado_canonico,prospectos,2026-07-29 17:25:27.000000,a********@bue.edu.ar,+54115****571,interaccion_whatsapp_posterior_a_descarte
29240,11858,No interesado,PENDIENTE_REVISION,estado_no_calificado_canonico,prospectos,2026-07-30 01:06:59.000000,a**********@gmail.com,+54332****752,interaccion_whatsapp_posterior_a_descarte
29270,11881,No interesado,PENDIENTE_REVISION,estado_no_calificado_canonico,prospectos,2026-07-30 03:52:23.000000,o**********@gmail.com,+54117****426,interaccion_whatsapp_posterior_a_descarte
29317,11908,No busca cobertura médica,PENDIENTE_REVISION,estado_no_calificado_canonico,asignaciones,2026-07-30 13:37:07.000000,v*********@gmail.com,+54116****901,interaccion_whatsapp_posterior_a_descarte
29323,11911,No busca cobertura médica,PENDIENTE_REVISION,estado_no_calificado_canonico,asignaciones,2026-07-30 13:48:22.000000,b*****************@gmail.com,+54113****808,interaccion_whatsapp_posterior_a_descarte
29347,11925,No busca cobertura médica,PENDIENTE_REVISION,estado_no_calificado_canonico,asignaciones,2026-07-30 16:25:00.000000,l**************@gmail.com,+54247****527,interaccion_whatsapp_posterior_a_descarte
29358,11933,No interesado,PENDIENTE_REVISION,estado_no_calificado_canonico,prospectos,2026-07-30 16:24:47.000000,v**********@gmail.com,+54116****724,interaccion_whatsapp_posterior_a_descarte
29388,11949,No interesado,PENDIENTE_REVISION,estado_no_calificado_canonico,prospectos,2026-07-30 21:20:42.000000,c********@gmail.com,+54116****001,interaccion_whatsapp_posterior_a_descarte
29417,11972,No busca cobertura médica,PENDIENTE_REVISION,estado_no_calificado_canonico,asignaciones,2026-07-31 10:37:52.000000,d**************@gmail.com,+54116****672,interaccion_whatsapp_posterior_a_descarte
29420,11975,No interesado,PENDIENTE_REVISION,estado_no_calificado_canonico,prospectos,2026-07-31 08:18:01.000000,m**************@gmail.com,+54113****547,interaccion_whatsapp_posterior_a_descarte
29421,11976,No busca cobertura médica,PENDIENTE_REVISION,estado_no_calificado_canonico,asignaciones,2026-07-31 11:30:58.000000,a*****************@gmail.com,+54343****352,interaccion_whatsapp_posterior_a_descarte
29430,11979,No interesado,PENDIENTE_REVISION,estado_no_calificado_canonico,prospectos,2026-07-31 10:23:22.000000,a******@gmail.com,+54116****437,interaccion_whatsapp_posterior_a_descarte
29436,11982,No interesado,PENDIENTE_REVISION,estado_no_calificado_canonico,prospectos,2026-07-31 10:22:25.000000,m*****************@gmail.com,+54116****194,interaccion_whatsapp_posterior_a_descarte
29452,11992,No interesado,PENDIENTE_REVISION,estado_no_calificado_canonico,prospectos,2026-07-31 11:17:33.000000,c*************@gmail.com,+54113****176,interaccion_whatsapp_posterior_a_descarte
29457,11996,No interesado,PENDIENTE_REVISION,estado_no_calificado_canonico,prospectos,2026-07-31 11:59:06.000000,b**************@gmail.com,+54116****268,interaccion_whatsapp_posterior_a_descarte
29499,12019,No interesado,PENDIENTE_REVISION,estado_no_calificado_canonico,prospectos,2026-07-31 17:00:32.000000,a*****************@gmail.com,+54115****973,interaccion_whatsapp_posterior_a_descarte
29505,12023,No interesado,PENDIENTE_REVISION,estado_no_calificado_canonico,prospectos,2026-07-31 17:21:06.000000,s*********@gmail.com,+54112****358,interaccion_whatsapp_posterior_a_descarte
29520,12035,No busca cobertura médica,PENDIENTE_REVISION,estado_no_calificado_canonico,asignaciones,2026-08-01 09:55:59.000000,m****************@gmail.com,+54112****418,interaccion_whatsapp_posterior_a_descarte
29529,12041,No interesado,PENDIENTE_REVISION,estado_no_calificado_canonico,prospectos,2026-08-01 04:51:20.000000,c**************@gmail.com,+54116****396,interaccion_whatsapp_posterior_a_descarte
29533,12045,No interesado,PENDIENTE_REVISION,estado_no_calificado_canonico,prospectos,2026-08-01 06:19:28.000000,c**********@gmail.com,+54117****330,interaccion_whatsapp_posterior_a_descarte
29536,12048,No interesado,PENDIENTE_REVISION,estado_no_calificado_canonico,prospectos,2026-08-01 07:31:42.000000,e**********@gmail.como,+54116****461,interaccion_whatsapp_posterior_a_descarte
29555,12062,No interesado,PENDIENTE_REVISION,estado_no_calificado_canonico,prospectos,2026-08-01 12:04:01.000000,o*****************@gmail.com,+54348****997,interaccion_whatsapp_posterior_a_descarte
29561,12065,No interesado,PENDIENTE_REVISION,estado_no_calificado_canonico,prospectos,2026-08-01 12:14:22.000000,o*************@gmail.com,+54112****636,interaccion_whatsapp_posterior_a_descarte
29565,12068,No interesado,PENDIENTE_REVISION,estado_no_calificado_canonico,prospectos,2026-08-01 12:23:53.000000,j****************@gmail.com,+54297****380,interaccion_whatsapp_posterior_a_descarte
29576,12075,No interesado,PENDIENTE_REVISION,estado_no_calificado_canonico,prospectos,2026-08-01 16:31:36.000000,p*******@gmail.com,+54115****267,interaccion_whatsapp_posterior_a_descarte
29587,12085,No interesado,PENDIENTE_REVISION,estado_no_calificado_canonico,prospectos,2026-08-02 00:27:44.000000,g************@gmail.com,+54388****489,interaccion_whatsapp_posterior_a_descarte
29594,12092,No interesado,PENDIENTE_REVISION,estado_no_calificado_canonico,prospectos,2026-08-02 02:57:30.000000,f****************@gmail.com,+54388****328,interaccion_whatsapp_posterior_a_descarte
29595,12093,No interesado,PENDIENTE_REVISION,estado_no_calificado_canonico,prospectos,2026-08-02 02:59:59.000000,r***************@gmail.com,+54112****906,interaccion_whatsapp_posterior_a_descarte
29604,12101,No interesado,PENDIENTE_REVISION,estado_no_calificado_canonico,prospectos,2026-08-02 07:08:40.000000,l*************@gmail.com,+54231****345,interaccion_whatsapp_posterior_a_descarte
29605,12102,No interesado,PENDIENTE_REVISION,estado_no_calificado_canonico,prospectos,2026-08-02 07:26:09.000000,d*************@gmail.com,+54115****471,interaccion_whatsapp_posterior_a_descarte
29611,12106,No interesado,PENDIENTE_REVISION,estado_no_calificado_canonico,prospectos,2026-08-02 09:20:15.000000,r************@gmail.com,+54263****261,interaccion_whatsapp_posterior_a_descarte
29615,12110,No interesado,PENDIENTE_REVISION,estado_no_calificado_canonico,prospectos,2026-08-02 11:56:17.000000,c****************@gmail.com,+54114****161,interaccion_whatsapp_posterior_a_descarte
29665,12146,No interesado,PENDIENTE_REVISION,estado_no_calificado_canonico,prospectos,2026-08-03 00:14:51.000000,l*********************@gmail.com,+54117****442,interaccion_whatsapp_posterior_a_descarte
29667,12148,No busca cobertura médica,PENDIENTE_REVISION,estado_no_calificado_canonico,asignaciones,2026-08-03 14:00:48.000000,o*****************@861gmail.com,+54261****397,interaccion_whatsapp_posterior_a_descarte
29693,12164,No interesado,PENDIENTE_REVISION,estado_no_calificado_canonico,prospectos,2026-08-03 08:49:01.000000,f***************@gmail.com,+54113****440,interaccion_whatsapp_posterior_a_descarte
29711,12175,No interesado,PENDIENTE_REVISION,estado_no_calificado_canonico,prospectos,2026-08-03 11:18:29.000000,a**************@gmail.com,+54294****996,interaccion_whatsapp_posterior_a_descarte
29718,12179,No interesado,PENDIENTE_REVISION,estado_no_calificado_canonico,prospectos,2026-08-03 11:34:05.000000,f****************@gmail.com,+54116****641,interaccion_whatsapp_posterior_a_descarte
29728,12183,No interesado,PENDIENTE_REVISION,estado_no_calificado_canonico,prospectos,2026-08-03 12:01:24.000000,e***********@gmail.com,+54224****548,interaccion_whatsapp_posterior_a_descarte
29729,12184,No interesado,PENDIENTE_REVISION,estado_no_calificado_canonico,prospectos,2026-08-03 12:01:28.000000,l****************@gmail.com,+54291****527,interaccion_whatsapp_posterior_a_descarte
29736,12186,No interesado,PENDIENTE_REVISION,estado_no_calificado_canonico,prospectos,2026-08-03 12:21:46.000000,p****************@gmail.com,+54911*****597,interaccion_whatsapp_posterior_a_descarte
29793,12211,No interesado,PENDIENTE_REVISION,estado_no_calificado_canonico,prospectos,2026-08-03 16:59:56.000000,m***************@gmail.com,+54116****631,interaccion_whatsapp_posterior_a_descarte
29802,12216,No interesado,PENDIENTE_REVISION,estado_no_calificado_canonico,prospectos,2026-08-03 17:59:26.000000,a************@gmail.com,+54222****528,interaccion_whatsapp_posterior_a_descarte
29807,12219,No busca cobertura médica,PENDIENTE_REVISION,estado_no_calificado_canonico,asignaciones,2026-08-03 19:53:56.000000,s*************@gmail.com,+54116****090,interaccion_whatsapp_posterior_a_descarte
29813,12223,No interesado,PENDIENTE_REVISION,estado_no_calificado_canonico,prospectos,2026-08-03 20:49:24.000000,m**************@gmail.com,+54115****049,interaccion_whatsapp_posterior_a_descarte
29847,12250,No interesado,PENDIENTE_REVISION,estado_no_calificado_canonico,prospectos,2026-08-04 08:09:57.000000,d********@gmail.com,+54341****714,interaccion_whatsapp_posterior_a_descarte
29852,12255,No interesado,PENDIENTE_REVISION,estado_no_calificado_canonico,prospectos,2026-08-04 09:19:12.000000,m***************@gmail.com,+54112****731,interaccion_whatsapp_posterior_a_descarte
29854,12256,No interesado,PENDIENTE_REVISION,estado_no_calificado_canonico,prospectos,2026-08-04 10:05:22.000000,m***************@gmail.com,+54113****623,interaccion_whatsapp_posterior_a_descarte
29868,12263,No busca cobertura médica,PENDIENTE_REVISION,estado_no_calificado_canonico,asignaciones,2026-08-04 13:39:23.000000,c************@gmail.com,+54115****389,interaccion_whatsapp_posterior_a_descarte
29877,12265,No interesado,PENDIENTE_REVISION,estado_no_calificado_canonico,prospectos,2026-08-04 12:37:55.000000,d******************@hotmail.com,+54113****265,interaccion_whatsapp_posterior_a_descarte
29908,12280,No interesado,PENDIENTE_REVISION,estado_no_calificado_canonico,prospectos,2026-08-04 16:37:44.000000,l*************@hotmail.com,+54115****691,interaccion_whatsapp_posterior_a_descarte
29912,12282,No interesado,PENDIENTE_REVISION,estado_no_calificado_canonico,prospectos,2026-08-04 16:56:20.000000,c**********@gmail.com,+54112****036,interaccion_whatsapp_posterior_a_descarte
29959,12316,No interesado,PENDIENTE_REVISION,estado_no_calificado_canonico,prospectos,2026-08-05 01:52:53.000000,m***************@gmail.com,+54112****616,interaccion_whatsapp_posterior_a_descarte
29969,12324,No interesado,PENDIENTE_REVISION,estado_no_calificado_canonico,prospectos,2026-08-05 03:47:18.000000,a********@gmail.com,+54387****803,interaccion_whatsapp_posterior_a_descarte
29970,12325,No interesado,PENDIENTE_REVISION,estado_no_calificado_canonico,prospectos,2026-08-05 03:50:19.000000,l**************@gmail.com,+54224****120,interaccion_whatsapp_posterior_a_descarte
29974,12329,No interesado,PENDIENTE_REVISION,estado_no_calificado_canonico,prospectos,2026-08-05 05:06:59.000000,w*****************@gmail.com,+54341****792,interaccion_whatsapp_posterior_a_descarte
29981,12334,No busca cobertura médica,PENDIENTE_REVISION,estado_no_calificado_canonico,asignaciones,2026-08-05 10:27:10.000000,k**********@gmail.com,+54112****384,interaccion_whatsapp_posterior_a_descarte
29989,12342,Fuera de zona,PENDIENTE_REVISION,estado_no_calificado_canonico,asignaciones,2026-08-05 12:43:03.000000,m************@gmail.com,+54222****157,interaccion_whatsapp_posterior_a_descarte
29997,12344,No interesado,PENDIENTE_REVISION,estado_no_calificado_canonico,prospectos,2026-08-05 10:54:25.000000,f***********@gmail.com,+54115****638,interaccion_whatsapp_posterior_a_descarte
30000,12346,No busca cobertura médica,PENDIENTE_REVISION,estado_no_calificado_canonico,asignaciones,2026-08-05 12:22:54.000000,k**********@gmail.com,+54116****988,interaccion_whatsapp_posterior_a_descarte
30056,12359,No interesado,PENDIENTE_REVISION,estado_no_calificado_canonico,prospectos,2026-08-05 14:56:34.000000,t**********@hotmail.com,+54115****300,interaccion_whatsapp_posterior_a_descarte
30077,12369,No interesado,PENDIENTE_REVISION,estado_no_calificado_canonico,prospectos,2026-08-05 17:27:08.000000,m******************@gmail.com,+54117****549,interaccion_whatsapp_posterior_a_descarte
30094,12381,No interesado,PENDIENTE_REVISION,estado_no_calificado_canonico,prospectos,2026-08-05 22:16:19.000000,l**************@gmail.com,+54112****403,interaccion_whatsapp_posterior_a_descarte
30107,12391,No interesado,PENDIENTE_REVISION,estado_no_calificado_canonico,prospectos,2026-08-06 01:27:31.000000,i*************************@gmail.com,+54295****579,interaccion_whatsapp_posterior_a_descarte
30110,12394,No interesado,PENDIENTE_REVISION,estado_no_calificado_canonico,prospectos,2026-08-06 02:42:35.000000,g***********@gmail.com,+54247****360,interaccion_whatsapp_posterior_a_descarte
30114,12398,No interesado,PENDIENTE_REVISION,estado_no_calificado_canonico,prospectos,2026-08-06 04:51:54.000000,l*********@gmail.com,+54381****530,interaccion_whatsapp_posterior_a_descarte
30124,12404,No interesado,PENDIENTE_REVISION,estado_no_calificado_canonico,prospectos,2026-08-06 06:59:39.000000,r*********************@gmail.com,+54116****854,interaccion_whatsapp_posterior_a_descarte
30125,12405,No interesado,PENDIENTE_REVISION,estado_no_calificado_canonico,prospectos,2026-08-06 06:59:39.000000,g*************@gmail.com,+54112****486,interaccion_whatsapp_posterior_a_descarte
30130,12409,No interesado,PENDIENTE_REVISION,estado_no_calificado_canonico,prospectos,2026-08-06 08:27:13.000000,m**********@yahoo.com.ar,+54116****566,interaccion_whatsapp_posterior_a_descarte
30151,12419,No interesado,PENDIENTE_REVISION,estado_no_calificado_canonico,prospectos,2026-08-06 11:48:20.000000,c**********@gmail.com,+54113****779,interaccion_whatsapp_posterior_a_descarte
30233,12451,No interesado,PENDIENTE_REVISION,estado_no_calificado_canonico,prospectos,2026-08-06 21:57:53.000000,c******************@hotmail.com,+54116****123,interaccion_whatsapp_posterior_a_descarte
30263,12472,No interesado,PENDIENTE_REVISION,estado_no_calificado_canonico,prospectos,2026-08-07 03:33:15.000000,r*************@gmail.com,+54291****735,interaccion_whatsapp_posterior_a_descarte
30273,12479,No interesado,PENDIENTE_REVISION,estado_no_calificado_canonico,prospectos,2026-08-07 05:10:40.000000,a****************@gmail.com,+54221****315,interaccion_whatsapp_posterior_a_descarte
30280,12485,No interesado,PENDIENTE_REVISION,estado_no_calificado_canonico,prospectos,2026-08-07 08:47:02.000000,r********@gmail.com,+54113****924,interaccion_whatsapp_posterior_a_descarte
30388,12542,No interesado,PENDIENTE_REVISION,estado_no_calificado_canonico,prospectos,2026-08-08 02:46:13.000000,a*****************@gmail.com,+54113****663,interaccion_whatsapp_posterior_a_descarte
30397,12549,No interesado,PENDIENTE_REVISION,estado_no_calificado_canonico,prospectos,2026-08-08 06:47:31.000000,m**************@gmail.com,+54117****115,interaccion_whatsapp_posterior_a_descarte
30401,12552,No interesado,PENDIENTE_REVISION,estado_no_calificado_canonico,prospectos,2026-08-08 09:02:01.000000,i************@gmail.com,+54115****499,interaccion_whatsapp_posterior_a_descarte
30412,12559,No interesado,PENDIENTE_REVISION,estado_no_calificado_canonico,prospectos,2026-08-08 13:34:30.000000,e**********@gmail.com,+54249****488,interaccion_whatsapp_posterior_a_descarte
30434,12570,No interesado,PENDIENTE_REVISION,estado_no_calificado_canonico,prospectos,2026-08-08 19:48:40.000000,s*************@hotmail.com,+54115****322,interaccion_whatsapp_posterior_a_descarte
30478,12603,No interesado,PENDIENTE_REVISION,estado_no_calificado_canonico,prospectos,2026-08-09 14:05:59.000000,g*****************@gmail.com,+54115****221,interaccion_whatsapp_posterior_a_descarte
30508,12624,Fuera de zona,PENDIENTE_REVISION,estado_no_calificado_canonico,asignaciones,2026-08-10 11:52:58.000000,b**************@mail.com,+54364****750,interaccion_whatsapp_posterior_a_descarte
30512,12627,No interesado,PENDIENTE_REVISION,estado_no_calificado_canonico,prospectos,2026-08-10 04:59:36.000000,g**************@gmail.com,+54112****391,interaccion_whatsapp_posterior_a_descarte
30563,12652,No interesado,PENDIENTE_REVISION,estado_no_calificado_canonico,prospectos,2026-08-10 14:09:39.000000,g****************@outlook.com,+54116****322,interaccion_whatsapp_posterior_a_descarte
30571,12656,No interesado,PENDIENTE_REVISION,estado_no_calificado_canonico,prospectos,2026-08-10 15:01:10.000000,g*********@gmail.com,+54116****254,interaccion_whatsapp_posterior_a_descarte
30610,12672,No interesado,PENDIENTE_REVISION,estado_no_calificado_canonico,prospectos,2026-08-10 18:32:28.000000,d**************@gmail.com,+54116****013,interaccion_whatsapp_posterior_a_descarte
30630,12687,No interesado,PENDIENTE_REVISION,estado_no_calificado_canonico,prospectos,2026-08-11 01:00:09.000000,s******************@gmail.com,+54112****815,interaccion_whatsapp_posterior_a_descarte
30634,12690,No interesado,PENDIENTE_REVISION,estado_no_calificado_canonico,prospectos,2026-08-11 01:31:34.000000,z*******************@gmail.com,+54113****949,interaccion_whatsapp_posterior_a_descarte
30690,12719,No interesado,PENDIENTE_REVISION,estado_no_calificado_canonico,prospectos,2026-08-11 12:23:13.000000,l**********@gmail.com,+54114****611,interaccion_whatsapp_posterior_a_descarte
30696,12723,No interesado,PENDIENTE_REVISION,estado_no_calificado_canonico,prospectos,2026-08-11 13:13:48.000000,l***@gmail.com,+54113****659,interaccion_whatsapp_posterior_a_descarte
30697,12724,No interesado,PENDIENTE_REVISION,estado_no_calificado_canonico,prospectos,2026-08-11 13:28:12.000000,g*********@gmail.com,+54113****590,interaccion_whatsapp_posterior_a_descarte
30705,12727,No interesado,PENDIENTE_REVISION,estado_no_calificado_canonico,prospectos,2026-08-11 14:18:55.000000,j********************@gmail.com,+54116****901,interaccion_whatsapp_posterior_a_descarte
30709,12729,No interesado,PENDIENTE_REVISION,estado_no_calificado_canonico,prospectos,2026-08-11 14:36:52.000000,n******@hotmail.com,+54116****036,interaccion_whatsapp_posterior_a_descarte
30725,12733,No interesado,PENDIENTE_REVISION,estado_no_calificado_canonico,prospectos,2026-08-11 15:59:17.000000,t***********@gmail.com,+54115****989,interaccion_whatsapp_posterior_a_descarte
30763,12754,No interesado,PENDIENTE_REVISION,estado_no_calificado_canonico,prospectos,2026-08-12 00:36:39.000000,e******************@gmail.com,+54227****656,interaccion_whatsapp_posterior_a_descarte
30769,12759,No interesado,PENDIENTE_REVISION,estado_no_calificado_canonico,prospectos,2026-08-12 01:40:51.000000,e**************@gmail.com,+54115****629,interaccion_whatsapp_posterior_a_descarte
30782,12766,No interesado,PENDIENTE_REVISION,estado_no_calificado_canonico,prospectos,2026-08-12 03:27:51.000000,e*************@gmail.com,+54113****156,interaccion_whatsapp_posterior_a_descarte
30784,12768,No interesado,PENDIENTE_REVISION,estado_no_calificado_canonico,prospectos,2026-08-12 04:37:53.000000,d**************@gmail.com,+54280****508,interaccion_whatsapp_posterior_a_descarte
30792,12772,No interesado,PENDIENTE_REVISION,estado_no_calificado_canonico,prospectos,2026-08-12 06:07:24.000000,c*****************@gmail.com,+54112****572,interaccion_whatsapp_posterior_a_descarte
30794,12774,No interesado,PENDIENTE_REVISION,estado_no_calificado_canonico,prospectos,2026-08-12 06:49:08.000000,g*******@gmail.com,+54115****537,interaccion_whatsapp_posterior_a_descarte
30811,12783,Fuera de zona,PENDIENTE_REVISION,estado_no_calificado_canonico,asignaciones,2026-08-12 12:31:13.000000,a****************@gmail.com,+54112****676,interaccion_whatsapp_posterior_a_descarte
30856,12803,Fuera de zona,PENDIENTE_REVISION,estado_no_calificado_canonico,asignaciones,2026-08-12 17:23:04.000000,a********@gmail.com,+54116****263,interaccion_whatsapp_posterior_a_descarte
30883,12817,No interesado,PENDIENTE_REVISION,estado_no_calificado_canonico,prospectos,2026-08-13 00:20:28.000000,c*****************@gmail.com,+54112****904,interaccion_whatsapp_posterior_a_descarte
30911,12839,No interesado,PENDIENTE_REVISION,estado_no_calificado_canonico,prospectos,2026-08-13 03:59:22.000000,l*************@gmail.com,+54113****795,interaccion_whatsapp_posterior_a_descarte
30949,12858,No interesado,PENDIENTE_REVISION,estado_no_calificado_canonico,prospectos,2026-08-13 12:35:41.000000,f**********@gmail.com,+54114****253,interaccion_whatsapp_posterior_a_descarte
31030,12899,No interesado,PENDIENTE_REVISION,estado_no_calificado_canonico,prospectos,2026-08-14 08:37:01.000000,s***************@gmail.com,+54232****807,interaccion_whatsapp_posterior_a_descarte
31035,12901,No interesado,PENDIENTE_REVISION,estado_no_calificado_canonico,prospectos,2026-08-14 09:41:02.000000,m**********@hotmail.com,+54112****188,interaccion_whatsapp_posterior_a_descarte
31045,12906,No busca cobertura médica,PENDIENTE_REVISION,estado_no_calificado_canonico,asignaciones,2026-08-14 10:50:08.000000,f***********@gmail.com,+54116****513,interaccion_whatsapp_posterior_a_descarte
31083,12922,No busca cobertura médica,PENDIENTE_REVISION,estado_no_calificado_canonico,asignaciones,2026-08-14 14:08:51.000000,b**********@gmail.com,+54115****334,interaccion_whatsapp_posterior_a_descarte
31109,12935,No busca cobertura médica,PENDIENTE_REVISION,estado_no_calificado_canonico,asignaciones,2026-08-14 16:49:19.000000,v*********************@gmail.com,+54383****969,interaccion_whatsapp_posterior_a_descarte
31126,12945,No interesado,PENDIENTE_REVISION,estado_no_calificado_canonico,prospectos,2026-08-14 21:18:59.000000,g********@hotmail.com,+54113****621,interaccion_whatsapp_posterior_a_descarte
31132,12949,No interesado,PENDIENTE_REVISION,estado_no_calificado_canonico,prospectos,2026-08-15 00:45:58.000000,p*****************@gmail.com,+54112****036,interaccion_whatsapp_posterior_a_descarte
31166,12968,No interesado,PENDIENTE_REVISION,estado_no_calificado_canonico,prospectos,2026-08-15 10:58:43.000000,t*********@gmail.com,+54112****494,interaccion_whatsapp_posterior_a_descarte
31201,12990,No interesado,PENDIENTE_REVISION,estado_no_calificado_canonico,prospectos,2026-08-16 03:02:45.000000,n*****************@gmail.com,+54116****154,interaccion_whatsapp_posterior_a_descarte
31211,12999,No interesado,PENDIENTE_REVISION,estado_no_calificado_canonico,prospectos,2026-08-16 09:59:08.000000,l***********@gmail.com,+54115****526,interaccion_whatsapp_posterior_a_descarte
31225,13011,No interesado,PENDIENTE_REVISION,estado_no_calificado_canonico,prospectos,2026-08-16 13:19:04.000000,j***************@gmail.com,+54112****722,interaccion_whatsapp_posterior_a_descarte
31226,13012,No interesado,PENDIENTE_REVISION,estado_no_calificado_canonico,prospectos,2026-08-16 13:32:37.000000,d**********************@gmail.com,+54112****845,interaccion_whatsapp_posterior_a_descarte
31281,13048,No interesado,PENDIENTE_REVISION,estado_no_calificado_canonico,prospectos,2026-08-17 12:12:53.000000,r*************@gmail.com,+54113****179,interaccion_whatsapp_posterior_a_descarte
31304,13060,No interesado,PENDIENTE_REVISION,estado_no_calificado_canonico,prospectos,2026-08-17 14:59:40.000000,e**************@gmail.com,+54116****075,interaccion_whatsapp_posterior_a_descarte
31332,13079,No interesado,PENDIENTE_REVISION,estado_no_calificado_canonico,prospectos,2026-08-17 19:37:59.000000,s************@gmail.com,+54116****500,interaccion_whatsapp_posterior_a_descarte
31344,13088,No interesado,PENDIENTE_REVISION,estado_no_calificado_canonico,prospectos,2026-08-18 01:41:24.000000,c***************@gmail.com,+54114****668,interaccion_whatsapp_posterior_a_descarte
31348,13092,No interesado,PENDIENTE_REVISION,estado_no_calificado_canonico,prospectos,2026-08-18 02:07:35.000000,g*************@gmail.com,+54296****813,interaccion_whatsapp_posterior_a_descarte
31403,13119,No busca cobertura médica,PENDIENTE_REVISION,estado_no_calificado_canonico,asignaciones,2026-08-18 15:11:51.000000,j*******@gmail.com,+54115****423,interaccion_whatsapp_posterior_a_descarte
31423,13129,No interesado,PENDIENTE_REVISION,estado_no_calificado_canonico,prospectos,2026-08-18 15:03:07.000000,m***************@gmail.com,+54114****658,interaccion_whatsapp_posterior_a_descarte
31430,13132,No busca cobertura médica,PENDIENTE_REVISION,estado_no_calificado_canonico,asignaciones,2026-08-18 15:12:05.000000,b**************@gmail.com,+54297****349,interaccion_whatsapp_posterior_a_descarte
31449,13142,No interesado,PENDIENTE_REVISION,estado_no_calificado_canonico,prospectos,2026-08-18 16:04:57.000000,i*********@gmail.com,+54113****909,interaccion_whatsapp_posterior_a_descarte
31457,13148,No busca cobertura médica,PENDIENTE_REVISION,estado_no_calificado_canonico,asignaciones,2026-08-18 16:48:29.000000,c**************@gmail.co,+54342****894,interaccion_whatsapp_posterior_a_descarte
31476,13157,No interesado,PENDIENTE_REVISION,estado_no_calificado_canonico,prospectos,2026-08-18 18:10:19.000000,f************@gmail.com,+54115****957,interaccion_whatsapp_posterior_a_descarte
31500,13171,No interesado,PENDIENTE_REVISION,estado_no_calificado_canonico,prospectos,2026-08-19 00:52:48.000000,j****************@gmail.com,+54263****634,interaccion_whatsapp_posterior_a_descarte
31519,13187,No interesado,PENDIENTE_REVISION,estado_no_calificado_canonico,prospectos,2026-08-19 08:13:00.000000,o***********************@gmail.com,+54237****278,interaccion_whatsapp_posterior_a_descarte
31532,13199,No interesado,PENDIENTE_REVISION,estado_no_calificado_canonico,prospectos,2026-08-19 10:47:48.000000,a***********************@gmail.com,+54113****018,interaccion_whatsapp_posterior_a_descarte
31555,13210,No interesado,PENDIENTE_REVISION,estado_no_calificado_canonico,prospectos,2026-08-19 11:57:56.000000,l*******@gmail.com,+54113****793,interaccion_whatsapp_posterior_a_descarte
31559,13212,No interesado,PENDIENTE_REVISION,estado_no_calificado_canonico,prospectos,2026-08-19 12:13:29.000000,d****************@gmail.com,+54112****450,interaccion_whatsapp_posterior_a_descarte
31566,13216,No interesado,PENDIENTE_REVISION,estado_no_calificado_canonico,prospectos,2026-08-19 12:34:56.000000,c***********************@gmail.com,+54113****274,interaccion_whatsapp_posterior_a_descarte
31940,13412,No interesado,PENDIENTE_REVISION,estado_no_calificado_canonico,prospectos,2026-08-23 11:25:00.000000,j*******@gmail.com,+54115****168,interaccion_whatsapp_posterior_a_descarte
32061,13500,No busca cobertura médica,PENDIENTE_REVISION,estado_no_calificado_canonico,asignaciones,2026-08-24 15:23:43.000000,d*************@gmail.com,+54115****111,interaccion_whatsapp_posterior_a_descarte
32118,13526,No interesado,PENDIENTE_REVISION,estado_no_calificado_canonico,prospectos,2026-08-25 03:49:57.000000,n***************@gmail.com,+54115****508,interaccion_whatsapp_posterior_a_descarte
32151,13542,No interesado,PENDIENTE_REVISION,estado_no_calificado_canonico,prospectos,2026-08-25 12:36:18.000000,m*******************@gmail.com,+54112****967,interaccion_whatsapp_posterior_a_descarte
32156,13545,No interesado,PENDIENTE_REVISION,estado_no_calificado_canonico,prospectos,2026-08-25 13:12:13.000000,g*****************@gmail.com,+54383****430,interaccion_whatsapp_posterior_a_descarte
32165,13553,No busca cobertura médica,PENDIENTE_REVISION,estado_no_calificado_canonico,asignaciones,2026-08-25 14:31:16.000000,c*******@yahoo.com.ar,+54116****266,interaccion_whatsapp_posterior_a_descarte
32175,13558,No interesado,PENDIENTE_REVISION,estado_no_calificado_canonico,prospectos,2026-08-25 14:53:45.000000,d*******************@gmail.com,+54294****967,interaccion_whatsapp_posterior_a_descarte
32183,13563,No interesado,PENDIENTE_REVISION,estado_no_calificado_canonico,prospectos,2026-08-25 15:40:08.000000,s*************@gmail.com,+54113****092,interaccion_whatsapp_posterior_a_descarte
32185,13564,No interesado,PENDIENTE_REVISION,estado_no_calificado_canonico,prospectos,2026-08-25 15:56:06.000000,g******************@hotmail.com,+54116****381,interaccion_whatsapp_posterior_a_descarte
32202,13573,No interesado,PENDIENTE_REVISION,estado_no_calificado_canonico,prospectos,2026-08-25 18:01:34.000000,w********************@gmail.com,+54221****398,interaccion_whatsapp_posterior_a_descarte
32204,13575,No interesado,PENDIENTE_REVISION,estado_no_calificado_canonico,prospectos,2026-08-25 18:38:21.000000,m**************@gmail.com,+54113****068,interaccion_whatsapp_posterior_a_descarte
32207,13578,No interesado,PENDIENTE_REVISION,estado_no_calificado_canonico,prospectos,2026-08-25 20:13:53.000000,a**********@gmail.com,+54114****090,interaccion_whatsapp_posterior_a_descarte
32220,13584,No interesado,PENDIENTE_REVISION,estado_no_calificado_canonico,prospectos,2026-08-26 02:07:00.000000,j******************@gmail.com,+54112****357,interaccion_whatsapp_posterior_a_descarte
32284,13618,No interesado,PENDIENTE_REVISION,estado_no_calificado_canonico,prospectos,2026-08-26 15:27:33.000000,d*************@yahoo.com.ar,+54351****883,interaccion_whatsapp_posterior_a_descarte
32325,13637,No interesado,PENDIENTE_REVISION,estado_no_calificado_canonico,prospectos,2026-08-26 18:35:38.000000,m**********@gmail.com,+54112****159,interaccion_whatsapp_posterior_a_descarte
32355,13656,No interesado,PENDIENTE_REVISION,estado_no_calificado_canonico,prospectos,2026-08-27 02:44:06.000000,m**************@gmail.com,+54299****250,interaccion_whatsapp_posterior_a_descarte
32367,13666,No interesado,PENDIENTE_REVISION,estado_no_calificado_canonico,prospectos,2026-08-27 08:42:28.000000,m************@gmail.com,+54226****627,interaccion_whatsapp_posterior_a_descarte
32412,13688,No interesado,PENDIENTE_REVISION,estado_no_calificado_canonico,prospectos,2026-08-27 12:30:53.000000,d**************@gmail.com,+54116****412,interaccion_whatsapp_posterior_a_descarte
32415,13690,No interesado,PENDIENTE_REVISION,estado_no_calificado_canonico,prospectos,2026-08-27 12:54:46.000000,c**********************@gmail.com,+54112****896,interaccion_whatsapp_posterior_a_descarte
32430,13698,No interesado,PENDIENTE_REVISION,estado_no_calificado_canonico,prospectos,2026-08-27 14:38:34.000000,,+54911*****026,interaccion_whatsapp_posterior_a_descarte
32459,13712,No interesado,PENDIENTE_REVISION,estado_no_calificado_canonico,prospectos,2026-08-27 19:47:43.000000,k************@gmail.com,+54348****087,interaccion_whatsapp_posterior_a_descarte
32470,13719,No interesado,PENDIENTE_REVISION,estado_no_calificado_canonico,prospectos,2026-08-27 23:12:34.000000,e**********@gimail.com,+54112****535,interaccion_whatsapp_posterior_a_descarte
32475,13724,No interesado,PENDIENTE_REVISION,estado_no_calificado_canonico,prospectos,2026-08-28 01:24:41.000000,m******************@gmail.com,+54222****130,interaccion_whatsapp_posterior_a_descarte
32478,13727,No interesado,PENDIENTE_REVISION,estado_no_calificado_canonico,prospectos,2026-08-28 04:02:55.000000,b***************@gmail.com,+54296****380,interaccion_whatsapp_posterior_a_descarte
32555,13773,No interesado,PENDIENTE_REVISION,estado_no_calificado_canonico,prospectos,2026-08-29 10:53:30.000000,m**********@gmail.com,+54113****775,interaccion_whatsapp_posterior_a_descarte
32556,13774,No interesado,PENDIENTE_REVISION,estado_no_calificado_canonico,prospectos,2026-08-29 11:17:58.000000,l************@gmail.com,+54115****010,interaccion_whatsapp_posterior_a_descarte
32582,13793,No interesado,PENDIENTE_REVISION,estado_no_calificado_canonico,prospectos,2026-08-29 21:28:30.000000,m**************@gmail.com,+54116****466,interaccion_whatsapp_posterior_a_descarte
32603,13808,No interesado,PENDIENTE_REVISION,estado_no_calificado_canonico,prospectos,2026-08-30 15:09:46.000000,l**************@hotmail.com,+54115****239,interaccion_whatsapp_posterior_a_descarte
32628,13827,No interesado,PENDIENTE_REVISION,estado_no_calificado_canonico,prospectos,2026-08-31 07:36:57.000000,c*********@gmail.com,+54112****594,interaccion_whatsapp_posterior_a_descarte
32648,13838,No interesado,PENDIENTE_REVISION,estado_no_calificado_canonico,prospectos,2026-08-31 11:30:29.000000,y*****************@gmail.com,+54114****770,interaccion_whatsapp_posterior_a_descarte
32656,13842,No interesado,PENDIENTE_REVISION,estado_no_calificado_canonico,prospectos,2026-08-31 12:14:26.000000,n*******************@gmail.com,+54299****965,interaccion_whatsapp_posterior_a_descarte
32667,13848,No busca cobertura médica,PENDIENTE_REVISION,estado_no_calificado_canonico,asignaciones,2026-08-31 15:19:16.000000,e*****************@gmail.com,+54117****878,interaccion_whatsapp_posterior_a_descarte
32677,13853,No interesado,PENDIENTE_REVISION,estado_no_calificado_canonico,prospectos,2026-08-31 14:25:38.000000,r*******@gmail.com,+54115****945,interaccion_whatsapp_posterior_a_descarte
32701,13864,No interesado,PENDIENTE_REVISION,estado_no_calificado_canonico,prospectos,2026-08-31 17:31:37.000000,m*****************@gmail.com,+54345****908,interaccion_whatsapp_posterior_a_descarte
32751,13897,No interesado,PENDIENTE_REVISION,estado_no_calificado_canonico,prospectos,2026-09-01 12:35:55.000000,a************@gmail.com,+54116****193,interaccion_whatsapp_posterior_a_descarte
32752,13898,No busca cobertura médica,PENDIENTE_REVISION,estado_no_calificado_canonico,asignaciones,2026-09-01 15:37:58.000000,s***********@gmail.com,+54117****335,interaccion_whatsapp_posterior_a_descarte
32773,13909,No busca cobertura médica,PENDIENTE_REVISION,estado_no_calificado_canonico,asignaciones,2026-09-01 16:38:23.000000,m*********@gmail.com,+54115****918,interaccion_whatsapp_posterior_a_descarte
32802,13920,No interesado,PENDIENTE_REVISION,estado_no_calificado_canonico,prospectos,2026-09-01 20:15:06.000000,m*******************@gmail.com,+54115****484,interaccion_whatsapp_posterior_a_descarte
32821,13935,No interesado,PENDIENTE_REVISION,estado_no_calificado_canonico,prospectos,2026-09-02 09:44:12.000000,c*************@gmail.com,+54113****324,interaccion_whatsapp_posterior_a_descarte
32859,13950,No busca cobertura médica,PENDIENTE_REVISION,estado_no_calificado_canonico,asignaciones,2026-09-03 16:45:28.000000,n************@gmail.com,+54228****006,interaccion_whatsapp_posterior_a_descarte
32880,13961,No interesado,PENDIENTE_REVISION,estado_no_calificado_canonico,prospectos,2026-09-02 16:23:00.000000,m***********@yahoo.com.ar,+54115****103,interaccion_whatsapp_posterior_a_descarte
32883,13962,No interesado,PENDIENTE_REVISION,estado_no_calificado_canonico,prospectos,2026-09-02 16:47:02.000000,p************@gmail.com,+54112****569,interaccion_whatsapp_posterior_a_descarte
32896,13971,No interesado,PENDIENTE_REVISION,estado_no_calificado_canonico,prospectos,2026-09-02 19:24:52.000000,m**************@gmail.com,+54116****371,interaccion_whatsapp_posterior_a_descarte
32908,13980,No interesado,PENDIENTE_REVISION,estado_no_calificado_canonico,prospectos,2026-09-03 08:52:29.000000,c*********************@gmail.com,+54113****924,interaccion_whatsapp_posterior_a_descarte
32972,14006,No interesado,PENDIENTE_REVISION,estado_no_calificado_canonico,prospectos,2026-09-03 15:40:47.000000,g************@live.com.mx,+54113****901,interaccion_whatsapp_posterior_a_descarte
33004,14010,No interesado,PENDIENTE_REVISION,estado_no_calificado_canonico,prospectos,2026-09-03 18:26:54.000000,v************@gmail.com,+54114****896,interaccion_whatsapp_posterior_a_descarte
33007,14013,No interesado,PENDIENTE_REVISION,estado_no_calificado_canonico,prospectos,2026-09-03 19:02:52.000000,c****************@gmail.com,+54115****819,interaccion_whatsapp_posterior_a_descarte
33145,14073,No busca cobertura médica,PENDIENTE_REVISION,estado_no_calificado_canonico,asignaciones,2026-09-05 18:59:18.000000,m****************@gmail.com,+54113****902,interaccion_whatsapp_posterior_a_descarte
33162,14084,No interesado,PENDIENTE_REVISION,estado_no_calificado_canonico,prospectos,2026-09-06 14:04:58.000000,c****************@hotmail.com,+54114****823,interaccion_whatsapp_posterior_a_descarte
33194,14113,No interesado,PENDIENTE_REVISION,estado_no_calificado_canonico,prospectos,2026-09-07 10:43:06.000000,v*****@icloud.com,+54115****962,interaccion_whatsapp_posterior_a_descarte
33220,14117,No interesado,PENDIENTE_REVISION,estado_no_calificado_canonico,prospectos,2026-09-07 11:45:25.000000,m*************@hotmail.com,+54116****737,interaccion_whatsapp_posterior_a_descarte
33281,14146,No interesado,PENDIENTE_REVISION,estado_no_calificado_canonico,prospectos,2026-09-07 16:30:18.000000,n*********@gmail.com,+54116****210,interaccion_whatsapp_posterior_a_descarte
33297,14149,No interesado,PENDIENTE_REVISION,estado_no_calificado_canonico,prospectos,2026-09-07 17:54:07.000000,l**************@gmail.com,+54116****965,interaccion_whatsapp_posterior_a_descarte
33300,14150,No interesado,PENDIENTE_REVISION,estado_no_calificado_canonico,prospectos,2026-09-07 18:15:52.000000,c**************@gmail.com,+54113****825,interaccion_whatsapp_posterior_a_descarte
33312,14157,Fuera de zona,PENDIENTE_REVISION,estado_no_calificado_canonico,asignaciones,2026-09-07 21:25:15.000000,p***************@gmail.com,+54221****886,interaccion_whatsapp_posterior_a_descarte
33317,14160,No interesado,PENDIENTE_REVISION,estado_no_calificado_canonico,prospectos,2026-09-07 21:31:42.000000,i********@yahoo.com.ar,+54116****321,interaccion_whatsapp_posterior_a_descarte
33335,14172,No interesado,PENDIENTE_REVISION,estado_no_calificado_canonico,prospectos,2026-09-08 09:22:57.000000,a************@gmail.com,+54117****976,interaccion_whatsapp_posterior_a_descarte
33403,14195,No interesado,PENDIENTE_REVISION,estado_no_calificado_canonico,prospectos,2026-09-08 14:30:19.000000,m***********@gmail.com,+54116****226,interaccion_whatsapp_posterior_a_descarte
33405,14197,No interesado,PENDIENTE_REVISION,estado_no_calificado_canonico,prospectos,2026-09-08 14:41:20.000000,,,interaccion_whatsapp_posterior_a_descarte
33453,14215,No interesado,PENDIENTE_REVISION,estado_no_calificado_canonico,prospectos,2026-09-08 20:50:36.000000,m************@hotmail.com.ar,+54116****250,interaccion_whatsapp_posterior_a_descarte
33461,14219,No interesado,PENDIENTE_REVISION,estado_no_calificado_canonico,prospectos,2026-09-09 08:47:01.000000,r****************@gmail.com,+54113****599,interaccion_whatsapp_posterior_a_descarte
33563,14251,No interesado,PENDIENTE_REVISION,estado_no_calificado_canonico,prospectos,2026-09-09 16:48:49.000000,,+54911*****517,interaccion_whatsapp_posterior_a_descarte
33566,14252,No interesado,PENDIENTE_REVISION,estado_no_calificado_canonico,prospectos,2026-09-09 17:10:02.000000,l************@gmail.com,+54115****825,interaccion_whatsapp_posterior_a_descarte
33674,14301,No interesado,PENDIENTE_REVISION,estado_no_calificado_canonico,prospectos,2026-09-10 15:25:09.000000,p****************@gmail.com,+54117****576,interaccion_whatsapp_posterior_a_descarte
33675,14302,No interesado,PENDIENTE_REVISION,estado_no_calificado_canonico,prospectos,2026-09-10 15:26:33.000000,n*********************@gmail.com,+54261****302,interaccion_whatsapp_posterior_a_descarte
33731,14320,No interesado,PENDIENTE_REVISION,estado_no_calificado_canonico,prospectos,2026-09-10 21:20:29.000000,a*************@gmail.com,+54112****675,interaccion_whatsapp_posterior_a_descarte
33783,14349,No interesado,PENDIENTE_REVISION,estado_no_calificado_canonico,prospectos,2026-09-11 14:23:37.000000,p**********@gmail.com,+54341****443,interaccion_whatsapp_posterior_a_descarte
40137,14434,No interesado,PENDIENTE_REVISION,estado_no_calificado_canonico,prospectos,2026-09-14 09:53:59.000000,v***********@gmail.com,+54115****245,interaccion_whatsapp_posterior_a_descarte
40202,14477,No interesado,PENDIENTE_REVISION,estado_no_calificado_canonico,prospectos,2026-09-14 14:44:54.000000,m********@gmail.com,+54264****393,interaccion_whatsapp_posterior_a_descarte
40283,14522,No busca cobertura médica,PENDIENTE_REVISION,estado_no_calificado_canonico,asignaciones,2026-09-15 11:09:45.000000,f**************@gmail.com,+54116****848,interaccion_whatsapp_posterior_a_descarte
40300,14530,Fuera de zona,PENDIENTE_REVISION,estado_no_calificado_canonico,asignaciones,2026-09-15 11:24:23.000000,c*******************@gmail.com,+54221****749,interaccion_whatsapp_posterior_a_descarte
40316,14539,No interesado,PENDIENTE_REVISION,estado_no_calificado_canonico,prospectos,2026-09-15 11:31:45.000000,d*****************@gmail.com,+54375****799,interaccion_whatsapp_posterior_a_descarte
40318,14541,No interesado,PENDIENTE_REVISION,estado_no_calificado_canonico,prospectos,2026-09-15 11:42:08.000000,m*************@gmail.com,+54341****905,interaccion_whatsapp_posterior_a_descarte
40322,14545,No interesado,PENDIENTE_REVISION,estado_no_calificado_canonico,prospectos,2026-09-15 11:34:42.000000,s***************@gmail.com,+54116****086,interaccion_whatsapp_posterior_a_descarte
40350,14566,No busca cobertura médica,PENDIENTE_REVISION,estado_no_calificado_canonico,asignaciones,2026-09-15 14:39:41.000000,u*********@gmail.com,+54370****711,interaccion_whatsapp_posterior_a_descarte
40363,14576,No interesado,PENDIENTE_REVISION,estado_no_calificado_canonico,prospectos,2026-09-15 15:19:40.000000,c**************@gmail.com,+54112****712,interaccion_whatsapp_posterior_a_descarte
40397,14595,No interesado,PENDIENTE_REVISION,estado_no_calificado_canonico,prospectos,2026-09-15 19:31:44.000000,j**************@gmail.com,+54115****544,interaccion_whatsapp_posterior_a_descarte
40414,14608,No interesado,PENDIENTE_REVISION,estado_no_calificado_canonico,prospectos,2026-09-15 22:53:35.000000,l************@hotmail.com,+54375****987,interaccion_whatsapp_posterior_a_descarte
40422,14616,No interesado,PENDIENTE_REVISION,estado_no_calificado_canonico,prospectos,2026-09-16 00:09:13.000000,c*******@yahoo.com,+54115****961,interaccion_whatsapp_posterior_a_descarte
40424,14617,No interesado,PENDIENTE_REVISION,estado_no_calificado_canonico,prospectos,2026-09-16 07:42:51.000000,t*************@gmail.com,+54113****142,interaccion_whatsapp_posterior_a_descarte
40444,14629,No interesado,PENDIENTE_REVISION,estado_no_calificado_canonico,prospectos,2026-09-16 10:24:19.000000,l*************@gmail.com,+54371****750,interaccion_whatsapp_posterior_a_descarte
40457,14640,No interesado,PENDIENTE_REVISION,estado_no_calificado_canonico,prospectos,2026-09-16 10:50:13.000000,m****************@hotmail.com,+54116****946,interaccion_whatsapp_posterior_a_descarte
40464,14645,No interesado,PENDIENTE_REVISION,estado_no_calificado_canonico,prospectos,2026-09-16 11:47:25.000000,m***********@gmail.com,+54115****070,interaccion_whatsapp_posterior_a_descarte
40476,14653,No interesado,PENDIENTE_REVISION,estado_no_calificado_canonico,prospectos,2026-09-16 11:30:12.000000,e****************@gmail.com,+54364****654,interaccion_whatsapp_posterior_a_descarte
40485,14660,Fuera de zona,PENDIENTE_REVISION,estado_no_calificado_canonico,asignaciones,2026-09-16 12:01:24.000000,j****************@gmail.com,+54375****190,interaccion_whatsapp_posterior_a_descarte
40491,14662,No interesado,PENDIENTE_REVISION,estado_no_calificado_canonico,prospectos,2026-09-16 12:45:15.000000,v************@hotmail.com,+54115****403,interaccion_whatsapp_posterior_a_descarte
40498,14665,No interesado,PENDIENTE_REVISION,estado_no_calificado_canonico,prospectos,2026-09-16 13:33:36.000000,b********@gmail.com,+54116****547,interaccion_whatsapp_posterior_a_descarte
40502,14668,No interesado,PENDIENTE_REVISION,estado_no_calificado_canonico,prospectos,2026-09-16 14:02:39.000000,s************@gmail.com,+54112****182,interaccion_whatsapp_posterior_a_descarte
40584,14709,No busca cobertura médica,PENDIENTE_REVISION,estado_no_calificado_canonico,asignaciones,2026-09-17 12:07:31.000000,a***********@hotmail.com,+54225****701,interaccion_whatsapp_posterior_a_descarte
40596,14716,No interesado,PENDIENTE_REVISION,estado_no_calificado_canonico,prospectos,2026-09-17 10:55:59.000000,j*********@gmail.com,+54112****090,interaccion_whatsapp_posterior_a_descarte
40605,14723,No interesado,PENDIENTE_REVISION,estado_no_calificado_canonico,prospectos,2026-09-17 11:13:46.000000,a************@gmail.com,+54113****623,interaccion_whatsapp_posterior_a_descarte
40607,14725,No interesado,PENDIENTE_REVISION,estado_no_calificado_canonico,prospectos,2026-09-17 11:29:41.000000,a******************@hotmail.com,+54112****281,interaccion_whatsapp_posterior_a_descarte
40613,14730,No interesado,PENDIENTE_REVISION,estado_no_calificado_canonico,prospectos,2026-09-17 11:56:47.000000,c************@gmail.com,+54115****346,interaccion_whatsapp_posterior_a_descarte
40619,14732,No interesado,PENDIENTE_REVISION,estado_no_calificado_canonico,prospectos,2026-09-17 12:32:42.000000,j**********@gmail.com,+54112****544,interaccion_whatsapp_posterior_a_descarte
40620,14733,No interesado,PENDIENTE_REVISION,estado_no_calificado_canonico,prospectos,2026-09-17 12:48:53.000000,m*********@hotmail.com,+54113****653,interaccion_whatsapp_posterior_a_descarte
40628,14736,No interesado,PENDIENTE_REVISION,estado_no_calificado_canonico,prospectos,2026-09-17 13:16:37.000000,a*********@yahoo.com.ar,+54113****984,interaccion_whatsapp_posterior_a_descarte
40669,14759,No interesado,PENDIENTE_REVISION,estado_no_calificado_canonico,prospectos,2026-09-17 18:04:11.000000,b*****************@gmail.com,+54372****804,interaccion_whatsapp_posterior_a_descarte
40677,14766,No interesado,PENDIENTE_REVISION,estado_no_calificado_canonico,prospectos,2026-09-17 20:04:48.000000,h**************@gmail.com,+54112****487,interaccion_whatsapp_posterior_a_descarte
40680,14769,No interesado,PENDIENTE_REVISION,estado_no_calificado_canonico,prospectos,2026-09-17 20:46:03.000000,d**********@hotmail.com,+54113****111,interaccion_whatsapp_posterior_a_descarte
40688,14775,No interesado,PENDIENTE_REVISION,estado_no_calificado_canonico,prospectos,2026-09-18 08:06:27.000000,g******************@gmail.com,+54115****753,interaccion_whatsapp_posterior_a_descarte
40689,14776,No busca cobertura médica,PENDIENTE_REVISION,estado_no_calificado_canonico,asignaciones,2026-09-18 11:33:14.000000,e****************@gmail.com,+54294****412,interaccion_whatsapp_posterior_a_descarte
40694,14781,No busca cobertura médica,PENDIENTE_REVISION,estado_no_calificado_canonico,asignaciones,2026-09-18 15:42:12.000000,o**************@gmail.com,+54374****663,interaccion_whatsapp_posterior_a_descarte
40716,14802,No interesado,PENDIENTE_REVISION,estado_no_calificado_canonico,prospectos,2026-09-18 11:39:20.000000,e************@hotmail.com,+54115****980,interaccion_whatsapp_posterior_a_descarte
40720,14806,No interesado,PENDIENTE_REVISION,estado_no_calificado_canonico,prospectos,2026-09-18 10:59:54.000000,m***********@hotmail.com,+54299****282,interaccion_whatsapp_posterior_a_descarte
40732,14817,No interesado,PENDIENTE_REVISION,estado_no_calificado_canonico,prospectos,2026-09-18 12:12:29.000000,m************@gmail.com,+54112****316,interaccion_whatsapp_posterior_a_descarte
40733,14818,No interesado,PENDIENTE_REVISION,estado_no_calificado_canonico,prospectos,2026-09-18 11:40:58.000000,r************@yahoo.com.ar,+54115****980,interaccion_whatsapp_posterior_a_descarte
40735,14820,No interesado,PENDIENTE_REVISION,estado_no_calificado_canonico,prospectos,2026-09-18 11:31:32.000000,c******************@gmail.com,+54113****360,interaccion_whatsapp_posterior_a_descarte
40743,14828,No interesado,PENDIENTE_REVISION,estado_no_calificado_canonico,prospectos,2026-09-18 11:41:38.000000,s***********@yahoo.com,+54112****123,interaccion_whatsapp_posterior_a_descarte
40750,14831,No interesado,PENDIENTE_REVISION,estado_no_calificado_canonico,prospectos,2026-09-18 12:27:30.000000,j**************@gmail.com,+54375****666,interaccion_whatsapp_posterior_a_descarte
40772,14842,No interesado,PENDIENTE_REVISION,estado_no_calificado_canonico,prospectos,2026-09-18 14:15:58.000000,m******************@gmail.com,+54115****333,interaccion_whatsapp_posterior_a_descarte
40813,14863,No interesado,PENDIENTE_REVISION,estado_no_calificado_canonico,prospectos,2026-09-18 20:48:31.000000,l***************@gmail.com,+54112****429,interaccion_whatsapp_posterior_a_descarte
40816,14866,No interesado,PENDIENTE_REVISION,estado_no_calificado_canonico,prospectos,2026-09-18 21:17:53.000000,a*******@icloud.com,+54113****077,interaccion_whatsapp_posterior_a_descarte
40819,14869,No interesado,PENDIENTE_REVISION,estado_no_calificado_canonico,prospectos,2026-09-19 08:46:24.000000,d****************@gmail.com,+54370****654,interaccion_whatsapp_posterior_a_descarte
40828,14876,No interesado,PENDIENTE_REVISION,estado_no_calificado_canonico,prospectos,2026-09-19 11:12:35.000000,s****************@gmsil.com,+54116****589,interaccion_whatsapp_posterior_a_descarte
40843,14888,No interesado,PENDIENTE_REVISION,estado_no_calificado_canonico,prospectos,2026-09-19 13:09:13.000000,a************@yahoo.com.ar,+54114****657,interaccion_whatsapp_posterior_a_descarte
40859,14899,No interesado,PENDIENTE_REVISION,estado_no_calificado_canonico,prospectos,2026-09-19 17:00:46.000000,t************@gmail.com,+54113****406,interaccion_whatsapp_posterior_a_descarte
40874,14911,No interesado,PENDIENTE_REVISION,estado_no_calificado_canonico,prospectos,2026-09-20 10:02:16.000000,m******************@gmail.com,+54113****584,interaccion_whatsapp_posterior_a_descarte
40888,14921,No interesado,PENDIENTE_REVISION,estado_no_calificado_canonico,prospectos,2026-09-20 14:17:58.000000,m******************@gmail.com,+54112****758,interaccion_whatsapp_posterior_a_descarte
235,,No busca cobertura médica,INCLUIDO,estado_no_calificado_canonico,asignaciones,2026-07-28 16:00:41.000000,g*********************@gmail.com,+54112****151,incluido_ok
238,,No busca cobertura médica,INCLUIDO,estado_no_calificado_canonico,asignaciones,2026-02-19 10:28:50.000000,a********@gmail.com,+54116****320,incluido_ok
246,,Fuera de zona,INCLUIDO,estado_no_calificado_canonico,asignaciones,2026-07-28 11:35:59.000000,r*******************@gmail.com,+54297****229,incluido_ok
248,,Fuera de zona,INCLUIDO,estado_no_calificado_canonico,asignaciones,2025-11-28 15:58:10.000000,n***********@gmail.com,+54377****643,incluido_ok
251,,Fuera de zona,INCLUIDO,estado_no_calificado_canonico,asignaciones,2025-11-06 11:29:32.000000,h*******@gmail.com,+54381****617,incluido_ok
252,,Fuera de zona,INCLUIDO,estado_no_calificado_canonico,asignaciones,2025-11-06 11:29:25.000000,p**********@gmail.com,+54298****367,incluido_ok
253,,Fuera de zona,INCLUIDO,estado_no_calificado_canonico,asignaciones,2025-11-06 11:34:48.000000,e*****************@gmail.com,+54341****967,incluido_ok
255,,Fuera de zona,INCLUIDO,estado_no_calificado_canonico,asignaciones,2025-11-13 12:05:55.000000,a*************@gmail.com,+54112****399,incluido_ok
262,,No busca cobertura médica,INCLUIDO,estado_no_calificado_canonico,asignaciones,2026-08-13 10:47:49.000000,o***************@gmail.com,+54114****888,incluido_ok
280,,Fuera de zona,INCLUIDO,estado_no_calificado_canonico,asignaciones,2025-11-07 16:33:15.000000,p**************@gmail.com,+54342****779,incluido_ok
283,,No busca cobertura médica,INCLUIDO,estado_no_calificado_canonico,asignaciones,2026-02-19 10:29:14.000000,d**************@gmail.com,+54113****507,incluido_ok
298,,Fuera de zona,INCLUIDO,estado_no_calificado_canonico,asignaciones,2026-02-20 15:41:55.000000,m********@gmail.com,+54347****954,incluido_ok
302,,Fuera de zona,INCLUIDO,estado_no_calificado_canonico,asignaciones,2026-08-04 12:35:07.000000,l*************@gmail.com,+54922*****410,incluido_ok
313,,Fuera de zona,INCLUIDO,estado_no_calificado_canonico,asignaciones,2025-11-17 11:30:46.000000,c**************@gmail.com,+54353****875,incluido_ok
314,,No busca cobertura médica,INCLUIDO,estado_no_calificado_canonico,asignaciones,2026-02-09 13:56:52.000000,b****************@gmail.com,+54113****519,incluido_ok
315,,Fuera de zona,INCLUIDO,estado_no_calificado_canonico,asignaciones,2025-11-17 12:03:56.000000,a*******************@gmail.com,+54384****132,incluido_ok
316,,Fuera de zona,INCLUIDO,estado_no_calificado_canonico,asignaciones,2025-11-06 12:48:09.000000,t***********@gmail.com,+54221****150,incluido_ok
325,,No busca cobertura médica,INCLUIDO,estado_no_calificado_canonico,asignaciones,2026-02-11 16:45:58.000000,j*************@gmail.com,+54113****129,incluido_ok
326,,Fuera de zona,INCLUIDO,estado_no_calificado_canonico,asignaciones,2025-12-02 12:37:14.000000,l************@gmail.com,+54375****202,incluido_ok
328,,Fuera de zona,INCLUIDO,estado_no_calificado_canonico,asignaciones,2025-12-02 12:40:43.000000,j****************@gmail.com,+54379****591,incluido_ok
360,,Fuera de zona,INCLUIDO,estado_no_calificado_canonico,asignaciones,2025-12-02 13:27:02.000000,j******************@gmail.com,+54375****681,incluido_ok
364,,No busca cobertura médica,INCLUIDO,estado_no_calificado_canonico,asignaciones,2026-08-03 17:06:04.000000,g*************@gmail.com,,incluido_ok
381,,No busca cobertura médica,INCLUIDO,estado_no_calificado_canonico,asignaciones,2026-03-06 15:37:24.000000,c*********@100k.com.ar,+54116****007,incluido_ok
385,,No busca cobertura médica,INCLUIDO,estado_no_calificado_canonico,asignaciones,2026-05-05 14:01:32.000000,a***************@gmail.com,+54116****565,incluido_ok
391,,No busca cobertura médica,INCLUIDO,estado_no_calificado_canonico,asignaciones,2026-02-10 11:45:00.000000,s********@gmail.com,+54116****020,incluido_ok
406,,No busca cobertura médica,INCLUIDO,estado_no_calificado_canonico,asignaciones,2026-03-06 15:49:45.000000,j**************@gmail.com,+54117****765,incluido_ok
407,,Fuera de zona,INCLUIDO,estado_no_calificado_canonico,asignaciones,2025-11-21 11:04:42.000000,b*******@gmail.com,+54377****215,incluido_ok
410,,Fuera de zona,INCLUIDO,estado_no_calificado_canonico,asignaciones,2025-11-14 17:16:13.000000,r*************@gmail.com,+54348****748,incluido_ok
411,,No busca cobertura médica,INCLUIDO,estado_no_calificado_canonico,asignaciones,2026-09-04 12:13:08.000000,f***************@gmail.comf,+54362****821,incluido_ok
413,,Fuera de zona,INCLUIDO,estado_no_calificado_canonico,asignaciones,2026-02-10 16:33:22.000000,m***********@gmail.com,+54385****723,incluido_ok
417,,Fuera de zona,INCLUIDO,estado_no_calificado_canonico,asignaciones,2026-02-09 12:35:13.000000,r***********@gmail.com,+54351****828,incluido_ok
427,,Fuera de zona,INCLUIDO,estado_no_calificado_canonico,asignaciones,2026-02-19 10:30:25.000000,f**************@gmail.com,+54341****399,incluido_ok
431,,Fuera de zona,INCLUIDO,estado_no_calificado_canonico,asignaciones,2025-11-07 10:59:29.000000,j*****@outlook.com,+54296****615,incluido_ok
456,,Fuera de zona,INCLUIDO,estado_no_calificado_canonico,asignaciones,2026-03-10 16:27:45.000000,g*************@gmail.com,+54115****212,incluido_ok
479,,Fuera de zona,INCLUIDO,estado_no_calificado_canonico,asignaciones,2026-04-08 14:23:14.000000,k*********@gmail.com,+54346****105,incluido_ok
489,,Fuera de zona,INCLUIDO,estado_no_calificado_canonico,asignaciones,2026-02-20 15:46:21.000000,g*************@gmail.com,+54222****481,incluido_ok
492,,Fuera de zona,INCLUIDO,estado_no_calificado_canonico,asignaciones,2025-11-07 17:03:09.000000,p***************@gmail.com,+54385****874,incluido_ok
496,,Fuera de zona,INCLUIDO,estado_no_calificado_canonico,asignaciones,2026-02-11 16:42:14.000000,c***************@gmail.com,+54383****363,incluido_ok
498,,Fuera de zona,INCLUIDO,estado_no_calificado_canonico,asignaciones,2026-02-18 11:59:29.000000,e******************@gmail.com,+54298****858,"incluido_ok (fusiona 2 registros de prospectos, ver filas FUSIONADO)"
499,,Fuera de zona,FUSIONADO,estado_no_calificado_canonico,asignaciones,2026-02-18 11:59:29.000000,e******************@gmail.com,+54298****858,fusionado_en_prospecto_id_498
504,,Fuera de zona,INCLUIDO,estado_no_calificado_canonico,asignaciones,2025-11-10 15:07:20.000000,l********@gmail.com,+54264****717,"incluido_ok (fusiona 2 registros de prospectos, ver filas FUSIONADO)"
502,,Fuera de zona,FUSIONADO,estado_no_calificado_canonico,asignaciones,2025-11-10 15:07:20.000000,l********@gmail.com,+54264****717,fusionado_en_prospecto_id_504
523,,Fuera de zona,INCLUIDO,estado_no_calificado_canonico,asignaciones,2025-11-11 13:30:12.000000,j*****************@gmail.com,+54381****844,incluido_ok
524,,Fuera de zona,INCLUIDO,estado_no_calificado_canonico,asignaciones,2025-11-08 11:58:41.000000,r*************@gmail.com,+54358****608,incluido_ok
528,,Fuera de zona,INCLUIDO,estado_no_calificado_canonico,asignaciones,2025-11-10 16:33:37.000000,g*********@gmail.com,+54348****011,incluido_ok
665,,Fuera de zona,INCLUIDO,estado_no_calificado_canonico,asignaciones,2025-11-17 12:27:15.000000,a***************@gmail.com,+54221****473,"incluido_ok (fusiona 2 registros de prospectos, ver filas FUSIONADO)"
530,,Fuera de zona,FUSIONADO,estado_no_calificado_canonico,asignaciones,2025-11-17 12:27:15.000000,a***************@gmail.com,+54221****473,fusionado_en_prospecto_id_665
536,,Fuera de zona,INCLUIDO,estado_no_calificado_canonico,asignaciones,2025-11-10 16:47:36.000000,j*************@gmail.com,+54358****366,incluido_ok
548,,Fuera de zona,INCLUIDO,estado_no_calificado_canonico,asignaciones,2025-11-10 17:11:54.000000,2***********@gmeil.com,+54354****225,incluido_ok
550,,Fuera de zona,INCLUIDO,estado_no_calificado_canonico,asignaciones,2025-11-08 11:58:21.000000,l**************@gmail.com,+54364****763,incluido_ok
551,,Fuera de zona,INCLUIDO,estado_no_calificado_canonico,asignaciones,2025-11-28 10:47:20.000000,l***************@gmail.com,+54373****925,incluido_ok
581,,Fuera de zona,INCLUIDO,estado_no_calificado_canonico,asignaciones,2025-11-10 17:14:49.000000,q******@gmail.com,+54112****045,incluido_ok
600,,No busca cobertura médica,INCLUIDO,estado_no_calificado_canonico,asignaciones,2026-02-10 11:43:03.000000,b***************@gmail.com,+54113****796,incluido_ok
615,,Fuera de zona,INCLUIDO,estado_no_calificado_canonico,asignaciones,2025-11-10 12:48:49.000000,n**************@gmail.com,+54341****889,incluido_ok
616,,Fuera de zona,INCLUIDO,estado_no_calificado_canonico,asignaciones,2026-03-10 16:32:20.000000,b**************@gmail.com,+54112****213,incluido_ok
620,,Fuera de zona,INCLUIDO,estado_no_calificado_canonico,asignaciones,2025-11-10 17:19:03.000000,a*************@gmail.com,+54116****107,incluido_ok
631,,Fuera de zona,INCLUIDO,estado_no_calificado_canonico,asignaciones,2025-11-12 14:55:37.000000,m************@gmail.com,+54293****280,incluido_ok
638,,Fuera de zona,INCLUIDO,estado_no_calificado_canonico,asignaciones,2026-03-10 16:32:26.000000,a************@gmail.com,+54112****341,incluido_ok
641,,Fuera de zona,INCLUIDO,estado_no_calificado_canonico,asignaciones,2026-03-10 16:32:28.000000,m*****************@gmail.com,+54364****037,incluido_ok
673,,Fuera de zona,INCLUIDO,estado_no_calificado_canonico,asignaciones,2025-11-10 09:51:01.000000,n****************@gmail.com,+54375****733,incluido_ok
677,,Fuera de zona,INCLUIDO,estado_no_calificado_canonico,asignaciones,2025-12-26 14:25:06.000000,c****************@gmail.com,+54343****010,incluido_ok
688,,Fuera de zona,INCLUIDO,estado_no_calificado_canonico,asignaciones,2025-12-02 13:30:38.000000,b************@gmail.com,+54383****177,incluido_ok
743,,Fuera de zona,INCLUIDO,estado_no_calificado_canonico,asignaciones,2025-12-02 13:35:28.000000,a*******@gmail.com,+54228****567,incluido_ok
758,,Fuera de zona,INCLUIDO,estado_no_calificado_canonico,asignaciones,2026-01-02 12:56:51.000000,r****************@gmail.com,+54376****994,incluido_ok
759,,Fuera de zona,INCLUIDO,estado_no_calificado_canonico,asignaciones,2025-11-10 17:03:43.000000,g**************@gmail.com,+54346****534,incluido_ok
799,,Fuera de zona,INCLUIDO,estado_no_calificado_canonico,asignaciones,2025-11-11 10:38:46.000000,f***************@gmail.com,+54223****869,incluido_ok
801,,No busca cobertura médica,INCLUIDO,estado_no_calificado_canonico,asignaciones,2026-02-13 11:39:39.000000,r*********@gmail.com,+54116****701,incluido_ok
809,,Fuera de zona,INCLUIDO,estado_no_calificado_canonico,asignaciones,2025-11-12 12:01:00.000000,d*********@hotmail.com,+54296****817,incluido_ok
812,,Fuera de zona,INCLUIDO,estado_no_calificado_canonico,asignaciones,2025-12-02 13:39:10.000000,m***************@gmail.com,+54223****431,incluido_ok
815,,Fuera de zona,INCLUIDO,estado_no_calificado_canonico,asignaciones,2025-11-12 15:03:18.000000,g*******@gmail.com,+54294****994,incluido_ok
823,,Fuera de zona,INCLUIDO,estado_no_calificado_canonico,asignaciones,2025-11-11 10:38:19.000000,n****************@hotmail.com,+54221****067,incluido_ok
824,,No busca cobertura médica,INCLUIDO,estado_no_calificado_canonico,asignaciones,2026-05-12 12:07:52.000000,a***************@gmail.com,+54112****122,incluido_ok
826,,No busca cobertura médica,INCLUIDO,estado_no_calificado_canonico,asignaciones,2026-02-27 13:07:59.000000,s**********@hotmail.com,+54112****172,incluido_ok
834,,Fuera de zona,INCLUIDO,estado_no_calificado_canonico,asignaciones,2025-11-13 11:03:52.000000,p*************@gmail.com,+54221****672,incluido_ok
838,,Fuera de zona,INCLUIDO,estado_no_calificado_canonico,asignaciones,2025-11-11 15:09:02.000000,m******************@gmail.com,+54221****781,incluido_ok
841,,No busca cobertura médica,INCLUIDO,estado_no_calificado_canonico,asignaciones,2026-02-23 12:39:04.000000,m****************@gmail.com,+54116****971,incluido_ok
844,,Fuera de zona,INCLUIDO,estado_no_calificado_canonico,asignaciones,2025-11-11 12:20:27.000000,c*********@gmail.com,+54298****709,incluido_ok
854,,Fuera de zona,INCLUIDO,estado_no_calificado_canonico,asignaciones,2025-11-13 10:49:31.000000,t********@gmail.com,+54370****997,incluido_ok
875,,Fuera de zona,INCLUIDO,estado_no_calificado_canonico,asignaciones,2026-02-11 16:42:43.000000,b****************@gmail.com,+54116****833,incluido_ok
904,,Fuera de zona,INCLUIDO,estado_no_calificado_canonico,asignaciones,2025-12-02 13:46:27.000000,h*******@gmail.com,+54223****789,incluido_ok
905,,Fuera de zona,INCLUIDO,estado_no_calificado_canonico,asignaciones,2025-11-11 15:19:19.000000,j*****************@hotmail.com,+54114****624,incluido_ok
910,,Fuera de zona,INCLUIDO,estado_no_calificado_canonico,asignaciones,2025-11-12 12:20:57.000000,l****************@gmail.com,+54221****414,incluido_ok
916,,No busca cobertura médica,INCLUIDO,estado_no_calificado_canonico,asignaciones,2026-04-19 13:39:32.000000,j*********@hotmail.com,+54115****262,incluido_ok
921,,Fuera de zona,INCLUIDO,estado_no_calificado_canonico,asignaciones,2025-11-11 14:34:09.000000,l*************@gmail.com,+54116****486,incluido_ok
927,,Fuera de zona,INCLUIDO,estado_no_calificado_canonico,asignaciones,2025-12-02 16:19:42.000000,r********@gmail.com,+54380****645,incluido_ok
931,,Fuera de zona,INCLUIDO,estado_no_calificado_canonico,asignaciones,2025-11-11 15:21:30.000000,s*****@gmail.coms,+54224****824,incluido_ok
944,,Fuera de zona,INCLUIDO,estado_no_calificado_canonico,asignaciones,2025-11-12 10:13:41.000000,d***********************@gmail.com,+54341****254,incluido_ok
960,,Fuera de zona,INCLUIDO,estado_no_calificado_canonico,asignaciones,2025-11-12 11:36:26.000000,g********@gmail.com,+54113****804,incluido_ok
962,,Fuera de zona,INCLUIDO,estado_no_calificado_canonico,asignaciones,2025-12-02 16:25:15.000000,i**************@gmail.com,+54113****360,incluido_ok
963,,No busca cobertura médica,INCLUIDO,estado_no_calificado_canonico,asignaciones,2026-02-11 16:42:49.000000,n*************@gmail.com,+54357****973,incluido_ok
964,,No busca cobertura médica,INCLUIDO,estado_no_calificado_canonico,asignaciones,2026-06-03 13:44:58.000000,n***********@gmail.com,+54114****327,incluido_ok
965,,Fuera de zona,INCLUIDO,estado_no_calificado_canonico,asignaciones,2025-11-12 10:42:33.000000,a****************@gmail.com,+54266****797,incluido_ok
976,,Fuera de zona,INCLUIDO,estado_no_calificado_canonico,asignaciones,2025-11-12 10:15:45.000000,i*****************@gmail.com,+54351****080,incluido_ok
984,,Fuera de zona,INCLUIDO,estado_no_calificado_canonico,asignaciones,2026-02-09 12:43:52.000000,c**********@gmail.com,+54292****124,incluido_ok
988,,Fuera de zona,INCLUIDO,estado_no_calificado_canonico,asignaciones,2025-11-13 11:12:40.000000,j**********@hotmail.com,+54113****945,incluido_ok
1001,,Fuera de zona,INCLUIDO,estado_no_calificado_canonico,asignaciones,2026-02-09 12:46:24.000000,g********************@gmail.com,+54291****058,incluido_ok
1003,,Fuera de zona,INCLUIDO,estado_no_calificado_canonico,asignaciones,2025-11-12 11:43:21.000000,e*************@gmail.com,+54364****992,incluido_ok
1021,,No busca cobertura médica,INCLUIDO,estado_no_calificado_canonico,asignaciones,2026-06-03 13:44:29.000000,n***********@gmail.com,+54116****299,incluido_ok
1025,,No busca cobertura médica,INCLUIDO,estado_no_calificado_canonico,asignaciones,2026-03-02 16:40:41.000000,c*************@gmail.com,+54116****851,incluido_ok
1027,,Fuera de zona,INCLUIDO,estado_no_calificado_canonico,asignaciones,2026-02-11 16:43:04.000000,s***********@gmail.com,+54385****936,incluido_ok
1037,,No busca cobertura médica,INCLUIDO,estado_no_calificado_canonico,asignaciones,2026-02-05 14:39:36.000000,f****************@hotmail.com,+54115****357,incluido_ok
1048,,Fuera de zona,INCLUIDO,estado_no_calificado_canonico,asignaciones,2025-11-14 17:18:20.000000,t**************@gmil.com,+54370****045,incluido_ok
1050,,No busca cobertura médica,INCLUIDO,estado_no_calificado_canonico,asignaciones,2026-02-10 11:53:06.000000,c**************@gmail.com,+54112****811,incluido_ok
1074,,Fuera de zona,INCLUIDO,estado_no_calificado_canonico,asignaciones,2025-11-15 19:07:52.000000,b********************@gmail.com,+54387****518,incluido_ok
1076,,No busca cobertura médica,INCLUIDO,estado_no_calificado_canonico,asignaciones,2026-06-03 13:44:09.000000,d************@gmail.com,+54370****145,incluido_ok
1077,,Fuera de zona,INCLUIDO,estado_no_calificado_canonico,asignaciones,2026-04-06 13:33:47.000000,n********************@gmail.com,+54376****117,incluido_ok
1078,,No busca cobertura médica,INCLUIDO,estado_no_calificado_canonico,asignaciones,2026-04-30 10:20:34.000000,a*****@gmail.com,+54370****484,incluido_ok
1082,,Fuera de zona,INCLUIDO,estado_no_calificado_canonico,asignaciones,2025-11-15 19:07:29.000000,m****************@gmail.com,+54221****024,incluido_ok
1083,,Fuera de zona,INCLUIDO,estado_no_calificado_canonico,asignaciones,2025-11-14 11:46:36.000000,j***************@gmail.com,+54112****531,incluido_ok
1084,,Fuera de zona,INCLUIDO,estado_no_calificado_canonico,asignaciones,2025-11-13 10:52:00.000000,t*************@gmail.com,+54351****859,incluido_ok
1091,,Fuera de zona,INCLUIDO,estado_no_calificado_canonico,asignaciones,2025-12-09 12:27:56.000000,b**********@gmail.com,+54115****520,incluido_ok
1096,,No busca cobertura médica,INCLUIDO,estado_no_calificado_canonico,asignaciones,2026-03-06 16:02:38.000000,c*****************@gmail.com,+54112****631,incluido_ok
1131,,No busca cobertura médica,INCLUIDO,estado_no_calificado_canonico,asignaciones,2026-02-10 16:48:30.000000,p******************@yahoo.com.ar,+54116****637,incluido_ok
1137,,No busca cobertura médica,INCLUIDO,estado_no_calificado_canonico,asignaciones,2026-04-01 13:06:12.000000,t***********@gmail.com,+54115****571,incluido_ok
1153,,Fuera de zona,INCLUIDO,estado_no_calificado_canonico,asignaciones,2026-02-25 10:40:33.000000,l*************@gmail.com,+54387****609,incluido_ok
1154,,Fuera de zona,INCLUIDO,estado_no_calificado_canonico,asignaciones,2025-12-02 17:07:28.000000,l***********@gmail.com,+54385****312,incluido_ok
1164,,Fuera de zona,INCLUIDO,estado_no_calificado_canonico,asignaciones,2025-11-18 12:25:37.000000,a****************@gmail.com,+54343****725,incluido_ok
1165,,Fuera de zona,INCLUIDO,estado_no_calificado_canonico,asignaciones,2026-02-23 10:51:06.000000,a*************@gmail.com,+54341****245,incluido_ok
1167,,Fuera de zona,INCLUIDO,estado_no_calificado_canonico,asignaciones,2025-11-17 14:36:17.000000,h*********@gmail.com,+54387****746,incluido_ok
1168,,Fuera de zona,INCLUIDO,estado_no_calificado_canonico,asignaciones,2025-11-14 10:27:42.000000,f***************@gmail.com,+54372****350,incluido_ok
1183,,No busca cobertura médica,INCLUIDO,estado_no_calificado_canonico,asignaciones,2026-07-27 14:07:06.000000,f***************@gmail.com,+54116****398,incluido_ok
1191,,No busca cobertura médica,INCLUIDO,estado_no_calificado_canonico,asignaciones,2026-02-24 12:53:23.000000,a****************@gmail.com,+54113****457,incluido_ok
1193,,No busca cobertura médica,INCLUIDO,estado_no_calificado_canonico,asignaciones,2026-07-24 12:18:37.000000,f******************@gmail.com,+54117****512,incluido_ok
1195,,Fuera de zona,INCLUIDO,estado_no_calificado_canonico,asignaciones,2025-11-14 15:29:30.000000,c***************@gmail.com,+54353****692,incluido_ok
1212,,No busca cobertura médica,INCLUIDO,estado_no_calificado_canonico,asignaciones,2026-07-27 14:07:14.000000,m*****************@gmail.com,+54348****365,incluido_ok
1218,,Fuera de zona,INCLUIDO,estado_no_calificado_canonico,asignaciones,2026-06-19 15:11:17.000000,l*********************@gmail.com,+54341****566,incluido_ok
1219,,No busca cobertura médica,INCLUIDO,estado_no_calificado_canonico,asignaciones,2026-07-27 14:07:47.000000,e********@hotmail.com,+54113****157,incluido_ok
1230,,Fuera de zona,INCLUIDO,estado_no_calificado_canonico,asignaciones,2025-11-17 11:13:03.000000,g**************@gmail.com,+54382****366,incluido_ok
1233,,Fuera de zona,INCLUIDO,estado_no_calificado_canonico,asignaciones,2025-11-17 17:18:15.000000,d************@gmail.com,+54113****581,incluido_ok
1243,,Fuera de zona,INCLUIDO,estado_no_calificado_canonico,asignaciones,2026-01-16 17:41:34.000000,c***********@gmail.com,+54297****886,incluido_ok
1245,,Fuera de zona,INCLUIDO,estado_no_calificado_canonico,asignaciones,2026-02-09 12:48:38.000000,a***************@gmail.com,+54341****210,incluido_ok
1259,,Fuera de zona,INCLUIDO,estado_no_calificado_canonico,asignaciones,2025-11-17 17:26:44.000000,o******@hotmail.com,+54117****663,incluido_ok
1262,,No busca cobertura médica,INCLUIDO,estado_no_calificado_canonico,asignaciones,2026-07-27 14:07:35.000000,v******************@gmail.com,+54116****890,incluido_ok
1291,,No busca cobertura médica,INCLUIDO,estado_no_calificado_canonico,asignaciones,2026-01-26 16:08:06.000000,e**************************@gmail.com,+54261****995,incluido_ok
1296,,Fuera de zona,INCLUIDO,estado_no_calificado_canonico,asignaciones,2026-07-30 16:08:30.000000,o********@gmail.com,+54299****836,incluido_ok
1297,,Fuera de zona,INCLUIDO,estado_no_calificado_canonico,asignaciones,2025-11-17 16:42:37.000000,c***************@gmail.com,+54381****104,incluido_ok
1299,,Fuera de zona,INCLUIDO,estado_no_calificado_canonico,asignaciones,2025-11-17 17:34:20.000000,m************@gmail.com,+54348****968,incluido_ok
1302,,No busca cobertura médica,INCLUIDO,estado_no_calificado_canonico,asignaciones,2026-03-13 12:24:17.000000,d**************@gmsil.com,+54115****469,incluido_ok
1303,,No busca cobertura médica,INCLUIDO,estado_no_calificado_canonico,asignaciones,2026-03-02 17:39:44.000000,a*************@gmail.com,+54362****742,incluido_ok
1309,,Fuera de zona,INCLUIDO,estado_no_calificado_canonico,asignaciones,2026-02-11 16:38:43.000000,p***********@gmail.com,+54376****297,incluido_ok
1310,,Fuera de zona,INCLUIDO,estado_no_calificado_canonico,asignaciones,2026-09-08 17:26:26.000000,p***************@gmail.com,+54351****873,incluido_ok
1316,,No busca cobertura médica,INCLUIDO,estado_no_calificado_canonico,asignaciones,2026-02-25 10:42:22.000000,s*************@hotmail.com,+54114****865,incluido_ok
1321,,Fuera de zona,INCLUIDO,estado_no_calificado_canonico,asignaciones,2026-02-12 12:33:10.000000,c*************@gmail.com,+54381****134,incluido_ok
1341,,Fuera de zona,INCLUIDO,estado_no_calificado_canonico,asignaciones,2025-11-18 11:00:54.000000,a*******@gmail.com,+54117****919,incluido_ok
1346,,Fuera de zona,INCLUIDO,estado_no_calificado_canonico,asignaciones,2026-02-27 13:09:10.000000,j****************@gmail.com,+54351****192,incluido_ok
1347,,Fuera de zona,INCLUIDO,estado_no_calificado_canonico,asignaciones,2025-11-17 17:44:09.000000,v****************@gmail.com,+54351****045,incluido_ok
1354,,Fuera de zona,INCLUIDO,estado_no_calificado_canonico,asignaciones,2025-11-28 15:21:37.000000,r************@hotmail.com,+54117****574,incluido_ok
1355,,Fuera de zona,INCLUIDO,estado_no_calificado_canonico,asignaciones,2026-01-23 13:35:41.000000,j***************************@gmail.com,+54296****754,incluido_ok
1372,,Fuera de zona,INCLUIDO,estado_no_calificado_canonico,asignaciones,2025-11-18 16:37:04.000000,o**************@gmail.com,+54346****811,incluido_ok
1378,,No busca cobertura médica,INCLUIDO,estado_no_calificado_canonico,asignaciones,2026-07-30 16:11:46.000000,f**********************@gmail.com,+54362****845,incluido_ok
1386,,No busca cobertura médica,INCLUIDO,estado_no_calificado_canonico,asignaciones,2026-03-02 16:46:08.000000,m***********@gmail.com,+54114****206,incluido_ok
1389,,No busca cobertura médica,INCLUIDO,estado_no_calificado_canonico,asignaciones,2026-08-03 16:49:55.000000,a*****************@hotmail.com,+54116****095,incluido_ok
1392,,No busca cobertura médica,INCLUIDO,estado_no_calificado_canonico,asignaciones,2026-04-19 13:15:49.000000,s***********@gmail.com,+54113****523,incluido_ok
1403,,Fuera de zona,INCLUIDO,estado_no_calificado_canonico,asignaciones,2025-11-17 17:49:17.000000,l****************@gmail.com,+54380****886,incluido_ok
1408,,Fuera de zona,INCLUIDO,estado_no_calificado_canonico,asignaciones,2025-11-17 16:07:45.000000,f*****************@gmail.com,+54351****583,incluido_ok
1422,,Fuera de zona,INCLUIDO,estado_no_calificado_canonico,asignaciones,2026-01-23 13:44:24.000000,p*******@gmail.com,+54381****401,incluido_ok
1432,,Fuera de zona,INCLUIDO,estado_no_calificado_canonico,asignaciones,2025-11-18 11:00:15.000000,y*************@gmail.com,+54375****828,incluido_ok
1439,,Fuera de zona,INCLUIDO,estado_no_calificado_canonico,asignaciones,2025-11-18 12:02:38.000000,e************@gmail.com,+54375****405,incluido_ok
1465,,Fuera de zona,INCLUIDO,estado_no_calificado_canonico,asignaciones,2025-11-18 12:19:04.000000,a**********@gmail.com,+54382****303,incluido_ok
1470,,Fuera de zona,INCLUIDO,estado_no_calificado_canonico,asignaciones,2025-11-18 13:35:09.000000,p**********@gmail.com,+54385****786,incluido_ok
1477,,Fuera de zona,INCLUIDO,estado_no_calificado_canonico,asignaciones,2025-11-28 12:56:52.000000,s************@gmail.com,+54294****202,incluido_ok
1480,,Fuera de zona,INCLUIDO,estado_no_calificado_canonico,asignaciones,2026-02-11 16:37:23.000000,a*******@gmail.com,+54247****366,incluido_ok
1530,,Fuera de zona,INCLUIDO,estado_no_calificado_canonico,asignaciones,2025-11-28 14:52:18.000000,m**************@gmail.con,+54112****956,incluido_ok
1531,,No busca cobertura médica,INCLUIDO,estado_no_calificado_canonico,asignaciones,2026-04-19 13:29:29.000000,c***************@gmail.com,+54112****981,incluido_ok
1533,,Fuera de zona,INCLUIDO,estado_no_calificado_canonico,asignaciones,2026-02-10 12:09:36.000000,e****************@gmail.com,+54379****929,incluido_ok
1536,,Fuera de zona,INCLUIDO,estado_no_calificado_canonico,asignaciones,2025-11-20 11:36:44.000000,s***************@gmail.com,+54261****799,incluido_ok
1537,,Fuera de zona,INCLUIDO,estado_no_calificado_canonico,asignaciones,2025-11-19 10:59:31.000000,e***************@gmail.com,+54226****883,incluido_ok
1540,,Fuera de zona,INCLUIDO,estado_no_calificado_canonico,asignaciones,2025-11-21 10:30:14.000000,d************@gmail.com,+54264****544,incluido_ok
1541,,Fuera de zona,INCLUIDO,estado_no_calificado_canonico,asignaciones,2025-11-20 11:37:04.000000,h********************@gmail.com,+54116****023,incluido_ok
1561,,Fuera de zona,INCLUIDO,estado_no_calificado_canonico,asignaciones,2025-11-20 11:37:02.000000,b************@gmail.com,+54112****603,incluido_ok
1566,,Fuera de zona,INCLUIDO,estado_no_calificado_canonico,asignaciones,2025-11-20 10:32:28.000000,p************@gmail.com,+54375****495,incluido_ok
1569,,Fuera de zona,INCLUIDO,estado_no_calificado_canonico,asignaciones,2026-02-10 11:46:39.000000,v***************@gimail.cm,+54261****068,incluido_ok
1571,,Fuera de zona,INCLUIDO,estado_no_calificado_canonico,asignaciones,2025-11-19 14:13:28.000000,s*************@gmail.com,+54116****642,incluido_ok
1574,,No busca cobertura médica,INCLUIDO,estado_no_calificado_canonico,asignaciones,2026-01-23 13:51:02.000000,f************@gmail.com,+54113****178,incluido_ok
1590,,Fuera de zona,INCLUIDO,estado_no_calificado_canonico,asignaciones,2025-11-28 16:09:51.000000,a*************@gmail.com,+54113****037,incluido_ok
1596,,No busca cobertura médica,INCLUIDO,estado_no_calificado_canonico,asignaciones,2026-01-23 13:52:05.000000,f**************@hotmail.com,+54115****530,incluido_ok
1602,,Fuera de zona,INCLUIDO,estado_no_calificado_canonico,asignaciones,2025-11-28 16:09:36.000000,a**************@gmail.com,+54113****067,incluido_ok
1606,,No busca cobertura médica,INCLUIDO,estado_no_calificado_canonico,asignaciones,2026-02-18 11:31:28.000000,m***********@gmail.com,+54112****550,incluido_ok
1624,,Fuera de zona,INCLUIDO,estado_no_calificado_canonico,asignaciones,2026-02-12 21:14:02.000000,f**************@gmail.com,+54386****667,incluido_ok
1635,,No busca cobertura médica,INCLUIDO,estado_no_calificado_canonico,asignaciones,2026-03-06 12:29:52.000000,d****************@gmail.com,+54343****508,incluido_ok
1688,,Fuera de zona,INCLUIDO,estado_no_calificado_canonico,asignaciones,2026-02-10 16:59:55.000000,m*************@mail.com,+54223****188,incluido_ok
1695,,No busca cobertura médica,INCLUIDO,estado_no_calificado_canonico,asignaciones,2026-04-29 17:04:33.000000,a************@gmail.com,+54116****997,incluido_ok
1698,,Fuera de zona,INCLUIDO,estado_no_calificado_canonico,asignaciones,2025-11-21 07:33:16.000000,g************@gmail.com,+54223****075,incluido_ok
1702,,Fuera de zona,INCLUIDO,estado_no_calificado_canonico,asignaciones,2025-11-20 17:24:24.000000,c*************@gmail.com,+54247****758,incluido_ok
1703,,Fuera de zona,INCLUIDO,estado_no_calificado_canonico,asignaciones,2025-11-21 16:07:52.000000,m***************@gmail.com,+54115****023,incluido_ok
1710,,No busca cobertura médica,INCLUIDO,estado_no_calificado_canonico,asignaciones,2026-02-19 10:33:59.000000,g*****************@hotmail.com,+54113****996,incluido_ok
1712,,Fuera de zona,INCLUIDO,estado_no_calificado_canonico,asignaciones,2025-11-28 14:52:02.000000,m***************@outlook.com,+54116****535,incluido_ok
1719,,Fuera de zona,INCLUIDO,estado_no_calificado_canonico,asignaciones,2026-02-25 10:51:05.000000,a**************@gmail.com,+54351****142,incluido_ok
1721,,Fuera de zona,INCLUIDO,estado_no_calificado_canonico,asignaciones,2026-01-23 15:56:28.000000,j***********@gmail.com,+54377****913,incluido_ok
1723,,No busca cobertura médica,INCLUIDO,estado_no_calificado_canonico,asignaciones,2026-02-25 10:52:24.000000,a************@gmail.com,+54115****853,incluido_ok
1733,,No busca cobertura médica,INCLUIDO,estado_no_calificado_canonico,asignaciones,2026-02-20 10:41:30.000000,c***************@gmail.com,+54112****085,incluido_ok
1740,,Fuera de zona,INCLUIDO,estado_no_calificado_canonico,asignaciones,2026-01-23 16:00:13.000000,e*******************@gmail.com,+54299****426,incluido_ok
1743,,Fuera de zona,INCLUIDO,estado_no_calificado_canonico,asignaciones,2026-02-25 10:53:03.000000,c****************@gmail.com,+54349****720,incluido_ok
1748,,Fuera de zona,INCLUIDO,estado_no_calificado_canonico,asignaciones,2026-06-25 12:55:45.000000,h******************@gmail.com,+54116****519,incluido_ok
1760,,Fuera de zona,INCLUIDO,estado_no_calificado_canonico,asignaciones,2025-11-21 16:46:53.000000,c*********************@gmail.com,+54113****203,incluido_ok
1784,,Fuera de zona,INCLUIDO,estado_no_calificado_canonico,asignaciones,2025-12-09 14:14:08.000000,m************@gmail.com,+54249****887,incluido_ok
1793,,No busca cobertura médica,INCLUIDO,estado_no_calificado_canonico,asignaciones,2026-02-25 11:00:50.000000,v*********@gmail.com,+54114****862,incluido_ok
1795,,Fuera de zona,INCLUIDO,estado_no_calificado_canonico,asignaciones,2025-11-25 10:59:37.000000,m****************@gmail.com,+54264****517,incluido_ok
1806,,No busca cobertura médica,INCLUIDO,estado_no_calificado_canonico,asignaciones,2026-02-25 10:56:14.000000,s***************@hotmail.com,+54112****701,incluido_ok
1810,,No busca cobertura médica,INCLUIDO,estado_no_calificado_canonico,asignaciones,2026-03-02 17:18:18.000000,e*****@hotmail.com,+54112****285,incluido_ok
1811,,Fuera de zona,INCLUIDO,estado_no_calificado_canonico,asignaciones,2025-11-28 16:03:09.000000,t***********@gmail.com,+54113****345,incluido_ok
1814,,Fuera de zona,INCLUIDO,estado_no_calificado_canonico,asignaciones,2025-11-26 11:33:17.000000,m************@gmail.com,+54362****166,incluido_ok
1816,,Fuera de zona,INCLUIDO,estado_no_calificado_canonico,asignaciones,2026-01-23 16:43:24.000000,g*********@gmail.com,+54351****855,incluido_ok
1818,,Fuera de zona,INCLUIDO,estado_no_calificado_canonico,asignaciones,2025-11-25 10:59:23.000000,m***************@gmail.com,+54262****007,incluido_ok
1822,,Fuera de zona,INCLUIDO,estado_no_calificado_canonico,asignaciones,2025-11-28 16:03:00.000000,h********@hotmail.com,+54354****866,incluido_ok
1855,,Fuera de zona,INCLUIDO,estado_no_calificado_canonico,asignaciones,2025-11-25 12:23:06.000000,m**********@hotmail.com,+54114****073,incluido_ok
1861,,Fuera de zona,INCLUIDO,estado_no_calificado_canonico,asignaciones,2025-11-26 11:33:26.000000,t*************@gmail.com,+54354****906,incluido_ok
1868,,Fuera de zona,INCLUIDO,estado_no_calificado_canonico,asignaciones,2026-02-19 10:34:46.000000,a********@gmail.con,+54221****504,incluido_ok
1869,,Fuera de zona,INCLUIDO,estado_no_calificado_canonico,asignaciones,2026-02-11 16:33:49.000000,a************************@gmail.com,+54371****663,incluido_ok
1870,,Fuera de zona,INCLUIDO,estado_no_calificado_canonico,asignaciones,2025-12-03 16:37:34.000000,v***************@gmail.com,+54375****485,incluido_ok
1873,,Fuera de zona,INCLUIDO,estado_no_calificado_canonico,asignaciones,2025-11-28 15:37:56.000000,k*******************@gmail.com,+54381****238,incluido_ok
1878,,No busca cobertura médica,INCLUIDO,estado_no_calificado_canonico,asignaciones,2026-02-09 10:43:53.000000,c***********@outlook.com,+54112****132,incluido_ok
1880,,No busca cobertura médica,INCLUIDO,estado_no_calificado_canonico,asignaciones,2026-01-23 16:47:41.000000,n*******@gmail.com,+54116****880,incluido_ok
1894,,Fuera de zona,INCLUIDO,estado_no_calificado_canonico,asignaciones,2025-11-25 10:57:49.000000,s***************@gmail.com,+54375****338,incluido_ok
1898,,Fuera de zona,INCLUIDO,estado_no_calificado_canonico,asignaciones,2026-02-10 15:58:29.000000,n**************@hotmail.com,+54344****885,incluido_ok
1909,,Fuera de zona,INCLUIDO,estado_no_calificado_canonico,asignaciones,2025-11-28 16:26:45.000000,d************@gmail.com,+54116****436,incluido_ok
1914,,Fuera de zona,INCLUIDO,estado_no_calificado_canonico,asignaciones,2025-11-26 11:39:24.000000,l*************@gmail.com,+54376****615,incluido_ok
1921,,Fuera de zona,INCLUIDO,estado_no_calificado_canonico,asignaciones,2026-01-23 16:55:03.000000,e***************@gmail.com,+54375****405,incluido_ok
1926,,Fuera de zona,INCLUIDO,estado_no_calificado_canonico,asignaciones,2025-11-27 16:35:03.000000,e************@gmail.com,+54375****022,incluido_ok
1931,,Fuera de zona,INCLUIDO,estado_no_calificado_canonico,asignaciones,2026-02-19 10:34:55.000000,e*******************@gmail.com,+54375****392,incluido_ok
1947,,No busca cobertura médica,INCLUIDO,estado_no_calificado_canonico,asignaciones,2026-02-05 14:33:38.000000,j******************@gmail.com,+54349****360,incluido_ok
1951,,Fuera de zona,INCLUIDO,estado_no_calificado_canonico,asignaciones,2026-02-10 17:00:22.000000,d*************@gmail.com,+54112****841,incluido_ok
1966,,No busca cobertura médica,INCLUIDO,estado_no_calificado_canonico,asignaciones,2026-01-23 17:28:53.000000,r************@gmail.com,+54113****011,incluido_ok
1971,,Fuera de zona,INCLUIDO,estado_no_calificado_canonico,asignaciones,2025-11-26 11:40:04.000000,t******************@gmail.com,+54266****922,incluido_ok
1987,,Fuera de zona,INCLUIDO,estado_no_calificado_canonico,asignaciones,2025-12-11 15:54:52.000000,d*****************@gmail.com,+54382****067,incluido_ok
2002,,No busca cobertura médica,INCLUIDO,estado_no_calificado_canonico,asignaciones,2026-01-26 14:48:00.000000,c************@gmail.com,+54114****128,incluido_ok
2004,,No busca cobertura médica,INCLUIDO,estado_no_calificado_canonico,asignaciones,2026-02-25 12:25:07.000000,m*****************@gmail.com,+54115****281,incluido_ok
2005,,No busca cobertura médica,INCLUIDO,estado_no_calificado_canonico,asignaciones,2026-02-12 13:05:00.000000,m*****************@gmail.com,+54114****609,incluido_ok
2009,,Fuera de zona,INCLUIDO,estado_no_calificado_canonico,asignaciones,2025-11-27 15:04:16.000000,f***************@hotmail.com,+54299****369,incluido_ok
2037,,Fuera de zona,INCLUIDO,estado_no_calificado_canonico,asignaciones,2025-11-26 11:40:57.000000,a**********************@gmail.com,+54375****595,incluido_ok
2047,,Fuera de zona,INCLUIDO,estado_no_calificado_canonico,asignaciones,2026-01-30 16:58:04.000000,l***********@gmail.com,+54291****172,incluido_ok
2049,,Fuera de zona,INCLUIDO,estado_no_calificado_canonico,asignaciones,2025-11-26 09:54:10.000000,a***********@gmail.com,+54340****528,incluido_ok
2052,,Fuera de zona,INCLUIDO,estado_no_calificado_canonico,asignaciones,2025-11-26 12:40:44.000000,c*********************@gmail.com,+54228****360,incluido_ok
2056,,Fuera de zona,INCLUIDO,estado_no_calificado_canonico,asignaciones,2025-11-26 17:21:25.000000,d******************@gmail.com,+54113****655,incluido_ok
2068,,Fuera de zona,INCLUIDO,estado_no_calificado_canonico,asignaciones,2025-11-28 11:11:36.000000,g***********@gmail.com,+54266****729,incluido_ok
2070,,Fuera de zona,INCLUIDO,estado_no_calificado_canonico,asignaciones,2025-11-27 17:53:25.000000,d************@gmail.com,+54351****872,incluido_ok
2087,,No busca cobertura médica,INCLUIDO,estado_no_calificado_canonico,asignaciones,2026-02-10 10:42:56.000000,d************@gmail.com,+54113****785,incluido_ok
2092,,Fuera de zona,INCLUIDO,estado_no_calificado_canonico,asignaciones,2025-12-09 11:30:52.000000,f***************@hotmail.com,+54221****300,incluido_ok
2101,,No busca cobertura médica,INCLUIDO,estado_no_calificado_canonico,asignaciones,2026-01-27 13:17:12.000000,m*****************@hotmail.com,+54115****307,incluido_ok
2148,,Fuera de zona,INCLUIDO,estado_no_calificado_canonico,asignaciones,2026-09-08 17:09:16.000000,e*************@gmail.com,+54293****414,incluido_ok
2172,,No busca cobertura médica,INCLUIDO,estado_no_calificado_canonico,asignaciones,2026-02-27 10:49:29.000000,d*****************@gmail.com,+54114****041,incluido_ok
2186,,Fuera de zona,INCLUIDO,estado_no_calificado_canonico,asignaciones,2025-12-01 12:00:58.000000,s**********@gmail.com,,incluido_ok
2193,,Fuera de zona,INCLUIDO,estado_no_calificado_canonico,asignaciones,2026-01-30 16:57:59.000000,l****************@gmail.com,+54356****644,incluido_ok
2196,,Fuera de zona,INCLUIDO,estado_no_calificado_canonico,asignaciones,2025-11-28 11:51:16.000000,r**************@gmail.com,+54375****870,incluido_ok
2199,,No busca cobertura médica,INCLUIDO,estado_no_calificado_canonico,asignaciones,2026-07-15 12:43:00.000000,r************@gmail.com,+54351****599,incluido_ok
2214,,No busca cobertura médica,INCLUIDO,estado_no_calificado_canonico,asignaciones,2026-02-13 16:19:33.000000,a***************@gmail.com,+54112****136,incluido_ok
2243,,No busca cobertura médica,INCLUIDO,estado_no_calificado_canonico,asignaciones,2026-04-19 13:31:29.000000,c***********@gmail.com,+54115****349,incluido_ok
2245,,No busca cobertura médica,INCLUIDO,estado_no_calificado_canonico,asignaciones,2026-01-27 13:37:14.000000,f******@hotmail.com,+54115****316,incluido_ok
2284,,No busca cobertura médica,INCLUIDO,estado_no_calificado_canonico,asignaciones,2026-01-27 13:39:38.000000,w********@gmail.com,+54112****481,incluido_ok
2299,,No busca cobertura médica,INCLUIDO,estado_no_calificado_canonico,asignaciones,2026-01-30 12:35:00.000000,m**************@gmail.com,+54115****399,incluido_ok
2325,,Fuera de zona,INCLUIDO,estado_no_calificado_canonico,asignaciones,2026-01-30 16:57:54.000000,o************@gmail.com,+54387****298,incluido_ok
2332,,Fuera de zona,INCLUIDO,estado_no_calificado_canonico,asignaciones,2025-12-02 11:41:46.000000,e********@gmail.com,+54342****104,incluido_ok
2345,,No busca cobertura médica,INCLUIDO,estado_no_calificado_canonico,asignaciones,2026-04-14 12:36:21.000000,n*****************@gmail.com,+54112****767,incluido_ok
2346,,No busca cobertura médica,INCLUIDO,estado_no_calificado_canonico,asignaciones,2026-05-04 17:15:50.000000,a*******@gmail.com,+54112****017,incluido_ok
2356,,Fuera de zona,INCLUIDO,estado_no_calificado_canonico,asignaciones,2025-12-02 15:27:10.000000,j********@gmail.com,+54356****462,incluido_ok
2372,,No busca cobertura médica,INCLUIDO,estado_no_calificado_canonico,asignaciones,2026-05-08 11:23:46.000000,g*********@gmail.com,+54112****128,incluido_ok
2376,,Fuera de zona,INCLUIDO,estado_no_calificado_canonico,asignaciones,2025-11-29 23:09:33.000000,t****************@gmail.com,+54354****362,incluido_ok
2379,,Fuera de zona,INCLUIDO,estado_no_calificado_canonico,asignaciones,2026-02-12 21:16:15.000000,r***************@gmail.com,+54221****630,incluido_ok
2392,,No busca cobertura médica,INCLUIDO,estado_no_calificado_canonico,asignaciones,2026-03-20 12:48:03.000000,o*************@gmail.com,+54113****137,incluido_ok
2434,,Fuera de zona,INCLUIDO,estado_no_calificado_canonico,asignaciones,2026-02-10 16:32:26.000000,p*************@gmail.com,+54387****797,incluido_ok
2455,,Fuera de zona,INCLUIDO,estado_no_calificado_canonico,asignaciones,2025-12-01 12:59:08.000000,r**********@gmail.com,+54113****283,incluido_ok
2463,,Fuera de zona,INCLUIDO,estado_no_calificado_canonico,asignaciones,2025-12-01 13:03:06.000000,s***********@gmail.com,+54348****842,incluido_ok
2482,,Fuera de zona,INCLUIDO,estado_no_calificado_canonico,asignaciones,2025-12-01 15:38:29.000000,c*****************@gmail.com,+54351****627,incluido_ok
2485,,No busca cobertura médica,INCLUIDO,estado_no_calificado_canonico,asignaciones,2026-01-26 14:59:11.000000,e****************@gmail.com,+54116****397,incluido_ok
2533,,Fuera de zona,INCLUIDO,estado_no_calificado_canonico,asignaciones,2026-01-26 14:18:28.000000,r************@gmail.com,+54370****251,incluido_ok
2538,,Fuera de zona,INCLUIDO,estado_no_calificado_canonico,asignaciones,2025-12-04 14:20:21.000000,g************@gimail.com,+54379****915,incluido_ok
2539,,Fuera de zona,INCLUIDO,estado_no_calificado_canonico,asignaciones,2025-12-02 11:47:40.000000,m******************@gmail.com,+54373****649,incluido_ok
2541,,Fuera de zona,INCLUIDO,estado_no_calificado_canonico,asignaciones,2025-12-01 13:10:28.000000,a*************@gmail.com,+54112****997,incluido_ok
2551,,No busca cobertura médica,INCLUIDO,estado_no_calificado_canonico,asignaciones,2026-06-24 16:21:21.000000,r************@gmail.com,+54114****455,incluido_ok
2552,,Fuera de zona,INCLUIDO,estado_no_calificado_canonico,asignaciones,2025-12-01 17:18:12.000000,a**************@live.com.ar,+54353****510,incluido_ok
2561,,No busca cobertura médica,INCLUIDO,estado_no_calificado_canonico,asignaciones,2026-02-13 15:49:55.000000,f********@outlook.com.ar,+54115****185,incluido_ok
2575,,Fuera de zona,INCLUIDO,estado_no_calificado_canonico,asignaciones,2025-12-01 14:48:21.000000,l**************@gmail.com,+54351****095,incluido_ok
2625,,No busca cobertura médica,INCLUIDO,estado_no_calificado_canonico,asignaciones,2026-01-23 16:46:54.000000,d****************@gmail.com,+54112****927,incluido_ok
2657,,Fuera de zona,INCLUIDO,estado_no_calificado_canonico,asignaciones,2025-12-02 14:54:11.000000,t***********@gmail.com,+54113****102,incluido_ok
2658,,Fuera de zona,INCLUIDO,estado_no_calificado_canonico,asignaciones,2025-12-02 10:20:30.000000,s*************@gmail.com,+54347****240,incluido_ok
2665,,Fuera de zona,INCLUIDO,estado_no_calificado_canonico,asignaciones,2025-12-02 14:04:12.000000,s*************@gmail.com,+54352****252,incluido_ok
2684,,Fuera de zona,INCLUIDO,estado_no_calificado_canonico,asignaciones,2025-12-02 17:33:55.000000,p**************@gmail.com,+54221****007,incluido_ok
2692,,No busca cobertura médica,INCLUIDO,estado_no_calificado_canonico,asignaciones,2026-06-19 15:12:36.000000,j*********@gmail.com,+54911*****582,incluido_ok
2713,,No busca cobertura médica,INCLUIDO,estado_no_calificado_canonico,asignaciones,2026-02-18 12:51:43.000000,d************@gmail.com,+54113****328,incluido_ok
2733,,No busca cobertura médica,INCLUIDO,estado_no_calificado_canonico,asignaciones,2026-04-14 12:32:11.000000,s********@gmail.com,+54115****326,incluido_ok
2739,,Fuera de zona,INCLUIDO,estado_no_calificado_canonico,asignaciones,2025-12-03 10:34:11.000000,j************@gmail.com,+54341****544,incluido_ok
2758,,No busca cobertura médica,INCLUIDO,estado_no_calificado_canonico,asignaciones,2026-04-19 12:59:01.000000,m*******************@gmail.com,+54113****543,incluido_ok
2800,,Fuera de zona,INCLUIDO,estado_no_calificado_canonico,asignaciones,2025-12-03 11:22:57.000000,3************@gmail.com,+54247****753,incluido_ok
2809,,Fuera de zona,INCLUIDO,estado_no_calificado_canonico,asignaciones,2025-12-03 11:49:43.000000,l***********@gmail.com,+54336****107,incluido_ok
2816,,Fuera de zona,INCLUIDO,estado_no_calificado_canonico,asignaciones,2025-12-03 11:16:50.000000,h**********@gmail.com,+54307****190,incluido_ok
2819,,Fuera de zona,INCLUIDO,estado_no_calificado_canonico,asignaciones,2025-12-04 10:40:57.000000,d****************@gmail.com,+54221****473,incluido_ok
2820,,No busca cobertura médica,INCLUIDO,estado_no_calificado_canonico,asignaciones,2026-02-18 10:44:26.000000,l************@gmail.com,+54116****230,incluido_ok
2835,,Fuera de zona,INCLUIDO,estado_no_calificado_canonico,asignaciones,2025-12-05 16:17:04.000000,j*******************@gmail.com,+54263****206,incluido_ok
2839,,Fuera de zona,INCLUIDO,estado_no_calificado_canonico,asignaciones,2025-12-03 11:26:01.000000,s****************@gmal.com,+54298****109,incluido_ok
2852,,Fuera de zona,INCLUIDO,estado_no_calificado_canonico,asignaciones,2025-12-03 16:32:33.000000,a******************@gmail.com,+54115****634,incluido_ok
2865,,Fuera de zona,INCLUIDO,estado_no_calificado_canonico,asignaciones,2025-12-03 17:41:22.000000,a*************@gmail.com,+54351****970,incluido_ok
2873,,Fuera de zona,INCLUIDO,estado_no_calificado_canonico,asignaciones,2026-02-13 17:31:28.000000,j***************@gmail.com,+54296****051,incluido_ok
2874,,Fuera de zona,INCLUIDO,estado_no_calificado_canonico,asignaciones,2025-12-04 17:22:39.000000,m***********@gmail.com,+54377****395,incluido_ok
2954,,Fuera de zona,INCLUIDO,estado_no_calificado_canonico,asignaciones,2025-12-04 16:42:11.000000,f**************@gmail.com,+54113****123,incluido_ok
2959,,No busca cobertura médica,INCLUIDO,estado_no_calificado_canonico,asignaciones,2026-01-27 16:07:50.000000,p***********@yahoo.com.ar,+54116****966,incluido_ok
2983,,No busca cobertura médica,INCLUIDO,estado_no_calificado_canonico,asignaciones,2026-03-20 12:48:59.000000,d***********@icloud.com,+54113****468,incluido_ok
3006,,Fuera de zona,INCLUIDO,estado_no_calificado_canonico,asignaciones,2025-12-04 17:44:24.000000,l*******************@gmail.com,+54381****974,incluido_ok
3014,,Fuera de zona,INCLUIDO,estado_no_calificado_canonico,asignaciones,2025-12-04 17:30:13.000000,a***********@gmail.com,+54299****531,incluido_ok
3017,,Fuera de zona,INCLUIDO,estado_no_calificado_canonico,asignaciones,2025-12-04 17:02:13.000000,h*************@gmail.com,+54341****363,incluido_ok
3027,,Fuera de zona,INCLUIDO,estado_no_calificado_canonico,asignaciones,2025-12-05 16:58:00.000000,e********@gmail.com,+54261****366,incluido_ok
3031,,No busca cobertura médica,INCLUIDO,estado_no_calificado_canonico,asignaciones,2026-06-09 10:56:54.000000,l**********@yahoo.com,+54115****610,incluido_ok
3035,,Fuera de zona,INCLUIDO,estado_no_calificado_canonico,asignaciones,2025-12-04 17:44:15.000000,t************@gmail.com,+54382****709,incluido_ok
3062,,No busca cobertura médica,INCLUIDO,estado_no_calificado_canonico,asignaciones,2026-02-10 15:11:37.000000,r***************@gmail.com,+54116****226,incluido_ok
3086,,No busca cobertura médica,INCLUIDO,estado_no_calificado_canonico,asignaciones,2026-07-29 16:19:27.000000,c*************@gmail.com,+54153****918,incluido_ok
3142,,Fuera de zona,INCLUIDO,estado_no_calificado_canonico,asignaciones,2026-01-30 16:57:42.000000,b************@gmail.com,+54342****689,incluido_ok
3148,,No busca cobertura médica,INCLUIDO,estado_no_calificado_canonico,asignaciones,2026-02-11 15:37:40.000000,c***************@gmail.com,+54117****859,incluido_ok
3149,,Fuera de zona,INCLUIDO,estado_no_calificado_canonico,asignaciones,2026-02-10 15:09:37.000000,r************@gmail.com,+54383****772,incluido_ok
3151,,No busca cobertura médica,INCLUIDO,estado_no_calificado_canonico,asignaciones,2026-07-31 12:19:46.000000,c************@gmail.com,+54375****058,incluido_ok
3162,,Fuera de zona,INCLUIDO,estado_no_calificado_canonico,asignaciones,2025-12-09 11:07:17.000000,m***********@gmail.com,+54228****194,incluido_ok
3167,,Fuera de zona,INCLUIDO,estado_no_calificado_canonico,asignaciones,2026-02-23 10:45:16.000000,a***********@gmail.com,+54264****689,incluido_ok
3176,,Fuera de zona,INCLUIDO,estado_no_calificado_canonico,asignaciones,2026-02-11 16:22:06.000000,m**************@gmail.com,+54362****939,incluido_ok
3196,,Fuera de zona,INCLUIDO,estado_no_calificado_canonico,asignaciones,2025-12-09 15:54:14.000000,c*************@gmail.com,+54375****622,incluido_ok
3198,,Fuera de zona,INCLUIDO,estado_no_calificado_canonico,asignaciones,2025-12-15 14:21:44.000000,a*******************@gmail.com,+54378****321,incluido_ok
3199,,Fuera de zona,INCLUIDO,estado_no_calificado_canonico,asignaciones,2025-12-07 10:12:10.000000,j*********@hotmail.com,+54290****433,incluido_ok
3223,,Fuera de zona,INCLUIDO,estado_no_calificado_canonico,asignaciones,2026-02-13 15:44:59.000000,n*****************@gmail.com,+54375****772,incluido_ok
3230,,No busca cobertura médica,INCLUIDO,estado_no_calificado_canonico,asignaciones,2026-03-02 16:22:07.000000,a*************@gmail.com,+54112****727,incluido_ok
3244,,Fuera de zona,INCLUIDO,estado_no_calificado_canonico,asignaciones,2026-06-24 16:22:13.000000,k********@gmail.com,+54113****053,incluido_ok
3256,,No busca cobertura médica,INCLUIDO,estado_no_calificado_canonico,asignaciones,2026-01-28 13:34:59.000000,h*************************@gmail.com,+54911*****301,incluido_ok
3260,,Fuera de zona,INCLUIDO,estado_no_calificado_canonico,asignaciones,2025-12-09 11:41:55.000000,n***************@gmail.com,+54290****121,incluido_ok
3265,,Fuera de zona,INCLUIDO,estado_no_calificado_canonico,asignaciones,2025-12-11 12:04:07.000000,a************************@gmail.com,+54385****821,incluido_ok
3272,,Fuera de zona,INCLUIDO,estado_no_calificado_canonico,asignaciones,2026-02-18 14:15:16.000000,e*************@gmail.com,+54379****189,incluido_ok
3273,,Fuera de zona,INCLUIDO,estado_no_calificado_canonico,asignaciones,2025-12-11 17:09:11.000000,d*******@gmail.com,+54362****319,incluido_ok
3274,,Fuera de zona,INCLUIDO,estado_no_calificado_canonico,asignaciones,2025-12-09 11:04:06.000000,m*******@hotmail.com,+54344****191,incluido_ok
3282,,No busca cobertura médica,INCLUIDO,estado_no_calificado_canonico,asignaciones,2026-04-06 11:04:38.000000,c******************@gmail.com,+54113****922,incluido_ok
3294,,Fuera de zona,INCLUIDO,estado_no_calificado_canonico,asignaciones,2025-12-09 14:07:12.000000,r***************@gmail.com,+54354****517,incluido_ok
3320,,Fuera de zona,INCLUIDO,estado_no_calificado_canonico,asignaciones,2025-12-09 11:03:04.000000,a******************@gmail.com,+54351****686,incluido_ok
3350,,Fuera de zona,INCLUIDO,estado_no_calificado_canonico,asignaciones,2026-02-10 15:03:40.000000,s***********@gmail.com,+54264****496,incluido_ok
3356,,No busca cobertura médica,INCLUIDO,estado_no_calificado_canonico,asignaciones,2026-03-20 14:37:32.000000,m******************@gmail.com,+54116****988,incluido_ok
3361,,Fuera de zona,INCLUIDO,estado_no_calificado_canonico,asignaciones,2025-12-19 11:29:45.000000,d********@gmail.com,+54116****695,incluido_ok
3370,,Fuera de zona,INCLUIDO,estado_no_calificado_canonico,asignaciones,2026-02-19 10:38:35.000000,n************@gmail.com,+54342****293,incluido_ok
3377,,Fuera de zona,INCLUIDO,estado_no_calificado_canonico,asignaciones,2025-12-09 11:21:44.000000,p***************@gmail.com,+54376****372,incluido_ok
3390,,No busca cobertura médica,INCLUIDO,estado_no_calificado_canonico,asignaciones,2026-02-13 10:35:47.000000,d***********@gmail.com,+54112****663,incluido_ok
3392,,Fuera de zona,INCLUIDO,estado_no_calificado_canonico,asignaciones,2025-12-09 11:00:56.000000,b****************@gmail.com,+54249****851,incluido_ok
3396,,No busca cobertura médica,INCLUIDO,estado_no_calificado_canonico,asignaciones,2026-02-11 11:21:25.000000,g********@gmail.com,+54115****670,incluido_ok
3400,,Fuera de zona,INCLUIDO,estado_no_calificado_canonico,asignaciones,2025-12-09 10:35:18.000000,e***********@gmail.com,+54114****110,incluido_ok
3410,,Fuera de zona,INCLUIDO,estado_no_calificado_canonico,asignaciones,2026-02-18 11:48:07.000000,d******************@gmail.com,+54340****565,incluido_ok
3416,,Fuera de zona,INCLUIDO,estado_no_calificado_canonico,asignaciones,2025-12-09 11:15:46.000000,s*******************@gmail.com,+54377****047,incluido_ok
3417,,Fuera de zona,INCLUIDO,estado_no_calificado_canonico,asignaciones,2025-12-09 16:48:20.000000,r*******************@gmail.com,+54375****843,incluido_ok
3423,,No busca cobertura médica,INCLUIDO,estado_no_calificado_canonico,asignaciones,2026-03-02 17:37:58.000000,l*****************@gmail.com,+54112****108,incluido_ok
3424,,No busca cobertura médica,INCLUIDO,estado_no_calificado_canonico,asignaciones,2026-01-28 15:35:13.000000,m***************@hotmail.com,+54115****524,incluido_ok
3477,,Fuera de zona,INCLUIDO,estado_no_calificado_canonico,asignaciones,2025-12-23 14:35:26.000000,s********@gmail.com,+54115****848,incluido_ok
3481,,No busca cobertura médica,INCLUIDO,estado_no_calificado_canonico,asignaciones,2026-02-13 15:43:24.000000,s**********@hotmail.com,+54115****441,incluido_ok
3506,,No busca cobertura médica,INCLUIDO,estado_no_calificado_canonico,asignaciones,2026-04-15 17:30:00.000000,m*********@gmail.com,+54221****687,incluido_ok
3521,,Fuera de zona,INCLUIDO,estado_no_calificado_canonico,asignaciones,2025-12-10 11:34:03.000000,h***********@gmail.com,+54222****171,incluido_ok
3522,,No busca cobertura médica,INCLUIDO,estado_no_calificado_canonico,asignaciones,2026-02-25 10:49:45.000000,j**************@hotmail.com,+54115****536,incluido_ok
3539,,No busca cobertura médica,INCLUIDO,estado_no_calificado_canonico,asignaciones,2026-06-24 16:24:00.000000,e****************@gmail.com,+54115****657,incluido_ok
3542,,Fuera de zona,INCLUIDO,estado_no_calificado_canonico,asignaciones,2025-12-10 10:54:10.000000,a**************@gmail.com,+54292****037,incluido_ok
3565,,Fuera de zona,INCLUIDO,estado_no_calificado_canonico,asignaciones,2025-12-10 15:05:47.000000,l****************@gmail.com,+54114****376,incluido_ok
3579,,No busca cobertura médica,INCLUIDO,estado_no_calificado_canonico,asignaciones,2026-02-12 13:35:04.000000,k***********@yahoo.com.ar,+54116****226,incluido_ok
3623,,Fuera de zona,INCLUIDO,estado_no_calificado_canonico,asignaciones,2025-12-12 11:04:15.000000,d*************@gmail.com,+54116****696,incluido_ok
3634,,Fuera de zona,INCLUIDO,estado_no_calificado_canonico,asignaciones,2026-02-12 14:29:22.000000,l*******@hotmail.com,+54221****501,incluido_ok
3638,,Fuera de zona,INCLUIDO,estado_no_calificado_canonico,asignaciones,2026-01-30 16:57:28.000000,m*****************@gmail.com,+54354****441,incluido_ok
3640,,Fuera de zona,INCLUIDO,estado_no_calificado_canonico,asignaciones,2025-12-24 11:58:27.000000,j***********@gmail.com,+54370****744,incluido_ok
3648,,Fuera de zona,INCLUIDO,estado_no_calificado_canonico,asignaciones,2025-12-12 15:57:08.000000,c*********************@gmail.com,+54362****596,incluido_ok
3649,,Fuera de zona,INCLUIDO,estado_no_calificado_canonico,asignaciones,2025-12-11 14:30:20.000000,n*******@gmail.com,+54351****783,incluido_ok
3674,,Fuera de zona,INCLUIDO,estado_no_calificado_canonico,asignaciones,2025-12-12 13:59:41.000000,a*****@hotmail.com,+54116****896,incluido_ok
3699,,No busca cobertura médica,INCLUIDO,estado_no_calificado_canonico,asignaciones,2026-02-18 14:13:09.000000,l*************@gmail.com,+54911*****857,incluido_ok
3724,,Fuera de zona,INCLUIDO,estado_no_calificado_canonico,asignaciones,2026-02-13 15:37:38.000000,m*************@gmail.com,+54115****712,incluido_ok
3736,,Fuera de zona,INCLUIDO,estado_no_calificado_canonico,asignaciones,2025-12-12 15:39:05.000000,j********@gmail.com,+54381****112,incluido_ok
3738,,Fuera de zona,INCLUIDO,estado_no_calificado_canonico,asignaciones,2025-12-12 10:51:18.000000,i**********@gmail.com,+54223****309,incluido_ok
3742,,Fuera de zona,INCLUIDO,estado_no_calificado_canonico,asignaciones,2025-12-12 09:25:01.000000,m************@gmail.com,+54113****247,incluido_ok
3745,,Fuera de zona,INCLUIDO,estado_no_calificado_canonico,asignaciones,2025-12-12 11:27:47.000000,b****************@icloud.com,+54116****654,incluido_ok
3749,,Fuera de zona,INCLUIDO,estado_no_calificado_canonico,asignaciones,2025-12-12 12:01:26.000000,t***********@gmail.com,+54263****090,incluido_ok
3755,,Fuera de zona,INCLUIDO,estado_no_calificado_canonico,asignaciones,2025-12-12 10:49:28.000000,l**************@gmail.com,+54344****389,incluido_ok
3759,,Fuera de zona,INCLUIDO,estado_no_calificado_canonico,asignaciones,2025-12-15 11:11:19.000000,j********************@gmail.com,+54385****468,incluido_ok
3762,,Fuera de zona,INCLUIDO,estado_no_calificado_canonico,asignaciones,2026-02-11 15:09:00.000000,b************@gmail.com,+54299****147,incluido_ok
3765,,Fuera de zona,INCLUIDO,estado_no_calificado_canonico,asignaciones,2025-12-15 11:11:06.000000,t******************@gmail.com,+54385****511,incluido_ok
3768,,No busca cobertura médica,INCLUIDO,estado_no_calificado_canonico,asignaciones,2026-04-19 13:43:43.000000,n********@gmail.com,+54113****903,incluido_ok
3774,,Fuera de zona,INCLUIDO,estado_no_calificado_canonico,asignaciones,2025-12-22 11:19:13.000000,n*********************@gmail.com,+54344****932,incluido_ok
3776,,Fuera de zona,INCLUIDO,estado_no_calificado_canonico,asignaciones,2026-02-18 14:11:05.000000,j**********@gmail.com,+54223****166,incluido_ok
3803,,No busca cobertura médica,INCLUIDO,estado_no_calificado_canonico,asignaciones,2026-02-25 12:24:30.000000,r*******@gmail.com,+54911*****170,incluido_ok
3808,,No busca cobertura médica,INCLUIDO,estado_no_calificado_canonico,asignaciones,2026-06-24 16:26:49.000000,g************@hotmail.com,+54112****907,incluido_ok
3816,,Fuera de zona,INCLUIDO,estado_no_calificado_canonico,asignaciones,2025-12-26 14:52:51.000000,v*****************@gmail.com,+54387****726,incluido_ok
3821,,Fuera de zona,INCLUIDO,estado_no_calificado_canonico,asignaciones,2025-12-17 16:51:30.000000,j*****************@gmail.com,+54112****193,incluido_ok
3831,,Fuera de zona,INCLUIDO,estado_no_calificado_canonico,asignaciones,2025-12-15 11:45:34.000000,r**********@gmail.com,+54343****627,incluido_ok
3837,,No busca cobertura médica,INCLUIDO,estado_no_calificado_canonico,asignaciones,2026-05-28 15:28:22.000000,p***********@gmail.com,+54113****667,incluido_ok
3839,,Fuera de zona,INCLUIDO,estado_no_calificado_canonico,asignaciones,2025-12-13 14:46:52.000000,a****************************@gmail.com,+54376****274,incluido_ok
3845,,Fuera de zona,INCLUIDO,estado_no_calificado_canonico,asignaciones,2025-12-22 11:21:47.000000,b****************@gmail.com,+54385****344,incluido_ok
3846,,No busca cobertura médica,INCLUIDO,estado_no_calificado_canonico,asignaciones,2026-07-15 12:20:28.000000,r****************@gmail.com,+54113****643,incluido_ok
3848,,No busca cobertura médica,INCLUIDO,estado_no_calificado_canonico,asignaciones,2026-02-10 14:55:42.000000,m******************@gmail.com,+54113****923,incluido_ok
3854,,Fuera de zona,INCLUIDO,estado_no_calificado_canonico,asignaciones,2025-12-16 14:05:57.000000,a**************@gmail.com,+54299****867,incluido_ok
3856,,Fuera de zona,INCLUIDO,estado_no_calificado_canonico,asignaciones,2025-12-15 10:44:52.000000,d*****************@gmail.com,+54374****644,incluido_ok
3873,,Fuera de zona,INCLUIDO,estado_no_calificado_canonico,asignaciones,2025-12-15 11:44:52.000000,h*******************@gmail.com,+54351****844,incluido_ok
3875,,Fuera de zona,INCLUIDO,estado_no_calificado_canonico,asignaciones,2025-12-23 12:54:51.000000,s*****************@gmail.com,+54115****522,incluido_ok
3882,,Fuera de zona,INCLUIDO,estado_no_calificado_canonico,asignaciones,2025-12-16 14:10:18.000000,j*********@gmail.com,+54911*****796,incluido_ok
3898,,Fuera de zona,INCLUIDO,estado_no_calificado_canonico,asignaciones,2025-12-16 12:26:32.000000,a**********************@gmail.com,+54376****358,incluido_ok
3921,,Fuera de zona,INCLUIDO,estado_no_calificado_canonico,asignaciones,2026-01-30 16:57:13.000000,s********@gmail.com,+54113****041,incluido_ok
3930,,Fuera de zona,INCLUIDO,estado_no_calificado_canonico,asignaciones,2025-12-22 11:23:17.000000,c****************@gmail.com,+54381****733,incluido_ok
3932,,Fuera de zona,INCLUIDO,estado_no_calificado_canonico,asignaciones,2025-12-16 09:48:03.000000,l**********@gmail.com,+54356****097,incluido_ok
3941,,Fuera de zona,INCLUIDO,estado_no_calificado_canonico,asignaciones,2025-12-15 13:57:09.000000,c****************@gmail.com,+54239****455,incluido_ok
3969,,Fuera de zona,INCLUIDO,estado_no_calificado_canonico,asignaciones,2025-12-16 14:40:42.000000,c******************@gmail.com,+54113****210,incluido_ok
3979,,Fuera de zona,INCLUIDO,estado_no_calificado_canonico,asignaciones,2025-12-15 11:31:59.000000,m**************@yahoo.com.ar,+54341****406,incluido_ok
3980,,No busca cobertura médica,INCLUIDO,estado_no_calificado_canonico,asignaciones,2026-08-21 11:03:56.000000,m**********************@gmail.com,+54116****052,incluido_ok
3988,,Fuera de zona,INCLUIDO,estado_no_calificado_canonico,asignaciones,2025-12-15 17:18:18.000000,c**************@gmail.com,+54344****062,incluido_ok
3994,,Fuera de zona,INCLUIDO,estado_no_calificado_canonico,asignaciones,2025-12-15 15:34:58.000000,m**************@gmail.com,+54340****138,incluido_ok
4000,,Fuera de zona,INCLUIDO,estado_no_calificado_canonico,asignaciones,2025-12-22 11:24:35.000000,s*********************@gmail.com,+54379****347,incluido_ok
4003,,Fuera de zona,INCLUIDO,estado_no_calificado_canonico,asignaciones,2026-02-18 11:41:12.000000,c**************@gmail.com,+54343****478,incluido_ok
4031,,Fuera de zona,INCLUIDO,estado_no_calificado_canonico,asignaciones,2025-12-15 15:28:40.000000,r***********@hotmail.com,+54923*****396,incluido_ok
4038,,No busca cobertura médica,INCLUIDO,estado_no_calificado_canonico,asignaciones,2026-01-28 16:45:41.000000,m**********@hotmail.com,+54116****655,incluido_ok
4047,,No busca cobertura médica,INCLUIDO,estado_no_calificado_canonico,asignaciones,2026-02-27 12:05:42.000000,o*************@gmail.com,+54112****697,incluido_ok
4067,,Fuera de zona,INCLUIDO,estado_no_calificado_canonico,asignaciones,2025-12-16 15:09:37.000000,c***************@hotmail.com,+54116****974,incluido_ok
4076,,No busca cobertura médica,INCLUIDO,estado_no_calificado_canonico,asignaciones,2026-03-12 14:46:26.000000,d**********@gmail.com,+54112****370,incluido_ok
4112,,No busca cobertura médica,INCLUIDO,estado_no_calificado_canonico,asignaciones,2026-07-31 11:51:05.000000,m***************@gmail.com,+54116****622,incluido_ok
4133,,Fuera de zona,INCLUIDO,estado_no_calificado_canonico,asignaciones,2025-12-16 13:23:34.000000,b****************@gmail.com,+54221****333,incluido_ok
4134,,Fuera de zona,INCLUIDO,estado_no_calificado_canonico,asignaciones,2025-12-16 15:43:00.000000,a***************@gamil.com,+54376****823,incluido_ok
4135,,Fuera de zona,INCLUIDO,estado_no_calificado_canonico,asignaciones,2025-12-16 11:46:27.000000,c***************@gmail.com,+54351****664,incluido_ok
4145,,Fuera de zona,INCLUIDO,estado_no_calificado_canonico,asignaciones,2025-12-17 11:24:01.000000,s*************@gmail.com,+54388****545,incluido_ok
4150,,Fuera de zona,INCLUIDO,estado_no_calificado_canonico,asignaciones,2026-01-30 16:57:06.000000,a************@gmail.com,+54388****569,incluido_ok
4152,,Fuera de zona,INCLUIDO,estado_no_calificado_canonico,asignaciones,2025-12-22 11:27:01.000000,m****************@gmail.com,+54341****510,incluido_ok
4153,,Fuera de zona,INCLUIDO,estado_no_calificado_canonico,asignaciones,2025-12-16 15:43:35.000000,l****************@gmail.com,+54261****346,incluido_ok
4161,,No busca cobertura médica,INCLUIDO,estado_no_calificado_canonico,asignaciones,2026-02-13 14:28:56.000000,d*************@gmail.com,+54293****119,incluido_ok
4179,,No busca cobertura médica,INCLUIDO,estado_no_calificado_canonico,asignaciones,2026-02-26 16:14:32.000000,b******************@gmail.com,+54116****988,incluido_ok
4182,,Fuera de zona,INCLUIDO,estado_no_calificado_canonico,asignaciones,2025-12-17 11:54:04.000000,s***********@gmail.com,+54116****924,incluido_ok
4194,,Fuera de zona,INCLUIDO,estado_no_calificado_canonico,asignaciones,2025-12-17 11:03:33.000000,d*************@gmail.com,+54379****895,incluido_ok
4202,,Fuera de zona,INCLUIDO,estado_no_calificado_canonico,asignaciones,2025-12-31 12:08:55.000000,v**************@gmail.com,+54113****046,incluido_ok
4216,,Fuera de zona,INCLUIDO,estado_no_calificado_canonico,asignaciones,2026-01-30 16:57:07.000000,j***********@gmail.com,+54375****583,incluido_ok
4252,,Fuera de zona,INCLUIDO,estado_no_calificado_canonico,asignaciones,2025-12-17 14:12:11.000000,v*******@gmail.com,+54387****262,incluido_ok
4263,,Fuera de zona,INCLUIDO,estado_no_calificado_canonico,asignaciones,2025-12-17 10:51:11.000000,o************@gmail.com,+54347****089,incluido_ok
4271,,Fuera de zona,INCLUIDO,estado_no_calificado_canonico,asignaciones,2025-12-17 16:27:41.000000,s********@gmail.com,+54376****242,incluido_ok
4274,,Fuera de zona,INCLUIDO,estado_no_calificado_canonico,asignaciones,2025-12-17 14:21:23.000000,m****************@gmail.com,+54388****065,incluido_ok
4276,,Fuera de zona,INCLUIDO,estado_no_calificado_canonico,asignaciones,2025-12-17 10:50:18.000000,m***************@gmail.com,+54223****343,incluido_ok
4278,,Fuera de zona,INCLUIDO,estado_no_calificado_canonico,asignaciones,2025-12-17 10:22:45.000000,v**********@gmail.com,+54354****184,incluido_ok
4288,,Fuera de zona,INCLUIDO,estado_no_calificado_canonico,asignaciones,2025-12-17 16:28:17.000000,t*************@gmail.com,+54266****933,incluido_ok
4290,,Fuera de zona,INCLUIDO,estado_no_calificado_canonico,asignaciones,2025-12-17 10:49:54.000000,w**********@gmail.com,+54344****637,incluido_ok
4294,,Fuera de zona,INCLUIDO,estado_no_calificado_canonico,asignaciones,2025-12-22 11:31:04.000000,i********@gmail.com,+54247****860,incluido_ok
4300,,Fuera de zona,INCLUIDO,estado_no_calificado_canonico,asignaciones,2025-12-17 13:46:00.000000,a********@gmail.com,+54115****462,incluido_ok
4303,,Fuera de zona,INCLUIDO,estado_no_calificado_canonico,asignaciones,2025-12-17 16:35:26.000000,b**************@gmail.com,+54379****048,incluido_ok
4306,,Fuera de zona,INCLUIDO,estado_no_calificado_canonico,asignaciones,2026-02-18 12:55:33.000000,y***************@gmail.com,+54376****355,incluido_ok
4308,,Fuera de zona,INCLUIDO,estado_no_calificado_canonico,asignaciones,2025-12-17 15:24:12.000000,x****************@gmail.com,+54351****785,incluido_ok
4340,,No busca cobertura médica,INCLUIDO,estado_no_calificado_canonico,asignaciones,2026-02-10 14:36:18.000000,n***********@gmail.com,+54116****461,incluido_ok
4352,,No busca cobertura médica,INCLUIDO,estado_no_calificado_canonico,asignaciones,2026-01-15 16:27:39.000000,a**********@hotmail.com,+54115****971,incluido_ok
4363,,Fuera de zona,INCLUIDO,estado_no_calificado_canonico,asignaciones,2025-12-18 11:25:42.000000,j*******@gmail.com,+54224****814,incluido_ok
4368,,Fuera de zona,INCLUIDO,estado_no_calificado_canonico,asignaciones,2026-02-13 15:39:19.000000,b******************@gmail.com,+54351****957,incluido_ok
4369,,Fuera de zona,INCLUIDO,estado_no_calificado_canonico,asignaciones,2025-12-18 12:19:12.000000,m****************@gmail.com,+54377****008,incluido_ok
4370,,Fuera de zona,INCLUIDO,estado_no_calificado_canonico,asignaciones,2025-12-18 14:58:55.000000,r********@gmail.com,+54261****320,incluido_ok
4388,,Fuera de zona,INCLUIDO,estado_no_calificado_canonico,asignaciones,2025-12-18 11:24:48.000000,c****************@gmail.com,+54299****779,incluido_ok
4389,,Fuera de zona,INCLUIDO,estado_no_calificado_canonico,asignaciones,2025-12-23 10:40:06.000000,i***********************@gmail.com,+54364****586,incluido_ok
4404,,No busca cobertura médica,INCLUIDO,estado_no_calificado_canonico,asignaciones,2026-04-15 17:30:52.000000,i******************@gmail.com,+54116****089,incluido_ok
4445,,No busca cobertura médica,INCLUIDO,estado_no_calificado_canonico,asignaciones,2026-03-18 12:30:21.000000,a************@gmail.com,+54117****076,incluido_ok
4446,,No busca cobertura médica,INCLUIDO,estado_no_calificado_canonico,asignaciones,2026-02-10 11:38:37.000000,a*************@gmail.com,+54115****264,incluido_ok
4483,,Fuera de zona,INCLUIDO,estado_no_calificado_canonico,asignaciones,2026-01-26 12:40:48.000000,s****************@gmail.com,+54375****863,incluido_ok
4506,,Fuera de zona,INCLUIDO,estado_no_calificado_canonico,asignaciones,2025-12-19 15:31:40.000000,p********@gmail.com,+54223****483,incluido_ok
4511,,Fuera de zona,INCLUIDO,estado_no_calificado_canonico,asignaciones,2026-02-13 12:22:37.000000,m***********@gmail.com,+54262****782,incluido_ok
4521,,No busca cobertura médica,INCLUIDO,estado_no_calificado_canonico,asignaciones,2026-04-23 11:07:17.000000,l********@gmail.com,+54387****471,incluido_ok
4536,,Fuera de zona,INCLUIDO,estado_no_calificado_canonico,asignaciones,2026-01-26 12:39:54.000000,e*******@gmail.com,+54290****808,incluido_ok
4581,,Fuera de zona,INCLUIDO,estado_no_calificado_canonico,asignaciones,2025-12-25 19:10:15.000000,z**************@gmail.com,+54347****906,incluido_ok
4593,,Fuera de zona,INCLUIDO,estado_no_calificado_canonico,asignaciones,2025-12-20 10:57:26.000000,n*****************************@gmail.com,+54374****086,incluido_ok
4598,,Fuera de zona,INCLUIDO,estado_no_calificado_canonico,asignaciones,2025-12-26 13:56:10.000000,s****************@gmail.com,+54344****340,incluido_ok
4614,,Fuera de zona,INCLUIDO,estado_no_calificado_canonico,asignaciones,2025-12-23 12:34:51.000000,l*************@hotmail.com,+54929*****318,incluido_ok
4618,,No busca cobertura médica,INCLUIDO,estado_no_calificado_canonico,asignaciones,2026-01-28 17:32:18.000000,l************@gmail.com,+54115****200,incluido_ok
4632,,No busca cobertura médica,INCLUIDO,estado_no_calificado_canonico,asignaciones,2026-03-27 11:25:41.000000,l******@gmail.com,+54116****047,incluido_ok
4649,,Fuera de zona,INCLUIDO,estado_no_calificado_canonico,asignaciones,2025-12-22 12:30:02.000000,a********@gmail.com,+54116****553,incluido_ok
4662,,Fuera de zona,INCLUIDO,estado_no_calificado_canonico,asignaciones,2026-02-11 11:10:55.000000,c*******************@gmail.com,+54264****131,incluido_ok
4665,,Fuera de zona,INCLUIDO,estado_no_calificado_canonico,asignaciones,2025-12-29 12:16:20.000000,i********************@gmail.com,+54381****684,incluido_ok
4668,,Fuera de zona,INCLUIDO,estado_no_calificado_canonico,asignaciones,2025-12-22 12:36:16.000000,d*******************@gmail.com,+54379****046,incluido_ok
4674,,Fuera de zona,INCLUIDO,estado_no_calificado_canonico,asignaciones,2025-12-22 11:14:07.000000,a************@hotmail.com,+54353****034,incluido_ok
4686,,Fuera de zona,INCLUIDO,estado_no_calificado_canonico,asignaciones,2025-12-23 11:18:49.000000,m******************@gmail.com,+54338****934,incluido_ok
4689,,Fuera de zona,INCLUIDO,estado_no_calificado_canonico,asignaciones,2026-02-18 15:52:58.000000,g******************@gmail.com,+54236****465,incluido_ok
4691,,Fuera de zona,INCLUIDO,estado_no_calificado_canonico,asignaciones,2026-01-30 17:05:37.000000,r**************@gmail.com,+54372****927,incluido_ok
4706,,No busca cobertura médica,INCLUIDO,estado_no_calificado_canonico,asignaciones,2026-01-30 17:07:50.000000,p**********@yahoo.com.ar,+54115****790,incluido_ok
4719,,No busca cobertura médica,INCLUIDO,estado_no_calificado_canonico,asignaciones,2026-02-05 16:14:02.000000,c************@hotmail.com,+54112****325,incluido_ok
4725,,No busca cobertura médica,INCLUIDO,estado_no_calificado_canonico,asignaciones,2026-02-11 12:30:10.000000,f***********@gmail.com,+54115****912,incluido_ok
4737,,Fuera de zona,INCLUIDO,estado_no_calificado_canonico,asignaciones,2025-12-22 16:05:47.000000,a*************@hotmail.com,+54362****829,incluido_ok
4740,,Fuera de zona,INCLUIDO,estado_no_calificado_canonico,asignaciones,2025-12-22 13:24:26.000000,s**************@imail.com,+54370****659,incluido_ok
4742,,Fuera de zona,INCLUIDO,estado_no_calificado_canonico,asignaciones,2026-02-20 13:50:00.000000,l************@gmail.com,+54351****365,incluido_ok
4751,,Fuera de zona,INCLUIDO,estado_no_calificado_canonico,asignaciones,2025-12-22 13:24:32.000000,d***************@gmail.com,+54113****981,incluido_ok
4754,,Fuera de zona,INCLUIDO,estado_no_calificado_canonico,asignaciones,2026-01-10 19:12:32.000000,a***************@gmail.com,+54261****709,incluido_ok
4762,,Fuera de zona,INCLUIDO,estado_no_calificado_canonico,asignaciones,2026-07-25 13:05:41.000000,m**************@gmail.com,+54375****381,incluido_ok
4763,,Fuera de zona,INCLUIDO,estado_no_calificado_canonico,asignaciones,2026-02-23 10:39:37.000000,j*********@gmail.com,+54224****867,incluido_ok
4773,,Fuera de zona,INCLUIDO,estado_no_calificado_canonico,asignaciones,2026-02-10 11:23:43.000000,r*************@gmail.com,+54261****661,incluido_ok
4775,,Fuera de zona,INCLUIDO,estado_no_calificado_canonico,asignaciones,2026-02-10 10:58:51.000000,i*************@gmail.com,+54377****792,incluido_ok
4821,,No busca cobertura médica,INCLUIDO,estado_no_calificado_canonico,asignaciones,2026-02-10 11:30:04.000000,r**********@gmail.com,+54116****896,incluido_ok
4825,,Fuera de zona,INCLUIDO,estado_no_calificado_canonico,asignaciones,2025-12-23 10:45:39.000000,f*******************@gmail.com,+54236****010,incluido_ok
4828,,Fuera de zona,INCLUIDO,estado_no_calificado_canonico,asignaciones,2026-01-10 19:13:43.000000,e*************@gmail.com,+54351****299,incluido_ok
4839,,No busca cobertura médica,INCLUIDO,estado_no_calificado_canonico,asignaciones,2026-02-19 10:42:47.000000,f***********@hotmail.com,+54115****032,incluido_ok
4842,,Fuera de zona,INCLUIDO,estado_no_calificado_canonico,asignaciones,2025-12-23 12:36:10.000000,d************@gmail.com,+54379****231,incluido_ok
4846,,No busca cobertura médica,INCLUIDO,estado_no_calificado_canonico,asignaciones,2026-02-10 14:32:38.000000,s*******@hotmail.com,+54116****866,incluido_ok
4861,,No busca cobertura médica,INCLUIDO,estado_no_calificado_canonico,asignaciones,2026-02-11 15:48:01.000000,d***************@gmail.com,+54115****041,incluido_ok
4865,,Fuera de zona,INCLUIDO,estado_no_calificado_canonico,asignaciones,2025-12-25 19:07:00.000000,j*********************@gmail.com,+54376****641,incluido_ok
4913,,No busca cobertura médica,INCLUIDO,estado_no_calificado_canonico,asignaciones,2026-02-27 12:08:08.000000,d**********@gmail.com,+54115****899,incluido_ok
4922,,Fuera de zona,INCLUIDO,estado_no_calificado_canonico,asignaciones,2026-02-11 16:06:51.000000,l*****************@gmail.com,+54376****522,incluido_ok
4924,,Fuera de zona,INCLUIDO,estado_no_calificado_canonico,asignaciones,2025-12-25 19:06:13.000000,m********************@gmail.com,+54263****105,incluido_ok
4929,,Fuera de zona,INCLUIDO,estado_no_calificado_canonico,asignaciones,2026-02-13 17:12:27.000000,a***********@gmail.com,+54358****225,incluido_ok
4935,,No busca cobertura médica,INCLUIDO,estado_no_calificado_canonico,asignaciones,2026-02-18 12:49:36.000000,c*************@gmail.com,+54112****949,incluido_ok
4949,,No busca cobertura médica,INCLUIDO,estado_no_calificado_canonico,asignaciones,2026-08-21 11:06:52.000000,a***************@hotmail.com,+54115****990,incluido_ok
4953,,Fuera de zona,INCLUIDO,estado_no_calificado_canonico,asignaciones,2025-12-25 19:04:54.000000,a***********@gmail.com,+54345****323,incluido_ok
4961,,Fuera de zona,INCLUIDO,estado_no_calificado_canonico,asignaciones,2026-02-11 16:05:22.000000,o**************@gmail.com,+54385****443,incluido_ok
4964,,No busca cobertura médica,INCLUIDO,estado_no_calificado_canonico,asignaciones,2026-01-26 14:22:09.000000,a***************@gmail.com,+54388****862,incluido_ok
4975,,Fuera de zona,INCLUIDO,estado_no_calificado_canonico,asignaciones,2025-12-26 17:13:29.000000,c**************@icloud.com,+54290****837,incluido_ok
4981,,Fuera de zona,INCLUIDO,estado_no_calificado_canonico,asignaciones,2025-12-30 12:07:24.000000,m******************@gmail.com,+54346****260,incluido_ok
4982,,Fuera de zona,INCLUIDO,estado_no_calificado_canonico,asignaciones,2025-12-26 11:48:43.000000,g***********@gmail.com,+54346****929,incluido_ok
4985,,Fuera de zona,INCLUIDO,estado_no_calificado_canonico,asignaciones,2026-02-10 10:56:18.000000,b**********@gmail.com,+54342****271,incluido_ok
4988,,Fuera de zona,INCLUIDO,estado_no_calificado_canonico,asignaciones,2025-12-26 17:13:36.000000,g************@gmail.com,+54381****673,incluido_ok
5002,,Fuera de zona,INCLUIDO,estado_no_calificado_canonico,asignaciones,2025-12-26 17:13:45.000000,g*********@gmail.com,+54113****457,incluido_ok
5011,,No busca cobertura médica,INCLUIDO,estado_no_calificado_canonico,asignaciones,2026-02-19 10:44:14.000000,g***************@gmail.com,+54911*****291,incluido_ok
5013,,Fuera de zona,INCLUIDO,estado_no_calificado_canonico,asignaciones,2025-12-26 17:13:52.000000,m**************@gmail.com,+54291****232,incluido_ok
5051,,Fuera de zona,INCLUIDO,estado_no_calificado_canonico,asignaciones,2025-12-26 17:17:46.000000,r*******************@gmail.com,+54375****942,incluido_ok
5052,,Fuera de zona,INCLUIDO,estado_no_calificado_canonico,asignaciones,2025-12-29 11:00:29.000000,b***************@gmail.com,+54291****912,incluido_ok
5053,,No busca cobertura médica,INCLUIDO,estado_no_calificado_canonico,asignaciones,2026-01-26 14:17:20.000000,c**************@gmail.com,+54264****588,incluido_ok
5071,,Fuera de zona,INCLUIDO,estado_no_calificado_canonico,asignaciones,2026-02-10 12:16:43.000000,r******************@gmail.com,+54348****885,incluido_ok
5074,,No busca cobertura médica,INCLUIDO,estado_no_calificado_canonico,asignaciones,2026-02-08 14:30:49.000000,g********************@gmail.com,+54116****591,incluido_ok
5084,,Fuera de zona,INCLUIDO,estado_no_calificado_canonico,asignaciones,2026-02-10 12:18:25.000000,m*****************@gmail.com,+54376****148,incluido_ok
5100,,No busca cobertura médica,INCLUIDO,estado_no_calificado_canonico,asignaciones,2026-02-13 14:36:14.000000,r***************@yahoo.com.ar,+54113****649,incluido_ok
5107,,No busca cobertura médica,INCLUIDO,estado_no_calificado_canonico,asignaciones,2026-02-10 12:20:48.000000,g******@dbbienesraices.com.ar,+54113****533,incluido_ok
5131,,Fuera de zona,INCLUIDO,estado_no_calificado_canonico,asignaciones,2025-12-29 11:29:24.000000,c*********@gmail.com,+54388****041,incluido_ok
5141,,Fuera de zona,INCLUIDO,estado_no_calificado_canonico,asignaciones,2025-12-27 14:16:07.000000,a**************@hotmail.com,+54224****238,incluido_ok
5148,,No busca cobertura médica,INCLUIDO,estado_no_calificado_canonico,asignaciones,2026-02-13 15:16:49.000000,l*************@gmail.com,+54117****827,incluido_ok
5155,,Fuera de zona,INCLUIDO,estado_no_calificado_canonico,asignaciones,2025-12-27 14:16:12.000000,m************@gmail.com,+54116****987,incluido_ok
5159,,No busca cobertura médica,INCLUIDO,estado_no_calificado_canonico,asignaciones,2026-02-11 16:01:32.000000,p*************@outlook.com,+54113****720,incluido_ok
5175,,Fuera de zona,INCLUIDO,estado_no_calificado_canonico,asignaciones,2025-12-29 11:21:56.000000,g************@hotmail.com,+54221****327,incluido_ok
5177,,Fuera de zona,INCLUIDO,estado_no_calificado_canonico,asignaciones,2025-12-30 13:19:33.000000,r**************@gmail.com,+54341****714,incluido_ok
5178,,Fuera de zona,INCLUIDO,estado_no_calificado_canonico,asignaciones,2026-02-19 10:44:25.000000,f********************@gmail.com,+54261****504,incluido_ok
5183,,Fuera de zona,INCLUIDO,estado_no_calificado_canonico,asignaciones,2026-02-10 14:30:43.000000,s**************@gmail.com,+54295****699,incluido_ok
5204,,Fuera de zona,INCLUIDO,estado_no_calificado_canonico,asignaciones,2025-12-29 10:52:22.000000,a************@gmail.com,+54116****004,incluido_ok
5241,,No busca cobertura médica,INCLUIDO,estado_no_calificado_canonico,asignaciones,2026-02-10 12:27:11.000000,r**************@gmail.com,+54112****821,incluido_ok
5244,,Fuera de zona,INCLUIDO,estado_no_calificado_canonico,asignaciones,2025-12-29 10:31:50.000000,o*********@hotmail.com,+54221****854,incluido_ok
5262,,Fuera de zona,INCLUIDO,estado_no_calificado_canonico,asignaciones,2025-12-28 12:13:50.000000,s***********************@gmail.com,+54299****667,incluido_ok
5271,,No busca cobertura médica,INCLUIDO,estado_no_calificado_canonico,asignaciones,2026-08-21 11:07:10.000000,b**************@gmail.com,+54113****095,incluido_ok
5300,,Fuera de zona,INCLUIDO,estado_no_calificado_canonico,asignaciones,2026-01-26 14:38:28.000000,m******************@gmail.com,+54383****018,incluido_ok
5314,,Fuera de zona,INCLUIDO,estado_no_calificado_canonico,asignaciones,2025-12-29 11:10:14.000000,c******************@gmail.com,+54227****060,incluido_ok
5315,,No busca cobertura médica,INCLUIDO,estado_no_calificado_canonico,asignaciones,2026-02-09 16:10:02.000000,d******************@gmail.com,+54113****254,incluido_ok
5329,,Fuera de zona,INCLUIDO,estado_no_calificado_canonico,asignaciones,2025-12-29 10:28:35.000000,d***************@gmail.com,+54221****288,incluido_ok
5331,,Fuera de zona,INCLUIDO,estado_no_calificado_canonico,asignaciones,2025-12-30 14:57:17.000000,c********@gmail.com,+54386****853,incluido_ok
5342,,Fuera de zona,INCLUIDO,estado_no_calificado_canonico,asignaciones,2026-02-12 13:37:22.000000,r*******************@gmail.com,+54352****858,incluido_ok
5347,,Fuera de zona,INCLUIDO,estado_no_calificado_canonico,asignaciones,2025-12-29 12:56:40.000000,c*************************@gmail.com,+54386****295,incluido_ok
5348,,Fuera de zona,INCLUIDO,estado_no_calificado_canonico,asignaciones,2025-12-29 08:54:38.000000,e*********@gmail.com,+54264****341,incluido_ok
5351,,Fuera de zona,INCLUIDO,estado_no_calificado_canonico,asignaciones,2025-12-29 10:27:21.000000,c************@gmail.com,+54379****897,incluido_ok
5360,,Fuera de zona,INCLUIDO,estado_no_calificado_canonico,asignaciones,2025-12-29 12:56:16.000000,e***************@gmail.com,+54297****160,incluido_ok
5368,,Fuera de zona,INCLUIDO,estado_no_calificado_canonico,asignaciones,2025-12-29 10:25:16.000000,j**********@gmail.com,+54375****595,incluido_ok
5373,,No busca cobertura médica,INCLUIDO,estado_no_calificado_canonico,asignaciones,2026-02-10 17:20:27.000000,l**************@gmail.com,+54115****313,incluido_ok
5379,,Fuera de zona,INCLUIDO,estado_no_calificado_canonico,asignaciones,2025-12-29 12:54:50.000000,f***************@gmail.com,+54341****948,incluido_ok
5417,,Fuera de zona,INCLUIDO,estado_no_calificado_canonico,asignaciones,2025-12-31 10:47:48.000000,j*****************@gmail.com,+54295****704,incluido_ok
5423,,Fuera de zona,INCLUIDO,estado_no_calificado_canonico,asignaciones,2025-12-29 14:00:31.000000,a*******************@mail.com,+54383****961,incluido_ok
5441,,No busca cobertura médica,INCLUIDO,estado_no_calificado_canonico,asignaciones,2026-02-11 15:47:31.000000,c*************@gmail.com,+54113****837,incluido_ok
5458,,No busca cobertura médica,INCLUIDO,estado_no_calificado_canonico,asignaciones,2026-02-26 12:10:24.000000,d**********@gmail.com,+54116****820,incluido_ok
5460,,Fuera de zona,INCLUIDO,estado_no_calificado_canonico,asignaciones,2025-12-29 17:43:27.000000,s*******************@gmail.com,+54116****388,incluido_ok
5477,,No busca cobertura médica,INCLUIDO,estado_no_calificado_canonico,asignaciones,2026-02-23 17:41:53.000000,s****************@gmail.com,+54117****122,incluido_ok
5482,,No busca cobertura médica,INCLUIDO,estado_no_calificado_canonico,asignaciones,2026-08-21 11:10:04.000000,s**********@hotmail.com,+54112****117,incluido_ok
5492,,Fuera de zona,INCLUIDO,estado_no_calificado_canonico,asignaciones,2026-01-05 11:30:33.000000,j**********************@gmail.com,+54381****145,incluido_ok
5494,,Fuera de zona,INCLUIDO,estado_no_calificado_canonico,asignaciones,2025-12-30 10:14:01.000000,t***********@gmail.com,+54351****451,incluido_ok
5506,,No busca cobertura médica,INCLUIDO,estado_no_calificado_canonico,asignaciones,2026-01-21 14:19:15.000000,c*********************@gmail.com,+54112****281,incluido_ok
5509,,Fuera de zona,INCLUIDO,estado_no_calificado_canonico,asignaciones,2026-02-11 15:42:56.000000,a*********@est.derecho.uba.ar,+54232****507,incluido_ok
5510,,Fuera de zona,INCLUIDO,estado_no_calificado_canonico,asignaciones,2025-12-31 11:20:48.000000,e************@gmail.com,+54349****449,incluido_ok
5518,,Fuera de zona,INCLUIDO,estado_no_calificado_canonico,asignaciones,2025-12-31 11:20:08.000000,f**************@gmail.com,+54387****548,incluido_ok
5522,,Fuera de zona,INCLUIDO,estado_no_calificado_canonico,asignaciones,2025-12-30 12:50:50.000000,e**********@hotmail.com,+54348****988,incluido_ok
5523,,Fuera de zona,INCLUIDO,estado_no_calificado_canonico,asignaciones,2026-02-19 08:59:53.000000,n************@gmail.com,+54382****844,incluido_ok
5526,,Fuera de zona,INCLUIDO,estado_no_calificado_canonico,asignaciones,2026-01-05 15:44:19.000000,m******************@gmail.com,+54371****720,incluido_ok
5531,,Fuera de zona,INCLUIDO,estado_no_calificado_canonico,asignaciones,2025-12-30 12:50:56.000000,r**********************@gmail.com,+54266****990,incluido_ok
5536,,No busca cobertura médica,INCLUIDO,estado_no_calificado_canonico,asignaciones,2026-08-21 11:13:18.000000,m*******************@gmail.com,+54117****571,incluido_ok
5544,,Fuera de zona,INCLUIDO,estado_no_calificado_canonico,asignaciones,2026-02-10 10:42:59.000000,g******************@gmail.com,+54379****207,incluido_ok
5545,,Fuera de zona,INCLUIDO,estado_no_calificado_canonico,asignaciones,2026-02-11 11:53:39.000000,l******************@gmail.com,+54358****046,incluido_ok
5546,,Fuera de zona,INCLUIDO,estado_no_calificado_canonico,asignaciones,2026-02-13 12:02:16.000000,k********************@gmail.com,+54348****422,incluido_ok
5548,,Fuera de zona,INCLUIDO,estado_no_calificado_canonico,asignaciones,2026-01-05 15:46:03.000000,s*********@gmail.com,+54341****699,incluido_ok
5554,,No busca cobertura médica,INCLUIDO,estado_no_calificado_canonico,asignaciones,2026-02-19 10:46:12.000000,m********************@gmail.com,+54113****868,incluido_ok
5566,,Fuera de zona,INCLUIDO,estado_no_calificado_canonico,asignaciones,2026-02-11 11:49:45.000000,m*********@gmail.com,+54375****194,incluido_ok
5568,,Fuera de zona,INCLUIDO,estado_no_calificado_canonico,asignaciones,2025-12-30 15:15:44.000000,v**************@gmail.com,+54223****285,incluido_ok
5580,,No busca cobertura médica,INCLUIDO,estado_no_calificado_canonico,asignaciones,2026-08-21 11:13:35.000000,a********************@gmail.com,+54115****000,incluido_ok
5584,,No busca cobertura médica,INCLUIDO,estado_no_calificado_canonico,asignaciones,2026-02-10 15:44:21.000000,m************@yahoo.com.ar,+54116****380,incluido_ok
5592,,Fuera de zona,INCLUIDO,estado_no_calificado_canonico,asignaciones,2025-12-31 10:51:07.000000,a**************@gmail.com,+54377****137,incluido_ok
5594,,Fuera de zona,INCLUIDO,estado_no_calificado_canonico,asignaciones,2025-12-31 10:41:29.000000,f***************@gmail.com,+54345****706,incluido_ok
5615,,No busca cobertura médica,INCLUIDO,estado_no_calificado_canonico,asignaciones,2026-02-19 10:47:07.000000,s***********@gmail.com,+54232****383,incluido_ok
5642,,Fuera de zona,INCLUIDO,estado_no_calificado_canonico,asignaciones,2026-02-18 15:38:50.000000,c******************@gmail.com,+54249****459,incluido_ok
5653,,Fuera de zona,INCLUIDO,estado_no_calificado_canonico,asignaciones,2026-01-02 11:02:38.000000,w******************@gmail.com,+54264****297,incluido_ok
5661,,Fuera de zona,INCLUIDO,estado_no_calificado_canonico,asignaciones,2026-02-09 14:18:47.000000,e****************@gmail.com,+54373****705,incluido_ok
5665,,No busca cobertura médica,INCLUIDO,estado_no_calificado_canonico,asignaciones,2026-02-18 12:35:31.000000,j********@hotmail.com,+54116****436,incluido_ok
5680,,Fuera de zona,INCLUIDO,estado_no_calificado_canonico,asignaciones,2026-02-11 16:03:14.000000,a***********@gmail.com,+54362****418,incluido_ok
5692,,Fuera de zona,INCLUIDO,estado_no_calificado_canonico,asignaciones,2026-01-02 12:15:13.000000,e****************@gmail.com,+54116****066,incluido_ok
5706,,No busca cobertura médica,INCLUIDO,estado_no_calificado_canonico,asignaciones,2026-01-16 12:19:35.000000,p**********@gmail.com,+54116****082,incluido_ok
5714,,Fuera de zona,INCLUIDO,estado_no_calificado_canonico,asignaciones,2026-01-02 12:17:25.000000,m***********@hotmail.com,+54223****011,incluido_ok
5737,,Fuera de zona,INCLUIDO,estado_no_calificado_canonico,asignaciones,2026-01-02 12:17:55.000000,b**********@gmail.com,+54226****364,incluido_ok
5753,,Fuera de zona,INCLUIDO,estado_no_calificado_canonico,asignaciones,2026-01-02 13:34:26.000000,t**************@gmail.com,+54224****796,incluido_ok
5760,,Fuera de zona,INCLUIDO,estado_no_calificado_canonico,asignaciones,2026-01-02 13:33:38.000000,l*************@gmail.com,+54296****911,incluido_ok
5764,,Fuera de zona,INCLUIDO,estado_no_calificado_canonico,asignaciones,2026-01-02 12:28:44.000000,d********************@gmail.com,+54113****140,incluido_ok
5766,,Fuera de zona,INCLUIDO,estado_no_calificado_canonico,asignaciones,2026-02-18 15:37:29.000000,m*****************@gmail.com,+54351****828,incluido_ok
5777,,No busca cobertura médica,INCLUIDO,estado_no_calificado_canonico,asignaciones,2026-08-21 11:40:51.000000,s******************@gmail.com,+54115****727,incluido_ok
5779,,Fuera de zona,INCLUIDO,estado_no_calificado_canonico,asignaciones,2026-01-02 12:32:09.000000,p*************@gmail.com,+54113****608,incluido_ok
5780,,No busca cobertura médica,INCLUIDO,estado_no_calificado_canonico,asignaciones,2026-01-21 12:10:20.000000,h************@gmail.com,+54116****515,incluido_ok
5796,,No busca cobertura médica,INCLUIDO,estado_no_calificado_canonico,asignaciones,2026-02-10 13:02:15.000000,a********************@gmail.com,+54113****485,incluido_ok
5798,,Fuera de zona,INCLUIDO,estado_no_calificado_canonico,asignaciones,2026-01-02 17:25:17.000000,c*********************@gmail.com,+54362****335,incluido_ok
5800,,Fuera de zona,INCLUIDO,estado_no_calificado_canonico,asignaciones,2026-01-02 12:34:09.000000,b**************@gmail.com,+54116****094,incluido_ok
5801,,No busca cobertura médica,INCLUIDO,estado_no_calificado_canonico,asignaciones,2026-02-10 13:10:48.000000,f****************@hotmail.com,+54113****425,incluido_ok
5825,,No busca cobertura médica,INCLUIDO,estado_no_calificado_canonico,asignaciones,2026-02-10 13:08:11.000000,e*********@hotmail.com,+54114****044,incluido_ok
5828,,No busca cobertura médica,INCLUIDO,estado_no_calificado_canonico,asignaciones,2026-02-10 12:53:34.000000,x****@outlook.com,+54113****212,incluido_ok
5848,,Fuera de zona,INCLUIDO,estado_no_calificado_canonico,asignaciones,2026-01-03 13:53:05.000000,i***********@gmail.com,+54375****277,incluido_ok
5862,,Fuera de zona,INCLUIDO,estado_no_calificado_canonico,asignaciones,2026-01-06 16:30:39.000000,d********@hotmail.com,+54379****671,incluido_ok
5864,,Fuera de zona,INCLUIDO,estado_no_calificado_canonico,asignaciones,2026-02-12 15:23:30.000000,s***********@gmail.comi,+54221****858,incluido_ok
5882,,No busca cobertura médica,INCLUIDO,estado_no_calificado_canonico,asignaciones,2026-01-21 16:30:30.000000,a**************@gmail.com,+54223****414,incluido_ok
5889,,Fuera de zona,INCLUIDO,estado_no_calificado_canonico,asignaciones,2026-02-10 16:25:33.000000,k**************@gmail.com,+54381****495,incluido_ok
5890,,Fuera de zona,INCLUIDO,estado_no_calificado_canonico,asignaciones,2026-01-03 13:58:38.000000,r*********@gmail.com,+54280****468,incluido_ok
5893,,Fuera de zona,INCLUIDO,estado_no_calificado_canonico,asignaciones,2026-01-06 16:27:13.000000,t*************@gmail.com,+54383****656,incluido_ok
5895,,No busca cobertura médica,INCLUIDO,estado_no_calificado_canonico,asignaciones,2026-02-19 14:16:26.000000,a*******@gmail.com,+54112****752,incluido_ok
5914,,Fuera de zona,INCLUIDO,estado_no_calificado_canonico,asignaciones,2026-01-05 11:15:23.000000,s************@gmail.com,+54379****853,incluido_ok
5915,,Fuera de zona,INCLUIDO,estado_no_calificado_canonico,asignaciones,2026-01-06 12:38:46.000000,e************@gmail.com,+54364****409,incluido_ok
5916,,Fuera de zona,INCLUIDO,estado_no_calificado_canonico,asignaciones,2026-01-05 11:21:58.000000,j***********@gmail.com,+54342****529,incluido_ok
5921,,Fuera de zona,INCLUIDO,estado_no_calificado_canonico,asignaciones,2026-02-19 11:07:10.000000,t**********@gmail.com,+54221****267,incluido_ok
5923,,Fuera de zona,INCLUIDO,estado_no_calificado_canonico,asignaciones,2026-01-06 12:37:59.000000,v**************@gmail.com,+54375****024,incluido_ok
5924,,Fuera de zona,INCLUIDO,estado_no_calificado_canonico,asignaciones,2026-01-05 11:22:04.000000,g*****************@gmail.com,+54116****236,incluido_ok
5929,,Fuera de zona,INCLUIDO,estado_no_calificado_canonico,asignaciones,2026-02-10 12:51:58.000000,a******************@gmail.com,+54341****274,incluido_ok
5930,,Fuera de zona,INCLUIDO,estado_no_calificado_canonico,asignaciones,2026-01-06 12:37:21.000000,n**********@gmail.com,+54292****297,incluido_ok
5931,,Fuera de zona,INCLUIDO,estado_no_calificado_canonico,asignaciones,2026-01-05 09:53:49.000000,e*****************@gmail.com,+54236****916,incluido_ok
5933,,No busca cobertura médica,INCLUIDO,estado_no_calificado_canonico,asignaciones,2026-01-21 16:56:26.000000,m*************@gmail.com,+54381****138,incluido_ok
5941,,Fuera de zona,INCLUIDO,estado_no_calificado_canonico,asignaciones,2026-01-06 12:34:31.000000,f*******@gmail.com,+54387****544,incluido_ok
5950,,Fuera de zona,INCLUIDO,estado_no_calificado_canonico,asignaciones,2026-01-06 12:33:42.000000,r********@hotmail.com.hsr,+54370****313,incluido_ok
5954,,No busca cobertura médica,INCLUIDO,estado_no_calificado_canonico,asignaciones,2026-01-21 12:01:44.000000,v***********@gmail.com,+54223****832,incluido_ok
5956,,Fuera de zona,INCLUIDO,estado_no_calificado_canonico,asignaciones,2026-02-10 10:29:23.000000,d************@gmail.com,+54290****823,incluido_ok
5982,,Fuera de zona,INCLUIDO,estado_no_calificado_canonico,asignaciones,2026-01-05 11:07:16.000000,a*******************@gmail.com,+54247****736,incluido_ok
5985,,Fuera de zona,INCLUIDO,estado_no_calificado_canonico,asignaciones,2026-01-05 11:17:35.000000,e********@gmail.com,+54376****068,incluido_ok
5986,,Fuera de zona,INCLUIDO,estado_no_calificado_canonico,asignaciones,2026-01-05 11:43:59.000000,n*************@gmail.com,+54385****547,incluido_ok
5990,,Fuera de zona,INCLUIDO,estado_no_calificado_canonico,asignaciones,2026-02-10 13:11:05.000000,m***********@gmail.com,+54342****296,incluido_ok
5992,,Fuera de zona,INCLUIDO,estado_no_calificado_canonico,asignaciones,2026-01-05 11:06:46.000000,y*****************@gmail.com,+54370****578,incluido_ok
5999,,Fuera de zona,INCLUIDO,estado_no_calificado_canonico,asignaciones,2026-02-12 17:26:08.000000,r************@gmail.com,+54357****077,incluido_ok
6001,,Fuera de zona,INCLUIDO,estado_no_calificado_canonico,asignaciones,2026-01-05 11:06:20.000000,r*****************@gmail.com,+54261****788,incluido_ok
6002,,Fuera de zona,INCLUIDO,estado_no_calificado_canonico,asignaciones,2026-01-05 11:45:32.000000,a*****************@gmail.com,+54375****968,incluido_ok
6012,,Fuera de zona,INCLUIDO,estado_no_calificado_canonico,asignaciones,2026-01-06 12:23:54.000000,r************@gmail.com,+54379****638,incluido_ok
6017,,No busca cobertura médica,INCLUIDO,estado_no_calificado_canonico,asignaciones,2026-02-25 13:08:32.000000,l*************@gmail.com,+54115****331,incluido_ok
6023,,Fuera de zona,INCLUIDO,estado_no_calificado_canonico,asignaciones,2026-01-05 13:05:52.000000,m***********@gmail.com,+54115****865,incluido_ok
6026,,Fuera de zona,INCLUIDO,estado_no_calificado_canonico,asignaciones,2026-01-06 15:20:37.000000,m***************@live.com.ar,+54222****769,incluido_ok
6028,,Fuera de zona,INCLUIDO,estado_no_calificado_canonico,asignaciones,2026-02-11 15:35:06.000000,y**********@gmail.com,+54338****352,incluido_ok
6036,,No busca cobertura médica,INCLUIDO,estado_no_calificado_canonico,asignaciones,2026-02-10 12:55:35.000000,m******************@gmail.com,+54116****483,incluido_ok
6048,,Fuera de zona,INCLUIDO,estado_no_calificado_canonico,asignaciones,2026-01-06 12:07:07.000000,m******************@gmail.com,+54354****138,incluido_ok
6050,,Fuera de zona,INCLUIDO,estado_no_calificado_canonico,asignaciones,2026-02-10 12:51:16.000000,s**************@gmail.com,+54299****954,incluido_ok
6063,,Fuera de zona,INCLUIDO,estado_no_calificado_canonico,asignaciones,2026-01-06 12:03:58.000000,f***************@gmail.com,+54385****906,incluido_ok
6069,,No busca cobertura médica,INCLUIDO,estado_no_calificado_canonico,asignaciones,2026-02-11 14:59:36.000000,j*******@hotmail.com,+54116****807,incluido_ok
6075,,Fuera de zona,INCLUIDO,estado_no_calificado_canonico,asignaciones,2026-01-06 11:46:12.000000,e**********@yahoo.com,+54113****360,incluido_ok
6076,,No busca cobertura médica,INCLUIDO,estado_no_calificado_canonico,asignaciones,2026-02-18 15:01:42.000000,c************@yahoo.com.ar,+54113****205,incluido_ok
6082,,Fuera de zona,INCLUIDO,estado_no_calificado_canonico,asignaciones,2026-01-06 12:00:52.000000,d*******@gmail.com,+54387****085,incluido_ok
6083,,Fuera de zona,INCLUIDO,estado_no_calificado_canonico,asignaciones,2026-01-06 11:46:16.000000,g*******************@gmail.como,+54113****748,incluido_ok
6088,,No busca cobertura médica,INCLUIDO,estado_no_calificado_canonico,asignaciones,2026-02-23 13:57:22.000000,g*********@gmail.com,+54115****409,incluido_ok
6089,,Fuera de zona,INCLUIDO,estado_no_calificado_canonico,asignaciones,2026-01-06 12:00:02.000000,a********@gmail.com,+54344****858,incluido_ok
6096,,No busca cobertura médica,INCLUIDO,estado_no_calificado_canonico,asignaciones,2026-02-13 17:12:48.000000,l*************@gmail.com,+54264****574,incluido_ok
6108,,No busca cobertura médica,INCLUIDO,estado_no_calificado_canonico,asignaciones,2026-02-10 15:59:33.000000,c***************@gmail.com,+54222****046,incluido_ok
6114,,Fuera de zona,INCLUIDO,estado_no_calificado_canonico,asignaciones,2026-01-06 11:57:21.000000,n***********@gmail.com,+54370****974,incluido_ok
6123,,Fuera de zona,INCLUIDO,estado_no_calificado_canonico,asignaciones,2026-02-10 16:00:33.000000,v************@hotmail.com,+54228****056,incluido_ok
6160,,Fuera de zona,INCLUIDO,estado_no_calificado_canonico,asignaciones,2026-01-07 12:21:31.000000,k****************@gmail.com,+54344****290,incluido_ok
6167,,Fuera de zona,INCLUIDO,estado_no_calificado_canonico,asignaciones,2026-02-09 14:03:11.000000,j**************@gmail.com,+54341****997,incluido_ok
6168,,Fuera de zona,INCLUIDO,estado_no_calificado_canonico,asignaciones,2026-02-23 13:55:54.000000,d***************@gmail.com,+54353****560,incluido_ok
6170,,Fuera de zona,INCLUIDO,estado_no_calificado_canonico,asignaciones,2026-01-07 12:20:46.000000,j*********************@gmail.com,+54223****868,incluido_ok
6196,,No busca cobertura médica,INCLUIDO,estado_no_calificado_canonico,asignaciones,2026-02-12 17:24:58.000000,r******************@hotmail.es,+54112****411,incluido_ok
6203,,No busca cobertura médica,INCLUIDO,estado_no_calificado_canonico,asignaciones,2026-02-26 15:04:42.000000,y*****@hotmail.com,+54116****765,incluido_ok
6204,,Fuera de zona,INCLUIDO,estado_no_calificado_canonico,asignaciones,2026-02-11 15:27:57.000000,r**********************@gmail.com,+54345****945,incluido_ok
6209,,Fuera de zona,INCLUIDO,estado_no_calificado_canonico,asignaciones,2026-01-12 14:59:35.000000,l*************@gmail.com,+54222****361,incluido_ok
6218,,Fuera de zona,INCLUIDO,estado_no_calificado_canonico,asignaciones,2026-01-07 14:03:14.000000,s*************@gmail.com,+54376****193,incluido_ok
6229,,Fuera de zona,INCLUIDO,estado_no_calificado_canonico,asignaciones,2026-01-26 12:39:28.000000,s************@gmail.com,+54234****023,incluido_ok
6267,,Fuera de zona,INCLUIDO,estado_no_calificado_canonico,asignaciones,2026-01-08 11:03:10.000000,s***********@gmail.com,+54364****236,incluido_ok
6268,,Fuera de zona,INCLUIDO,estado_no_calificado_canonico,asignaciones,2026-01-08 08:22:39.000000,a****************@gmai.com,+54375****049,incluido_ok
6273,,No busca cobertura médica,INCLUIDO,estado_no_calificado_canonico,asignaciones,2026-02-18 14:14:15.000000,j********@gmail.com,+54113****914,incluido_ok
6274,,Fuera de zona,INCLUIDO,estado_no_calificado_canonico,asignaciones,2026-01-08 11:02:25.000000,a****************@gmail.com,+54351****640,incluido_ok
6285,,Fuera de zona,INCLUIDO,estado_no_calificado_canonico,asignaciones,2026-01-08 11:01:14.000000,o*************@gmail.com,+54351****324,incluido_ok
6294,,No busca cobertura médica,INCLUIDO,estado_no_calificado_canonico,asignaciones,2026-02-11 12:59:03.000000,2********@gmail.com,+54376****542,incluido_ok
6320,,No busca cobertura médica,INCLUIDO,estado_no_calificado_canonico,asignaciones,2026-02-24 13:55:20.000000,b*****************@gmail.com,+54113****748,incluido_ok
6343,,No busca cobertura médica,INCLUIDO,estado_no_calificado_canonico,asignaciones,2026-02-13 14:35:44.000000,f************@gmail.com,+54112****995,incluido_ok
6359,,No busca cobertura médica,INCLUIDO,estado_no_calificado_canonico,asignaciones,2026-02-11 15:25:58.000000,f****************@gmail.com,+54113****457,incluido_ok
6364,,Fuera de zona,INCLUIDO,estado_no_calificado_canonico,asignaciones,2026-01-09 11:10:34.000000,m******************@gmail.com,+54112****199,incluido_ok
6370,,Fuera de zona,INCLUIDO,estado_no_calificado_canonico,asignaciones,2026-01-09 13:04:29.000000,b******************@gmail.com,+54387****610,incluido_ok
6371,,Fuera de zona,INCLUIDO,estado_no_calificado_canonico,asignaciones,2026-01-12 16:52:48.000000,l**************@gmail.com,+54375****400,incluido_ok
6374,,Fuera de zona,INCLUIDO,estado_no_calificado_canonico,asignaciones,2026-01-09 16:14:53.000000,h*********@gmail.com,+54370****604,incluido_ok
6380,,Fuera de zona,INCLUIDO,estado_no_calificado_canonico,asignaciones,2026-01-16 12:29:42.000000,f**************@gmail.com,+54230****274,incluido_ok
6385,,No busca cobertura médica,INCLUIDO,estado_no_calificado_canonico,asignaciones,2026-02-25 12:50:06.000000,r**********@gmail.com,+54114****844,incluido_ok
6390,,Fuera de zona,INCLUIDO,estado_no_calificado_canonico,asignaciones,2026-01-16 12:29:15.000000,m************@gmail.com,+54370****443,incluido_ok
6392,,No busca cobertura médica,INCLUIDO,estado_no_calificado_canonico,asignaciones,2026-03-09 14:00:18.000000,m**********@gmail.com,+54375****943,incluido_ok
6395,,Fuera de zona,INCLUIDO,estado_no_calificado_canonico,asignaciones,2026-01-09 16:13:42.000000,m************@gmail.com,+54357****704,incluido_ok
6397,,Fuera de zona,INCLUIDO,estado_no_calificado_canonico,asignaciones,2026-01-09 14:10:58.000000,f*******@gmail.com,+54263****845,incluido_ok
6399,,No busca cobertura médica,INCLUIDO,estado_no_calificado_canonico,asignaciones,2026-02-23 13:44:24.000000,g************@gmail.com,+54116****723,incluido_ok
6424,,Fuera de zona,INCLUIDO,estado_no_calificado_canonico,asignaciones,2026-01-09 16:17:08.000000,g************@hotmail.com,+54223****618,incluido_ok
6451,,Fuera de zona,INCLUIDO,estado_no_calificado_canonico,asignaciones,2026-01-12 16:41:49.000000,g**************@gmail.com,+54387****943,incluido_ok
6452,,Fuera de zona,INCLUIDO,estado_no_calificado_canonico,asignaciones,2026-01-10 13:50:37.000000,b**********************@gmail.com,+54113****426,incluido_ok
6460,,Fuera de zona,INCLUIDO,estado_no_calificado_canonico,asignaciones,2026-01-12 16:41:18.000000,f*****************@gmail.com,+54377****021,incluido_ok
6462,,Fuera de zona,INCLUIDO,estado_no_calificado_canonico,asignaciones,2026-02-13 14:32:54.000000,v*******@gmail.com,+54299****526,incluido_ok
6479,,Fuera de zona,INCLUIDO,estado_no_calificado_canonico,asignaciones,2026-01-12 15:54:35.000000,e************@gmail.com,+54387****586,incluido_ok
6514,,Fuera de zona,INCLUIDO,estado_no_calificado_canonico,asignaciones,2026-01-11 11:27:17.000000,l***********@gmail.com,+54387****652,incluido_ok
6515,,Fuera de zona,INCLUIDO,estado_no_calificado_canonico,asignaciones,2026-01-26 12:38:00.000000,v*****************@gmail.com,+54266****532,incluido_ok
6526,,No busca cobertura médica,INCLUIDO,estado_no_calificado_canonico,asignaciones,2026-02-13 17:06:52.000000,l****************@gmail.com,+54221****496,incluido_ok
6535,,Fuera de zona,INCLUIDO,estado_no_calificado_canonico,asignaciones,2026-01-15 14:32:46.000000,s*************@gmail.com,+54387****077,incluido_ok
6554,,Fuera de zona,INCLUIDO,estado_no_calificado_canonico,asignaciones,2026-01-12 10:54:51.000000,d**************@gmail.com,+54364****814,incluido_ok
6560,,No busca cobertura médica,INCLUIDO,estado_no_calificado_canonico,asignaciones,2026-01-14 12:48:57.000000,f********************@gmail.com,+54345****699,incluido_ok
6571,,No busca cobertura médica,INCLUIDO,estado_no_calificado_canonico,asignaciones,2026-03-06 17:08:02.000000,a************@yahoo.com,+54112****224,incluido_ok
6573,,Fuera de zona,INCLUIDO,estado_no_calificado_canonico,asignaciones,2026-01-12 15:18:28.000000,f*********@hotmail.com,+54294****620,incluido_ok
6578,,Fuera de zona,INCLUIDO,estado_no_calificado_canonico,asignaciones,2026-01-12 16:25:45.000000,s**************@gmail.com,+54348****393,incluido_ok
6604,,Fuera de zona,INCLUIDO,estado_no_calificado_canonico,asignaciones,2026-01-12 15:36:57.000000,p***************@gmail.com,+54385****445,incluido_ok
6616,,Fuera de zona,INCLUIDO,estado_no_calificado_canonico,asignaciones,2026-01-12 15:55:52.000000,c****************@gmail.com,+54348****851,incluido_ok
6623,,No busca cobertura médica,INCLUIDO,estado_no_calificado_canonico,asignaciones,2026-02-13 14:29:13.000000,c************@gmail.com,+54113****500,incluido_ok
6624,,No busca cobertura médica,INCLUIDO,estado_no_calificado_canonico,asignaciones,2026-02-25 15:25:14.000000,j*********@gmail.com,+54112****994,incluido_ok
6625,,Fuera de zona,INCLUIDO,estado_no_calificado_canonico,asignaciones,2026-01-12 19:31:35.000000,l*********@gmail.com,+54113****351,incluido_ok
6634,,No busca cobertura médica,INCLUIDO,estado_no_calificado_canonico,asignaciones,2026-08-26 15:34:32.000000,a***********@gmail.com,+54911*****888,incluido_ok
6640,,Fuera de zona,INCLUIDO,estado_no_calificado_canonico,asignaciones,2026-01-14 13:50:00.000000,g**************@gmail.com,+54381****779,incluido_ok
6650,,Fuera de zona,INCLUIDO,estado_no_calificado_canonico,asignaciones,2026-01-27 11:39:11.000000,l******************@gmail.com,+54113****972,incluido_ok
6656,,Fuera de zona,INCLUIDO,estado_no_calificado_canonico,asignaciones,2026-01-13 10:39:31.000000,c*********************@gmail.com,+54381****992,incluido_ok
6663,,No busca cobertura médica,INCLUIDO,estado_no_calificado_canonico,asignaciones,2026-02-10 10:42:11.000000,d********************@gmail.com,+54362****559,incluido_ok
6666,,Fuera de zona,INCLUIDO,estado_no_calificado_canonico,asignaciones,2026-01-14 10:47:25.000000,a***********@gmail.com,+54261****133,incluido_ok
6668,,Fuera de zona,INCLUIDO,estado_no_calificado_canonico,asignaciones,2026-01-13 10:39:24.000000,l**************@hotmail.com,+54113****861,incluido_ok
6672,,No busca cobertura médica,INCLUIDO,estado_no_calificado_canonico,asignaciones,2026-01-14 10:04:21.000000,s*********@gmail.com,+54385****856,incluido_ok
6686,,Fuera de zona,INCLUIDO,estado_no_calificado_canonico,asignaciones,2026-01-14 16:29:41.000000,c*****************@gmail.com,+54247****242,incluido_ok
6688,,No busca cobertura médica,INCLUIDO,estado_no_calificado_canonico,asignaciones,2026-02-18 10:26:49.000000,e*****************@gmail.com,+54112****072,incluido_ok
6715,,Fuera de zona,INCLUIDO,estado_no_calificado_canonico,asignaciones,2026-01-14 17:23:04.000000,m***************@gmail.com,+54349****031,incluido_ok
6722,,No busca cobertura médica,INCLUIDO,estado_no_calificado_canonico,asignaciones,2026-03-06 12:49:08.000000,j***********@gmail.com,+54113****991,incluido_ok
6732,,No busca cobertura médica,INCLUIDO,estado_no_calificado_canonico,asignaciones,2026-02-19 11:10:05.000000,i***************@gmail.com,+54117****173,incluido_ok
6746,,Fuera de zona,INCLUIDO,estado_no_calificado_canonico,asignaciones,2026-01-14 14:04:43.000000,l****************@gmail.com,+54261****192,incluido_ok
6750,,No busca cobertura médica,INCLUIDO,estado_no_calificado_canonico,asignaciones,2026-04-17 12:20:52.000000,e********************@gmail.com,+54115****118,incluido_ok
6754,,Fuera de zona,INCLUIDO,estado_no_calificado_canonico,asignaciones,2026-01-14 14:00:17.000000,m************@yahoo.com.ar,+54223****649,incluido_ok
6757,,No busca cobertura médica,INCLUIDO,estado_no_calificado_canonico,asignaciones,2026-01-14 10:08:17.000000,s*************@gmail.com,+54222****347,incluido_ok
6805,,No busca cobertura médica,INCLUIDO,estado_no_calificado_canonico,asignaciones,2026-02-13 12:45:01.000000,r******************@gmail.com,+54113****985,incluido_ok
6811,,No busca cobertura médica,INCLUIDO,estado_no_calificado_canonico,asignaciones,2026-01-15 10:42:04.000000,s**********@hotmail.com,+54911*****515,incluido_ok
6814,,Fuera de zona,INCLUIDO,estado_no_calificado_canonico,asignaciones,2026-01-26 12:30:35.000000,l*********@gmail.com,+54116****318,incluido_ok
6838,,No busca cobertura médica,INCLUIDO,estado_no_calificado_canonico,asignaciones,2026-02-10 10:20:49.000000,a**@abc.com,+54112****350,incluido_ok
6839,,Fuera de zona,INCLUIDO,estado_no_calificado_canonico,asignaciones,2026-01-15 11:02:51.000000,g*************@gmail.com,+54387****792,incluido_ok
6850,,No busca cobertura médica,INCLUIDO,estado_no_calificado_canonico,asignaciones,2026-02-18 12:07:19.000000,p*************@gmail.com,+54112****224,incluido_ok
6874,,No busca cobertura médica,INCLUIDO,estado_no_calificado_canonico,asignaciones,2026-02-12 15:47:54.000000,j***************@hotmail.com,+54114****217,incluido_ok
6896,,Fuera de zona,INCLUIDO,estado_no_calificado_canonico,asignaciones,2026-01-16 11:24:50.000000,c****************@gmail.com,+54934*****627,incluido_ok
6905,,No busca cobertura médica,INCLUIDO,estado_no_calificado_canonico,asignaciones,2026-01-20 17:02:17.000000,l*************@gmail.com,+54115****904,incluido_ok
6928,,No busca cobertura médica,INCLUIDO,estado_no_calificado_canonico,asignaciones,2026-01-16 12:41:45.000000,m**************@gmail.com,+54112****478,incluido_ok
6934,,No busca cobertura médica,INCLUIDO,estado_no_calificado_canonico,asignaciones,2026-03-05 16:21:25.000000,a*********@gmail.com,+54113****908,incluido_ok
6943,,No busca cobertura médica,INCLUIDO,estado_no_calificado_canonico,asignaciones,2026-03-06 17:18:59.000000,g*************@gmail.com,+54116****095,incluido_ok
6944,,Fuera de zona,INCLUIDO,estado_no_calificado_canonico,asignaciones,2026-01-16 16:28:18.000000,s**************@gmail.com,+54113****554,incluido_ok
6954,,Fuera de zona,INCLUIDO,estado_no_calificado_canonico,asignaciones,2026-01-20 16:42:47.000000,m***************@gmail.com,+54221****619,incluido_ok
6962,,Fuera de zona,INCLUIDO,estado_no_calificado_canonico,asignaciones,2026-03-06 17:19:05.000000,r*************@gmail.com,+54112****917,incluido_ok
6968,,No busca cobertura médica,INCLUIDO,estado_no_calificado_canonico,asignaciones,2026-03-05 16:19:30.000000,l********@gmail.com,+54116****771,incluido_ok
6972,,Fuera de zona,INCLUIDO,estado_no_calificado_canonico,asignaciones,2026-01-19 13:50:37.000000,v***************@gmail.com,+54291****479,incluido_ok
6981,,Fuera de zona,INCLUIDO,estado_no_calificado_canonico,asignaciones,2026-01-26 12:36:24.000000,s*****************@hotmail.com,+54911*****170,incluido_ok
6982,,No busca cobertura médica,INCLUIDO,estado_no_calificado_canonico,asignaciones,2026-02-23 12:31:55.000000,d*******@gmail.com,+54112****850,incluido_ok
6984,,Fuera de zona,INCLUIDO,estado_no_calificado_canonico,asignaciones,2026-01-19 11:48:57.000000,d*****************@gmail.com,+54112****818,incluido_ok
6992,,Fuera de zona,INCLUIDO,estado_no_calificado_canonico,asignaciones,2026-01-19 13:51:45.000000,p*************@gmail.com,+54375****144,incluido_ok
7002,,Fuera de zona,INCLUIDO,estado_no_calificado_canonico,asignaciones,2026-01-26 12:36:17.000000,b************@hotmail.com,+54934*****862,incluido_ok
7015,,Fuera de zona,INCLUIDO,estado_no_calificado_canonico,asignaciones,2026-01-19 12:03:03.000000,p**************@gmail.com,+54112****071,incluido_ok
7022,,No busca cobertura médica,INCLUIDO,estado_no_calificado_canonico,asignaciones,2026-02-23 12:31:03.000000,n****************@gmail.com,+54113****076,incluido_ok
7037,,Fuera de zona,INCLUIDO,estado_no_calificado_canonico,asignaciones,2026-01-19 11:42:27.000000,l***********@gmail.com,+54114****781,incluido_ok
7040,,No busca cobertura médica,INCLUIDO,estado_no_calificado_canonico,asignaciones,2026-04-17 12:22:01.000000,k*******@gmail.com,+54113****778,incluido_ok
7048,,No busca cobertura médica,INCLUIDO,estado_no_calificado_canonico,asignaciones,2026-02-26 16:08:06.000000,j*************@gmail.com,+54113****994,incluido_ok
7050,,No busca cobertura médica,INCLUIDO,estado_no_calificado_canonico,asignaciones,2026-02-10 12:19:41.000000,o**********@gmail.com,+54112****418,incluido_ok
7063,,No busca cobertura médica,INCLUIDO,estado_no_calificado_canonico,asignaciones,2026-01-20 15:10:25.000000,j***********@gmail.com,+54112****616,incluido_ok
7075,,Fuera de zona,INCLUIDO,estado_no_calificado_canonico,asignaciones,2026-01-19 12:35:33.000000,a****************@gmail.com,+54112****364,incluido_ok
7107,,Fuera de zona,INCLUIDO,estado_no_calificado_canonico,asignaciones,2026-02-11 15:29:57.000000,v*********@gmail.com,+54239****356,incluido_ok
7113,,No busca cobertura médica,INCLUIDO,estado_no_calificado_canonico,asignaciones,2026-01-20 13:46:06.000000,a***************@gmail.com,+54115****924,incluido_ok
7144,,No busca cobertura médica,INCLUIDO,estado_no_calificado_canonico,asignaciones,2026-04-16 11:01:31.000000,k***********@gmail.com,+54112****556,incluido_ok
7154,,No busca cobertura médica,INCLUIDO,estado_no_calificado_canonico,asignaciones,2026-02-23 13:38:03.000000,j********@hotmail.com,+54116****959,incluido_ok
7161,,No busca cobertura médica,INCLUIDO,estado_no_calificado_canonico,asignaciones,2026-01-20 13:38:12.000000,m*********@gmail.com,+54113****800,incluido_ok
7180,,No busca cobertura médica,INCLUIDO,estado_no_calificado_canonico,asignaciones,2026-01-21 12:00:40.000000,a***********@hotmail.com,+54332****337,incluido_ok
7184,,No busca cobertura médica,INCLUIDO,estado_no_calificado_canonico,asignaciones,2026-01-21 13:16:44.000000,s*********@live.com,+54112****769,incluido_ok
7210,,Fuera de zona,INCLUIDO,estado_no_calificado_canonico,asignaciones,2026-01-21 14:53:24.000000,d***********@gamil.com,+54116****003,incluido_ok
7238,,No busca cobertura médica,INCLUIDO,estado_no_calificado_canonico,asignaciones,2026-01-23 11:19:49.000000,e************@gmail.com,+54112****874,incluido_ok
7309,,No busca cobertura médica,INCLUIDO,estado_no_calificado_canonico,asignaciones,2026-02-23 12:13:18.000000,a********@gmail.com,+54113****617,incluido_ok
7316,,No busca cobertura médica,INCLUIDO,estado_no_calificado_canonico,asignaciones,2026-02-13 12:33:36.000000,l**************@gmail.com,+54112****815,incluido_ok
7380,,No busca cobertura médica,INCLUIDO,estado_no_calificado_canonico,asignaciones,2026-08-17 12:46:27.000000,j*********@gmail.com,+54117****019,incluido_ok
7383,,No busca cobertura médica,INCLUIDO,estado_no_calificado_canonico,asignaciones,2026-02-25 14:48:20.000000,r***********@hotmail.com,+54113****603,incluido_ok
7399,,No busca cobertura médica,INCLUIDO,estado_no_calificado_canonico,asignaciones,2026-02-10 14:43:07.000000,l******************@gmail.com,+54115****447,incluido_ok
7423,,Fuera de zona,INCLUIDO,estado_no_calificado_canonico,asignaciones,2026-02-09 21:40:30.000000,f**********@yahoo.com.ar,+54113****128,incluido_ok
7455,,No busca cobertura médica,INCLUIDO,estado_no_calificado_canonico,asignaciones,2026-01-26 12:50:36.000000,c***************@gmail.com,+54112****996,incluido_ok
7468,,No busca cobertura médica,INCLUIDO,estado_no_calificado_canonico,asignaciones,2026-01-26 13:50:20.000000,y*****************@gmail.com,+54115****796,incluido_ok
7476,,Fuera de zona,INCLUIDO,estado_no_calificado_canonico,asignaciones,2026-02-18 10:29:28.000000,g************@gmail.com,+54113****981,incluido_ok
7517,,Fuera de zona,INCLUIDO,estado_no_calificado_canonico,asignaciones,2026-01-26 10:55:24.000000,m***********@gmail.com,+54299****680,incluido_ok
7557,,No busca cobertura médica,INCLUIDO,estado_no_calificado_canonico,asignaciones,2026-01-30 11:18:54.000000,e************@gmail.com,+54113****183,incluido_ok
7559,,No busca cobertura médica,INCLUIDO,estado_no_calificado_canonico,asignaciones,2026-08-13 16:08:36.000000,c*******************@gmail.com,+54115****456,incluido_ok
7614,,Fuera de zona,INCLUIDO,estado_no_calificado_canonico,asignaciones,2026-01-27 14:51:28.000000,m*****************@gmail.com,+54222****507,incluido_ok
7665,,No busca cobertura médica,INCLUIDO,estado_no_calificado_canonico,asignaciones,2026-01-28 12:57:52.000000,a**************@gmail.com,+54116****988,incluido_ok
7670,,Fuera de zona,INCLUIDO,estado_no_calificado_canonico,asignaciones,2026-01-30 16:56:07.000000,l******@gmail.com,+54299****915,incluido_ok
7693,,No busca cobertura médica,INCLUIDO,estado_no_calificado_canonico,asignaciones,2026-07-28 14:11:30.000000,t********************@gmail.com,+54112****202,incluido_ok
7694,,No busca cobertura médica,INCLUIDO,estado_no_calificado_canonico,asignaciones,2026-02-19 11:14:54.000000,l*************@gmail.com,+54115****109,incluido_ok
7757,,No busca cobertura médica,INCLUIDO,estado_no_calificado_canonico,asignaciones,2026-02-12 15:21:14.000000,g*********@gmail.com,+54116****090,incluido_ok
7759,,No busca cobertura médica,INCLUIDO,estado_no_calificado_canonico,asignaciones,2026-04-19 13:30:32.000000,j***************@gmail.com,+54116****829,incluido_ok
7762,,No busca cobertura médica,INCLUIDO,estado_no_calificado_canonico,asignaciones,2026-02-24 10:03:19.000000,o**************@feravasociados.com,+54115****773,incluido_ok
7765,,Fuera de zona,INCLUIDO,estado_no_calificado_canonico,asignaciones,2026-01-29 11:42:39.000000,a***************@gmail.com,+54112****195,incluido_ok
7780,,No busca cobertura médica,INCLUIDO,estado_no_calificado_canonico,asignaciones,2026-02-13 15:39:47.000000,a***********@yahoo.com,+54116****452,incluido_ok
7781,,No busca cobertura médica,INCLUIDO,estado_no_calificado_canonico,asignaciones,2026-01-29 17:45:35.000000,d************@gmail.com,+54112****340,incluido_ok
7787,,Fuera de zona,INCLUIDO,estado_no_calificado_canonico,asignaciones,2026-01-29 15:25:18.000000,a************@gmail.com,+54345****398,incluido_ok
7790,,No busca cobertura médica,INCLUIDO,estado_no_calificado_canonico,asignaciones,2026-07-28 14:11:52.000000,y*****************@gmail.com,+54116****109,incluido_ok
7796,,No busca cobertura médica,INCLUIDO,estado_no_calificado_canonico,asignaciones,2026-01-30 11:17:57.000000,j*********@gmail.com,+54115****296,incluido_ok
7808,,Fuera de zona,INCLUIDO,estado_no_calificado_canonico,asignaciones,2026-01-30 15:38:12.000000,a************@live.com.ar,+54113****654,incluido_ok
7827,,No busca cobertura médica,INCLUIDO,estado_no_calificado_canonico,asignaciones,2026-07-28 14:12:10.000000,s****************@gmail.com,+54370****687,incluido_ok
7833,,No busca cobertura médica,INCLUIDO,estado_no_calificado_canonico,asignaciones,2026-04-17 12:26:55.000000,l**************@usal.edu.ar,+54115****924,incluido_ok
7858,,No busca cobertura médica,INCLUIDO,estado_no_calificado_canonico,asignaciones,2026-03-03 14:10:37.000000,p**************@gmail.com,+54116****331,incluido_ok
7870,,No busca cobertura médica,INCLUIDO,estado_no_calificado_canonico,asignaciones,2026-02-03 16:36:03.000000,a*************@gmail.com,+54383****214,incluido_ok
7873,,Fuera de zona,INCLUIDO,estado_no_calificado_canonico,asignaciones,2026-02-11 15:14:40.000000,m********@gmail.com,+54387****991,incluido_ok
7877,,Fuera de zona,INCLUIDO,estado_no_calificado_canonico,asignaciones,2026-02-02 10:42:04.000000,r***********@gmail.com,+54260****098,incluido_ok
7878,,Fuera de zona,INCLUIDO,estado_no_calificado_canonico,asignaciones,2026-02-23 10:35:36.000000,j******************@gmail.com,+54356****119,incluido_ok
7884,,Fuera de zona,INCLUIDO,estado_no_calificado_canonico,asignaciones,2026-02-02 10:31:36.000000,g****************@gmail.com,+54223****610,incluido_ok
7889,,No busca cobertura médica,INCLUIDO,estado_no_calificado_canonico,asignaciones,2026-07-28 14:18:23.000000,n****************@gmail.com,+54113****322,incluido_ok
7894,,Fuera de zona,INCLUIDO,estado_no_calificado_canonico,asignaciones,2026-02-03 10:29:59.000000,s********************@gmail.com,+54312****907,incluido_ok
7905,,No busca cobertura médica,INCLUIDO,estado_no_calificado_canonico,asignaciones,2026-07-28 14:17:25.000000,l*********@gmail.com,+54221****273,incluido_ok
7924,,No busca cobertura médica,INCLUIDO,estado_no_calificado_canonico,asignaciones,2026-02-01 15:32:09.000000,l************@gmail.com,+54221****622,incluido_ok
7928,,No busca cobertura médica,INCLUIDO,estado_no_calificado_canonico,asignaciones,2026-07-28 14:17:11.000000,m***************@gmail.com,+54113****636,incluido_ok
7929,,Fuera de zona,INCLUIDO,estado_no_calificado_canonico,asignaciones,2026-02-02 11:50:43.000000,f***********************@gmail.com,+54380****477,incluido_ok
7931,,No busca cobertura médica,INCLUIDO,estado_no_calificado_canonico,asignaciones,2026-02-02 17:00:22.000000,a*********@gmail.com,+54115****170,incluido_ok
7957,,Fuera de zona,INCLUIDO,estado_no_calificado_canonico,asignaciones,2026-02-02 10:44:39.000000,g********@gmail.com,+54381****151,incluido_ok
7958,,Fuera de zona,INCLUIDO,estado_no_calificado_canonico,asignaciones,2026-02-02 16:40:49.000000,l****************@gmail.com,+54351****371,incluido_ok
7960,,No busca cobertura médica,INCLUIDO,estado_no_calificado_canonico,asignaciones,2026-07-28 14:12:43.000000,s*************@gmail.com,+54114****109,incluido_ok
7998,,Fuera de zona,INCLUIDO,estado_no_calificado_canonico,asignaciones,2026-02-02 18:30:15.000000,a************@gmail.com,+54113****148,incluido_ok
8007,,No busca cobertura médica,INCLUIDO,estado_no_calificado_canonico,asignaciones,2026-07-28 14:43:10.000000,v*******@gmail.com,+54116****381,incluido_ok
8037,,No busca cobertura médica,INCLUIDO,estado_no_calificado_canonico,asignaciones,2026-02-19 14:12:18.000000,v****************@hotmail.com,+54115****589,incluido_ok
8049,,No busca cobertura médica,INCLUIDO,estado_no_calificado_canonico,asignaciones,2026-07-28 14:20:30.000000,h**********@gmail.com,+54115****779,incluido_ok
8051,,Fuera de zona,INCLUIDO,estado_no_calificado_canonico,asignaciones,2026-02-03 10:30:13.000000,g**********@gmail.com,+54116****569,incluido_ok
8052,,No busca cobertura médica,INCLUIDO,estado_no_calificado_canonico,asignaciones,2026-04-17 13:04:45.000000,m***************@gmail.com,+54115****341,incluido_ok
8055,,Fuera de zona,INCLUIDO,estado_no_calificado_canonico,asignaciones,2026-02-03 12:23:06.000000,m***************@gmail.com,+54371****458,incluido_ok
8061,,No busca cobertura médica,INCLUIDO,estado_no_calificado_canonico,asignaciones,2026-02-03 17:23:35.000000,e**************@gmail.com,+54113****206,incluido_ok
8064,,Fuera de zona,INCLUIDO,estado_no_calificado_canonico,asignaciones,2026-02-03 13:24:07.000000,r*****************@gmail.com,+54112****795,incluido_ok
8074,,No busca cobertura médica,INCLUIDO,estado_no_calificado_canonico,asignaciones,2026-02-03 10:26:06.000000,c********************@gmail.com,+54114****419,incluido_ok
8087,,No busca cobertura médica,INCLUIDO,estado_no_calificado_canonico,asignaciones,2026-07-28 14:28:52.000000,p************@gmail.com,+54116****636,incluido_ok
8092,,No busca cobertura médica,INCLUIDO,estado_no_calificado_canonico,asignaciones,2026-02-19 11:15:46.000000,a**********@outlook.com,+54116****412,incluido_ok
8100,,Fuera de zona,INCLUIDO,estado_no_calificado_canonico,asignaciones,2026-02-03 15:12:36.000000,v*********@hotmail.com,+54229****623,incluido_ok
8102,,No busca cobertura médica,INCLUIDO,estado_no_calificado_canonico,asignaciones,2026-07-28 14:29:22.000000,n*************@gmail.comn,+54116****716,incluido_ok
8108,,No busca cobertura médica,INCLUIDO,estado_no_calificado_canonico,asignaciones,2026-02-04 13:43:25.000000,g********@gmail.com,+54375****130,incluido_ok
8113,,No busca cobertura médica,INCLUIDO,estado_no_calificado_canonico,asignaciones,2026-02-25 14:43:23.000000,a************@gmail.com,+54116****020,incluido_ok
8116,,No busca cobertura médica,INCLUIDO,estado_no_calificado_canonico,asignaciones,2026-02-23 11:34:59.000000,v************@gmail.com,+54113****779,incluido_ok
8147,,No busca cobertura médica,INCLUIDO,estado_no_calificado_canonico,asignaciones,2026-02-11 16:29:33.000000,j************@gmail.com,+54115****666,incluido_ok
8148,,Fuera de zona,INCLUIDO,estado_no_calificado_canonico,asignaciones,2026-02-19 11:15:55.000000,h************@gmail.com,+54223****630,incluido_ok
8149,,No busca cobertura médica,INCLUIDO,estado_no_calificado_canonico,asignaciones,2026-02-05 17:32:36.000000,p***********@gmail.com,+54113****836,incluido_ok
8152,,No busca cobertura médica,INCLUIDO,estado_no_calificado_canonico,asignaciones,2026-02-04 12:19:41.000000,m*********************@gmail.com,+54112****198,incluido_ok
8153,,No busca cobertura médica,INCLUIDO,estado_no_calificado_canonico,asignaciones,2026-02-05 14:26:16.000000,y**************@gmail.com,+54114****961,incluido_ok
8157,,No busca cobertura médica,INCLUIDO,estado_no_calificado_canonico,asignaciones,2026-02-23 10:34:53.000000,k**************@gmail.com,+54115****423,incluido_ok
8172,,No busca cobertura médica,INCLUIDO,estado_no_calificado_canonico,asignaciones,2026-02-06 11:21:39.000000,n*************@gmail.com,+54112****282,incluido_ok
8187,,Fuera de zona,INCLUIDO,estado_no_calificado_canonico,asignaciones,2026-05-29 12:36:31.000000,d**************@hotmail.com,+54116****624,incluido_ok
8201,,No busca cobertura médica,INCLUIDO,estado_no_calificado_canonico,asignaciones,2026-07-28 14:26:29.000000,p************@gmail.com,+54116****312,incluido_ok
8213,,No busca cobertura médica,INCLUIDO,estado_no_calificado_canonico,asignaciones,2026-07-28 14:26:09.000000,s****************@gmail.com,+54116****371,incluido_ok
8219,,Fuera de zona,INCLUIDO,estado_no_calificado_canonico,asignaciones,2026-02-05 17:27:24.000000,m*************@gmail.com,+54926*****860,incluido_ok
8229,,Fuera de zona,INCLUIDO,estado_no_calificado_canonico,asignaciones,2026-07-28 14:22:54.000000,r*********************@gmail.com,+54387****757,incluido_ok
8270,,No busca cobertura médica,INCLUIDO,estado_no_calificado_canonico,asignaciones,2026-07-28 14:22:10.000000,m*************@gmail.com,+54112****482,incluido_ok
8298,,No busca cobertura médica,INCLUIDO,estado_no_calificado_canonico,asignaciones,2026-02-06 10:07:29.000000,y**************@gmail.com,+54116****988,incluido_ok
8310,,No busca cobertura médica,INCLUIDO,estado_no_calificado_canonico,asignaciones,2026-02-23 11:17:32.000000,c*********@gmail.com,+54116****459,incluido_ok
8312,,No busca cobertura médica,INCLUIDO,estado_no_calificado_canonico,asignaciones,2026-07-28 14:24:34.000000,d*******************@gmail.com,+54112****305,incluido_ok
8313,,No busca cobertura médica,INCLUIDO,estado_no_calificado_canonico,asignaciones,2026-02-23 11:16:19.000000,m********@hotmail.com,+54115****343,incluido_ok
8338,,No busca cobertura médica,INCLUIDO,estado_no_calificado_canonico,asignaciones,2026-02-06 11:06:51.000000,r************@gmail.com,+54116****353,incluido_ok
8339,,Fuera de zona,INCLUIDO,estado_no_calificado_canonico,asignaciones,2026-02-13 14:14:49.000000,k**************@gmail.com,+54388****721,incluido_ok
8345,,Fuera de zona,INCLUIDO,estado_no_calificado_canonico,asignaciones,2026-02-06 13:45:51.000000,a**********************@gmail.com,+54388****248,incluido_ok
8353,,No busca cobertura médica,INCLUIDO,estado_no_calificado_canonico,asignaciones,2026-02-06 12:03:29.000000,j************@hotmail.com,+54115****371,incluido_ok
8376,,No busca cobertura médica,INCLUIDO,estado_no_calificado_canonico,asignaciones,2026-02-11 12:41:41.000000,e***********@hotmail.com,+54115****719,incluido_ok
8390,,No busca cobertura médica,INCLUIDO,estado_no_calificado_canonico,asignaciones,2026-07-28 14:30:28.000000,c*****@outlook.com,+54112****992,incluido_ok
8401,,No busca cobertura médica,INCLUIDO,estado_no_calificado_canonico,asignaciones,2026-07-28 14:30:54.000000,p************@gmail.com,+54116****090,incluido_ok
8402,,Fuera de zona,INCLUIDO,estado_no_calificado_canonico,asignaciones,2026-02-20 15:31:23.000000,r********************@gmail.com,+54290****926,incluido_ok
8415,,No busca cobertura médica,INCLUIDO,estado_no_calificado_canonico,asignaciones,2026-04-29 10:48:15.000000,y**********@gmail.com,+54117****002,incluido_ok
8420,,No busca cobertura médica,INCLUIDO,estado_no_calificado_canonico,asignaciones,2026-02-11 10:26:26.000000,a*****************@mail.com,+54112****948,incluido_ok
8421,,Fuera de zona,INCLUIDO,estado_no_calificado_canonico,asignaciones,2026-02-07 15:24:44.000000,s******************@gmail.com,+54348****731,incluido_ok
8426,,Fuera de zona,INCLUIDO,estado_no_calificado_canonico,asignaciones,2026-02-09 11:46:30.000000,b***************@gmail.com,+54382****356,incluido_ok
8427,,Fuera de zona,INCLUIDO,estado_no_calificado_canonico,asignaciones,2026-02-11 12:35:51.000000,l*****************@gmail.com,+54387****311,incluido_ok
8434,,Fuera de zona,INCLUIDO,estado_no_calificado_canonico,asignaciones,2026-02-07 15:24:50.000000,n*******************@gmail.com,+54232****280,incluido_ok
8439,,Fuera de zona,INCLUIDO,estado_no_calificado_canonico,asignaciones,2026-02-11 12:38:38.000000,f**********************@gmail.com,+54230****670,incluido_ok
8442,,No busca cobertura médica,INCLUIDO,estado_no_calificado_canonico,asignaciones,2026-07-28 14:38:12.000000,c**************@gmail.com,+54112****661,incluido_ok
8443,,No busca cobertura médica,INCLUIDO,estado_no_calificado_canonico,asignaciones,2026-04-17 11:29:39.000000,f**************@gmail.com,+54115****905,incluido_ok
8446,,Fuera de zona,INCLUIDO,estado_no_calificado_canonico,asignaciones,2026-02-11 15:32:10.000000,a******************@gmail.com,+54113****743,incluido_ok
8451,,No busca cobertura médica,INCLUIDO,estado_no_calificado_canonico,asignaciones,2026-07-28 14:38:34.000000,m**@gmail.com,,incluido_ok
8475,,No busca cobertura médica,INCLUIDO,estado_no_calificado_canonico,asignaciones,2026-07-28 14:36:54.000000,d******************@email.com,+54344****974,incluido_ok
8484,,No busca cobertura médica,INCLUIDO,estado_no_calificado_canonico,asignaciones,2026-07-28 14:37:17.000000,k*************@gmail.com,+54934*****544,incluido_ok
8485,,Fuera de zona,INCLUIDO,estado_no_calificado_canonico,asignaciones,2026-02-09 17:17:34.000000,r******************@gmail.com,+54385****218,incluido_ok
8495,,No busca cobertura médica,INCLUIDO,estado_no_calificado_canonico,asignaciones,2026-03-25 15:53:39.000000,l***************@gmail.com,+54348****755,incluido_ok
8496,,No busca cobertura médica,INCLUIDO,estado_no_calificado_canonico,asignaciones,2026-07-28 14:37:39.000000,s**************@gmail.com,+54117****818,incluido_ok
8497,,No busca cobertura médica,INCLUIDO,estado_no_calificado_canonico,asignaciones,2026-03-25 15:54:04.000000,m*************@gmail.com,+54116****377,incluido_ok
8508,,No busca cobertura médica,INCLUIDO,estado_no_calificado_canonico,asignaciones,2026-07-28 14:35:28.000000,a***************@gmail.com,+54116****831,incluido_ok
8522,,No busca cobertura médica,INCLUIDO,estado_no_calificado_canonico,asignaciones,2026-02-25 16:16:35.000000,i********@gmail.com,+54115****960,incluido_ok
8525,,Fuera de zona,INCLUIDO,estado_no_calificado_canonico,asignaciones,2026-02-09 15:31:45.000000,m**************@gmail.com,+54260****193,incluido_ok
8527,,No busca cobertura médica,INCLUIDO,estado_no_calificado_canonico,asignaciones,2026-02-09 12:53:29.000000,n********@gmail.com,+54370****270,incluido_ok
8534,,No busca cobertura médica,INCLUIDO,estado_no_calificado_canonico,asignaciones,2026-07-28 14:34:14.000000,m*************@gmail.com,+54116****835,incluido_ok
8535,,No busca cobertura médica,INCLUIDO,estado_no_calificado_canonico,asignaciones,2026-02-12 14:11:46.000000,f****************@gmail.com,+54116****591,incluido_ok
8544,,No busca cobertura médica,INCLUIDO,estado_no_calificado_canonico,asignaciones,2026-08-10 16:20:20.000000,f********@gmail.com,+54115****730,incluido_ok
8552,,No busca cobertura médica,INCLUIDO,estado_no_calificado_canonico,asignaciones,2026-07-28 14:34:38.000000,r************@gmail.com,+54116****141,incluido_ok
8560,,No busca cobertura médica,INCLUIDO,estado_no_calificado_canonico,asignaciones,2026-07-28 14:35:02.000000,a***************@gmail.com,+54114****572,incluido_ok
8563,,Fuera de zona,INCLUIDO,estado_no_calificado_canonico,asignaciones,2026-02-09 16:25:36.000000,y****************@hotmail.com,+54117****959,incluido_ok
8569,,No busca cobertura médica,INCLUIDO,estado_no_calificado_canonico,asignaciones,2026-07-28 14:32:38.000000,b*********@gmail.com,+54341****875,incluido_ok
8574,,No busca cobertura médica,INCLUIDO,estado_no_calificado_canonico,asignaciones,2026-07-28 14:31:35.000000,b************@gmail.com,+54116****736,incluido_ok
8586,,Fuera de zona,INCLUIDO,estado_no_calificado_canonico,asignaciones,2026-02-09 17:00:07.000000,m**********@gmail.com,+54341****767,incluido_ok
8598,,Fuera de zona,INCLUIDO,estado_no_calificado_canonico,asignaciones,2026-02-09 20:12:02.000000,m*******@live.com.ar,+54115****757,incluido_ok
8606,,No busca cobertura médica,INCLUIDO,estado_no_calificado_canonico,asignaciones,2026-02-11 16:01:53.000000,c**********@hotmail.com,+54112****550,incluido_ok
8609,,Fuera de zona,INCLUIDO,estado_no_calificado_canonico,asignaciones,2026-09-10 13:37:39.000000,l***********@gmail.com,+54232****725,incluido_ok
8621,,Fuera de zona,INCLUIDO,estado_no_calificado_canonico,asignaciones,2026-02-23 11:15:31.000000,a************@hotmail.com,+54116****175,incluido_ok
8630,,Fuera de zona,INCLUIDO,estado_no_calificado_canonico,asignaciones,2026-02-11 12:33:14.000000,k***********@gmail.com,+54375****850,incluido_ok
8634,,Fuera de zona,INCLUIDO,estado_no_calificado_canonico,asignaciones,2026-02-10 14:34:23.000000,j****************@gmail.com,+54291****083,incluido_ok
8637,,Fuera de zona,INCLUIDO,estado_no_calificado_canonico,asignaciones,2026-02-10 13:06:30.000000,x********@gmail.com,+54693****911,incluido_ok
8638,,No busca cobertura médica,INCLUIDO,estado_no_calificado_canonico,asignaciones,2026-02-26 10:41:56.000000,t********@gmail.com,+54362****022,incluido_ok
8642,,No busca cobertura médica,INCLUIDO,estado_no_calificado_canonico,asignaciones,2026-02-18 14:08:07.000000,i*****************@gmail.com,+54264****226,incluido_ok
8653,,No busca cobertura médica,INCLUIDO,estado_no_calificado_canonico,asignaciones,2026-02-10 10:40:59.000000,s************@gmail.com,+54115****417,incluido_ok
8659,,No busca cobertura médica,INCLUIDO,estado_no_calificado_canonico,asignaciones,2026-08-07 15:54:59.000000,m************@gmail.com,+54112****166,incluido_ok
8682,,No busca cobertura médica,INCLUIDO,estado_no_calificado_canonico,asignaciones,2026-08-07 14:32:58.000000,m****************@gmail.com,+54115****170,incluido_ok
8697,,No busca cobertura médica,INCLUIDO,estado_no_calificado_canonico,asignaciones,2026-02-11 19:58:57.000000,r**********@outlook.com,+54113****678,incluido_ok
8701,,Fuera de zona,INCLUIDO,estado_no_calificado_canonico,asignaciones,2026-08-04 12:38:29.000000,l*********************@gmail.com,+54290****750,incluido_ok
8735,,Fuera de zona,INCLUIDO,estado_no_calificado_canonico,asignaciones,2026-03-02 16:36:12.000000,e****************@outlook.es,+54381****958,incluido_ok
8743,,No busca cobertura médica,INCLUIDO,estado_no_calificado_canonico,asignaciones,2026-02-11 15:54:45.000000,f************@hotmail.com,+54115****200,incluido_ok
8752,,Fuera de zona,INCLUIDO,estado_no_calificado_canonico,asignaciones,2026-02-12 10:51:16.000000,f*********@yahoo.com,+54362****932,incluido_ok
8762,,No busca cobertura médica,INCLUIDO,estado_no_calificado_canonico,asignaciones,2026-02-12 14:48:06.000000,j************@gmail.com,+54113****725,incluido_ok
8767,,No busca cobertura médica,INCLUIDO,estado_no_calificado_canonico,asignaciones,2026-02-12 15:54:10.000000,k*************@gmail.com,+54113****972,incluido_ok
8801,,Fuera de zona,INCLUIDO,estado_no_calificado_canonico,asignaciones,2026-02-12 15:46:53.000000,m**********@gmail.com,+54290****048,incluido_ok
8802,,Fuera de zona,INCLUIDO,estado_no_calificado_canonico,asignaciones,2026-02-12 10:00:52.000000,m************@gmail.com,+54340****569,incluido_ok
8807,,Fuera de zona,INCLUIDO,estado_no_calificado_canonico,asignaciones,2026-02-13 17:02:31.000000,r************@gmail.com,+54387****888,incluido_ok
8809,,No busca cobertura médica,INCLUIDO,estado_no_calificado_canonico,asignaciones,2026-03-25 15:51:14.000000,a****************@gmail.com,+54112****314,incluido_ok
8811,,Fuera de zona,INCLUIDO,estado_no_calificado_canonico,asignaciones,2026-02-12 11:25:31.000000,n*************@gmail.com,+54116****423,incluido_ok
8840,,Fuera de zona,INCLUIDO,estado_no_calificado_canonico,asignaciones,2026-02-12 17:01:59.000000,q*****************@gmail.com,+54370****358,incluido_ok
8841,,Fuera de zona,INCLUIDO,estado_no_calificado_canonico,asignaciones,2026-02-12 15:44:21.000000,y*************@gmail.com,+54383****615,incluido_ok
8860,,Fuera de zona,INCLUIDO,estado_no_calificado_canonico,asignaciones,2026-02-12 15:44:04.000000,m***************@gmail.com,+54370****377,incluido_ok
8870,,Fuera de zona,INCLUIDO,estado_no_calificado_canonico,asignaciones,2026-02-18 15:37:36.000000,n**********@gmail.com,+54345****271,incluido_ok
8885,,No busca cobertura médica,INCLUIDO,estado_no_calificado_canonico,asignaciones,2026-02-13 09:54:43.000000,g*******@gmail.com,+54112****177,incluido_ok
8901,,No busca cobertura médica,INCLUIDO,estado_no_calificado_canonico,asignaciones,2026-02-26 17:43:39.000000,a*********@campus.fmed.uba.ar,+54929*****331,incluido_ok
8905,,No busca cobertura médica,INCLUIDO,estado_no_calificado_canonico,asignaciones,2026-02-23 14:36:15.000000,t***********************@gmail.com,+54223****452,incluido_ok
8909,,No busca cobertura médica,INCLUIDO,estado_no_calificado_canonico,asignaciones,2026-02-18 12:02:58.000000,j*************@gmail.com,+54115****037,incluido_ok
8911,,No busca cobertura médica,INCLUIDO,estado_no_calificado_canonico,asignaciones,2026-02-13 10:56:03.000000,b*************@gmail.com,+54113****426,incluido_ok
8912,,Fuera de zona,INCLUIDO,estado_no_calificado_canonico,asignaciones,2026-02-13 12:41:15.000000,n**************@gmail.com,+54115****276,incluido_ok
8918,,No busca cobertura médica,INCLUIDO,estado_no_calificado_canonico,asignaciones,2026-02-19 11:23:39.000000,e************@gmail.com,+54113****963,incluido_ok
8923,,No busca cobertura médica,INCLUIDO,estado_no_calificado_canonico,asignaciones,2026-02-25 16:22:22.000000,x************@gmail.com,+54114****284,incluido_ok
8994,,No busca cobertura médica,INCLUIDO,estado_no_calificado_canonico,asignaciones,2026-02-26 12:21:46.000000,,+54113****328,incluido_ok
8995,,No busca cobertura médica,INCLUIDO,estado_no_calificado_canonico,asignaciones,2026-02-26 11:27:59.000000,,+54116****538,incluido_ok
8997,,No busca cobertura médica,INCLUIDO,estado_no_calificado_canonico,asignaciones,2026-02-26 11:34:57.000000,,+54112****943,incluido_ok
9001,,No busca cobertura médica,INCLUIDO,estado_no_calificado_canonico,asignaciones,2026-03-12 15:54:38.000000,,+54113****999,incluido_ok
9004,,No busca cobertura médica,INCLUIDO,estado_no_calificado_canonico,asignaciones,2026-03-03 11:48:36.000000,,+54113****458,incluido_ok
9005,,No busca cobertura médica,INCLUIDO,estado_no_calificado_canonico,asignaciones,2026-02-26 11:12:33.000000,,+54114****888,incluido_ok
9007,,No busca cobertura médica,INCLUIDO,estado_no_calificado_canonico,asignaciones,2026-06-24 16:26:35.000000,,+54115****723,incluido_ok
9013,,No busca cobertura médica,INCLUIDO,estado_no_calificado_canonico,asignaciones,2026-02-26 11:16:24.000000,,+54116****996,incluido_ok
9015,,No busca cobertura médica,INCLUIDO,estado_no_calificado_canonico,asignaciones,2026-02-26 11:33:53.000000,,+54115****592,incluido_ok
9022,,No busca cobertura médica,INCLUIDO,estado_no_calificado_canonico,asignaciones,2026-03-25 15:54:33.000000,,+54116****418,incluido_ok
9030,,No busca cobertura médica,INCLUIDO,estado_no_calificado_canonico,asignaciones,2026-06-20 16:51:54.000000,,+54111****678,incluido_ok
9039,,No busca cobertura médica,INCLUIDO,estado_no_calificado_canonico,asignaciones,2026-02-27 12:16:06.000000,,+54113****306,incluido_ok
9041,,No busca cobertura médica,INCLUIDO,estado_no_calificado_canonico,asignaciones,2026-02-26 12:47:53.000000,,+54112****121,incluido_ok
9045,,No busca cobertura médica,INCLUIDO,estado_no_calificado_canonico,asignaciones,2026-03-13 12:36:18.000000,,+54116****869,incluido_ok
9046,,No busca cobertura médica,INCLUIDO,estado_no_calificado_canonico,asignaciones,2026-03-05 16:13:09.000000,,+54112****834,incluido_ok
9053,,No busca cobertura médica,INCLUIDO,estado_no_calificado_canonico,asignaciones,2026-02-26 13:04:30.000000,,+54113****593,incluido_ok
9056,,No busca cobertura médica,INCLUIDO,estado_no_calificado_canonico,asignaciones,2026-03-19 17:10:30.000000,,+54113****021,incluido_ok
9057,,No busca cobertura médica,INCLUIDO,estado_no_calificado_canonico,asignaciones,2026-04-17 13:47:20.000000,,+54114****448,incluido_ok
9094,,No busca cobertura médica,INCLUIDO,estado_no_calificado_canonico,asignaciones,2026-03-05 15:21:04.000000,,+54112****465,incluido_ok
9101,,No busca cobertura médica,INCLUIDO,estado_no_calificado_canonico,asignaciones,2026-02-26 13:02:43.000000,,+54115****695,incluido_ok
9103,,No busca cobertura médica,INCLUIDO,estado_no_calificado_canonico,asignaciones,2026-02-26 15:06:43.000000,,+54116****901,incluido_ok
9109,,No busca cobertura médica,INCLUIDO,estado_no_calificado_canonico,asignaciones,2026-04-06 11:04:49.000000,,+54115****921,incluido_ok
9112,,No busca cobertura médica,INCLUIDO,estado_no_calificado_canonico,asignaciones,2026-08-20 15:03:42.000000,,+54114****567,incluido_ok
9116,,No busca cobertura médica,INCLUIDO,estado_no_calificado_canonico,asignaciones,2026-03-13 12:38:02.000000,,+54115****470,incluido_ok
9152,,No busca cobertura médica,INCLUIDO,estado_no_calificado_canonico,asignaciones,2026-04-16 11:55:33.000000,,+54116****039,incluido_ok
9155,,No busca cobertura médica,INCLUIDO,estado_no_calificado_canonico,asignaciones,2026-03-06 12:25:35.000000,,+54116****738,incluido_ok
9160,,No busca cobertura médica,INCLUIDO,estado_no_calificado_canonico,asignaciones,2026-08-21 12:35:11.000000,,+54116****405,incluido_ok
9173,,No busca cobertura médica,INCLUIDO,estado_no_calificado_canonico,asignaciones,2026-04-01 11:54:32.000000,,+54112****280,"incluido_ok (fusiona 2 registros de prospectos, ver filas FUSIONADO)"
9172,,No busca cobertura médica,FUSIONADO,estado_no_calificado_canonico,asignaciones,2026-04-01 11:54:32.000000,,+54112****280,fusionado_en_prospecto_id_9173
9177,,No busca cobertura médica,INCLUIDO,estado_no_calificado_canonico,asignaciones,2026-03-25 15:52:31.000000,,+54115****049,incluido_ok
9214,,No busca cobertura médica,INCLUIDO,estado_no_calificado_canonico,asignaciones,2026-03-06 12:20:28.000000,,+54116****737,incluido_ok
9220,,No busca cobertura médica,INCLUIDO,estado_no_calificado_canonico,asignaciones,2026-08-21 16:12:54.000000,,+54113****954,incluido_ok
9234,,No busca cobertura médica,INCLUIDO,estado_no_calificado_canonico,asignaciones,2026-02-26 14:51:27.000000,,+54115****486,incluido_ok
9280,,No busca cobertura médica,INCLUIDO,estado_no_calificado_canonico,asignaciones,2026-08-24 14:41:13.000000,,+54115****996,incluido_ok
9285,,No busca cobertura médica,INCLUIDO,estado_no_calificado_canonico,asignaciones,2026-04-17 13:48:18.000000,,+54112****209,incluido_ok
9286,,No busca cobertura médica,INCLUIDO,estado_no_calificado_canonico,asignaciones,2026-08-04 12:39:46.000000,,+54112****227,incluido_ok
9292,,No busca cobertura médica,INCLUIDO,estado_no_calificado_canonico,asignaciones,2026-08-24 13:25:53.000000,,+54112****115,incluido_ok
9322,,No busca cobertura médica,INCLUIDO,estado_no_calificado_canonico,asignaciones,2026-06-19 15:51:03.000000,,+54117****566,incluido_ok
9326,,No busca cobertura médica,INCLUIDO,estado_no_calificado_canonico,asignaciones,2026-09-03 17:24:04.000000,,+54113****254,incluido_ok
9349,,No busca cobertura médica,INCLUIDO,estado_no_calificado_canonico,asignaciones,2026-08-06 10:40:18.000000,,+54112****039,incluido_ok
9354,,No busca cobertura médica,INCLUIDO,estado_no_calificado_canonico,asignaciones,2026-03-10 11:43:57.000000,,+54114****214,"incluido_ok (fusiona 2 registros de prospectos, ver filas FUSIONADO)"
9355,,No busca cobertura médica,FUSIONADO,estado_no_calificado_canonico,asignaciones,2026-03-10 11:43:57.000000,,+54114****214,fusionado_en_prospecto_id_9354
9357,,No busca cobertura médica,INCLUIDO,estado_no_calificado_canonico,asignaciones,2026-03-31 15:19:13.000000,,+54113****254,incluido_ok
9368,,No busca cobertura médica,INCLUIDO,estado_no_calificado_canonico,asignaciones,2026-03-31 15:17:22.000000,,+54112****626,incluido_ok
9380,,No busca cobertura médica,INCLUIDO,estado_no_calificado_canonico,asignaciones,2026-04-17 12:35:35.000000,,+54113****316,incluido_ok
9387,,No busca cobertura médica,INCLUIDO,estado_no_calificado_canonico,asignaciones,2026-08-07 15:33:15.000000,,+54115****293,incluido_ok
9403,,No busca cobertura médica,INCLUIDO,estado_no_calificado_canonico,asignaciones,2026-02-26 17:54:58.000000,,+54115****176,incluido_ok
9412,,No busca cobertura médica,INCLUIDO,estado_no_calificado_canonico,asignaciones,2026-02-26 16:01:42.000000,,+54115****740,incluido_ok
9417,,No busca cobertura médica,INCLUIDO,estado_no_calificado_canonico,asignaciones,2026-04-23 15:01:21.000000,,+54116****639,incluido_ok
9454,,Fuera de zona,INCLUIDO,estado_no_calificado_canonico,asignaciones,2026-06-19 15:51:32.000000,,+54112****740,incluido_ok
9548,,No busca cobertura médica,INCLUIDO,estado_no_calificado_canonico,asignaciones,2026-03-30 15:34:13.000000,,+54116****649,incluido_ok
9593,,No busca cobertura médica,INCLUIDO,estado_no_calificado_canonico,asignaciones,2026-02-26 16:39:11.000000,,+54113****746,incluido_ok
9608,,No busca cobertura médica,INCLUIDO,estado_no_calificado_canonico,asignaciones,2026-03-30 15:42:20.000000,,+54115****503,incluido_ok
9645,,No busca cobertura médica,INCLUIDO,estado_no_calificado_canonico,asignaciones,2026-05-11 14:26:12.000000,,+54115****999,incluido_ok
9704,,No busca cobertura médica,INCLUIDO,estado_no_calificado_canonico,asignaciones,2026-05-11 14:27:20.000000,,+54112****998,incluido_ok
9715,,No busca cobertura médica,INCLUIDO,estado_no_calificado_canonico,asignaciones,2026-03-31 15:37:19.000000,,+54155****355,incluido_ok
9734,,No busca cobertura médica,INCLUIDO,estado_no_calificado_canonico,asignaciones,2026-08-10 13:51:06.000000,,+54116****688,incluido_ok
9764,,Fuera de zona,INCLUIDO,estado_no_calificado_canonico,asignaciones,2026-05-11 14:31:28.000000,,+54116****215,incluido_ok
9774,,No busca cobertura médica,INCLUIDO,estado_no_calificado_canonico,asignaciones,2026-02-26 17:48:37.000000,,+54116****423,incluido_ok
9775,,No busca cobertura médica,INCLUIDO,estado_no_calificado_canonico,asignaciones,2026-04-16 17:07:34.000000,,+54116****338,incluido_ok
9776,,No busca cobertura médica,INCLUIDO,estado_no_calificado_canonico,asignaciones,2026-02-26 15:10:50.000000,,+54115****821,incluido_ok
9778,,No busca cobertura médica,INCLUIDO,estado_no_calificado_canonico,asignaciones,2026-06-24 16:25:06.000000,,+54112****799,incluido_ok
9799,,No busca cobertura médica,INCLUIDO,estado_no_calificado_canonico,asignaciones,2026-07-15 12:33:51.000000,,+54115****711,incluido_ok
9807,,No busca cobertura médica,INCLUIDO,estado_no_calificado_canonico,asignaciones,2026-08-10 13:50:39.000000,,+54116****415,incluido_ok
9819,,No busca cobertura médica,INCLUIDO,estado_no_calificado_canonico,asignaciones,2026-02-27 11:00:23.000000,,+54116****435,incluido_ok
9823,,No busca cobertura médica,INCLUIDO,estado_no_calificado_canonico,asignaciones,2026-06-24 16:30:43.000000,,+54116****148,incluido_ok
9835,,No busca cobertura médica,INCLUIDO,estado_no_calificado_canonico,asignaciones,2026-03-31 15:36:47.000000,,+54116****444,incluido_ok
9838,,No busca cobertura médica,INCLUIDO,estado_no_calificado_canonico,asignaciones,2026-06-24 16:30:29.000000,,+54116****686,incluido_ok
9849,,No busca cobertura médica,INCLUIDO,estado_no_calificado_canonico,asignaciones,2026-03-31 15:36:26.000000,,+54115****060,incluido_ok
9868,,No busca cobertura médica,INCLUIDO,estado_no_calificado_canonico,asignaciones,2026-08-10 13:49:46.000000,,+54116****568,incluido_ok
9883,,No busca cobertura médica,INCLUIDO,estado_no_calificado_canonico,asignaciones,2026-06-24 16:27:44.000000,,+54114****859,incluido_ok
9894,,No busca cobertura médica,INCLUIDO,estado_no_calificado_canonico,asignaciones,2026-02-27 12:10:38.000000,,+54116****787,incluido_ok
9902,,No busca cobertura médica,INCLUIDO,estado_no_calificado_canonico,asignaciones,2026-07-30 11:48:47.000000,,+54116****541,incluido_ok
9988,,No busca cobertura médica,INCLUIDO,estado_no_calificado_canonico,asignaciones,2026-08-10 13:50:08.000000,,+54116****376,incluido_ok
10000,,No busca cobertura médica,INCLUIDO,estado_no_calificado_canonico,asignaciones,2026-02-27 12:07:47.000000,,+54116****563,incluido_ok
10014,,No busca cobertura médica,INCLUIDO,estado_no_calificado_canonico,asignaciones,2026-02-27 11:55:54.000000,,+54113****197,incluido_ok
10015,,No busca cobertura médica,INCLUIDO,estado_no_calificado_canonico,asignaciones,2026-04-07 16:28:35.000000,,+54112****056,incluido_ok
10059,,No busca cobertura médica,INCLUIDO,estado_no_calificado_canonico,asignaciones,2026-02-27 11:54:11.000000,,+54116****096,incluido_ok
10063,,No busca cobertura médica,INCLUIDO,estado_no_calificado_canonico,asignaciones,2026-06-30 11:47:40.000000,,+54114****016,incluido_ok
10075,,No busca cobertura médica,INCLUIDO,estado_no_calificado_canonico,asignaciones,2026-04-07 16:24:10.000000,,+54113****255,incluido_ok
10078,,No busca cobertura médica,INCLUIDO,estado_no_calificado_canonico,asignaciones,2026-06-30 11:47:34.000000,,+54114****931,incluido_ok
10123,,No busca cobertura médica,INCLUIDO,estado_no_calificado_canonico,asignaciones,2026-06-30 11:47:59.000000,,+54115****238,incluido_ok
10133,,No busca cobertura médica,INCLUIDO,estado_no_calificado_canonico,asignaciones,2026-02-27 12:06:14.000000,,+54115****996,incluido_ok
10137,,No busca cobertura médica,INCLUIDO,estado_no_calificado_canonico,asignaciones,2026-07-20 15:32:19.000000,,+54112****424,incluido_ok
10153,,No busca cobertura médica,INCLUIDO,estado_no_calificado_canonico,asignaciones,2026-08-10 13:52:31.000000,,+54116****538,incluido_ok
10184,,No busca cobertura médica,INCLUIDO,estado_no_calificado_canonico,asignaciones,2026-07-20 15:32:23.000000,,+54112****656,incluido_ok
10198,,No busca cobertura médica,INCLUIDO,estado_no_calificado_canonico,asignaciones,2026-07-20 15:32:29.000000,,+54113****571,incluido_ok
10214,,No busca cobertura médica,INCLUIDO,estado_no_calificado_canonico,asignaciones,2026-08-10 13:52:06.000000,,+54113****015,incluido_ok
10243,,No busca cobertura médica,INCLUIDO,estado_no_calificado_canonico,asignaciones,2026-07-20 15:32:32.000000,,+54113****206,incluido_ok
10253,,No busca cobertura médica,INCLUIDO,estado_no_calificado_canonico,asignaciones,2026-03-14 12:32:02.000000,,+54115****738,incluido_ok
10270,,No busca cobertura médica,INCLUIDO,estado_no_calificado_canonico,asignaciones,2026-04-16 16:25:35.000000,,+54113****015,incluido_ok
10294,,No busca cobertura médica,INCLUIDO,estado_no_calificado_canonico,asignaciones,2026-03-14 12:30:55.000000,,+54112****111,incluido_ok
10332,,No busca cobertura médica,INCLUIDO,estado_no_calificado_canonico,asignaciones,2026-06-30 12:45:49.000000,,+54112****948,incluido_ok
10344,,No busca cobertura médica,INCLUIDO,estado_no_calificado_canonico,asignaciones,2026-04-16 16:17:58.000000,,+54116****324,"incluido_ok (fusiona 2 registros de prospectos, ver filas FUSIONADO)"
10345,,No busca cobertura médica,FUSIONADO,estado_no_calificado_canonico,asignaciones,2026-04-16 16:17:58.000000,,+54116****324,fusionado_en_prospecto_id_10344
10393,,No busca cobertura médica,INCLUIDO,estado_no_calificado_canonico,asignaciones,2026-07-23 15:47:18.000000,,+54113****814,incluido_ok
10540,,No busca cobertura médica,INCLUIDO,estado_no_calificado_canonico,asignaciones,2026-05-13 15:29:31.000000,,+54113****308,incluido_ok
10649,,No busca cobertura médica,INCLUIDO,estado_no_calificado_canonico,asignaciones,2026-07-27 15:55:08.000000,,+54113****986,incluido_ok
10692,,No busca cobertura médica,INCLUIDO,estado_no_calificado_canonico,asignaciones,2026-07-27 15:55:30.000000,,+54112****763,incluido_ok
10697,,No busca cobertura médica,INCLUIDO,estado_no_calificado_canonico,asignaciones,2026-08-03 12:39:25.000000,,+54115****030,incluido_ok
10704,,Fuera de zona,INCLUIDO,estado_no_calificado_canonico,asignaciones,2026-04-17 14:54:55.000000,,+54115****544,incluido_ok
10709,,No busca cobertura médica,INCLUIDO,estado_no_calificado_canonico,asignaciones,2026-07-27 15:56:55.000000,,+54115****009,incluido_ok
10722,,No busca cobertura médica,INCLUIDO,estado_no_calificado_canonico,asignaciones,2026-08-10 13:55:44.000000,,+54117****807,incluido_ok
10753,,No busca cobertura médica,INCLUIDO,estado_no_calificado_canonico,asignaciones,2026-07-27 15:56:51.000000,,+54113****488,incluido_ok
10763,,No busca cobertura médica,INCLUIDO,estado_no_calificado_canonico,asignaciones,2026-05-14 15:05:20.000000,,+54113****112,incluido_ok
10768,,No busca cobertura médica,INCLUIDO,estado_no_calificado_canonico,asignaciones,2026-07-27 15:56:17.000000,,+54113****620,incluido_ok
10812,,No busca cobertura médica,INCLUIDO,estado_no_calificado_canonico,asignaciones,2026-07-27 15:57:32.000000,,+54115****003,incluido_ok
10823,,No busca cobertura médica,INCLUIDO,estado_no_calificado_canonico,asignaciones,2026-03-05 11:05:09.000000,,+54154****067,incluido_ok
10828,,No busca cobertura médica,INCLUIDO,estado_no_calificado_canonico,asignaciones,2026-08-20 14:43:40.000000,,+54114****777,incluido_ok
10832,,No busca cobertura médica,INCLUIDO,estado_no_calificado_canonico,asignaciones,2026-08-03 12:56:24.000000,,+54113****370,incluido_ok
10840,,No busca cobertura médica,INCLUIDO,estado_no_calificado_canonico,asignaciones,2026-04-17 14:39:21.000000,,+54112****653,incluido_ok
10885,,No busca cobertura médica,INCLUIDO,estado_no_calificado_canonico,asignaciones,2026-08-21 16:15:43.000000,,+54156****645,incluido_ok
10932,,No busca cobertura médica,INCLUIDO,estado_no_calificado_canonico,asignaciones,2026-08-24 15:18:33.000000,,+54116****125,incluido_ok
10945,,No busca cobertura médica,INCLUIDO,estado_no_calificado_canonico,asignaciones,2026-08-26 15:58:03.000000,,+54116****252,incluido_ok
10948,,No busca cobertura médica,INCLUIDO,estado_no_calificado_canonico,asignaciones,2026-08-24 16:06:41.000000,,+54112****681,incluido_ok
10992,,No busca cobertura médica,INCLUIDO,estado_no_calificado_canonico,asignaciones,2026-08-03 11:51:28.000000,,+54115****362,incluido_ok
11020,,No busca cobertura médica,INCLUIDO,estado_no_calificado_canonico,asignaciones,2026-09-04 15:07:31.000000,,+54113****422,incluido_ok
11069,,No busca cobertura médica,INCLUIDO,estado_no_calificado_canonico,asignaciones,2026-08-03 11:47:39.000000,,+54113****704,incluido_ok
11116,,No busca cobertura médica,INCLUIDO,estado_no_calificado_canonico,asignaciones,2026-08-03 14:26:24.000000,,+54155****744,incluido_ok
11129,,No busca cobertura médica,INCLUIDO,estado_no_calificado_canonico,asignaciones,2026-08-03 11:44:38.000000,,+54112****403,incluido_ok
11172,,No busca cobertura médica,INCLUIDO,estado_no_calificado_canonico,asignaciones,2026-09-03 14:16:16.000000,,+54112****455,incluido_ok
11188,,No busca cobertura médica,INCLUIDO,estado_no_calificado_canonico,asignaciones,2026-09-03 14:18:48.000000,,+54113****259,incluido_ok
11200,,No busca cobertura médica,INCLUIDO,estado_no_calificado_canonico,asignaciones,2026-08-10 16:55:39.000000,,+54113****521,incluido_ok
11248,,No busca cobertura médica,INCLUIDO,estado_no_calificado_canonico,asignaciones,2026-08-24 10:44:09.000000,,+54112****998,incluido_ok
11253,,No busca cobertura médica,INCLUIDO,estado_no_calificado_canonico,asignaciones,2026-08-03 15:22:59.000000,,+54115****726,incluido_ok
11260,,No busca cobertura médica,INCLUIDO,estado_no_calificado_canonico,asignaciones,2026-09-09 16:49:38.000000,,+54112****914,incluido_ok
11293,,No busca cobertura médica,INCLUIDO,estado_no_calificado_canonico,asignaciones,2026-08-05 15:11:15.000000,,+54116****192,incluido_ok
11352,,No busca cobertura médica,INCLUIDO,estado_no_calificado_canonico,asignaciones,2026-08-05 15:13:39.000000,,+54113****900,incluido_ok
11369,,No busca cobertura médica,INCLUIDO,estado_no_calificado_canonico,asignaciones,2026-08-20 14:44:45.000000,,+54115****218,incluido_ok
11428,,No busca cobertura médica,INCLUIDO,estado_no_calificado_canonico,asignaciones,2026-08-20 14:44:49.000000,,+54117****308,incluido_ok
11473,,No busca cobertura médica,INCLUIDO,estado_no_calificado_canonico,asignaciones,2026-08-20 14:44:22.000000,,+54116****920,incluido_ok
11532,,No busca cobertura médica,INCLUIDO,estado_no_calificado_canonico,asignaciones,2026-09-03 14:19:19.000000,,+54113****484,incluido_ok
11549,,No busca cobertura médica,INCLUIDO,estado_no_calificado_canonico,asignaciones,2026-08-26 11:06:25.000000,,+54116****818,incluido_ok
11552,,No busca cobertura médica,INCLUIDO,estado_no_calificado_canonico,asignaciones,2026-08-04 09:33:23.000000,,+54112****232,incluido_ok
11592,,No busca cobertura médica,INCLUIDO,estado_no_calificado_canonico,asignaciones,2026-09-03 14:20:03.000000,,+54115****811,incluido_ok
11680,,Fuera de zona,INCLUIDO,estado_no_calificado_canonico,asignaciones,2026-06-29 16:49:24.000000,,+54115****256,incluido_ok
11722,,No busca cobertura médica,INCLUIDO,estado_no_calificado_canonico,asignaciones,2026-03-23 11:55:54.000000,,+54113****590,incluido_ok
11789,,No busca cobertura médica,INCLUIDO,estado_no_calificado_canonico,asignaciones,2026-08-24 15:21:49.000000,,+54115****981,incluido_ok
11798,,No busca cobertura médica,INCLUIDO,estado_no_calificado_canonico,asignaciones,2026-04-19 13:41:27.000000,,+54115****081,incluido_ok
11832,,No busca cobertura médica,INCLUIDO,estado_no_calificado_canonico,asignaciones,2026-09-03 14:21:07.000000,,+54117****546,incluido_ok
11849,,No busca cobertura médica,INCLUIDO,estado_no_calificado_canonico,asignaciones,2026-09-08 13:06:45.000000,,+54115****345,incluido_ok
11858,,No busca cobertura médica,INCLUIDO,estado_no_calificado_canonico,asignaciones,2026-04-30 14:54:03.000000,,+54116****426,incluido_ok
11892,,No busca cobertura médica,INCLUIDO,estado_no_calificado_canonico,asignaciones,2026-09-03 15:35:52.000000,,+54112****829,incluido_ok
11903,,No busca cobertura médica,INCLUIDO,estado_no_calificado_canonico,asignaciones,2026-03-09 15:05:43.000000,,+54112****005,incluido_ok
11909,,No busca cobertura médica,INCLUIDO,estado_no_calificado_canonico,asignaciones,2026-09-08 13:06:48.000000,,+54113****660,incluido_ok
11921,,No busca cobertura médica,INCLUIDO,estado_no_calificado_canonico,asignaciones,2026-09-09 16:54:35.000000,,+54112****425,incluido_ok
11951,,No busca cobertura médica,INCLUIDO,estado_no_calificado_canonico,asignaciones,2026-03-16 10:25:59.000000,,+54112****352,incluido_ok
11962,,No busca cobertura médica,INCLUIDO,estado_no_calificado_canonico,asignaciones,2026-03-12 15:42:33.000000,,+54152****782,incluido_ok
12029,,No busca cobertura médica,INCLUIDO,estado_no_calificado_canonico,asignaciones,2026-09-08 13:06:59.000000,,+54113****891,incluido_ok
12039,,No busca cobertura médica,INCLUIDO,estado_no_calificado_canonico,asignaciones,2026-05-13 16:06:44.000000,,+54115****689,incluido_ok
12054,,No busca cobertura médica,INCLUIDO,estado_no_calificado_canonico,asignaciones,2026-05-13 16:07:03.000000,,+54112****125,incluido_ok
12082,,No busca cobertura médica,INCLUIDO,estado_no_calificado_canonico,asignaciones,2026-05-13 16:07:51.000000,,+54112****017,incluido_ok
12088,,No busca cobertura médica,INCLUIDO,estado_no_calificado_canonico,asignaciones,2026-09-08 13:13:55.000000,,+54115****012,incluido_ok
12132,,No busca cobertura médica,INCLUIDO,estado_no_calificado_canonico,asignaciones,2026-09-08 13:13:58.000000,,+54113****265,incluido_ok
12197,,No busca cobertura médica,INCLUIDO,estado_no_calificado_canonico,asignaciones,2026-08-04 14:27:35.000000,,+54113****139,incluido_ok
12252,,No busca cobertura médica,INCLUIDO,estado_no_calificado_canonico,asignaciones,2026-09-03 15:35:59.000000,,+54116****520,incluido_ok
12269,,No busca cobertura médica,INCLUIDO,estado_no_calificado_canonico,asignaciones,2026-09-08 13:14:22.000000,,+54115****515,incluido_ok
12280,,No busca cobertura médica,INCLUIDO,estado_no_calificado_canonico,asignaciones,2026-09-18 16:01:36.000000,,+54114****691,incluido_ok
12323,,No busca cobertura médica,INCLUIDO,estado_no_calificado_canonico,asignaciones,2026-03-06 17:20:32.000000,,+54113****508,incluido_ok
12328,,No busca cobertura médica,INCLUIDO,estado_no_calificado_canonico,asignaciones,2026-09-08 13:14:20.000000,,+54112****065,incluido_ok
12370,,Fuera de zona,INCLUIDO,estado_no_calificado_canonico,asignaciones,2026-07-29 11:05:15.000000,g*******@hotmail.com,+54154****497,incluido_ok
12372,,No busca cobertura médica,INCLUIDO,estado_no_calificado_canonico,asignaciones,2026-09-08 13:14:30.000000,,+54115****612,incluido_ok
12389,,No busca cobertura médica,INCLUIDO,estado_no_calificado_canonico,asignaciones,2026-09-08 13:14:28.000000,,+54112****198,incluido_ok
12432,,No busca cobertura médica,INCLUIDO,estado_no_calificado_canonico,asignaciones,2026-09-11 12:43:35.000000,,+54113****900,incluido_ok
12569,,No busca cobertura médica,INCLUIDO,estado_no_calificado_canonico,asignaciones,2026-09-11 13:13:22.000000,,+54116****470,incluido_ok
12917,,No busca cobertura médica,INCLUIDO,estado_no_calificado_canonico,asignaciones,2026-08-06 11:21:02.000000,,+54113****726,incluido_ok
12938,,No busca cobertura médica,INCLUIDO,estado_no_calificado_canonico,asignaciones,2026-03-10 10:35:12.000000,,+54115****041,incluido_ok
13353,,No busca cobertura médica,INCLUIDO,estado_no_calificado_canonico,asignaciones,2026-08-06 12:16:22.000000,,+54116****770,incluido_ok
13419,,No busca cobertura médica,INCLUIDO,estado_no_calificado_canonico,asignaciones,2026-05-11 13:44:01.000000,,+54115****360,incluido_ok
13464,,No busca cobertura médica,INCLUIDO,estado_no_calificado_canonico,asignaciones,2026-05-11 13:41:39.000000,,+54116****535,incluido_ok
13524,,No busca cobertura médica,INCLUIDO,estado_no_calificado_canonico,asignaciones,2026-03-12 14:41:00.000000,,+54116****268,incluido_ok
13638,,No busca cobertura médica,INCLUIDO,estado_no_calificado_canonico,asignaciones,2026-08-12 11:16:01.000000,,+54113****347,incluido_ok
13939,,No busca cobertura médica,INCLUIDO,estado_no_calificado_canonico,asignaciones,2026-07-29 10:21:22.000000,,+54116****685,incluido_ok
14237,,No busca cobertura médica,INCLUIDO,estado_no_calificado_canonico,asignaciones,2026-08-14 12:14:53.000000,,+54115****154,incluido_ok
14304,,No busca cobertura médica,INCLUIDO,estado_no_calificado_canonico,asignaciones,2026-03-12 14:34:44.000000,,+54112****110,incluido_ok
14516,,No busca cobertura médica,INCLUIDO,estado_no_calificado_canonico,asignaciones,2026-05-08 15:02:15.000000,,+54115****444,incluido_ok
14658,,No busca cobertura médica,INCLUIDO,estado_no_calificado_canonico,asignaciones,2026-08-21 11:11:43.000000,,+54113****383,incluido_ok
14963,,No busca cobertura médica,INCLUIDO,estado_no_calificado_canonico,asignaciones,2026-03-11 15:26:31.000000,,+54115****531,incluido_ok
15084,,No busca cobertura médica,INCLUIDO,estado_no_calificado_canonico,asignaciones,2026-03-13 10:43:27.000000,,+54112****526,incluido_ok
15220,,No busca cobertura médica,INCLUIDO,estado_no_calificado_canonico,asignaciones,2026-03-13 10:30:50.000000,,+54113****886,incluido_ok
15244,,No busca cobertura médica,INCLUIDO,estado_no_calificado_canonico,asignaciones,2026-03-19 14:41:40.000000,a**********************@gmal.com,+54113****337,incluido_ok
15263,,Fuera de zona,INCLUIDO,estado_no_calificado_canonico,asignaciones,2026-03-09 15:23:16.000000,c********@gmail.com,+54113****112,incluido_ok
15264,,Fuera de zona,INCLUIDO,estado_no_calificado_canonico,asignaciones,2026-02-27 11:48:37.000000,a*************@gmail.com,+54261****747,incluido_ok
15273,,No busca cobertura médica,INCLUIDO,estado_no_calificado_canonico,asignaciones,2026-03-14 12:10:23.000000,l*************@gmail.com,+54112****747,incluido_ok
15283,,No busca cobertura médica,INCLUIDO,estado_no_calificado_canonico,asignaciones,2026-02-28 09:44:08.000000,d******************@gmail.com,+54113****059,incluido_ok
15297,,No busca cobertura médica,INCLUIDO,estado_no_calificado_canonico,asignaciones,2026-03-02 10:35:55.000000,o**********@gmail.com,+54113****920,incluido_ok
15298,,Fuera de zona,INCLUIDO,estado_no_calificado_canonico,asignaciones,2026-02-27 15:32:54.000000,m**************@gmail.com,+54380****104,incluido_ok
15303,,Fuera de zona,INCLUIDO,estado_no_calificado_canonico,asignaciones,2026-02-27 15:31:27.000000,m********************@gmail.com,+54264****710,incluido_ok
15307,,No busca cobertura médica,INCLUIDO,estado_no_calificado_canonico,asignaciones,2026-02-27 09:50:11.000000,b*******************@gmail.com,+54384****979,incluido_ok
15320,,Fuera de zona,INCLUIDO,estado_no_calificado_canonico,asignaciones,2026-02-27 12:07:12.000000,s****************@gmail.com,+54280****637,incluido_ok
15357,,No busca cobertura médica,INCLUIDO,estado_no_calificado_canonico,asignaciones,2026-05-04 10:51:14.000000,d***********@hotmail.com,+54116****483,incluido_ok
15375,,No busca cobertura médica,INCLUIDO,estado_no_calificado_canonico,asignaciones,2026-02-27 16:09:45.000000,t******@artro.com.ar,+54116****015,incluido_ok
15380,,No busca cobertura médica,INCLUIDO,estado_no_calificado_canonico,asignaciones,2026-04-27 09:59:46.000000,v**********************@gmail.com,+54112****168,incluido_ok
15384,,No busca cobertura médica,INCLUIDO,estado_no_calificado_canonico,asignaciones,2026-03-14 11:54:14.000000,m**********@gmail.com,+54115****647,incluido_ok
15386,,No busca cobertura médica,INCLUIDO,estado_no_calificado_canonico,asignaciones,2026-03-14 11:56:35.000000,m***********@gmail.com,+54115****183,incluido_ok
15400,,No busca cobertura médica,INCLUIDO,estado_no_calificado_canonico,asignaciones,2026-03-13 12:44:14.000000,j*******************@gmail.com,+54112****278,incluido_ok
15402,,No busca cobertura médica,INCLUIDO,estado_no_calificado_canonico,asignaciones,2026-03-02 17:48:23.000000,j*************@gmail.com,+54911*****785,incluido_ok
15404,,No busca cobertura médica,INCLUIDO,estado_no_calificado_canonico,asignaciones,2026-03-03 14:00:44.000000,k******************@gmail.com,+54348****657,incluido_ok
15411,,Fuera de zona,INCLUIDO,estado_no_calificado_canonico,asignaciones,2026-03-06 09:54:12.000000,d**************@gmail.com,+54923*****862,incluido_ok
15413,,No busca cobertura médica,INCLUIDO,estado_no_calificado_canonico,asignaciones,2026-03-02 16:14:07.000000,l****************@gmail.com,+54116****705,incluido_ok
15437,,No busca cobertura médica,INCLUIDO,estado_no_calificado_canonico,asignaciones,2026-03-14 11:38:50.000000,f**************@gmail.com,+54115****843,incluido_ok
15441,,No busca cobertura médica,INCLUIDO,estado_no_calificado_canonico,asignaciones,2026-03-02 15:47:11.000000,n************@gmail.com,+54116****883,incluido_ok
15453,,No busca cobertura médica,INCLUIDO,estado_no_calificado_canonico,asignaciones,2026-04-21 19:45:54.000000,c****************@gmail.com,+54112****625,incluido_ok
15454,,No busca cobertura médica,INCLUIDO,estado_no_calificado_canonico,asignaciones,2026-03-14 11:45:03.000000,7**************@gmail.com,+54341****694,incluido_ok
15457,,No busca cobertura médica,INCLUIDO,estado_no_calificado_canonico,asignaciones,2026-03-02 15:27:00.000000,d************@gmail.com,+54113****652,incluido_ok
15462,,Fuera de zona,INCLUIDO,estado_no_calificado_canonico,asignaciones,2026-03-06 09:54:15.000000,e*************@gmail.com,+54113****772,incluido_ok
15464,,No busca cobertura médica,INCLUIDO,estado_no_calificado_canonico,asignaciones,2026-03-06 14:26:02.000000,a***************@gmail.com,+54114****195,incluido_ok
15475,,No busca cobertura médica,INCLUIDO,estado_no_calificado_canonico,asignaciones,2026-03-06 14:23:16.000000,l***************@gmail.com,+54114****208,incluido_ok
15482,,No busca cobertura médica,INCLUIDO,estado_no_calificado_canonico,asignaciones,2026-03-01 17:08:09.000000,r************@hotmail.com,+54114****850,incluido_ok
15486,,Fuera de zona,INCLUIDO,estado_no_calificado_canonico,asignaciones,2026-03-06 09:54:02.000000,r***********@gmail.com,+54113****394,incluido_ok
15490,,No busca cobertura médica,INCLUIDO,estado_no_calificado_canonico,asignaciones,2026-03-02 15:11:53.000000,k**************@gmail.com,+54116****838,incluido_ok
15491,,No busca cobertura médica,INCLUIDO,estado_no_calificado_canonico,asignaciones,2026-03-02 17:07:57.000000,d*********@gmail.com,+54112****368,incluido_ok
15494,,No busca cobertura médica,INCLUIDO,estado_no_calificado_canonico,asignaciones,2026-03-02 11:24:27.000000,a***************@gmail.com,+54114****066,incluido_ok
15502,,No busca cobertura médica,INCLUIDO,estado_no_calificado_canonico,asignaciones,2026-03-06 14:19:54.000000,a**************@gmail.com,+54117****201,incluido_ok
15510,,No busca cobertura médica,INCLUIDO,estado_no_calificado_canonico,asignaciones,2026-03-02 14:43:54.000000,o*************@hotmail.com,+54113****637,incluido_ok
15512,,No busca cobertura médica,INCLUIDO,estado_no_calificado_canonico,asignaciones,2026-03-30 15:19:04.000000,c*****************@gmail.com,+54116****006,incluido_ok
15524,,No busca cobertura médica,INCLUIDO,estado_no_calificado_canonico,asignaciones,2026-03-03 13:46:56.000000,m***************@hotmail.com,+54113****001,incluido_ok
15536,,No busca cobertura médica,INCLUIDO,estado_no_calificado_canonico,asignaciones,2026-03-02 14:40:51.000000,r*************@gmail.com,+54112****352,incluido_ok
15552,,No busca cobertura médica,INCLUIDO,estado_no_calificado_canonico,asignaciones,2026-03-14 11:23:50.000000,m**************@hotmail.com,+54116****561,incluido_ok
15581,,No busca cobertura médica,INCLUIDO,estado_no_calificado_canonico,asignaciones,2026-03-02 17:17:14.000000,m****************@gmail.com,+54114****196,incluido_ok
15597,,Fuera de zona,INCLUIDO,estado_no_calificado_canonico,asignaciones,2026-03-06 17:05:01.000000,s*******************@gmail.com,+54381****262,incluido_ok
15603,,Fuera de zona,INCLUIDO,estado_no_calificado_canonico,asignaciones,2026-03-03 16:58:01.000000,p****************@gmail.com,+54344****916,incluido_ok
15604,,Fuera de zona,INCLUIDO,estado_no_calificado_canonico,asignaciones,2026-03-09 15:35:20.000000,a***************@hmail.com,+54116****168,incluido_ok
15610,,No busca cobertura médica,INCLUIDO,estado_no_calificado_canonico,asignaciones,2026-03-03 17:24:34.000000,t*************@gmail.com,+54115****069,incluido_ok
15624,,No busca cobertura médica,INCLUIDO,estado_no_calificado_canonico,asignaciones,2026-03-06 14:35:43.000000,d*************@gmail.com,+54113****974,incluido_ok
15629,,No busca cobertura médica,INCLUIDO,estado_no_calificado_canonico,asignaciones,2026-03-04 09:08:16.000000,2*************@gmail.com,+54292****232,incluido_ok
15631,,No busca cobertura médica,INCLUIDO,estado_no_calificado_canonico,asignaciones,2026-03-04 15:40:15.000000,g************@gmail.com,+54112****538,incluido_ok
15635,,No busca cobertura médica,INCLUIDO,estado_no_calificado_canonico,asignaciones,2026-03-11 17:00:15.000000,d**************@gmail.com,+54343****022,incluido_ok
15644,,No busca cobertura médica,INCLUIDO,estado_no_calificado_canonico,asignaciones,2026-03-03 16:38:25.000000,a**************@gmail.com,+54115****245,incluido_ok
15647,,No busca cobertura médica,INCLUIDO,estado_no_calificado_canonico,asignaciones,2026-03-17 12:30:02.000000,b***********@gmail.com,+54112****419,incluido_ok
15649,,No busca cobertura médica,INCLUIDO,estado_no_calificado_canonico,asignaciones,2026-03-03 16:55:00.000000,m*********************@gmail.com,+54112****418,incluido_ok
15650,,No busca cobertura médica,INCLUIDO,estado_no_calificado_canonico,asignaciones,2026-03-14 13:47:30.000000,t**********@gmail.com,+54388****023,incluido_ok
15653,,Fuera de zona,INCLUIDO,estado_no_calificado_canonico,asignaciones,2026-03-14 13:46:55.000000,e*****************@gmail.com,+54112****238,incluido_ok
15662,,No busca cobertura médica,INCLUIDO,estado_no_calificado_canonico,asignaciones,2026-03-12 10:11:15.000000,b*************@yahoo.com.ar,+54116****588,incluido_ok
15689,,No busca cobertura médica,INCLUIDO,estado_no_calificado_canonico,asignaciones,2026-03-10 15:34:44.000000,k***********@gmail.com,+54116****696,incluido_ok
15691,,Fuera de zona,INCLUIDO,estado_no_calificado_canonico,asignaciones,2026-03-03 15:08:36.000000,m******@hotamil.com,+54222****633,incluido_ok
15698,,No busca cobertura médica,INCLUIDO,estado_no_calificado_canonico,asignaciones,2026-03-13 14:55:45.000000,m**************@gmail.com,+54115****059,incluido_ok
15703,,No busca cobertura médica,INCLUIDO,estado_no_calificado_canonico,asignaciones,2026-03-05 10:14:47.000000,a************@gmail.com,+54112****283,incluido_ok
15727,,No busca cobertura médica,INCLUIDO,estado_no_calificado_canonico,asignaciones,2026-03-23 12:52:10.000000,r*******@gmail.com,+54345****126,incluido_ok
15728,,Fuera de zona,INCLUIDO,estado_no_calificado_canonico,asignaciones,2026-03-06 09:53:44.000000,a***********@gmail.com,+54362****130,incluido_ok
15733,,No busca cobertura médica,INCLUIDO,estado_no_calificado_canonico,asignaciones,2026-03-05 10:15:54.000000,j************@gmail.com,+54239****076,incluido_ok
15735,,Fuera de zona,INCLUIDO,estado_no_calificado_canonico,asignaciones,2026-03-04 10:14:02.000000,j*************@gmail.com,+54387****504,incluido_ok
15745,,No busca cobertura médica,INCLUIDO,estado_no_calificado_canonico,asignaciones,2026-03-04 09:31:00.000000,e******************@hotmail.com,+54116****310,incluido_ok
15753,,No busca cobertura médica,INCLUIDO,estado_no_calificado_canonico,asignaciones,2026-03-04 13:43:51.000000,b**********@hotmail.com,+54116****028,incluido_ok
15755,,No busca cobertura médica,INCLUIDO,estado_no_calificado_canonico,asignaciones,2026-03-13 10:44:15.000000,j********@gmail.com,+54113****472,incluido_ok
15757,,No busca cobertura médica,INCLUIDO,estado_no_calificado_canonico,asignaciones,2026-03-05 10:32:00.000000,p************@outlook.es,+54911*****845,incluido_ok
15774,,No busca cobertura médica,INCLUIDO,estado_no_calificado_canonico,asignaciones,2026-03-09 10:58:35.000000,j*********@gmail.com,+54113****446,incluido_ok
15785,,No busca cobertura médica,INCLUIDO,estado_no_calificado_canonico,asignaciones,2026-03-06 11:26:23.000000,a************@gmail.com,+54116****923,incluido_ok
15799,,Fuera de zona,INCLUIDO,estado_no_calificado_canonico,asignaciones,2026-03-06 09:53:35.000000,r***************@gmail.com,+54112****492,incluido_ok
15814,,No busca cobertura médica,INCLUIDO,estado_no_calificado_canonico,asignaciones,2026-03-06 16:58:30.000000,g************@gmail.com,+54115****655,incluido_ok
15816,,No busca cobertura médica,INCLUIDO,estado_no_calificado_canonico,asignaciones,2026-03-05 13:07:12.000000,p**********@gmail.com,+54116****723,incluido_ok
15817,,No busca cobertura médica,INCLUIDO,estado_no_calificado_canonico,asignaciones,2026-03-06 16:51:06.000000,n***************@gmail.com,+54113****873,incluido_ok
15828,,No busca cobertura médica,INCLUIDO,estado_no_calificado_canonico,asignaciones,2026-03-09 15:02:03.000000,r*************@gmail.com,+54249****790,incluido_ok
15840,,No busca cobertura médica,INCLUIDO,estado_no_calificado_canonico,asignaciones,2026-03-06 13:26:09.000000,n***************@gmail.com,+54115****113,incluido_ok
15842,,No busca cobertura médica,INCLUIDO,estado_no_calificado_canonico,asignaciones,2026-03-09 11:36:06.000000,a*************@hotmail.com,+54114****329,incluido_ok
15871,,No busca cobertura médica,INCLUIDO,estado_no_calificado_canonico,asignaciones,2026-03-06 16:28:06.000000,c***************@gmail.com,+54113****116,incluido_ok
15877,,Fuera de zona,INCLUIDO,estado_no_calificado_canonico,asignaciones,2026-03-09 14:47:49.000000,d***************@gmail.com,+54388****086,incluido_ok
15882,,Fuera de zona,INCLUIDO,estado_no_calificado_canonico,asignaciones,2026-03-06 13:24:00.000000,b***********@gmail.com,+54298****838,incluido_ok
15895,,No busca cobertura médica,INCLUIDO,estado_no_calificado_canonico,asignaciones,2026-03-09 13:59:56.000000,t*************@gmail.com,+54115****923,incluido_ok
15897,,No busca cobertura médica,INCLUIDO,estado_no_calificado_canonico,asignaciones,2026-04-19 13:05:04.000000,e**********@gmail.co,+54382****555,incluido_ok
15918,,Fuera de zona,INCLUIDO,estado_no_calificado_canonico,asignaciones,2026-03-10 11:30:27.000000,v***************@gmail.com,+54116****181,incluido_ok
15919,,Fuera de zona,INCLUIDO,estado_no_calificado_canonico,asignaciones,2026-03-10 17:05:27.000000,y****************@gmail.com,+54266****380,incluido_ok
15921,,No busca cobertura médica,INCLUIDO,estado_no_calificado_canonico,asignaciones,2026-03-06 16:38:51.000000,n**************@gmail.com,+54116****396,incluido_ok
15932,,No busca cobertura médica,INCLUIDO,estado_no_calificado_canonico,asignaciones,2026-04-29 17:02:10.000000,n*********@hotmail.com,+54115****512,incluido_ok
15933,,Fuera de zona,INCLUIDO,estado_no_calificado_canonico,asignaciones,2026-03-09 10:05:05.000000,g***********@hotmail.com,+54115****569,incluido_ok
15943,,Fuera de zona,INCLUIDO,estado_no_calificado_canonico,asignaciones,2026-03-12 13:53:51.000000,m*************@gmail.com,+54221****020,incluido_ok
15946,,Fuera de zona,INCLUIDO,estado_no_calificado_canonico,asignaciones,2026-03-10 17:05:08.000000,t****************@gmail.com,+54221****063,incluido_ok
15953,,Fuera de zona,INCLUIDO,estado_no_calificado_canonico,asignaciones,2026-03-09 16:03:34.000000,r******************@gmail.com,+54116****506,incluido_ok
15955,,Fuera de zona,INCLUIDO,estado_no_calificado_canonico,asignaciones,2026-03-09 17:14:44.000000,y*************@gmail.com,+54112****453,incluido_ok
15968,,Fuera de zona,INCLUIDO,estado_no_calificado_canonico,asignaciones,2026-03-09 16:03:27.000000,v***********@hotmail.com,+54113****372,incluido_ok
15981,,No busca cobertura médica,INCLUIDO,estado_no_calificado_canonico,asignaciones,2026-03-12 09:58:47.000000,s*************@gmail.com,+54296****736,incluido_ok
15982,,No busca cobertura médica,INCLUIDO,estado_no_calificado_canonico,asignaciones,2026-03-10 16:18:53.000000,h********@gmail.com,+54117****111,incluido_ok
15985,,Fuera de zona,INCLUIDO,estado_no_calificado_canonico,asignaciones,2026-03-09 10:05:18.000000,r***************@gmail.com,+54341****819,incluido_ok
15989,,No busca cobertura médica,INCLUIDO,estado_no_calificado_canonico,asignaciones,2026-03-11 16:02:52.000000,m*****@pfortner.com,+54115****637,incluido_ok
16001,,Fuera de zona,INCLUIDO,estado_no_calificado_canonico,asignaciones,2026-03-09 16:03:44.000000,e*************@gmail.com,+54116****526,incluido_ok
16005,,No busca cobertura médica,INCLUIDO,estado_no_calificado_canonico,asignaciones,2026-03-12 12:36:43.000000,m*************@gmail.com,+54387****837,incluido_ok
16006,,No busca cobertura médica,INCLUIDO,estado_no_calificado_canonico,asignaciones,2026-04-19 13:43:00.000000,g**********@gmail.com,+54225****586,incluido_ok
16008,,Fuera de zona,INCLUIDO,estado_no_calificado_canonico,asignaciones,2026-03-09 12:00:16.000000,a*********@gmail.com,+54385****353,incluido_ok
16023,,Fuera de zona,INCLUIDO,estado_no_calificado_canonico,asignaciones,2026-03-09 10:05:39.000000,a********@gmail.com,+54388****554,incluido_ok
16033,,Fuera de zona,INCLUIDO,estado_no_calificado_canonico,asignaciones,2026-03-09 16:03:56.000000,s********************@gmail.com,+54262****017,incluido_ok
16043,,No busca cobertura médica,INCLUIDO,estado_no_calificado_canonico,asignaciones,2026-03-10 10:21:29.000000,m********************@gmail.com,+54343****066,incluido_ok
16044,,Fuera de zona,INCLUIDO,estado_no_calificado_canonico,asignaciones,2026-03-11 12:27:02.000000,c**************@gmail.com,+54385****317,incluido_ok
16050,,No busca cobertura médica,INCLUIDO,estado_no_calificado_canonico,asignaciones,2026-03-13 14:54:02.000000,a****************@gmail.com,+54385****219,incluido_ok
16057,,Fuera de zona,INCLUIDO,estado_no_calificado_canonico,asignaciones,2026-03-10 11:47:29.000000,p***********@gmail.com,+54381****548,incluido_ok
16071,,Fuera de zona,INCLUIDO,estado_no_calificado_canonico,asignaciones,2026-03-09 10:06:06.000000,b**************@gmail.com,+54223****963,incluido_ok
16077,,No busca cobertura médica,INCLUIDO,estado_no_calificado_canonico,asignaciones,2026-03-11 16:00:25.000000,a*************@mail.com,+54113****330,incluido_ok
16095,,No busca cobertura médica,INCLUIDO,estado_no_calificado_canonico,asignaciones,2026-03-09 11:07:42.000000,b******************@gmail.com,+54117****749,incluido_ok
16111,,No busca cobertura médica,INCLUIDO,estado_no_calificado_canonico,asignaciones,2026-03-12 09:55:26.000000,v*********@gmail.com,+54113****992,incluido_ok
16118,,No busca cobertura médica,INCLUIDO,estado_no_calificado_canonico,asignaciones,2026-03-09 15:57:33.000000,g*************@gmail.com,+54113****551,incluido_ok
16139,,No busca cobertura médica,INCLUIDO,estado_no_calificado_canonico,asignaciones,2026-03-10 14:59:00.000000,c**************@gmail.com,+54112****570,incluido_ok
16156,,No busca cobertura médica,INCLUIDO,estado_no_calificado_canonico,asignaciones,2026-03-10 10:18:49.000000,d************@gmail.com,+54116****858,incluido_ok
16167,,No busca cobertura médica,INCLUIDO,estado_no_calificado_canonico,asignaciones,2026-04-29 17:02:50.000000,m**************@gmail.com,+54113****275,incluido_ok
16171,,No busca cobertura médica,INCLUIDO,estado_no_calificado_canonico,asignaciones,2026-03-11 10:23:15.000000,q***************@gmail.com,+54117****792,incluido_ok
16189,,Fuera de zona,INCLUIDO,estado_no_calificado_canonico,asignaciones,2026-03-10 10:30:37.000000,c*************@gmail.com,+54364****114,incluido_ok
16200,,Fuera de zona,INCLUIDO,estado_no_calificado_canonico,asignaciones,2026-03-10 09:59:03.000000,t************@gmail.com,+54292****799,incluido_ok
16203,,No busca cobertura médica,INCLUIDO,estado_no_calificado_canonico,asignaciones,2026-03-10 12:12:12.000000,a****************@gmail.com,+54112****778,incluido_ok
16204,,Fuera de zona,INCLUIDO,estado_no_calificado_canonico,asignaciones,2026-03-10 10:29:13.000000,a*****************@gmail.com,+54381****410,incluido_ok
16214,,Fuera de zona,INCLUIDO,estado_no_calificado_canonico,asignaciones,2026-03-10 09:59:34.000000,b***********@gmail.com,+54291****488,incluido_ok
16223,,No busca cobertura médica,INCLUIDO,estado_no_calificado_canonico,asignaciones,2026-03-11 15:53:10.000000,m**********@gmail.com,+54113****998,incluido_ok
16230,,No busca cobertura médica,INCLUIDO,estado_no_calificado_canonico,asignaciones,2026-03-30 16:39:23.000000,g******@hotmail.com,+54114****259,incluido_ok
16233,,Fuera de zona,INCLUIDO,estado_no_calificado_canonico,asignaciones,2026-03-11 16:40:35.000000,v********@hotmail.com,+54299****182,incluido_ok
16259,,No busca cobertura médica,INCLUIDO,estado_no_calificado_canonico,asignaciones,2026-03-12 14:30:45.000000,m**************@gmail.com,+54113****510,incluido_ok
16271,,Fuera de zona,INCLUIDO,estado_no_calificado_canonico,asignaciones,2026-03-11 10:14:28.000000,i****************@gmail.com,+54226****465,incluido_ok
16276,,Fuera de zona,INCLUIDO,estado_no_calificado_canonico,asignaciones,2026-03-12 18:18:59.000000,g****************@gmail.com,+54221****997,incluido_ok
16281,,No busca cobertura médica,INCLUIDO,estado_no_calificado_canonico,asignaciones,2026-03-23 12:43:13.000000,r*********@gmail.com,+54112****802,incluido_ok
16289,,No busca cobertura médica,INCLUIDO,estado_no_calificado_canonico,asignaciones,2026-05-07 15:37:36.000000,t**************@gmail.com,+54112****929,incluido_ok
16306,,No busca cobertura médica,INCLUIDO,estado_no_calificado_canonico,asignaciones,2026-03-11 15:48:53.000000,m**************@gmail.com,+54116****647,incluido_ok
16321,,Fuera de zona,INCLUIDO,estado_no_calificado_canonico,asignaciones,2026-03-12 17:14:06.000000,m********@gmail.com,+54222****448,incluido_ok
16327,,No busca cobertura médica,INCLUIDO,estado_no_calificado_canonico,asignaciones,2026-03-30 17:18:00.000000,c********@gmail.com,+54112****224,incluido_ok
16343,,No busca cobertura médica,INCLUIDO,estado_no_calificado_canonico,asignaciones,2026-03-11 15:37:06.000000,c**************@gmail.com,+54383****747,incluido_ok
16367,,Fuera de zona,INCLUIDO,estado_no_calificado_canonico,asignaciones,2026-03-12 11:36:51.000000,e*******@yahoo.com.ar,+54221****653,incluido_ok
16368,,No busca cobertura médica,INCLUIDO,estado_no_calificado_canonico,asignaciones,2026-03-12 14:35:07.000000,j********@gmail.com,+54388****267,incluido_ok
16374,,No busca cobertura médica,INCLUIDO,estado_no_calificado_canonico,asignaciones,2026-03-20 12:55:58.000000,d**************@gmail.com,+54226****368,incluido_ok
16382,,No busca cobertura médica,INCLUIDO,estado_no_calificado_canonico,asignaciones,2026-03-12 10:41:44.000000,p********@gmail.com,+54387****199,incluido_ok
16383,,No busca cobertura médica,INCLUIDO,estado_no_calificado_canonico,asignaciones,2026-04-29 17:05:58.000000,j************@gmail.com,+54113****109,incluido_ok
16386,,No busca cobertura médica,INCLUIDO,estado_no_calificado_canonico,asignaciones,2026-03-12 12:57:27.000000,l***************@gmail.com,+54116****495,incluido_ok
16387,,No busca cobertura médica,INCLUIDO,estado_no_calificado_canonico,asignaciones,2026-03-31 14:44:46.000000,m********@gmail.com,+54115****624,incluido_ok
16388,,Fuera de zona,INCLUIDO,estado_no_calificado_canonico,asignaciones,2026-03-17 11:50:17.000000,p*******@gmail.com,+54384****968,incluido_ok
16389,,No busca cobertura médica,INCLUIDO,estado_no_calificado_canonico,asignaciones,2026-03-13 15:23:08.000000,g********@gmail.com,+54266****656,incluido_ok
16403,,Fuera de zona,INCLUIDO,estado_no_calificado_canonico,asignaciones,2026-03-26 16:27:11.000000,t***************@gmail.com,+54112****521,incluido_ok
16421,,No busca cobertura médica,INCLUIDO,estado_no_calificado_canonico,asignaciones,2026-04-29 17:05:37.000000,m************@gmail.com,+54112****850,incluido_ok
16425,,Fuera de zona,INCLUIDO,estado_no_calificado_canonico,asignaciones,2026-03-12 17:39:27.000000,m***********@gmail.com,+54116****571,incluido_ok
16427,,No busca cobertura médica,INCLUIDO,estado_no_calificado_canonico,asignaciones,2026-03-18 17:31:33.000000,a************@gmail.com,+54115****210,incluido_ok
16434,,No busca cobertura médica,INCLUIDO,estado_no_calificado_canonico,asignaciones,2026-03-13 09:45:55.000000,g**************@gmail.com,+54911*****232,incluido_ok
16441,,Fuera de zona,INCLUIDO,estado_no_calificado_canonico,asignaciones,2026-03-17 11:49:17.000000,r*********@gmail.com,+54266****194,incluido_ok
16453,,No busca cobertura médica,INCLUIDO,estado_no_calificado_canonico,asignaciones,2026-03-20 12:26:05.000000,a**********@gmail.com,+54116****778,incluido_ok
16466,,Fuera de zona,INCLUIDO,estado_no_calificado_canonico,asignaciones,2026-03-13 10:29:50.000000,c*************@gmail.com,+54247****275,incluido_ok
16471,,No busca cobertura médica,INCLUIDO,estado_no_calificado_canonico,asignaciones,2026-05-07 15:21:46.000000,a***************@gmail.com,+54383****951,incluido_ok
16474,,No busca cobertura médica,INCLUIDO,estado_no_calificado_canonico,asignaciones,2026-03-19 16:48:26.000000,s*************@gmail.com,+54344****119,incluido_ok
16487,,No busca cobertura médica,INCLUIDO,estado_no_calificado_canonico,asignaciones,2026-03-13 10:31:25.000000,v*****************@gmail.com,+54116****210,incluido_ok
16511,,No busca cobertura médica,INCLUIDO,estado_no_calificado_canonico,asignaciones,2026-03-20 12:21:02.000000,r************@gmail.com,+54385****014,incluido_ok
16512,,No busca cobertura médica,INCLUIDO,estado_no_calificado_canonico,asignaciones,2026-03-13 12:57:13.000000,m*************@gmail.com,+54116****433,incluido_ok
16520,,No busca cobertura médica,INCLUIDO,estado_no_calificado_canonico,asignaciones,2026-04-09 17:10:08.000000,p*************@gmail.com,+54112****828,incluido_ok
16530,,No busca cobertura médica,INCLUIDO,estado_no_calificado_canonico,asignaciones,2026-03-20 15:59:31.000000,m*********@hotmail.com,+54348****376,incluido_ok
16536,,No busca cobertura médica,INCLUIDO,estado_no_calificado_canonico,asignaciones,2026-03-23 14:48:09.000000,c************@hotmail.con,+54112****490,incluido_ok
16554,,No busca cobertura médica,INCLUIDO,estado_no_calificado_canonico,asignaciones,2026-05-07 14:56:46.000000,d************@gmail.com,+54117****953,incluido_ok
16562,,Fuera de zona,INCLUIDO,estado_no_calificado_canonico,asignaciones,2026-03-16 12:41:45.000000,a**************@gmail.com,+54112****200,incluido_ok
16566,,No busca cobertura médica,INCLUIDO,estado_no_calificado_canonico,asignaciones,2026-03-16 17:40:50.000000,m********@gmail.com,+54264****092,incluido_ok
16568,,No busca cobertura médica,INCLUIDO,estado_no_calificado_canonico,asignaciones,2026-05-07 11:26:09.000000,g******************@gmail.com,+54388****498,incluido_ok
16571,,No busca cobertura médica,INCLUIDO,estado_no_calificado_canonico,asignaciones,2026-05-07 11:25:53.000000,m*****************@gmail.com,+54113****964,incluido_ok
16577,,Fuera de zona,INCLUIDO,estado_no_calificado_canonico,asignaciones,2026-03-20 12:09:07.000000,l*********@gmail.com,+54260****565,incluido_ok
16581,,No busca cobertura médica,INCLUIDO,estado_no_calificado_canonico,asignaciones,2026-04-19 13:25:48.000000,b*************@gmail.com,+54112****863,incluido_ok
16605,,No busca cobertura médica,INCLUIDO,estado_no_calificado_canonico,asignaciones,2026-03-17 11:47:14.000000,a*******************@gmail.com,+54221****708,incluido_ok
16616,,Fuera de zona,INCLUIDO,estado_no_calificado_canonico,asignaciones,2026-03-16 12:41:34.000000,b*****************@gmail.com,+54291****924,incluido_ok
16626,,No busca cobertura médica,INCLUIDO,estado_no_calificado_canonico,asignaciones,2026-03-16 14:23:21.000000,p******@gmail.com,+54116****278,incluido_ok
16642,,No busca cobertura médica,INCLUIDO,estado_no_calificado_canonico,asignaciones,2026-03-17 16:33:55.000000,g*********@gmail.com,+54370****906,incluido_ok
16643,,No busca cobertura médica,INCLUIDO,estado_no_calificado_canonico,asignaciones,2026-03-16 12:18:47.000000,i***************@gmail.com,+54385****592,incluido_ok
16653,,Fuera de zona,INCLUIDO,estado_no_calificado_canonico,asignaciones,2026-03-16 12:41:26.000000,m*************@gmail.com,+54247****788,incluido_ok
16665,,Fuera de zona,INCLUIDO,estado_no_calificado_canonico,asignaciones,2026-03-16 12:41:23.000000,n***************@gmail.com,+54115****999,incluido_ok
16668,,No busca cobertura médica,INCLUIDO,estado_no_calificado_canonico,asignaciones,2026-04-19 13:12:09.000000,y***************@gmail.com,+54911*****880,incluido_ok
16669,,No busca cobertura médica,INCLUIDO,estado_no_calificado_canonico,asignaciones,2026-03-16 10:32:38.000000,s*************@gmail.com,+54911*****297,incluido_ok
16676,,Fuera de zona,INCLUIDO,estado_no_calificado_canonico,asignaciones,2026-03-16 16:28:35.000000,r***************@inarch.com.ar,+54115****777,incluido_ok
16680,,Fuera de zona,INCLUIDO,estado_no_calificado_canonico,asignaciones,2026-04-04 16:33:02.000000,a***************@hotmail.com,+54114****949,incluido_ok
16689,,No busca cobertura médica,INCLUIDO,estado_no_calificado_canonico,asignaciones,2026-03-20 17:25:12.000000,r************@gmail.com,+54115****759,incluido_ok
16693,,No busca cobertura médica,INCLUIDO,estado_no_calificado_canonico,asignaciones,2026-04-19 12:51:30.000000,b***********@gmail.com,+54115****066,incluido_ok
16702,,Fuera de zona,INCLUIDO,estado_no_calificado_canonico,asignaciones,2026-03-17 11:22:41.000000,v************@gmail.com,+54114****055,incluido_ok
16710,,No busca cobertura médica,INCLUIDO,estado_no_calificado_canonico,asignaciones,2026-04-19 13:57:49.000000,w****************@gmail.com,+54221****214,incluido_ok
16711,,No busca cobertura médica,INCLUIDO,estado_no_calificado_canonico,asignaciones,2026-04-04 16:32:35.000000,a************@gmail.com,+54115****862,incluido_ok
16723,,No busca cobertura médica,INCLUIDO,estado_no_calificado_canonico,asignaciones,2026-03-18 13:15:07.000000,f*************@gmail.com,+54115****572,incluido_ok
16724,,No busca cobertura médica,INCLUIDO,estado_no_calificado_canonico,asignaciones,2026-04-19 12:50:07.000000,i************@gmail.com,+54911*****909,incluido_ok
16738,,No busca cobertura médica,INCLUIDO,estado_no_calificado_canonico,asignaciones,2026-03-18 17:37:46.000000,a********@hotmail.com,+54116****306,incluido_ok
16748,,Fuera de zona,INCLUIDO,estado_no_calificado_canonico,asignaciones,2026-03-17 11:28:04.000000,n************@gmail.com,+54387****240,incluido_ok
16750,,Fuera de zona,INCLUIDO,estado_no_calificado_canonico,asignaciones,2026-03-17 11:29:44.000000,d****************@gmail.com,+54387****371,incluido_ok
16759,,Fuera de zona,INCLUIDO,estado_no_calificado_canonico,asignaciones,2026-03-17 11:30:24.000000,m*********************@gmail.com,+54385****328,incluido_ok
16762,,Fuera de zona,INCLUIDO,estado_no_calificado_canonico,asignaciones,2026-03-18 11:28:43.000000,p************@gmail.com,+54370****049,incluido_ok
16763,,No busca cobertura médica,INCLUIDO,estado_no_calificado_canonico,asignaciones,2026-07-24 11:02:40.000000,y************@gmail.com,+54114****581,incluido_ok
16776,,No busca cobertura médica,INCLUIDO,estado_no_calificado_canonico,asignaciones,2026-05-05 11:32:40.000000,j*******************@gmail.com,+54385****133,incluido_ok
16777,,No busca cobertura médica,INCLUIDO,estado_no_calificado_canonico,asignaciones,2026-03-20 11:46:39.000000,s*************@gmail.com,+54113****559,incluido_ok
16826,,No busca cobertura médica,INCLUIDO,estado_no_calificado_canonico,asignaciones,2026-03-18 11:31:03.000000,m****************@gmail.com,+54911*****736,incluido_ok
16828,,No busca cobertura médica,INCLUIDO,estado_no_calificado_canonico,asignaciones,2026-03-20 12:20:06.000000,e*************@gmail.com,+54116****726,incluido_ok
16830,,Fuera de zona,INCLUIDO,estado_no_calificado_canonico,asignaciones,2026-03-18 11:38:22.000000,z***************@gmail.com,+54221****925,incluido_ok
16838,,No busca cobertura médica,INCLUIDO,estado_no_calificado_canonico,asignaciones,2026-03-20 12:18:55.000000,l**************@yahoo.com.ar,+54112****419,incluido_ok
16839,,No busca cobertura médica,INCLUIDO,estado_no_calificado_canonico,asignaciones,2026-03-20 11:43:20.000000,f************@gmail.com,+54116****836,incluido_ok
16846,,No busca cobertura médica,INCLUIDO,estado_no_calificado_canonico,asignaciones,2026-05-05 10:09:57.000000,t*******************@hotmail.com,+54117****574,incluido_ok
16848,,No busca cobertura médica,INCLUIDO,estado_no_calificado_canonico,asignaciones,2026-03-19 12:24:46.000000,a********@gmail.com,+54116****089,incluido_ok
16864,,Fuera de zona,INCLUIDO,estado_no_calificado_canonico,asignaciones,2026-03-20 17:12:09.000000,l************@gmail.com,+54117****183,incluido_ok
16879,,No busca cobertura médica,INCLUIDO,estado_no_calificado_canonico,asignaciones,2026-07-21 12:55:06.000000,a********@gmail.com,+54911*****326,incluido_ok
16882,,Fuera de zona,INCLUIDO,estado_no_calificado_canonico,asignaciones,2026-03-18 12:05:24.000000,m****************@gmail.com,+54296****699,incluido_ok
16889,,No busca cobertura médica,INCLUIDO,estado_no_calificado_canonico,asignaciones,2026-03-18 12:19:59.000000,l**************@gmail.com,+54116****587,incluido_ok
16901,,No busca cobertura médica,INCLUIDO,estado_no_calificado_canonico,asignaciones,2026-04-19 12:55:01.000000,m********@gmail.com,+54114****423,incluido_ok
16903,,No busca cobertura médica,INCLUIDO,estado_no_calificado_canonico,asignaciones,2026-04-30 15:29:46.000000,s********@gmail.com,+54113****695,incluido_ok
16926,,No busca cobertura médica,INCLUIDO,estado_no_calificado_canonico,asignaciones,2026-04-30 14:52:38.000000,a*************@hotmail.com,+54115****187,incluido_ok
16933,,No busca cobertura médica,INCLUIDO,estado_no_calificado_canonico,asignaciones,2026-03-19 11:40:13.000000,p*******@yahoo.com,+54114****767,incluido_ok
16934,,No busca cobertura médica,INCLUIDO,estado_no_calificado_canonico,asignaciones,2026-03-19 12:44:24.000000,f*****************@gmail.com,+54113****795,incluido_ok
16945,,No busca cobertura médica,INCLUIDO,estado_no_calificado_canonico,asignaciones,2026-04-19 12:53:34.000000,r********@gmail.com,+54290****574,incluido_ok
16946,,No busca cobertura médica,INCLUIDO,estado_no_calificado_canonico,asignaciones,2026-04-19 12:54:29.000000,s*********@gmail.com,+54115****384,incluido_ok
16955,,No busca cobertura médica,INCLUIDO,estado_no_calificado_canonico,asignaciones,2026-04-24 15:12:36.000000,l*************@gmail.comp,+54929*****609,incluido_ok
16957,,No busca cobertura médica,INCLUIDO,estado_no_calificado_canonico,asignaciones,2026-04-19 13:20:27.000000,s************@gmail.com,+54113****027,incluido_ok
16958,,No busca cobertura médica,INCLUIDO,estado_no_calificado_canonico,asignaciones,2026-03-19 14:09:26.000000,a*******************@gmail.com,+54384****963,incluido_ok
16966,,Fuera de zona,INCLUIDO,estado_no_calificado_canonico,asignaciones,2026-03-19 15:35:00.000000,t*********************@gmail.com,+54387****266,incluido_ok
16970,,No busca cobertura médica,INCLUIDO,estado_no_calificado_canonico,asignaciones,2026-03-19 15:34:08.000000,p*******************@gmail.com,+54116****121,incluido_ok
16971,,Fuera de zona,INCLUIDO,estado_no_calificado_canonico,asignaciones,2026-03-19 11:18:50.000000,r**************@gmail.com,+54388****181,incluido_ok
16972,,No busca cobertura médica,INCLUIDO,estado_no_calificado_canonico,asignaciones,2026-06-08 10:03:36.000000,j*******************@gmail.com,+54343****403,incluido_ok
16989,,No busca cobertura médica,INCLUIDO,estado_no_calificado_canonico,asignaciones,2026-04-19 12:49:09.000000,p*******@hotmail.com,+54116****008,incluido_ok
16998,,No busca cobertura médica,INCLUIDO,estado_no_calificado_canonico,asignaciones,2026-03-23 10:18:08.000000,m**************@gmail.com,+54115****416,incluido_ok
17021,,No busca cobertura médica,INCLUIDO,estado_no_calificado_canonico,asignaciones,2026-04-23 17:18:10.000000,b*****************@gmail.com,+54234****581,incluido_ok
17022,,No busca cobertura médica,INCLUIDO,estado_no_calificado_canonico,asignaciones,2026-04-10 12:29:55.000000,r************@gmail.com,+54232****424,incluido_ok
17034,,Fuera de zona,INCLUIDO,estado_no_calificado_canonico,asignaciones,2026-04-10 15:14:50.000000,b**********@gmail.com,+54382****955,incluido_ok
17039,,Fuera de zona,INCLUIDO,estado_no_calificado_canonico,asignaciones,2026-03-20 10:27:43.000000,b*****************@gmail.com,+54264****882,incluido_ok
17048,,Fuera de zona,INCLUIDO,estado_no_calificado_canonico,asignaciones,2026-04-07 11:27:13.000000,c********************@gmail.com,+54113****733,incluido_ok
17050,,Fuera de zona,INCLUIDO,estado_no_calificado_canonico,asignaciones,2026-03-20 09:57:26.000000,l**********************@gmail.com,+54112****369,incluido_ok
17052,,No busca cobertura médica,INCLUIDO,estado_no_calificado_canonico,asignaciones,2026-04-07 15:15:06.000000,l***********@gmail.com,+54234****708,incluido_ok
17054,,No busca cobertura médica,INCLUIDO,estado_no_calificado_canonico,asignaciones,2026-04-23 17:18:06.000000,a**************@gmail.com,+54116****074,incluido_ok
17060,,No busca cobertura médica,INCLUIDO,estado_no_calificado_canonico,asignaciones,2026-04-19 13:59:08.000000,m*******@hotmail.com,+54113****929,incluido_ok
17067,,No busca cobertura médica,INCLUIDO,estado_no_calificado_canonico,asignaciones,2026-04-23 17:18:02.000000,a****************@gmail.com,+54385****309,incluido_ok
17105,,No busca cobertura médica,INCLUIDO,estado_no_calificado_canonico,asignaciones,2026-03-23 16:04:05.000000,h***************@gmail.com,+54112****565,incluido_ok
17108,,Fuera de zona,INCLUIDO,estado_no_calificado_canonico,asignaciones,2026-04-23 16:30:21.000000,f**************@gmail.com,+54341****814,incluido_ok
17112,,Fuera de zona,INCLUIDO,estado_no_calificado_canonico,asignaciones,2026-03-25 15:41:57.000000,d*********************@gmail.com,+54116****579,incluido_ok
17113,,Fuera de zona,INCLUIDO,estado_no_calificado_canonico,asignaciones,2026-03-23 09:57:08.000000,l*******@gamil.com,+54375****822,incluido_ok
17115,,No busca cobertura médica,INCLUIDO,estado_no_calificado_canonico,asignaciones,2026-04-24 16:23:48.000000,a************@gmail.com,+54116****903,incluido_ok
17117,,Fuera de zona,INCLUIDO,estado_no_calificado_canonico,asignaciones,2026-03-21 16:42:20.000000,e******************@gmail.com,+54388****846,incluido_ok
17125,,Fuera de zona,INCLUIDO,estado_no_calificado_canonico,asignaciones,2026-03-23 11:29:39.000000,b************@gmail.com,+54343****873,incluido_ok
17131,,Fuera de zona,INCLUIDO,estado_no_calificado_canonico,asignaciones,2026-03-25 15:41:55.000000,m*************@gmail.com,+54222****508,incluido_ok
17137,,No busca cobertura médica,INCLUIDO,estado_no_calificado_canonico,asignaciones,2026-03-23 13:12:14.000000,m**************@gmail.com,+54113****194,incluido_ok
17149,,No busca cobertura médica,INCLUIDO,estado_no_calificado_canonico,asignaciones,2026-04-10 12:03:28.000000,i*************@gmail.com,+54115****404,incluido_ok
17152,,No busca cobertura médica,INCLUIDO,estado_no_calificado_canonico,asignaciones,2026-03-23 15:03:38.000000,s***********@gmail.com,+54113****899,incluido_ok
17153,,No busca cobertura médica,INCLUIDO,estado_no_calificado_canonico,asignaciones,2026-04-21 14:46:48.000000,c***********@gmail.com,+54115****251,incluido_ok
17154,,No busca cobertura médica,INCLUIDO,estado_no_calificado_canonico,asignaciones,2026-04-10 12:04:21.000000,c**************@hotmail.com,+54116****527,incluido_ok
17165,,Fuera de zona,INCLUIDO,estado_no_calificado_canonico,asignaciones,2026-03-23 11:27:43.000000,g********@gmail.com,+54115****251,incluido_ok
17168,,No busca cobertura médica,INCLUIDO,estado_no_calificado_canonico,asignaciones,2026-03-23 14:12:15.000000,f**************@gmail.com,+54384****397,incluido_ok
17171,,Fuera de zona,INCLUIDO,estado_no_calificado_canonico,asignaciones,2026-03-23 15:40:16.000000,c***********@gmail.com,+54384****689,incluido_ok
17173,,No busca cobertura médica,INCLUIDO,estado_no_calificado_canonico,asignaciones,2026-03-23 17:27:08.000000,n********@gmail.com,+54114****418,incluido_ok
17174,,Fuera de zona,INCLUIDO,estado_no_calificado_canonico,asignaciones,2026-03-23 09:57:18.000000,p**********************@gmail.com,+54112****879,incluido_ok
17180,,Fuera de zona,INCLUIDO,estado_no_calificado_canonico,asignaciones,2026-03-23 11:30:20.000000,f*****************@gmail.com,+54261****097,incluido_ok
17181,,No busca cobertura médica,INCLUIDO,estado_no_calificado_canonico,asignaciones,2026-04-23 13:48:57.000000,l**********@gmail.com,+54387****302,incluido_ok
17195,,No busca cobertura médica,INCLUIDO,estado_no_calificado_canonico,asignaciones,2026-03-23 14:51:01.000000,s***************@gmail.com,+54370****812,incluido_ok
17197,,No busca cobertura médica,INCLUIDO,estado_no_calificado_canonico,asignaciones,2026-03-23 10:38:03.000000,d***********@gmail.com,+54222****010,incluido_ok
17199,,No busca cobertura médica,INCLUIDO,estado_no_calificado_canonico,asignaciones,2026-03-23 13:51:49.000000,v**************@gmail.com,+54113****785,incluido_ok
17204,,No busca cobertura médica,INCLUIDO,estado_no_calificado_canonico,asignaciones,2026-04-21 14:05:50.000000,m**********************@gmail.com,+54370****327,incluido_ok
17213,,No busca cobertura médica,INCLUIDO,estado_no_calificado_canonico,asignaciones,2026-03-23 12:46:17.000000,m***********@gmail.com,+54115****988,incluido_ok
17219,,No busca cobertura médica,INCLUIDO,estado_no_calificado_canonico,asignaciones,2026-05-11 17:00:41.000000,c************@gmail.com,+54114****206,incluido_ok
17223,,Fuera de zona,INCLUIDO,estado_no_calificado_canonico,asignaciones,2026-03-23 12:02:23.000000,j**********************@gmail.com,+54385****240,incluido_ok
17227,,No busca cobertura médica,INCLUIDO,estado_no_calificado_canonico,asignaciones,2026-03-23 12:28:38.000000,r****************@gmail.com,+54383****073,incluido_ok
17231,,No busca cobertura médica,INCLUIDO,estado_no_calificado_canonico,asignaciones,2026-04-17 16:06:08.000000,y**********@gmail.com,+54117****837,incluido_ok
17233,,No busca cobertura médica,INCLUIDO,estado_no_calificado_canonico,asignaciones,2026-04-21 14:02:41.000000,s*************@gmail.com,+54116****574,incluido_ok
17236,,Fuera de zona,INCLUIDO,estado_no_calificado_canonico,asignaciones,2026-03-23 11:28:08.000000,l******************@gmail.com,+54113****975,incluido_ok
17238,,Fuera de zona,INCLUIDO,estado_no_calificado_canonico,asignaciones,2026-03-23 09:57:11.000000,b*************@gmail.com,+54345****986,incluido_ok
17257,,No busca cobertura médica,INCLUIDO,estado_no_calificado_canonico,asignaciones,2026-03-23 09:53:36.000000,b************@gmail.com,+54116****660,incluido_ok
17276,,No busca cobertura médica,INCLUIDO,estado_no_calificado_canonico,asignaciones,2026-03-25 09:37:50.000000,n********************@gmail.com,+54115****786,incluido_ok
17282,,No busca cobertura médica,INCLUIDO,estado_no_calificado_canonico,asignaciones,2026-04-01 11:56:46.000000,s************@gmail.com,+54113****636,incluido_ok
17283,,No busca cobertura médica,INCLUIDO,estado_no_calificado_canonico,asignaciones,2026-03-23 18:01:19.000000,l***************@gmail.com,+54116****837,incluido_ok
17288,,No busca cobertura médica,INCLUIDO,estado_no_calificado_canonico,asignaciones,2026-03-25 11:43:18.000000,m***********@gmail.com,+54232****194,incluido_ok
17289,,Fuera de zona,INCLUIDO,estado_no_calificado_canonico,asignaciones,2026-03-26 11:12:51.000000,g************@gmail.com,+54221****481,incluido_ok
17300,,No busca cobertura médica,INCLUIDO,estado_no_calificado_canonico,asignaciones,2026-03-28 11:52:51.000000,r*******@hotmail.com,+54911*****838,incluido_ok
17317,,No busca cobertura médica,INCLUIDO,estado_no_calificado_canonico,asignaciones,2026-03-25 11:49:33.000000,i***************@gmail.com,+54221****744,incluido_ok
17320,,No busca cobertura médica,INCLUIDO,estado_no_calificado_canonico,asignaciones,2026-04-19 13:38:36.000000,r***************@gmail.com,+54226****795,incluido_ok
17336,,No busca cobertura médica,INCLUIDO,estado_no_calificado_canonico,asignaciones,2026-04-19 13:17:38.000000,q****************@gmail.com,+54364****387,incluido_ok
17338,,Fuera de zona,INCLUIDO,estado_no_calificado_canonico,asignaciones,2026-04-13 16:23:48.000000,c*****************@gmail.com,+54297****799,incluido_ok
17341,,No busca cobertura médica,INCLUIDO,estado_no_calificado_canonico,asignaciones,2026-03-27 09:46:43.000000,s*******************@gmail.com,+54381****136,incluido_ok
17343,,Fuera de zona,INCLUIDO,estado_no_calificado_canonico,asignaciones,2026-04-04 17:19:10.000000,m**********@gmail.com,+54381****892,incluido_ok
17346,,No busca cobertura médica,INCLUIDO,estado_no_calificado_canonico,asignaciones,2026-04-21 14:00:24.000000,e***************@gmail.com,+54223****628,incluido_ok
17347,,No busca cobertura médica,INCLUIDO,estado_no_calificado_canonico,asignaciones,2026-03-27 09:45:47.000000,n*******@gmail.com,+54911*****852,incluido_ok
17355,,No busca cobertura médica,INCLUIDO,estado_no_calificado_canonico,asignaciones,2026-04-07 14:24:11.000000,a*********************@gmail.com,+54364****460,incluido_ok
17367,,No busca cobertura médica,INCLUIDO,estado_no_calificado_canonico,asignaciones,2026-04-19 13:38:22.000000,b*****************@gmail.com,+54911*****156,incluido_ok
17384,,No busca cobertura médica,INCLUIDO,estado_no_calificado_canonico,asignaciones,2026-03-27 09:45:30.000000,b********************@gmail.com,+54113****414,incluido_ok
17386,,No busca cobertura médica,INCLUIDO,estado_no_calificado_canonico,asignaciones,2026-04-13 17:21:00.000000,k*********@gmail.com,+54384****036,incluido_ok
17388,,No busca cobertura médica,INCLUIDO,estado_no_calificado_canonico,asignaciones,2026-03-25 16:40:19.000000,h*******************@gmail.com,+54298****824,incluido_ok
17391,,No busca cobertura médica,INCLUIDO,estado_no_calificado_canonico,asignaciones,2026-04-09 17:28:29.000000,g***************@gmail.com,+54295****965,incluido_ok
17399,,No busca cobertura médica,INCLUIDO,estado_no_calificado_canonico,asignaciones,2026-03-25 15:23:00.000000,m******@hotmail.com,+54113****587,incluido_ok
17405,,No busca cobertura médica,INCLUIDO,estado_no_calificado_canonico,asignaciones,2026-04-21 11:53:16.000000,n***********@gmail.com,+54113****918,incluido_ok
17408,,No busca cobertura médica,INCLUIDO,estado_no_calificado_canonico,asignaciones,2026-04-07 14:15:06.000000,t*********************@gmail.com,+54265****294,incluido_ok
17415,,No busca cobertura médica,INCLUIDO,estado_no_calificado_canonico,asignaciones,2026-03-25 18:03:01.000000,k***********@gmail.com,+54113****052,incluido_ok
17423,,No busca cobertura médica,INCLUIDO,estado_no_calificado_canonico,asignaciones,2026-04-29 16:59:44.000000,j***************@gmail.com,+54115****043,incluido_ok
17428,,No busca cobertura médica,INCLUIDO,estado_no_calificado_canonico,asignaciones,2026-03-25 16:41:33.000000,p*********@gmail.com,+54112****304,incluido_ok
17432,,No busca cobertura médica,INCLUIDO,estado_no_calificado_canonico,asignaciones,2026-04-29 15:18:20.000000,s**************@gmail.com,+54117****201,incluido_ok
17434,,No busca cobertura médica,INCLUIDO,estado_no_calificado_canonico,asignaciones,2026-03-26 15:35:16.000000,l****************@gmail.com,+54116****299,incluido_ok
17438,,No busca cobertura médica,INCLUIDO,estado_no_calificado_canonico,asignaciones,2026-04-19 13:09:55.000000,a*****************@gmail.com,+54911*****272,incluido_ok
17446,,No busca cobertura médica,INCLUIDO,estado_no_calificado_canonico,asignaciones,2026-04-13 10:56:58.000000,m******************@gmail.com,+54116****494,incluido_ok
17451,,No busca cobertura médica,INCLUIDO,estado_no_calificado_canonico,asignaciones,2026-04-09 17:05:14.000000,a*********@gmail.com,+54117****078,incluido_ok
17453,,No busca cobertura médica,INCLUIDO,estado_no_calificado_canonico,asignaciones,2026-04-09 17:01:20.000000,l*****************@gmail.com,+54228****192,incluido_ok
17463,,Fuera de zona,INCLUIDO,estado_no_calificado_canonico,asignaciones,2026-03-26 09:58:17.000000,p**********@gmail.com,+54115****512,incluido_ok
17467,,No busca cobertura médica,INCLUIDO,estado_no_calificado_canonico,asignaciones,2026-04-09 12:48:39.000000,j*************************@gmail.com,+54114****356,incluido_ok
17487,,No busca cobertura médica,INCLUIDO,estado_no_calificado_canonico,asignaciones,2026-04-09 11:53:10.000000,y***************@gmail.com,+54113****048,incluido_ok
17500,,No busca cobertura médica,INCLUIDO,estado_no_calificado_canonico,asignaciones,2026-03-30 15:14:05.000000,k*************@gmail.com,+54116****186,incluido_ok
17511,,No busca cobertura médica,INCLUIDO,estado_no_calificado_canonico,asignaciones,2026-03-27 10:19:59.000000,d********@gmail.com,+54113****726,incluido_ok
17520,,Fuera de zona,INCLUIDO,estado_no_calificado_canonico,asignaciones,2026-03-26 16:45:42.000000,a********@gmail.com,+54342****456,incluido_ok
17531,,No busca cobertura médica,INCLUIDO,estado_no_calificado_canonico,asignaciones,2026-04-08 16:55:37.000000,c*************@hotmail.com,+54115****051,incluido_ok
17545,,No busca cobertura médica,INCLUIDO,estado_no_calificado_canonico,asignaciones,2026-04-09 10:18:59.000000,s******************@gmail.com,+54115****705,incluido_ok
17552,,No busca cobertura médica,INCLUIDO,estado_no_calificado_canonico,asignaciones,2026-04-09 11:27:52.000000,c**********@gmail.com,+54112****701,incluido_ok
17557,,No busca cobertura médica,INCLUIDO,estado_no_calificado_canonico,asignaciones,2026-03-27 11:35:38.000000,a***************@gmail.com,+54116****003,incluido_ok
17558,,Fuera de zona,INCLUIDO,estado_no_calificado_canonico,asignaciones,2026-03-30 14:14:08.000000,t**********************@gmail.com,+54384****516,incluido_ok
17564,,Fuera de zona,INCLUIDO,estado_no_calificado_canonico,asignaciones,2026-03-27 11:00:06.000000,m******************@gmail.com,+54112****278,incluido_ok
17568,,No busca cobertura médica,INCLUIDO,estado_no_calificado_canonico,asignaciones,2026-04-10 10:14:09.000000,b*******************@gmail.com,+54266****668,incluido_ok
17570,,Fuera de zona,INCLUIDO,estado_no_calificado_canonico,asignaciones,2026-03-27 10:24:03.000000,d***************@gmail.com,+54374****009,incluido_ok
17576,,No busca cobertura médica,INCLUIDO,estado_no_calificado_canonico,asignaciones,2026-04-19 13:26:37.000000,s************@gmail.com,+54934*****154,incluido_ok
17589,,Fuera de zona,INCLUIDO,estado_no_calificado_canonico,asignaciones,2026-03-27 10:24:19.000000,t********************@gmail.com,+54385****016,incluido_ok
17603,,No busca cobertura médica,INCLUIDO,estado_no_calificado_canonico,asignaciones,2026-03-29 11:48:49.000000,l*************@bue.edu.ar,+54115****767,incluido_ok
17606,,Fuera de zona,INCLUIDO,estado_no_calificado_canonico,asignaciones,2026-06-11 13:47:25.000000,c****************@gmail.com,+54388****398,incluido_ok
17627,,No busca cobertura médica,INCLUIDO,estado_no_calificado_canonico,asignaciones,2026-04-15 11:31:08.000000,m************@gmail.com,+54116****003,incluido_ok
17639,,Fuera de zona,INCLUIDO,estado_no_calificado_canonico,asignaciones,2026-03-30 14:12:44.000000,r*********@gmail.com,+54381****589,incluido_ok
17641,,No busca cobertura médica,INCLUIDO,estado_no_calificado_canonico,asignaciones,2026-03-30 14:10:28.000000,j**************@gmail.com,+54113****309,incluido_ok
17648,,No busca cobertura médica,INCLUIDO,estado_no_calificado_canonico,asignaciones,2026-03-30 10:06:29.000000,r****************@gmail.com,+54265****467,incluido_ok
17650,,No busca cobertura médica,INCLUIDO,estado_no_calificado_canonico,asignaciones,2026-03-31 14:42:04.000000,m*************@gmail.com,+54221****090,incluido_ok
17655,,Fuera de zona,INCLUIDO,estado_no_calificado_canonico,asignaciones,2026-03-30 11:48:15.000000,e*****************@gmail.com,+54385****906,incluido_ok
17661,,No busca cobertura médica,INCLUIDO,estado_no_calificado_canonico,asignaciones,2026-03-31 12:48:30.000000,a***********@gmail.com,+54115****468,incluido_ok
17663,,No busca cobertura médica,INCLUIDO,estado_no_calificado_canonico,asignaciones,2026-03-29 10:05:59.000000,p***************@gmail.com,+54113****693,incluido_ok
17683,,No busca cobertura médica,INCLUIDO,estado_no_calificado_canonico,asignaciones,2026-03-30 15:52:29.000000,f****************@gmail.com,+54116****821,incluido_ok
17698,,No busca cobertura médica,INCLUIDO,estado_no_calificado_canonico,asignaciones,2026-03-30 15:07:20.000000,m**************@gmail.com,+54114****783,incluido_ok
17699,,Fuera de zona,INCLUIDO,estado_no_calificado_canonico,asignaciones,2026-03-30 11:50:49.000000,o**********@gmail.com,+54295****534,incluido_ok
17702,,No busca cobertura médica,INCLUIDO,estado_no_calificado_canonico,asignaciones,2026-04-09 16:07:09.000000,m****************@gmail.com,+54112****331,incluido_ok
17731,,No busca cobertura médica,INCLUIDO,estado_no_calificado_canonico,asignaciones,2026-03-29 15:22:53.000000,h*********@gmail.com,+54115****830,incluido_ok
17734,,Fuera de zona,INCLUIDO,estado_no_calificado_canonico,asignaciones,2026-03-30 11:52:54.000000,m**************@gmail.com,+54221****899,incluido_ok
17754,,No busca cobertura médica,INCLUIDO,estado_no_calificado_canonico,asignaciones,2026-03-31 12:28:35.000000,d***************@gmail.com,+54112****067,incluido_ok
17760,,Fuera de zona,INCLUIDO,estado_no_calificado_canonico,asignaciones,2026-03-30 12:15:11.000000,k********@gmail.com,+54343****829,incluido_ok
17766,,No busca cobertura médica,INCLUIDO,estado_no_calificado_canonico,asignaciones,2026-04-09 10:56:39.000000,h****************@gmail.com,+54117****876,incluido_ok
17768,,Fuera de zona,INCLUIDO,estado_no_calificado_canonico,asignaciones,2026-03-31 12:21:00.000000,b***************@gmail.com,+54383****115,incluido_ok
17772,,Fuera de zona,INCLUIDO,estado_no_calificado_canonico,asignaciones,2026-03-30 10:15:27.000000,b***************@gmail.com,+54221****180,incluido_ok
17777,,Fuera de zona,INCLUIDO,estado_no_calificado_canonico,asignaciones,2026-04-17 10:49:33.000000,r****************@gmail.com,+54294****534,incluido_ok
17786,,Fuera de zona,INCLUIDO,estado_no_calificado_canonico,asignaciones,2026-03-30 10:15:12.000000,m****************@gmail.com,+54228****234,incluido_ok
17788,,Fuera de zona,INCLUIDO,estado_no_calificado_canonico,asignaciones,2026-08-03 11:12:49.000000,g***************@gmail.com,+54225****761,incluido_ok
17795,,No busca cobertura médica,INCLUIDO,estado_no_calificado_canonico,asignaciones,2026-04-06 16:37:48.000000,m******************@hotmail.com,+54116****935,incluido_ok
17800,,Fuera de zona,INCLUIDO,estado_no_calificado_canonico,asignaciones,2026-03-30 10:15:20.000000,s*********@gmail.com,+54112****315,incluido_ok
17810,,No busca cobertura médica,INCLUIDO,estado_no_calificado_canonico,asignaciones,2026-07-16 18:58:02.000000,a***********@gmail.com,+54383****785,incluido_ok
17818,,No busca cobertura médica,INCLUIDO,estado_no_calificado_canonico,asignaciones,2026-04-08 15:42:42.000000,r******@hotmail.com,+54112****317,incluido_ok
17851,,No busca cobertura médica,INCLUIDO,estado_no_calificado_canonico,asignaciones,2026-03-31 11:08:59.000000,l**************@gmail.com,+54297****210,incluido_ok
17856,,Fuera de zona,INCLUIDO,estado_no_calificado_canonico,asignaciones,2026-03-31 17:23:46.000000,j*********@gmail.com,+54299****691,incluido_ok
17874,,No busca cobertura médica,INCLUIDO,estado_no_calificado_canonico,asignaciones,2026-07-31 11:51:52.000000,c************@gmail.com,+54387****900,incluido_ok
17878,,No busca cobertura médica,INCLUIDO,estado_no_calificado_canonico,asignaciones,2026-03-31 10:49:48.000000,j********@gmail.com,+54115****368,incluido_ok
17881,,No busca cobertura médica,INCLUIDO,estado_no_calificado_canonico,asignaciones,2026-04-01 15:48:26.000000,e******************@gmail.com,+54298****089,incluido_ok
17887,,No busca cobertura médica,INCLUIDO,estado_no_calificado_canonico,asignaciones,2026-04-06 11:47:38.000000,n*****************@gmail.com,+54116****502,incluido_ok
17893,,No busca cobertura médica,INCLUIDO,estado_no_calificado_canonico,asignaciones,2026-04-11 14:52:05.000000,m********@gmail.com,+54113****484,incluido_ok
17915,,No busca cobertura médica,INCLUIDO,estado_no_calificado_canonico,asignaciones,2026-06-12 17:01:59.000000,m***********************@gmail.com,+54114****158,incluido_ok
17920,,No busca cobertura médica,INCLUIDO,estado_no_calificado_canonico,asignaciones,2026-04-01 16:15:39.000000,r********************@gmail.com,+54344****776,incluido_ok
17930,,Fuera de zona,INCLUIDO,estado_no_calificado_canonico,asignaciones,2026-04-01 11:54:10.000000,t*************@gmail.com,+54291****005,incluido_ok
17956,,No busca cobertura médica,INCLUIDO,estado_no_calificado_canonico,asignaciones,2026-04-07 11:10:09.000000,d*********@gmail.com,+54112****594,incluido_ok
17963,,No busca cobertura médica,INCLUIDO,estado_no_calificado_canonico,asignaciones,2026-04-01 11:16:17.000000,g************@gmail.com,+54117****785,incluido_ok
17980,,No busca cobertura médica,INCLUIDO,estado_no_calificado_canonico,asignaciones,2026-04-06 11:44:20.000000,c***************@gmail.com,+54116****085,incluido_ok
17985,,No busca cobertura médica,INCLUIDO,estado_no_calificado_canonico,asignaciones,2026-04-01 11:07:33.000000,j**********@gmail.com,+54382****176,incluido_ok
18027,,No busca cobertura médica,INCLUIDO,estado_no_calificado_canonico,asignaciones,2026-04-07 11:38:06.000000,d*********************@gmail.com,+54113****602,incluido_ok
18040,,No busca cobertura médica,INCLUIDO,estado_no_calificado_canonico,asignaciones,2026-04-01 15:55:38.000000,g*********@gmail.com,+54113****826,incluido_ok
18041,,Fuera de zona,INCLUIDO,estado_no_calificado_canonico,asignaciones,2026-04-10 16:36:34.000000,g********@gmail.com,+54116****458,incluido_ok
18050,,No busca cobertura médica,INCLUIDO,estado_no_calificado_canonico,asignaciones,2026-04-06 16:01:04.000000,r*********@gmail.com,+54113****428,incluido_ok
18054,,No busca cobertura médica,INCLUIDO,estado_no_calificado_canonico,asignaciones,2026-04-06 16:09:52.000000,a**********@gmail.com,+54115****887,incluido_ok
18060,,No busca cobertura médica,INCLUIDO,estado_no_calificado_canonico,asignaciones,2026-04-09 16:59:49.000000,m******************@gmail.com,+54113****094,incluido_ok
18063,,No busca cobertura médica,INCLUIDO,estado_no_calificado_canonico,asignaciones,2026-04-07 11:37:40.000000,m****************@gmail.com,+54221****545,incluido_ok
18066,,No busca cobertura médica,INCLUIDO,estado_no_calificado_canonico,asignaciones,2026-04-07 11:47:30.000000,b******************@gmail.com,+54348****363,incluido_ok
18074,,No busca cobertura médica,INCLUIDO,estado_no_calificado_canonico,asignaciones,2026-07-28 13:11:02.000000,c**************@gmail.com,+54264****547,incluido_ok
18075,,No busca cobertura médica,INCLUIDO,estado_no_calificado_canonico,asignaciones,2026-04-06 12:59:47.000000,o**********@gmail.com,+54262****697,incluido_ok
18076,,No busca cobertura médica,INCLUIDO,estado_no_calificado_canonico,asignaciones,2026-04-08 10:36:25.000000,g****************@gmail.com,+54221****105,incluido_ok
18082,,No busca cobertura médica,INCLUIDO,estado_no_calificado_canonico,asignaciones,2026-07-28 13:11:43.000000,a*******************@gmail.com,+54344****721,incluido_ok
18087,,No busca cobertura médica,INCLUIDO,estado_no_calificado_canonico,asignaciones,2026-04-10 12:45:50.000000,y*************@gmail.com,+54387****027,incluido_ok
18089,,No busca cobertura médica,INCLUIDO,estado_no_calificado_canonico,asignaciones,2026-04-09 10:39:57.000000,m****************@gmail.com,+54221****546,incluido_ok
18090,,No busca cobertura médica,INCLUIDO,estado_no_calificado_canonico,asignaciones,2026-04-06 22:40:31.000000,b*************@gmail.com,+54296****550,incluido_ok
18091,,No busca cobertura médica,INCLUIDO,estado_no_calificado_canonico,asignaciones,2026-04-19 13:25:16.000000,l************@gmail.com,+54113****865,incluido_ok
18102,,No busca cobertura médica,INCLUIDO,estado_no_calificado_canonico,asignaciones,2026-04-07 14:41:26.000000,d*****************@gmail.com,+54116****392,incluido_ok
18108,,No busca cobertura médica,INCLUIDO,estado_no_calificado_canonico,asignaciones,2026-04-07 14:54:24.000000,m**********@gmail.com,+54113****001,incluido_ok
18114,,No busca cobertura médica,INCLUIDO,estado_no_calificado_canonico,asignaciones,2026-07-28 13:12:28.000000,m*********@gmail.com,+54113****480,incluido_ok
18116,,No busca cobertura médica,INCLUIDO,estado_no_calificado_canonico,asignaciones,2026-04-06 14:34:09.000000,g***************@hotmail.com,+54116****158,incluido_ok
18117,,No busca cobertura médica,INCLUIDO,estado_no_calificado_canonico,asignaciones,2026-04-19 13:58:13.000000,p**********************@gmail.com,+54114****500,incluido_ok
18118,,No busca cobertura médica,INCLUIDO,estado_no_calificado_canonico,asignaciones,2026-04-06 15:00:30.000000,b*************@gmail.com,+54116****633,incluido_ok
18121,,Fuera de zona,INCLUIDO,estado_no_calificado_canonico,asignaciones,2026-04-03 10:54:43.000000,c****************@gmail.com,+54262****225,incluido_ok
18123,,Fuera de zona,INCLUIDO,estado_no_calificado_canonico,asignaciones,2026-04-03 10:54:10.000000,f******************@gmail.com,+54387****667,incluido_ok
18128,,Fuera de zona,INCLUIDO,estado_no_calificado_canonico,asignaciones,2026-04-03 10:53:58.000000,b****************@gmail.com,+54371****040,incluido_ok
18132,,Fuera de zona,INCLUIDO,estado_no_calificado_canonico,asignaciones,2026-04-03 10:53:37.000000,m***********@gmail.com,+54926*****790,incluido_ok
18137,,Fuera de zona,INCLUIDO,estado_no_calificado_canonico,asignaciones,2026-04-03 10:47:51.000000,b**************@gmail.com,+54397****523,incluido_ok
18138,,No busca cobertura médica,INCLUIDO,estado_no_calificado_canonico,asignaciones,2026-04-19 13:59:30.000000,k************@gmail.com,+54221****961,incluido_ok
18141,,Fuera de zona,INCLUIDO,estado_no_calificado_canonico,asignaciones,2026-04-03 10:47:28.000000,l************@gmail.com,+54388****238,incluido_ok
18146,,No busca cobertura médica,INCLUIDO,estado_no_calificado_canonico,asignaciones,2026-04-19 13:02:54.000000,n******************@gmail.com,+54385****644,incluido_ok
18151,,Fuera de zona,INCLUIDO,estado_no_calificado_canonico,asignaciones,2026-04-03 10:43:28.000000,l******************@gmail.com,+54298****943,incluido_ok
18162,,No busca cobertura médica,INCLUIDO,estado_no_calificado_canonico,asignaciones,2026-04-13 11:07:01.000000,m********@gmail.com,+54113****546,incluido_ok
18166,,Fuera de zona,INCLUIDO,estado_no_calificado_canonico,asignaciones,2026-04-06 14:22:09.000000,a***************@gmail.com,+54221****725,incluido_ok
18171,,Fuera de zona,INCLUIDO,estado_no_calificado_canonico,asignaciones,2026-04-03 13:32:15.000000,l************************@gmail.com,+54385****510,incluido_ok
18176,,Fuera de zona,INCLUIDO,estado_no_calificado_canonico,asignaciones,2026-04-03 14:36:08.000000,f*******************@gmail.com,+54292****519,incluido_ok
18183,,No busca cobertura médica,INCLUIDO,estado_no_calificado_canonico,asignaciones,2026-04-07 17:15:44.000000,t******************@gmail.com,+54113****156,incluido_ok
18195,,No busca cobertura médica,INCLUIDO,estado_no_calificado_canonico,asignaciones,2026-07-28 13:13:13.000000,d****************@gmail.com,+54116****952,incluido_ok
18196,,Fuera de zona,INCLUIDO,estado_no_calificado_canonico,asignaciones,2026-04-04 11:43:57.000000,g************@gmail.com,+54224****070,incluido_ok
18201,,No busca cobertura médica,INCLUIDO,estado_no_calificado_canonico,asignaciones,2026-07-28 13:14:05.000000,a*************@gmail.com,+54348****163,incluido_ok
18202,,Fuera de zona,INCLUIDO,estado_no_calificado_canonico,asignaciones,2026-04-04 11:25:37.000000,v****************@gmail.com,+54345****937,incluido_ok
18207,,Fuera de zona,INCLUIDO,estado_no_calificado_canonico,asignaciones,2026-04-04 11:25:10.000000,d*************************@gmail.com,+54264****025,incluido_ok
18210,,No busca cobertura médica,INCLUIDO,estado_no_calificado_canonico,asignaciones,2026-07-29 10:43:50.000000,e***********@gmail.com,+54263****083,incluido_ok
18215,,Fuera de zona,INCLUIDO,estado_no_calificado_canonico,asignaciones,2026-04-04 11:21:48.000000,m**************@gmail.com,+54370****551,incluido_ok
18218,,No busca cobertura médica,INCLUIDO,estado_no_calificado_canonico,asignaciones,2026-04-19 13:58:33.000000,a********@gmail.com,+54112****390,incluido_ok
18220,,Fuera de zona,INCLUIDO,estado_no_calificado_canonico,asignaciones,2026-04-04 11:20:03.000000,n*************@gmail.com,+54291****257,incluido_ok
18224,,No busca cobertura médica,INCLUIDO,estado_no_calificado_canonico,asignaciones,2026-04-04 11:17:03.000000,m***************@gmiel.com,+54113****307,incluido_ok
18226,,No busca cobertura médica,INCLUIDO,estado_no_calificado_canonico,asignaciones,2026-07-29 10:44:30.000000,m******************@gmail.com,+54387****615,incluido_ok
18232,,No busca cobertura médica,INCLUIDO,estado_no_calificado_canonico,asignaciones,2026-04-09 10:02:41.000000,l*********@gmail.com,+54114****743,incluido_ok
18236,,Fuera de zona,INCLUIDO,estado_no_calificado_canonico,asignaciones,2026-04-04 11:06:18.000000,a*****************@gmail.com,+54385****022,incluido_ok
18238,,Fuera de zona,INCLUIDO,estado_no_calificado_canonico,asignaciones,2026-04-04 11:06:04.000000,m************@gmail.com,+54371****253,incluido_ok
18245,,No busca cobertura médica,INCLUIDO,estado_no_calificado_canonico,asignaciones,2026-04-19 13:23:08.000000,m******************@gmail.com,+54115****535,incluido_ok
18252,,No busca cobertura médica,INCLUIDO,estado_no_calificado_canonico,asignaciones,2026-07-29 10:44:54.000000,c**********@gmail.com,+54383****188,incluido_ok
18259,,No busca cobertura médica,INCLUIDO,estado_no_calificado_canonico,asignaciones,2026-07-29 10:45:21.000000,b**************@gmail.com,+54383****358,incluido_ok
18264,,Fuera de zona,INCLUIDO,estado_no_calificado_canonico,asignaciones,2026-04-06 13:34:37.000000,c**************@gmail.com,+54384****595,incluido_ok
18265,,Fuera de zona,INCLUIDO,estado_no_calificado_canonico,asignaciones,2026-04-04 14:40:50.000000,o*****************@gmail.com,+54264****146,incluido_ok
18271,,Fuera de zona,INCLUIDO,estado_no_calificado_canonico,asignaciones,2026-04-06 13:34:44.000000,j************@gmail.com,+54292****481,incluido_ok
18273,,No busca cobertura médica,INCLUIDO,estado_no_calificado_canonico,asignaciones,2026-04-06 14:32:50.000000,l**********@gmail.com,+54116****690,incluido_ok
18276,,No busca cobertura médica,INCLUIDO,estado_no_calificado_canonico,asignaciones,2026-04-06 10:01:16.000000,t********@hotmail.com,+54116****962,incluido_ok
18285,,Fuera de zona,INCLUIDO,estado_no_calificado_canonico,asignaciones,2026-04-05 10:06:47.000000,n***********@gmail.com,+54234****713,incluido_ok
18289,,Fuera de zona,INCLUIDO,estado_no_calificado_canonico,asignaciones,2026-04-05 10:06:35.000000,c***********@gmail.com,+54373****098,incluido_ok
18291,,Fuera de zona,INCLUIDO,estado_no_calificado_canonico,asignaciones,2026-04-05 10:06:21.000000,a*******************@gmail.com,+54356****389,incluido_ok
18292,,No busca cobertura médica,INCLUIDO,estado_no_calificado_canonico,asignaciones,2026-04-10 15:44:44.000000,b***************@gmail.com,+54235****957,incluido_ok
18293,,Fuera de zona,INCLUIDO,estado_no_calificado_canonico,asignaciones,2026-04-05 10:06:09.000000,c********@gmail.com,+54343****856,incluido_ok
18295,,No busca cobertura médica,INCLUIDO,estado_no_calificado_canonico,asignaciones,2026-04-10 16:53:59.000000,j***************@gmail.com,+54116****841,incluido_ok
18296,,Fuera de zona,INCLUIDO,estado_no_calificado_canonico,asignaciones,2026-04-05 10:05:57.000000,s*********@gmail.com,+54264****394,incluido_ok
18297,,No busca cobertura médica,INCLUIDO,estado_no_calificado_canonico,asignaciones,2026-04-06 17:47:20.000000,r********************@gmail.com,+54387****952,incluido_ok
18308,,Fuera de zona,INCLUIDO,estado_no_calificado_canonico,asignaciones,2026-04-05 13:58:18.000000,c***************@gmail.com,+54387****247,incluido_ok
18309,,No busca cobertura médica,INCLUIDO,estado_no_calificado_canonico,asignaciones,2026-04-10 16:58:25.000000,b*****************@gmail.com,+54370****582,incluido_ok
18310,,Fuera de zona,INCLUIDO,estado_no_calificado_canonico,asignaciones,2026-04-05 13:58:05.000000,l***************@gmail.com,+54385****211,incluido_ok
18317,,No busca cobertura médica,INCLUIDO,estado_no_calificado_canonico,asignaciones,2026-04-06 10:15:22.000000,r**************@gmail.com,+54115****004,incluido_ok
18320,,No busca cobertura médica,INCLUIDO,estado_no_calificado_canonico,asignaciones,2026-04-07 16:03:58.000000,s************@gmail.com,+54112****685,incluido_ok
18321,,Fuera de zona,INCLUIDO,estado_no_calificado_canonico,asignaciones,2026-04-05 16:10:32.000000,v****************@gmail.com,+54934*****139,incluido_ok
18323,,No busca cobertura médica,INCLUIDO,estado_no_calificado_canonico,asignaciones,2026-04-06 17:38:48.000000,j********@gmail.com,+54336****922,incluido_ok
18324,,Fuera de zona,INCLUIDO,estado_no_calificado_canonico,asignaciones,2026-04-05 16:10:14.000000,s**************@gmail.com,+54387****657,incluido_ok
18330,,No busca cobertura médica,INCLUIDO,estado_no_calificado_canonico,asignaciones,2026-04-06 10:24:14.000000,s*************@gmail.com,+54116****780,incluido_ok
18332,,Fuera de zona,INCLUIDO,estado_no_calificado_canonico,asignaciones,2026-04-06 07:18:25.000000,s*************@gmail.com,+54232****224,incluido_ok
18339,,Fuera de zona,INCLUIDO,estado_no_calificado_canonico,asignaciones,2026-04-06 07:17:51.000000,h**************@gmail.com,+54934*****208,incluido_ok
18342,,No busca cobertura médica,INCLUIDO,estado_no_calificado_canonico,asignaciones,2026-04-06 10:30:08.000000,y****************@gmail.com,+54116****419,incluido_ok
18344,,Fuera de zona,INCLUIDO,estado_no_calificado_canonico,asignaciones,2026-04-06 07:17:29.000000,c***********@gmail.com,+54387****206,incluido_ok
18346,,Fuera de zona,INCLUIDO,estado_no_calificado_canonico,asignaciones,2026-04-06 07:17:15.000000,p**************@gmail.com,+54353****769,incluido_ok
18349,,Fuera de zona,INCLUIDO,estado_no_calificado_canonico,asignaciones,2026-04-06 07:16:59.000000,m************@gmail.com,+54264****910,incluido_ok
18351,,No busca cobertura médica,INCLUIDO,estado_no_calificado_canonico,asignaciones,2026-04-13 17:12:14.000000,b************@gmail.com,+54223****417,incluido_ok
18352,,Fuera de zona,INCLUIDO,estado_no_calificado_canonico,asignaciones,2026-04-06 07:16:45.000000,g***************@gmail.com,+54383****815,incluido_ok
18355,,Fuera de zona,INCLUIDO,estado_no_calificado_canonico,asignaciones,2026-04-06 10:31:13.000000,g************@gmail.com,+54229****243,incluido_ok
18359,,No busca cobertura médica,INCLUIDO,estado_no_calificado_canonico,asignaciones,2026-04-13 17:16:05.000000,l****************@gmail.com,+54113****943,incluido_ok
18360,,Fuera de zona,INCLUIDO,estado_no_calificado_canonico,asignaciones,2026-04-06 10:48:49.000000,q***************@gmail.com,+54226****361,incluido_ok
18362,,No busca cobertura médica,INCLUIDO,estado_no_calificado_canonico,asignaciones,2026-04-06 10:53:58.000000,g*********@gmail.com,+54266****580,incluido_ok
18365,,Fuera de zona,INCLUIDO,estado_no_calificado_canonico,asignaciones,2026-04-17 11:52:50.000000,m***********@gmail.com,+54266****938,incluido_ok
18367,,Fuera de zona,INCLUIDO,estado_no_calificado_canonico,asignaciones,2026-04-17 11:53:27.000000,t*************@gmail.com,+54371****999,incluido_ok
18369,,Fuera de zona,INCLUIDO,estado_no_calificado_canonico,asignaciones,2026-04-17 11:57:24.000000,l************@gmail.com,+54351****872,incluido_ok
18373,,Fuera de zona,INCLUIDO,estado_no_calificado_canonico,asignaciones,2026-04-17 11:57:48.000000,a**********************@gmail.com,+54370****587,incluido_ok
18378,,Fuera de zona,INCLUIDO,estado_no_calificado_canonico,asignaciones,2026-04-17 11:58:52.000000,c*************@gmail.com,+54221****663,incluido_ok
18390,,No busca cobertura médica,INCLUIDO,estado_no_calificado_canonico,asignaciones,2026-04-08 12:24:12.000000,t**************@gmail.com,+54115****928,incluido_ok
18397,,No busca cobertura médica,INCLUIDO,estado_no_calificado_canonico,asignaciones,2026-04-08 10:10:03.000000,n***************@gmail.com,+54115****271,incluido_ok
18406,,No busca cobertura médica,INCLUIDO,estado_no_calificado_canonico,asignaciones,2026-04-07 10:39:03.000000,c************@gmail.com,+54387****157,incluido_ok
18408,,Fuera de zona,INCLUIDO,estado_no_calificado_canonico,asignaciones,2026-04-06 17:28:19.000000,c**************@gmail.com,+54261****400,incluido_ok
18412,,No busca cobertura médica,INCLUIDO,estado_no_calificado_canonico,asignaciones,2026-07-29 10:46:34.000000,c**************@gmail.com,+54112****458,incluido_ok
18415,,Fuera de zona,INCLUIDO,estado_no_calificado_canonico,asignaciones,2026-04-07 11:52:04.000000,o***********************@gmail.com,+54336****432,incluido_ok
18429,,No busca cobertura médica,INCLUIDO,estado_no_calificado_canonico,asignaciones,2026-04-10 13:00:17.000000,n*****************@gmail.com,+54116****631,incluido_ok
18443,,No busca cobertura médica,INCLUIDO,estado_no_calificado_canonico,asignaciones,2026-04-07 10:43:55.000000,g*******************@gmail.com,+54117****737,incluido_ok
18450,,No busca cobertura médica,INCLUIDO,estado_no_calificado_canonico,asignaciones,2026-04-07 14:57:41.000000,z*****************@gmail.com,+54388****415,incluido_ok
18452,,Fuera de zona,INCLUIDO,estado_no_calificado_canonico,asignaciones,2026-04-07 16:05:47.000000,g****************@gmail.com,+54387****385,incluido_ok
18454,,Fuera de zona,INCLUIDO,estado_no_calificado_canonico,asignaciones,2026-04-07 16:05:40.000000,w****************@gmail.com,+54384****524,incluido_ok
18459,,Fuera de zona,INCLUIDO,estado_no_calificado_canonico,asignaciones,2026-04-17 12:03:42.000000,c**************@gmail.com,+54385****322,incluido_ok
18463,,Fuera de zona,INCLUIDO,estado_no_calificado_canonico,asignaciones,2026-04-07 10:55:47.000000,s**************@gmail.com,+54344****009,incluido_ok
18465,,No busca cobertura médica,INCLUIDO,estado_no_calificado_canonico,asignaciones,2026-04-08 10:19:09.000000,c*****************@gmail.com,+54370****792,incluido_ok
18469,,No busca cobertura médica,INCLUIDO,estado_no_calificado_canonico,asignaciones,2026-04-07 11:48:45.000000,m*************@gmail.com,+54264****881,incluido_ok
18472,,No busca cobertura médica,INCLUIDO,estado_no_calificado_canonico,asignaciones,2026-04-11 14:22:20.000000,g*********@gmail.com,+54113****390,incluido_ok
18473,,No busca cobertura médica,INCLUIDO,estado_no_calificado_canonico,asignaciones,2026-04-07 10:48:37.000000,n************@gmail.cm,+54385****875,incluido_ok
18476,,No busca cobertura médica,INCLUIDO,estado_no_calificado_canonico,asignaciones,2026-04-08 12:18:19.000000,e********************@gmail.com,+54117****073,incluido_ok
18487,,No busca cobertura médica,INCLUIDO,estado_no_calificado_canonico,asignaciones,2026-04-08 10:11:11.000000,l**************@gmail.com,+54112****748,incluido_ok
18500,,No busca cobertura médica,INCLUIDO,estado_no_calificado_canonico,asignaciones,2026-04-19 13:14:28.000000,f*****************@gmail.com,+54115****959,incluido_ok
18517,,Fuera de zona,INCLUIDO,estado_no_calificado_canonico,asignaciones,2026-04-08 11:58:17.000000,v**************@gmail.com,+54387****331,incluido_ok
18519,,Fuera de zona,INCLUIDO,estado_no_calificado_canonico,asignaciones,2026-04-07 16:05:28.000000,r***********@gmail.com,+54343****432,incluido_ok
18525,,Fuera de zona,INCLUIDO,estado_no_calificado_canonico,asignaciones,2026-04-17 12:49:46.000000,y***********@gmail.com,+54387****048,incluido_ok
18528,,No busca cobertura médica,INCLUIDO,estado_no_calificado_canonico,asignaciones,2026-04-13 14:40:38.000000,e*******@hotmail.com,+54112****053,incluido_ok
18533,,Fuera de zona,INCLUIDO,estado_no_calificado_canonico,asignaciones,2026-04-10 17:20:20.000000,g***********@gmail.com,+54266****286,incluido_ok
18537,,No busca cobertura médica,INCLUIDO,estado_no_calificado_canonico,asignaciones,2026-04-08 12:07:50.000000,l**************@gmail.com,+54261****466,incluido_ok
18540,,Fuera de zona,INCLUIDO,estado_no_calificado_canonico,asignaciones,2026-04-17 12:50:13.000000,c**********************@gmail.com,+54377****468,incluido_ok
18553,,Fuera de zona,INCLUIDO,estado_no_calificado_canonico,asignaciones,2026-04-08 16:40:27.000000,v****************@gmail.com,+54112****507,incluido_ok
18558,,Fuera de zona,INCLUIDO,estado_no_calificado_canonico,asignaciones,2026-04-09 13:25:06.000000,p*************@gmail.com,+54223****605,incluido_ok
18561,,Fuera de zona,INCLUIDO,estado_no_calificado_canonico,asignaciones,2026-04-08 09:58:09.000000,v*************@gmail.com,+54383****982,incluido_ok
18563,,No busca cobertura médica,INCLUIDO,estado_no_calificado_canonico,asignaciones,2026-04-19 12:49:40.000000,a*************@gmail.com,+54113****779,incluido_ok
18570,,No busca cobertura médica,INCLUIDO,estado_no_calificado_canonico,asignaciones,2026-04-08 11:18:35.000000,d***************@gmail.com,+54113****375,incluido_ok
18596,,No busca cobertura médica,INCLUIDO,estado_no_calificado_canonico,asignaciones,2026-06-25 11:17:24.000000,b****************@gmail.com,+54113****573,incluido_ok
18597,,Fuera de zona,INCLUIDO,estado_no_calificado_canonico,asignaciones,2026-04-08 13:24:32.000000,r******************@gmail.com,+54387****212,incluido_ok
18604,,No busca cobertura médica,INCLUIDO,estado_no_calificado_canonico,asignaciones,2026-04-08 14:11:28.000000,c****************@gmail.com,+54113****734,incluido_ok
18630,,Fuera de zona,INCLUIDO,estado_no_calificado_canonico,asignaciones,2026-04-09 15:43:23.000000,s********@gmail.com,+54263****469,incluido_ok
18632,,No busca cobertura médica,INCLUIDO,estado_no_calificado_canonico,asignaciones,2026-04-09 14:29:54.000000,g****************@gmail.com,+54117****057,incluido_ok
18642,,Fuera de zona,INCLUIDO,estado_no_calificado_canonico,asignaciones,2026-04-10 17:12:41.000000,l*********************@gmail.com,+54938*****176,incluido_ok
18646,,Fuera de zona,INCLUIDO,estado_no_calificado_canonico,asignaciones,2026-04-09 12:12:15.000000,c***********@gmail.com,+54345****236,incluido_ok
18652,,No busca cobertura médica,INCLUIDO,estado_no_calificado_canonico,asignaciones,2026-04-10 16:59:35.000000,d**************@gmail.com,+54113****457,incluido_ok
18660,,No busca cobertura médica,INCLUIDO,estado_no_calificado_canonico,asignaciones,2026-04-09 10:28:20.000000,p************@yahoo.con,+54113****461,incluido_ok
18667,,No busca cobertura médica,INCLUIDO,estado_no_calificado_canonico,asignaciones,2026-04-09 10:57:48.000000,z********************@gmail.com,+54115****762,incluido_ok
18671,,Fuera de zona,INCLUIDO,estado_no_calificado_canonico,asignaciones,2026-04-09 15:21:17.000000,b*************@gmail.com,+54370****426,incluido_ok
18706,,No busca cobertura médica,INCLUIDO,estado_no_calificado_canonico,asignaciones,2026-04-19 10:15:34.000000,g**************@gmail.com,+54113****753,incluido_ok
18707,,Fuera de zona,INCLUIDO,estado_no_calificado_canonico,asignaciones,2026-04-15 14:51:43.000000,z********@gmail.com,+54388****936,incluido_ok
18716,,Fuera de zona,INCLUIDO,estado_no_calificado_canonico,asignaciones,2026-04-10 17:10:37.000000,c************************@gmail.com,+54221****217,incluido_ok
18718,,Fuera de zona,INCLUIDO,estado_no_calificado_canonico,asignaciones,2026-04-10 10:13:10.000000,s********************@gmail.com,+54381****900,incluido_ok
18726,,No busca cobertura médica,INCLUIDO,estado_no_calificado_canonico,asignaciones,2026-07-29 10:47:52.000000,h**********@gmail.com,+54911*****801,incluido_ok
18730,,No busca cobertura médica,INCLUIDO,estado_no_calificado_canonico,asignaciones,2026-04-10 15:26:21.000000,d**********@gmail.com,+54239****049,incluido_ok
18742,,No busca cobertura médica,INCLUIDO,estado_no_calificado_canonico,asignaciones,2026-04-10 12:15:34.000000,r*******@gmail.com,+54113****608,incluido_ok
18747,,Fuera de zona,INCLUIDO,estado_no_calificado_canonico,asignaciones,2026-04-17 13:32:07.000000,b*************@gmail.com,+54260****109,incluido_ok
18748,,Fuera de zona,INCLUIDO,estado_no_calificado_canonico,asignaciones,2026-04-10 11:52:11.000000,r***************@gmail.com,+54370****717,incluido_ok
18751,,No busca cobertura médica,INCLUIDO,estado_no_calificado_canonico,asignaciones,2026-05-04 17:32:59.000000,p****************@gmail.com,+54223****100,incluido_ok
18766,,Fuera de zona,INCLUIDO,estado_no_calificado_canonico,asignaciones,2026-04-10 14:06:39.000000,m********************@gmail.com,+54341****914,incluido_ok
18777,,Fuera de zona,INCLUIDO,estado_no_calificado_canonico,asignaciones,2026-05-04 17:34:25.000000,e***************@gmail.com,+54262****499,incluido_ok
18778,,No busca cobertura médica,INCLUIDO,estado_no_calificado_canonico,asignaciones,2026-07-16 18:57:55.000000,n**********@gmail.com,+54236****676,incluido_ok
18781,,No busca cobertura médica,INCLUIDO,estado_no_calificado_canonico,asignaciones,2026-04-10 16:56:56.000000,g***************@gmail.com,+54116****781,incluido_ok
18785,,Fuera de zona,INCLUIDO,estado_no_calificado_canonico,asignaciones,2026-04-10 15:10:51.000000,m*****************@gmail.com,+54226****436,incluido_ok
18789,,No busca cobertura médica,INCLUIDO,estado_no_calificado_canonico,asignaciones,2026-04-19 13:42:30.000000,a**********@gmail.com,+54113****180,incluido_ok
18804,,No busca cobertura médica,INCLUIDO,estado_no_calificado_canonico,asignaciones,2026-04-14 14:39:30.000000,c***********@gmail.com,+54247****283,incluido_ok
18813,,Fuera de zona,INCLUIDO,estado_no_calificado_canonico,asignaciones,2026-04-11 10:18:26.000000,c*****************@gmail.com,+54280****899,incluido_ok
18815,,No busca cobertura médica,INCLUIDO,estado_no_calificado_canonico,asignaciones,2026-04-12 12:08:38.000000,s*************@gmail.com,+54113****392,incluido_ok
18818,,Fuera de zona,INCLUIDO,estado_no_calificado_canonico,asignaciones,2026-04-17 13:45:51.000000,j**********@gmail.com,+54235****589,incluido_ok
18819,,No busca cobertura médica,INCLUIDO,estado_no_calificado_canonico,asignaciones,2026-04-14 14:37:38.000000,l*******************@gmail.com,+54113****120,incluido_ok
18822,,No busca cobertura médica,INCLUIDO,estado_no_calificado_canonico,asignaciones,2026-04-13 12:05:38.000000,g****************@gmail.com,+54112****911,incluido_ok
18825,,Fuera de zona,INCLUIDO,estado_no_calificado_canonico,asignaciones,2026-04-11 10:18:06.000000,a*************@gmail.com,+54348****980,incluido_ok
18831,,No busca cobertura médica,INCLUIDO,estado_no_calificado_canonico,asignaciones,2026-04-17 13:47:49.000000,d****************@gmail.com,+54261****935,incluido_ok
18835,,No busca cobertura médica,INCLUIDO,estado_no_calificado_canonico,asignaciones,2026-05-04 17:37:34.000000,s*********@gmail.com,+54116****082,incluido_ok
18839,,Fuera de zona,INCLUIDO,estado_no_calificado_canonico,asignaciones,2026-04-11 10:32:35.000000,y********@gmail.com,+54348****656,incluido_ok
18843,,No busca cobertura médica,INCLUIDO,estado_no_calificado_canonico,asignaciones,2026-04-19 13:19:57.000000,a*********@hotmail.com,+54115****341,incluido_ok
18854,,Fuera de zona,INCLUIDO,estado_no_calificado_canonico,asignaciones,2026-04-14 12:42:02.000000,e*************@gmail.com,+54385****223,incluido_ok
18855,,Fuera de zona,INCLUIDO,estado_no_calificado_canonico,asignaciones,2026-04-13 12:22:31.000000,k********@gmail.com,+54375****366,incluido_ok
18860,,Fuera de zona,INCLUIDO,estado_no_calificado_canonico,asignaciones,2026-04-13 10:01:11.000000,f*****************@gmail.com,+54221****769,incluido_ok
18862,,No busca cobertura médica,INCLUIDO,estado_no_calificado_canonico,asignaciones,2026-04-13 14:01:41.000000,l************@gmail.com,+54116****892,incluido_ok
18864,,No busca cobertura médica,INCLUIDO,estado_no_calificado_canonico,asignaciones,2026-04-14 15:12:47.000000,g**************@gmail.com,+54112****303,incluido_ok
18873,,No busca cobertura médica,INCLUIDO,estado_no_calificado_canonico,asignaciones,2026-04-19 10:14:33.000000,j***********@gmail.com,+54116****219,incluido_ok
18883,,No busca cobertura médica,INCLUIDO,estado_no_calificado_canonico,asignaciones,2026-04-13 12:25:27.000000,m**********@gmail.com,+54113****015,incluido_ok
18898,,No busca cobertura médica,INCLUIDO,estado_no_calificado_canonico,asignaciones,2026-04-13 17:17:36.000000,s****************@gmail.com,+54345****782,incluido_ok
18900,,Fuera de zona,INCLUIDO,estado_no_calificado_canonico,asignaciones,2026-04-12 01:35:36.000000,f**********@gmail.com,+54353****734,incluido_ok
18903,,No busca cobertura médica,INCLUIDO,estado_no_calificado_canonico,asignaciones,2026-04-19 10:14:03.000000,y*****************@gmail.com,+54117****211,incluido_ok
18907,,Fuera de zona,INCLUIDO,estado_no_calificado_canonico,asignaciones,2026-04-17 13:50:38.000000,a**************@gmail.com,+54265****168,incluido_ok
18914,,Fuera de zona,INCLUIDO,estado_no_calificado_canonico,asignaciones,2026-04-13 10:53:09.000000,g********************@gmail.com,+54263****336,incluido_ok
18916,,Fuera de zona,INCLUIDO,estado_no_calificado_canonico,asignaciones,2026-04-12 10:14:32.000000,b*************@gmail.com,+54112****739,incluido_ok
18918,,Fuera de zona,INCLUIDO,estado_no_calificado_canonico,asignaciones,2026-04-13 12:01:42.000000,l*************@gmail.com,+54343****660,incluido_ok
18919,,Fuera de zona,INCLUIDO,estado_no_calificado_canonico,asignaciones,2026-04-15 11:28:01.000000,l***********@gmail.com,+54341****509,incluido_ok
18922,,No busca cobertura médica,INCLUIDO,estado_no_calificado_canonico,asignaciones,2026-04-13 10:16:35.000000,m*****************@gmail.com,+54113****723,incluido_ok
18927,,No busca cobertura médica,INCLUIDO,estado_no_calificado_canonico,asignaciones,2026-04-13 10:55:45.000000,x********************@gmail.com,+54116****587,incluido_ok
18930,,No busca cobertura médica,INCLUIDO,estado_no_calificado_canonico,asignaciones,2026-04-17 09:55:22.000000,a**********@gmail.com,+54115****826,incluido_ok
18934,,Fuera de zona,INCLUIDO,estado_no_calificado_canonico,asignaciones,2026-04-15 11:27:03.000000,v****************@gmail.com,+54938*****240,incluido_ok
18944,,Fuera de zona,INCLUIDO,estado_no_calificado_canonico,asignaciones,2026-04-13 12:29:02.000000,v**************@gmail.com,+54221****436,incluido_ok
18945,,No busca cobertura médica,INCLUIDO,estado_no_calificado_canonico,asignaciones,2026-04-14 12:31:53.000000,g*****************@gmail.com,+54280****163,incluido_ok
18946,,Fuera de zona,INCLUIDO,estado_no_calificado_canonico,asignaciones,2026-04-13 10:57:26.000000,e***************@gmail.com,+54383****952,incluido_ok
18952,,No busca cobertura médica,INCLUIDO,estado_no_calificado_canonico,asignaciones,2026-04-13 15:53:12.000000,v*******@gmail.com,+54344****212,incluido_ok
18954,,Fuera de zona,INCLUIDO,estado_no_calificado_canonico,asignaciones,2026-04-13 10:35:52.000000,m*****************@gmail.com,+54116****520,incluido_ok
18959,,No busca cobertura médica,INCLUIDO,estado_no_calificado_canonico,asignaciones,2026-04-13 12:00:36.000000,e***********@gmail.com,+54116****744,incluido_ok
18965,,No busca cobertura médica,INCLUIDO,estado_no_calificado_canonico,asignaciones,2026-04-13 15:16:13.000000,m**************@gmail.com,+54221****908,incluido_ok
18972,,Fuera de zona,INCLUIDO,estado_no_calificado_canonico,asignaciones,2026-04-13 12:29:58.000000,l****************@gmail.com,+54345****684,incluido_ok
18976,,Fuera de zona,INCLUIDO,estado_no_calificado_canonico,asignaciones,2026-04-13 10:35:43.000000,b************@gmail.com,+54221****005,incluido_ok
18979,,No busca cobertura médica,INCLUIDO,estado_no_calificado_canonico,asignaciones,2026-05-04 17:42:01.000000,e*****************@gmail.com,+54115****059,incluido_ok
18983,,Fuera de zona,INCLUIDO,estado_no_calificado_canonico,asignaciones,2026-09-02 16:28:57.000000,o**************@gmail.com,+54344****828,incluido_ok
18988,,Fuera de zona,INCLUIDO,estado_no_calificado_canonico,asignaciones,2026-04-13 11:18:59.000000,c**********@gmail.com,+54221****536,incluido_ok
18996,,Fuera de zona,INCLUIDO,estado_no_calificado_canonico,asignaciones,2026-04-13 10:35:41.000000,j****************@gmail.com,+54232****709,incluido_ok
19015,,Fuera de zona,INCLUIDO,estado_no_calificado_canonico,asignaciones,2026-04-14 09:51:19.000000,c*******************@gmail.com,+54233****517,incluido_ok
19018,,No busca cobertura médica,INCLUIDO,estado_no_calificado_canonico,asignaciones,2026-04-13 12:29:36.000000,n************@gmail.com,+54343****421,incluido_ok
19033,,No busca cobertura médica,INCLUIDO,estado_no_calificado_canonico,asignaciones,2026-04-14 14:03:06.000000,a******************@gmail.com,+54343****626,incluido_ok
19045,,No busca cobertura médica,INCLUIDO,estado_no_calificado_canonico,asignaciones,2026-04-19 12:57:51.000000,a***********@outlook.com,+54114****063,incluido_ok
19055,,No busca cobertura médica,INCLUIDO,estado_no_calificado_canonico,asignaciones,2026-04-13 16:09:07.000000,j*********@gmail.com,+54114****421,incluido_ok
19069,,Fuera de zona,INCLUIDO,estado_no_calificado_canonico,asignaciones,2026-04-14 09:49:51.000000,l**************************@gmail.com,+54266****805,incluido_ok
19071,,No busca cobertura médica,INCLUIDO,estado_no_calificado_canonico,asignaciones,2026-04-16 17:11:50.000000,c***************@gmail.com,+54112****883,incluido_ok
19086,,No busca cobertura médica,INCLUIDO,estado_no_calificado_canonico,asignaciones,2026-04-19 12:55:30.000000,f**************@gmail.com,+54911*****175,incluido_ok
19095,,No busca cobertura médica,INCLUIDO,estado_no_calificado_canonico,asignaciones,2026-04-14 10:08:21.000000,a*********************@gmail.com,+54115****739,incluido_ok
19099,,Fuera de zona,INCLUIDO,estado_no_calificado_canonico,asignaciones,2026-04-14 09:49:32.000000,w*******@gmail.com,+54115****381,incluido_ok
19100,,No busca cobertura médica,INCLUIDO,estado_no_calificado_canonico,asignaciones,2026-04-15 17:39:00.000000,t************@gmail.com,+54112****241,incluido_ok
19104,,Fuera de zona,INCLUIDO,estado_no_calificado_canonico,asignaciones,2026-04-14 10:11:07.000000,b*****************@gmail.com,+54294****555,incluido_ok
19118,,No busca cobertura médica,INCLUIDO,estado_no_calificado_canonico,asignaciones,2026-04-14 10:20:55.000000,c***************@gmail.com,+54112****217,incluido_ok
19119,,Fuera de zona,INCLUIDO,estado_no_calificado_canonico,asignaciones,2026-04-14 10:51:18.000000,a****************@gmail.com,+54263****991,incluido_ok
19125,,No busca cobertura médica,INCLUIDO,estado_no_calificado_canonico,asignaciones,2026-04-14 19:24:03.000000,a**********@gmail.com,+54115****294,incluido_ok
19130,,Fuera de zona,INCLUIDO,estado_no_calificado_canonico,asignaciones,2026-04-14 19:23:47.000000,j****************@gmail.com,+54928*****268,incluido_ok
19134,,No busca cobertura médica,INCLUIDO,estado_no_calificado_canonico,asignaciones,2026-04-14 12:19:20.000000,m*****************@gmail.com,+54114****576,incluido_ok
19136,,No busca cobertura médica,INCLUIDO,estado_no_calificado_canonico,asignaciones,2026-04-15 12:06:58.000000,g**********@hotmai.com,+54116****420,incluido_ok
19139,,Fuera de zona,INCLUIDO,estado_no_calificado_canonico,asignaciones,2026-04-14 15:56:57.000000,c*************@gmail.com,+54247****497,incluido_ok
19146,,Fuera de zona,INCLUIDO,estado_no_calificado_canonico,asignaciones,2026-04-14 13:45:00.000000,t*************@gmail.com,+54388****754,incluido_ok
19160,,No busca cobertura médica,INCLUIDO,estado_no_calificado_canonico,asignaciones,2026-04-15 12:02:47.000000,c****************@gmail.com,+54262****306,incluido_ok
19166,,Fuera de zona,INCLUIDO,estado_no_calificado_canonico,asignaciones,2026-04-14 17:09:58.000000,c******************@gmail.com,+54261****129,incluido_ok
19170,,No busca cobertura médica,INCLUIDO,estado_no_calificado_canonico,asignaciones,2026-04-17 14:21:20.000000,g***********@gmail.com,+54112****595,incluido_ok
19189,,No busca cobertura médica,INCLUIDO,estado_no_calificado_canonico,asignaciones,2026-04-15 12:03:15.000000,m************@hotmail.com,+54112****667,incluido_ok
19191,,Fuera de zona,INCLUIDO,estado_no_calificado_canonico,asignaciones,2026-04-15 10:36:22.000000,a*****************@gmail.com,+54239****803,incluido_ok
19202,,No busca cobertura médica,INCLUIDO,estado_no_calificado_canonico,asignaciones,2026-06-08 12:33:11.000000,a********@gmail.com,+54116****257,incluido_ok
19204,,Fuera de zona,INCLUIDO,estado_no_calificado_canonico,asignaciones,2026-04-15 12:57:21.000000,y***********@gmail.com,+54344****097,incluido_ok
19208,,No busca cobertura médica,INCLUIDO,estado_no_calificado_canonico,asignaciones,2026-07-29 10:48:17.000000,c************@gmail.com,+54116****799,incluido_ok
19210,,Fuera de zona,INCLUIDO,estado_no_calificado_canonico,asignaciones,2026-04-15 11:16:49.000000,z************@gmail.com,+54364****820,incluido_ok
19214,,Fuera de zona,INCLUIDO,estado_no_calificado_canonico,asignaciones,2026-04-15 10:46:44.000000,a***********************@gmail.com,+54115****278,incluido_ok
19219,,Fuera de zona,INCLUIDO,estado_no_calificado_canonico,asignaciones,2026-04-15 11:43:14.000000,s**************@gmail.com,+54280****375,incluido_ok
19220,,Fuera de zona,INCLUIDO,estado_no_calificado_canonico,asignaciones,2026-04-17 15:12:28.000000,s************@gmail.com,+54221****336,incluido_ok
19246,,No busca cobertura médica,INCLUIDO,estado_no_calificado_canonico,asignaciones,2026-04-15 13:30:33.000000,f******************@gmail.com,+54117****523,incluido_ok
19256,,No busca cobertura médica,INCLUIDO,estado_no_calificado_canonico,asignaciones,2026-04-17 14:26:35.000000,p********@gmail.com,+54115****883,incluido_ok
19300,,No busca cobertura médica,INCLUIDO,estado_no_calificado_canonico,asignaciones,2026-04-19 10:11:19.000000,v************@gmail.com,+54112****202,incluido_ok
19302,,Fuera de zona,INCLUIDO,estado_no_calificado_canonico,asignaciones,2026-04-16 16:06:42.000000,r***********@gmail.com,+54117****280,incluido_ok
19319,,No busca cobertura médica,INCLUIDO,estado_no_calificado_canonico,asignaciones,2026-09-02 16:36:51.000000,m**************@gmail.com,+54117****248,incluido_ok
19329,,No busca cobertura médica,INCLUIDO,estado_no_calificado_canonico,asignaciones,2026-04-16 16:59:50.000000,s*****************@gmail.com,+54114****901,incluido_ok
19334,,Fuera de zona,INCLUIDO,estado_no_calificado_canonico,asignaciones,2026-04-19 10:12:15.000000,b********@gmail.com,+54345****153,incluido_ok
19336,,Fuera de zona,INCLUIDO,estado_no_calificado_canonico,asignaciones,2026-04-16 15:48:08.000000,r*******************@gmail.com,+54383****218,incluido_ok
19341,,Fuera de zona,INCLUIDO,estado_no_calificado_canonico,asignaciones,2026-04-16 16:53:42.000000,z***********@gmail.com,+54233****595,incluido_ok
19344,,No busca cobertura médica,INCLUIDO,estado_no_calificado_canonico,asignaciones,2026-04-17 15:23:50.000000,r*************@gmail.com,+54115****386,incluido_ok
19355,,Fuera de zona,INCLUIDO,estado_no_calificado_canonico,asignaciones,2026-04-17 15:26:11.000000,a**************@gmail.com,+54298****421,incluido_ok
19367,,Fuera de zona,INCLUIDO,estado_no_calificado_canonico,asignaciones,2026-04-20 17:25:59.000000,s***************@gmail.com,+54265****222,incluido_ok
19381,,No busca cobertura médica,INCLUIDO,estado_no_calificado_canonico,asignaciones,2026-04-17 15:38:09.000000,d*********************@gmail.com,+54115****047,incluido_ok
19388,,No busca cobertura médica,INCLUIDO,estado_no_calificado_canonico,asignaciones,2026-04-16 15:41:05.000000,a**********@gmail.com,+54112****211,incluido_ok
19392,,No busca cobertura médica,INCLUIDO,estado_no_calificado_canonico,asignaciones,2026-04-30 12:53:25.000000,r************@gmail.com,+54112****575,incluido_ok
19395,,No busca cobertura médica,INCLUIDO,estado_no_calificado_canonico,asignaciones,2026-04-16 16:17:44.000000,f*****************@gmail.com,+54112****851,incluido_ok
19418,,No busca cobertura médica,INCLUIDO,estado_no_calificado_canonico,asignaciones,2026-04-27 16:46:51.000000,d*******@gmail.com,+54115****950,incluido_ok
19419,,Fuera de zona,INCLUIDO,estado_no_calificado_canonico,asignaciones,2026-04-17 16:08:02.000000,b************@gmail.com,+54297****362,incluido_ok
19422,,No busca cobertura médica,INCLUIDO,estado_no_calificado_canonico,asignaciones,2026-04-21 11:57:48.000000,t************@gmail.com,+54114****969,incluido_ok
19425,,Fuera de zona,INCLUIDO,estado_no_calificado_canonico,asignaciones,2026-04-17 11:26:39.000000,v****************@gmail.com,+54336****547,incluido_ok
19430,,No busca cobertura médica,INCLUIDO,estado_no_calificado_canonico,asignaciones,2026-09-02 16:42:09.000000,2*******************@gmail.com,+54262****837,incluido_ok
19431,,No busca cobertura médica,INCLUIDO,estado_no_calificado_canonico,asignaciones,2026-04-21 16:51:24.000000,a************@gmail.com,+54112****121,incluido_ok
19432,,Fuera de zona,INCLUIDO,estado_no_calificado_canonico,asignaciones,2026-04-17 11:26:15.000000,l*************@gmail.com,+54232****026,incluido_ok
19435,,Fuera de zona,INCLUIDO,estado_no_calificado_canonico,asignaciones,2026-04-17 11:00:47.000000,r***************@gmail.com,+54261****667,incluido_ok
19436,,No busca cobertura médica,INCLUIDO,estado_no_calificado_canonico,asignaciones,2026-04-17 10:13:58.000000,y************@gmail.com,+54112****758,incluido_ok
19438,,No busca cobertura médica,INCLUIDO,estado_no_calificado_canonico,asignaciones,2026-04-18 09:52:57.000000,c*************@gmail.com,+54295****164,incluido_ok
19443,,No busca cobertura médica,INCLUIDO,estado_no_calificado_canonico,asignaciones,2026-04-17 10:06:37.000000,a********@gmail.com,+54112****907,incluido_ok
19449,,Fuera de zona,INCLUIDO,estado_no_calificado_canonico,asignaciones,2026-04-21 16:49:20.000000,f**************@gmail.com,+54297****482,incluido_ok
19466,,No busca cobertura médica,INCLUIDO,estado_no_calificado_canonico,asignaciones,2026-04-29 10:46:25.000000,m*********@gmail.com,+54113****305,incluido_ok
19472,,No busca cobertura médica,INCLUIDO,estado_no_calificado_canonico,asignaciones,2026-04-20 12:15:13.000000,a************@gmail.com,+54116****309,incluido_ok
19475,,Fuera de zona,INCLUIDO,estado_no_calificado_canonico,asignaciones,2026-04-27 16:51:55.000000,m********@gmail.com,+54226****745,incluido_ok
19477,,Fuera de zona,INCLUIDO,estado_no_calificado_canonico,asignaciones,2026-04-19 15:13:55.000000,b*************@gmail.com,+54343****255,incluido_ok
19483,,No busca cobertura médica,INCLUIDO,estado_no_calificado_canonico,asignaciones,2026-04-18 16:59:26.000000,l*************@gmail.com,+54222****686,incluido_ok
19491,,No busca cobertura médica,INCLUIDO,estado_no_calificado_canonico,asignaciones,2026-04-21 17:03:35.000000,r**************@gmail.com,+54112****514,incluido_ok
19492,,No busca cobertura médica,INCLUIDO,estado_no_calificado_canonico,asignaciones,2026-04-18 17:02:55.000000,a******************@gmail.com,+54112****085,incluido_ok
19494,,No busca cobertura médica,INCLUIDO,estado_no_calificado_canonico,asignaciones,2026-07-29 10:48:39.000000,2**********@gmail.com,+54262****797,incluido_ok
19495,,Fuera de zona,INCLUIDO,estado_no_calificado_canonico,asignaciones,2026-04-20 12:26:32.000000,k**************************@gmail.com,+54266****011,incluido_ok
19497,,No busca cobertura médica,INCLUIDO,estado_no_calificado_canonico,asignaciones,2026-04-18 17:04:37.000000,g**************@gmail.com,+54345****888,incluido_ok
19499,,No busca cobertura médica,INCLUIDO,estado_no_calificado_canonico,asignaciones,2026-04-21 17:12:12.000000,a*********************@gmail.com,+54112****987,incluido_ok
19504,,Fuera de zona,INCLUIDO,estado_no_calificado_canonico,asignaciones,2026-04-20 12:11:15.000000,r**************@gmail.com,+54296****538,incluido_ok
19505,,Fuera de zona,INCLUIDO,estado_no_calificado_canonico,asignaciones,2026-04-18 17:25:25.000000,e***************@gmail.com,+54386****980,incluido_ok
19512,,No busca cobertura médica,INCLUIDO,estado_no_calificado_canonico,asignaciones,2026-04-21 12:45:22.000000,m************@gmail.com,+54114****788,incluido_ok
19514,,Fuera de zona,INCLUIDO,estado_no_calificado_canonico,asignaciones,2026-04-18 17:28:33.000000,e***********@gmail.com,+54381****484,incluido_ok
19515,,No busca cobertura médica,INCLUIDO,estado_no_calificado_canonico,asignaciones,2026-04-21 17:15:49.000000,r******************@gmail.com,+54116****653,incluido_ok
19528,,No busca cobertura médica,INCLUIDO,estado_no_calificado_canonico,asignaciones,2026-04-18 18:39:50.000000,y**************@gmail.com,+54298****832,incluido_ok
19532,,Fuera de zona,INCLUIDO,estado_no_calificado_canonico,asignaciones,2026-04-20 17:18:22.000000,y**********@gmail.com,+54294****132,incluido_ok
19533,,No busca cobertura médica,INCLUIDO,estado_no_calificado_canonico,asignaciones,2026-04-20 12:32:25.000000,b***************@gmail.com,+54115****166,incluido_ok
19534,,Fuera de zona,INCLUIDO,estado_no_calificado_canonico,asignaciones,2026-04-22 11:05:10.000000,f***********@gmail.com,+54296****029,incluido_ok
19536,,No busca cobertura médica,INCLUIDO,estado_no_calificado_canonico,asignaciones,2026-04-20 12:32:25.000000,d************@gmail.com,+54115****061,incluido_ok
19538,,Fuera de zona,INCLUIDO,estado_no_calificado_canonico,asignaciones,2026-04-19 15:13:33.000000,l***************@gmail.com,+54298****930,incluido_ok
19545,,Fuera de zona,INCLUIDO,estado_no_calificado_canonico,asignaciones,2026-04-22 11:05:39.000000,a*********@gmail.com,+54295****571,incluido_ok
19548,,No busca cobertura médica,INCLUIDO,estado_no_calificado_canonico,asignaciones,2026-06-08 12:45:25.000000,l***************@gmail.com,+54117****885,incluido_ok
19550,,Fuera de zona,INCLUIDO,estado_no_calificado_canonico,asignaciones,2026-04-22 11:06:01.000000,p*************@gmail.com,+54221****062,incluido_ok
19555,,No busca cobertura médica,INCLUIDO,estado_no_calificado_canonico,asignaciones,2026-04-30 12:29:46.000000,c********************@gmail.com,+54116****680,incluido_ok
19556,,No busca cobertura médica,INCLUIDO,estado_no_calificado_canonico,asignaciones,2026-04-20 15:04:19.000000,l**************@gmail.com,+54232****051,incluido_ok
19563,,Fuera de zona,INCLUIDO,estado_no_calificado_canonico,asignaciones,2026-04-20 12:34:31.000000,m*****************@gmail.com,+54364****164,incluido_ok
19568,,Fuera de zona,INCLUIDO,estado_no_calificado_canonico,asignaciones,2026-04-19 15:13:45.000000,j**************@gmail.com,+54230****146,incluido_ok
19574,,Fuera de zona,INCLUIDO,estado_no_calificado_canonico,asignaciones,2026-04-20 10:35:12.000000,a************@gmail.com,+54294****192,incluido_ok
19579,,Fuera de zona,INCLUIDO,estado_no_calificado_canonico,asignaciones,2026-04-20 10:37:46.000000,e*******************@gmail.com,+54376****977,incluido_ok
19580,,No busca cobertura médica,INCLUIDO,estado_no_calificado_canonico,asignaciones,2026-04-20 10:40:39.000000,i**********@gmail.com,+54116****550,incluido_ok
19587,,Fuera de zona,INCLUIDO,estado_no_calificado_canonico,asignaciones,2026-04-20 10:45:36.000000,g*************@gmail.com,+54236****856,incluido_ok
19588,,Fuera de zona,INCLUIDO,estado_no_calificado_canonico,asignaciones,2026-04-24 16:30:01.000000,m****************@gmail.com,+54116****785,incluido_ok
19590,,No busca cobertura médica,INCLUIDO,estado_no_calificado_canonico,asignaciones,2026-04-20 17:15:37.000000,s************@gmail.com,+54114****469,incluido_ok
19592,,Fuera de zona,INCLUIDO,estado_no_calificado_canonico,asignaciones,2026-04-20 10:46:50.000000,a**************@gmail.com,+54232****681,incluido_ok
19596,,Fuera de zona,INCLUIDO,estado_no_calificado_canonico,asignaciones,2026-04-20 12:52:21.000000,t************@gmail.com,+54234****771,incluido_ok
19597,,No busca cobertura médica,INCLUIDO,estado_no_calificado_canonico,asignaciones,2026-09-02 16:45:32.000000,s****************@gmail.com,+54116****089,incluido_ok
19598,,Fuera de zona,INCLUIDO,estado_no_calificado_canonico,asignaciones,2026-04-20 10:53:39.000000,n***********@gmail.com,+54370****955,incluido_ok
19599,,No busca cobertura médica,INCLUIDO,estado_no_calificado_canonico,asignaciones,2026-04-20 13:09:31.000000,a****************@gmail.com,+54113****673,incluido_ok
19605,,Fuera de zona,INCLUIDO,estado_no_calificado_canonico,asignaciones,2026-04-20 11:11:25.000000,t**************@gmail.com,+54383****916,incluido_ok
19606,,No busca cobertura médica,INCLUIDO,estado_no_calificado_canonico,asignaciones,2026-04-20 11:13:26.000000,v****************@imail.com,+54117****662,incluido_ok
19607,,Fuera de zona,INCLUIDO,estado_no_calificado_canonico,asignaciones,2026-04-21 13:28:30.000000,o*******************@gmail.com,+54228****892,incluido_ok
19609,,No busca cobertura médica,INCLUIDO,estado_no_calificado_canonico,asignaciones,2026-04-21 12:09:39.000000,e********************@gmail.com,+54115****416,incluido_ok
19610,,Fuera de zona,INCLUIDO,estado_no_calificado_canonico,asignaciones,2026-04-20 12:54:13.000000,h********************@gmail.com,+54227****470,incluido_ok
19612,,Fuera de zona,INCLUIDO,estado_no_calificado_canonico,asignaciones,2026-04-20 11:14:32.000000,s*************@gmail.com,+54221****994,incluido_ok
19613,,Fuera de zona,INCLUIDO,estado_no_calificado_canonico,asignaciones,2026-04-20 11:17:24.000000,b********************@gmail.com,+54223****224,incluido_ok
19625,,Fuera de zona,INCLUIDO,estado_no_calificado_canonico,asignaciones,2026-04-20 10:50:05.000000,m**************@yahoo.com.ar,+54354****656,incluido_ok
19626,,No busca cobertura médica,INCLUIDO,estado_no_calificado_canonico,asignaciones,2026-09-02 16:46:19.000000,n*****************@gmail.com,+54116****594,incluido_ok
19628,,Fuera de zona,INCLUIDO,estado_no_calificado_canonico,asignaciones,2026-04-21 11:43:35.000000,a**************@gmai.com,+54235****024,incluido_ok
19632,,Fuera de zona,INCLUIDO,estado_no_calificado_canonico,asignaciones,2026-04-20 10:00:45.000000,s***********************@gmail.com,+54364****661,incluido_ok
19635,,No busca cobertura médica,INCLUIDO,estado_no_calificado_canonico,asignaciones,2026-04-20 11:43:35.000000,f********@gmail.com,+54115****447,incluido_ok
19636,,No busca cobertura médica,INCLUIDO,estado_no_calificado_canonico,asignaciones,2026-04-20 11:45:07.000000,m**********@gmail.com,+54117****703,incluido_ok
19658,,No busca cobertura médica,INCLUIDO,estado_no_calificado_canonico,asignaciones,2026-04-20 13:10:33.000000,s********************@gmail.com,+54116****511,incluido_ok
19667,,No busca cobertura médica,INCLUIDO,estado_no_calificado_canonico,asignaciones,2026-04-20 16:46:16.000000,j****************@gmail.com,+54346****820,incluido_ok
19673,,No busca cobertura médica,INCLUIDO,estado_no_calificado_canonico,asignaciones,2026-04-22 14:32:56.000000,a**********@gmail.com,+54113****242,incluido_ok
19679,,Fuera de zona,INCLUIDO,estado_no_calificado_canonico,asignaciones,2026-04-21 10:55:55.000000,a*************@gmail.com,+54112****981,incluido_ok
19684,,No busca cobertura médica,INCLUIDO,estado_no_calificado_canonico,asignaciones,2026-04-27 17:10:56.000000,l************@gmail.com,+54117****819,incluido_ok
19691,,No busca cobertura médica,INCLUIDO,estado_no_calificado_canonico,asignaciones,2026-04-21 14:07:19.000000,f*********************@gmail.com,+54112****630,incluido_ok
19694,,No busca cobertura médica,INCLUIDO,estado_no_calificado_canonico,asignaciones,2026-04-21 17:40:14.000000,j**************@gmail.com,+54377****799,incluido_ok
19695,,No busca cobertura médica,INCLUIDO,estado_no_calificado_canonico,asignaciones,2026-04-21 15:57:55.000000,e*************@gmail.com,+54336****533,incluido_ok
19705,,No busca cobertura médica,INCLUIDO,estado_no_calificado_canonico,asignaciones,2026-04-21 14:13:50.000000,n*************@hotmail.com,+54911*****117,incluido_ok
19727,,No busca cobertura médica,INCLUIDO,estado_no_calificado_canonico,asignaciones,2026-04-21 12:25:17.000000,a*****************@gmail.com,+54112****456,incluido_ok
19728,,No busca cobertura médica,INCLUIDO,estado_no_calificado_canonico,asignaciones,2026-04-22 14:52:08.000000,m***********@gmail.com,+54113****902,incluido_ok
19732,,No busca cobertura médica,INCLUIDO,estado_no_calificado_canonico,asignaciones,2026-04-22 10:54:15.000000,d*************@gmail.com,+54223****399,incluido_ok
19735,,Fuera de zona,INCLUIDO,estado_no_calificado_canonico,asignaciones,2026-04-21 12:27:30.000000,r************************@gmail.com,+54265****841,incluido_ok
19736,,No busca cobertura médica,INCLUIDO,estado_no_calificado_canonico,asignaciones,2026-04-21 12:28:40.000000,m*************@gmail.com,+54340****868,incluido_ok
19749,,No busca cobertura médica,INCLUIDO,estado_no_calificado_canonico,asignaciones,2026-04-21 10:48:25.000000,v***************@gmail.com,+54112****836,incluido_ok
19759,,No busca cobertura médica,INCLUIDO,estado_no_calificado_canonico,asignaciones,2026-04-21 13:21:44.000000,v**********@gmail.com,+54115****709,incluido_ok
19760,,Fuera de zona,INCLUIDO,estado_no_calificado_canonico,asignaciones,2026-04-21 15:03:47.000000,m***************@gmail.com,+54260****792,incluido_ok
19774,,Fuera de zona,INCLUIDO,estado_no_calificado_canonico,asignaciones,2026-04-21 18:27:58.000000,v***********@gmail.com,+54262****942,incluido_ok
19780,,No busca cobertura médica,INCLUIDO,estado_no_calificado_canonico,asignaciones,2026-04-21 16:07:07.000000,m*********@gmail.com,+54114****041,incluido_ok
19789,,No busca cobertura médica,INCLUIDO,estado_no_calificado_canonico,asignaciones,2026-04-23 09:54:04.000000,d**************@gmail.com,+54375****431,incluido_ok
19798,,Fuera de zona,INCLUIDO,estado_no_calificado_canonico,asignaciones,2026-04-22 15:17:46.000000,a*************@gmail.com,+54116****505,incluido_ok
19808,,No busca cobertura médica,INCLUIDO,estado_no_calificado_canonico,asignaciones,2026-04-22 14:31:28.000000,m**********@gmail.com,+54224****098,incluido_ok
19809,,Fuera de zona,INCLUIDO,estado_no_calificado_canonico,asignaciones,2026-04-22 10:36:57.000000,r**************@gmail.com,+54383****076,incluido_ok
19829,,No busca cobertura médica,INCLUIDO,estado_no_calificado_canonico,asignaciones,2026-09-02 16:47:37.000000,y*******@gmail.com,+54112****142,incluido_ok
19871,,No busca cobertura médica,INCLUIDO,estado_no_calificado_canonico,asignaciones,2026-04-23 11:15:20.000000,d************@gmail.com,+54113****317,incluido_ok
19876,,No busca cobertura médica,INCLUIDO,estado_no_calificado_canonico,asignaciones,2026-07-29 10:49:09.000000,f************@gmail.com,+54343****680,incluido_ok
19883,,Fuera de zona,INCLUIDO,estado_no_calificado_canonico,asignaciones,2026-04-23 10:40:35.000000,p**********@gmail.com,+54299****327,incluido_ok
19894,,No busca cobertura médica,INCLUIDO,estado_no_calificado_canonico,asignaciones,2026-04-23 11:39:15.000000,m*****************@gmail.com,+54112****447,incluido_ok
19896,,No busca cobertura médica,INCLUIDO,estado_no_calificado_canonico,asignaciones,2026-04-23 11:04:58.000000,m*************@gmail.com,+54113****459,incluido_ok
19901,,Fuera de zona,INCLUIDO,estado_no_calificado_canonico,asignaciones,2026-04-24 12:20:21.000000,j******************@gmail.com,+54113****655,incluido_ok
19903,,Fuera de zona,INCLUIDO,estado_no_calificado_canonico,asignaciones,2026-04-25 10:26:54.000000,r*******************@gmail.com,+54378****469,incluido_ok
19909,,Fuera de zona,INCLUIDO,estado_no_calificado_canonico,asignaciones,2026-04-23 11:02:57.000000,l*****************@gmail.com,+54221****735,incluido_ok
19919,,No busca cobertura médica,INCLUIDO,estado_no_calificado_canonico,asignaciones,2026-07-29 10:50:30.000000,c********@gmail.com,+54113****806,incluido_ok
19924,,Fuera de zona,INCLUIDO,estado_no_calificado_canonico,asignaciones,2026-04-23 11:35:03.000000,v*********@gmail.com,+54290****226,incluido_ok
19951,,No busca cobertura médica,INCLUIDO,estado_no_calificado_canonico,asignaciones,2026-04-27 17:15:03.000000,a*******************@gmail.com,+54115****913,incluido_ok
19981,,No busca cobertura médica,INCLUIDO,estado_no_calificado_canonico,asignaciones,2026-05-06 11:17:24.000000,j*******@gmail.com,+54112****167,incluido_ok
19996,,Fuera de zona,INCLUIDO,estado_no_calificado_canonico,asignaciones,2026-04-24 10:05:57.000000,l************@gmail.com,+54341****106,incluido_ok
20003,,Fuera de zona,INCLUIDO,estado_no_calificado_canonico,asignaciones,2026-04-24 10:09:16.000000,s****************@gmail.com,+54279****487,incluido_ok
20005,,No busca cobertura médica,INCLUIDO,estado_no_calificado_canonico,asignaciones,2026-04-24 16:49:43.000000,g*****************@gmail.com,+54221****182,incluido_ok
20015,,No busca cobertura médica,INCLUIDO,estado_no_calificado_canonico,asignaciones,2026-05-04 17:13:49.000000,o*************@gmail.com,+54112****689,incluido_ok
20036,,No busca cobertura médica,INCLUIDO,estado_no_calificado_canonico,asignaciones,2026-04-24 16:49:36.000000,i*********@gimail.com,+54223****941,incluido_ok
20041,,Fuera de zona,INCLUIDO,estado_no_calificado_canonico,asignaciones,2026-04-24 16:27:36.000000,a************@gmail.com,+54112****852,incluido_ok
20053,,Fuera de zona,INCLUIDO,estado_no_calificado_canonico,asignaciones,2026-04-24 13:33:37.000000,c****************@gmail.com,+54247****667,incluido_ok
20061,,No busca cobertura médica,INCLUIDO,estado_no_calificado_canonico,asignaciones,2026-05-25 14:32:00.000000,a*****************@gmail.com,+54115****612,incluido_ok
20073,,Fuera de zona,INCLUIDO,estado_no_calificado_canonico,asignaciones,2026-04-27 11:29:15.000000,g**************@gmail.com,+54114****859,incluido_ok
20078,,No busca cobertura médica,INCLUIDO,estado_no_calificado_canonico,asignaciones,2026-06-12 15:35:43.000000,r*************@gmail.com,+54113****225,incluido_ok
20086,,No busca cobertura médica,INCLUIDO,estado_no_calificado_canonico,asignaciones,2026-04-29 15:17:51.000000,d*******************@gmail.com,+54228****057,incluido_ok
20089,,No busca cobertura médica,INCLUIDO,estado_no_calificado_canonico,asignaciones,2026-05-08 16:20:09.000000,c*********@telecentro.com.ar,+54113****113,incluido_ok
20102,,Fuera de zona,INCLUIDO,estado_no_calificado_canonico,asignaciones,2026-04-27 10:02:17.000000,r**************@gmail.com,+54387****894,incluido_ok
20105,,No busca cobertura médica,INCLUIDO,estado_no_calificado_canonico,asignaciones,2026-04-29 15:09:19.000000,m*****************@abc.gob.ar,+54239****325,incluido_ok
20141,,Fuera de zona,INCLUIDO,estado_no_calificado_canonico,asignaciones,2026-05-06 11:26:43.000000,e**************@gmail.com,+54223****542,incluido_ok
20160,,No busca cobertura médica,INCLUIDO,estado_no_calificado_canonico,asignaciones,2026-04-27 11:02:19.000000,i************@gmail.com,+54112****829,incluido_ok
20169,,No busca cobertura médica,INCLUIDO,estado_no_calificado_canonico,asignaciones,2026-04-27 10:54:30.000000,r*******@yahoo.com,+54115****080,incluido_ok
20172,,Fuera de zona,INCLUIDO,estado_no_calificado_canonico,asignaciones,2026-04-27 15:44:18.000000,t****************************@gmail.com,+54297****433,incluido_ok
20173,,Fuera de zona,INCLUIDO,estado_no_calificado_canonico,asignaciones,2026-06-30 11:58:27.000000,m*************@gmail.com,+54115****318,incluido_ok
20176,,No busca cobertura médica,INCLUIDO,estado_no_calificado_canonico,asignaciones,2026-04-27 13:16:04.000000,l***************@gmail.com,+54266****636,incluido_ok
20179,,No busca cobertura médica,INCLUIDO,estado_no_calificado_canonico,asignaciones,2026-05-04 12:07:41.000000,b*****************@gmail.com,+54263****829,incluido_ok
20180,,Fuera de zona,INCLUIDO,estado_no_calificado_canonico,asignaciones,2026-04-27 09:38:31.000000,r****************@gmail.com,+54387****625,incluido_ok
20183,,Fuera de zona,INCLUIDO,estado_no_calificado_canonico,asignaciones,2026-04-27 10:45:47.000000,v*******@gmail.com,+54224****549,incluido_ok
20189,,Fuera de zona,INCLUIDO,estado_no_calificado_canonico,asignaciones,2026-05-04 16:22:14.000000,n****************@gmail.com,+54294****698,incluido_ok
20190,,No busca cobertura médica,INCLUIDO,estado_no_calificado_canonico,asignaciones,2026-04-27 13:15:23.000000,c********************@gmail.com,+54387****526,incluido_ok
20193,,Fuera de zona,INCLUIDO,estado_no_calificado_canonico,asignaciones,2026-04-27 15:44:14.000000,d*****************@gmail.com,+54344****627,incluido_ok
20196,,No busca cobertura médica,INCLUIDO,estado_no_calificado_canonico,asignaciones,2026-04-27 10:46:20.000000,c*********************@gmail.com,+54115****768,incluido_ok
20210,,Fuera de zona,INCLUIDO,estado_no_calificado_canonico,asignaciones,2026-04-28 11:36:26.000000,b*******************@gmail.com,+54114****526,incluido_ok
20235,,No busca cobertura médica,INCLUIDO,estado_no_calificado_canonico,asignaciones,2026-04-29 11:25:52.000000,d************@live.com.ar,+54226****967,incluido_ok
20272,,Fuera de zona,INCLUIDO,estado_no_calificado_canonico,asignaciones,2026-04-29 12:34:37.000000,v**********@gmail.com,+54294****548,incluido_ok
20280,,No busca cobertura médica,INCLUIDO,estado_no_calificado_canonico,asignaciones,2026-04-28 12:30:14.000000,i***************@gmail.com,+54113****713,incluido_ok
20287,,No busca cobertura médica,INCLUIDO,estado_no_calificado_canonico,asignaciones,2026-05-06 11:46:01.000000,t*********@gmail.com,+54117****903,incluido_ok
20288,,No busca cobertura médica,INCLUIDO,estado_no_calificado_canonico,asignaciones,2026-04-28 17:33:27.000000,m**********************@gmail.com,+54112****316,incluido_ok
20304,,No busca cobertura médica,INCLUIDO,estado_no_calificado_canonico,asignaciones,2026-04-28 11:18:17.000000,z************@gmail.com,+54116****461,incluido_ok
20322,,Fuera de zona,INCLUIDO,estado_no_calificado_canonico,asignaciones,2026-05-06 11:55:43.000000,c************@gmail.com,+54297****683,incluido_ok
20323,,No busca cobertura médica,INCLUIDO,estado_no_calificado_canonico,asignaciones,2026-08-18 13:08:54.000000,e******************@gmail.com,+54116****616,incluido_ok
20333,,Fuera de zona,INCLUIDO,estado_no_calificado_canonico,asignaciones,2026-04-28 22:18:09.000000,e***************@gmail.com,+54297****293,incluido_ok
20340,,No busca cobertura médica,INCLUIDO,estado_no_calificado_canonico,asignaciones,2026-05-06 11:59:15.000000,c****************@gmail.com,+54112****313,incluido_ok
20347,,No busca cobertura médica,INCLUIDO,estado_no_calificado_canonico,asignaciones,2026-05-06 11:59:52.000000,e*****************@gmail.com,+54113****109,incluido_ok
20360,,Fuera de zona,INCLUIDO,estado_no_calificado_canonico,asignaciones,2026-04-29 10:18:39.000000,l***********@gmail.com,+54262****227,incluido_ok
20364,,No busca cobertura médica,INCLUIDO,estado_no_calificado_canonico,asignaciones,2026-04-29 11:30:10.000000,r************@gmail.com,+54116****012,incluido_ok
20366,,No busca cobertura médica,INCLUIDO,estado_no_calificado_canonico,asignaciones,2026-07-28 13:15:44.000000,g****************@gmail.com,+54113****015,incluido_ok
20374,,Fuera de zona,INCLUIDO,estado_no_calificado_canonico,asignaciones,2026-04-29 13:47:09.000000,c***********@gmail.com,+54336****440,incluido_ok
20385,,No busca cobertura médica,INCLUIDO,estado_no_calificado_canonico,asignaciones,2026-08-24 13:30:55.000000,d*****************@gmail.com,+54113****903,incluido_ok
20394,,No busca cobertura médica,INCLUIDO,estado_no_calificado_canonico,asignaciones,2026-04-30 15:15:23.000000,e**********@gmail.com,+54117****020,incluido_ok
20423,,No busca cobertura médica,INCLUIDO,estado_no_calificado_canonico,asignaciones,2026-07-28 13:16:09.000000,e**************@gmail.com,+54115****581,incluido_ok
20433,,Fuera de zona,INCLUIDO,estado_no_calificado_canonico,asignaciones,2026-04-30 13:25:03.000000,a***************@gmail.com,+54385****946,incluido_ok
20434,,No busca cobertura médica,INCLUIDO,estado_no_calificado_canonico,asignaciones,2026-05-06 17:09:41.000000,e*************@gmail.com,+54115****523,incluido_ok
20439,,No busca cobertura médica,INCLUIDO,estado_no_calificado_canonico,asignaciones,2026-04-30 11:37:16.000000,n***************@gmail.com,+54294****128,incluido_ok
20440,,No busca cobertura médica,INCLUIDO,estado_no_calificado_canonico,asignaciones,2026-04-30 13:51:20.000000,y***********@gmail.com,+54116****592,incluido_ok
20444,,No busca cobertura médica,INCLUIDO,estado_no_calificado_canonico,asignaciones,2026-04-30 11:08:04.000000,l******************@gmail.com,+54115****399,incluido_ok
20445,,No busca cobertura médica,INCLUIDO,estado_no_calificado_canonico,asignaciones,2026-05-13 17:26:07.000000,g************@gmail.com,+54115****624,incluido_ok
20449,,No busca cobertura médica,INCLUIDO,estado_no_calificado_canonico,asignaciones,2026-07-28 13:16:51.000000,s********@gmail.com,+54116****446,incluido_ok
20451,,No busca cobertura médica,INCLUIDO,estado_no_calificado_canonico,asignaciones,2026-05-01 10:49:44.000000,j************@gmail.com,+54113****414,incluido_ok
20456,,Fuera de zona,INCLUIDO,estado_no_calificado_canonico,asignaciones,2026-04-30 10:18:01.000000,c*******************@yahoo.com.ar,+54221****331,incluido_ok
20462,,No busca cobertura médica,INCLUIDO,estado_no_calificado_canonico,asignaciones,2026-04-30 11:27:22.000000,i*********************@gmail.com,+54114****447,incluido_ok
20475,,No busca cobertura médica,INCLUIDO,estado_no_calificado_canonico,asignaciones,2026-04-30 16:25:11.000000,a***********@gmail.com,+54113****806,incluido_ok
20490,,No busca cobertura médica,INCLUIDO,estado_no_calificado_canonico,asignaciones,2026-07-28 13:17:14.000000,n*************@gmail.com,+54112****433,incluido_ok
20496,,No busca cobertura médica,INCLUIDO,estado_no_calificado_canonico,asignaciones,2026-05-01 11:04:07.000000,p********@gmail.com,+54113****681,incluido_ok
20512,,Fuera de zona,INCLUIDO,estado_no_calificado_canonico,asignaciones,2026-05-01 11:10:15.000000,k******************@gmail.com,+54232****477,incluido_ok
20516,,No busca cobertura médica,INCLUIDO,estado_no_calificado_canonico,asignaciones,2026-05-04 10:12:47.000000,e*************************@gmail.com,+54116****827,incluido_ok
20521,,Fuera de zona,INCLUIDO,estado_no_calificado_canonico,asignaciones,2026-05-04 11:26:58.000000,c****************@gmail.com,+54297****883,incluido_ok
20522,,Fuera de zona,INCLUIDO,estado_no_calificado_canonico,asignaciones,2026-05-04 10:42:24.000000,v***************@gmail.com,+54232****696,incluido_ok
20528,,No busca cobertura médica,INCLUIDO,estado_no_calificado_canonico,asignaciones,2026-07-28 12:47:23.000000,b***************@gmail.com,+54113****971,incluido_ok
20529,,Fuera de zona,INCLUIDO,estado_no_calificado_canonico,asignaciones,2026-05-02 09:51:26.000000,m**************@gmail.com,+54343****294,incluido_ok
20534,,Fuera de zona,INCLUIDO,estado_no_calificado_canonico,asignaciones,2026-05-02 13:42:10.000000,l*************@gmail.com,+54384****683,incluido_ok
20535,,Fuera de zona,INCLUIDO,estado_no_calificado_canonico,asignaciones,2026-05-04 11:27:03.000000,m********@gmail.com,+54116****294,incluido_ok
20536,,Fuera de zona,INCLUIDO,estado_no_calificado_canonico,asignaciones,2026-05-04 10:42:20.000000,y**************@gmail.com,+54294****892,incluido_ok
20540,,No busca cobertura médica,INCLUIDO,estado_no_calificado_canonico,asignaciones,2026-07-28 12:47:37.000000,c*******@gmail.com,+54112****445,incluido_ok
20543,,Fuera de zona,INCLUIDO,estado_no_calificado_canonico,asignaciones,2026-05-02 09:51:32.000000,t*************@gmail.com,+54291****163,incluido_ok
20553,,No busca cobertura médica,INCLUIDO,estado_no_calificado_canonico,asignaciones,2026-05-04 12:14:57.000000,m**************@gmail.com,+54115****872,incluido_ok
20562,,Fuera de zona,INCLUIDO,estado_no_calificado_canonico,asignaciones,2026-05-04 10:40:54.000000,t********************@gmail.com,+54336****586,incluido_ok
20568,,Fuera de zona,INCLUIDO,estado_no_calificado_canonico,asignaciones,2026-05-02 17:38:20.000000,m***************@gmail.com,+54297****850,incluido_ok
20572,,No busca cobertura médica,INCLUIDO,estado_no_calificado_canonico,asignaciones,2026-07-28 12:48:11.000000,s*******@hotmail.com,+54115****685,incluido_ok
20576,,No busca cobertura médica,INCLUIDO,estado_no_calificado_canonico,asignaciones,2026-09-02 13:21:54.000000,o********@gmail.com,+54298****733,incluido_ok
20577,,Fuera de zona,INCLUIDO,estado_no_calificado_canonico,asignaciones,2026-05-04 10:33:40.000000,r**************@gmail.com,+54934*****964,incluido_ok
20578,,No busca cobertura médica,INCLUIDO,estado_no_calificado_canonico,asignaciones,2026-05-04 10:51:28.000000,m***********@gmail.com,+54115****869,incluido_ok
20594,,No busca cobertura médica,INCLUIDO,estado_no_calificado_canonico,asignaciones,2026-05-05 15:33:32.000000,m*********************@gmail.com,+54375****004,incluido_ok
20598,,No busca cobertura médica,INCLUIDO,estado_no_calificado_canonico,asignaciones,2026-09-02 13:23:15.000000,v**********************@gmail.com,+54112****832,incluido_ok
20602,,Fuera de zona,INCLUIDO,estado_no_calificado_canonico,asignaciones,2026-05-04 10:39:57.000000,d*****************@gmail.com,+54343****390,incluido_ok
20606,,No busca cobertura médica,INCLUIDO,estado_no_calificado_canonico,asignaciones,2026-07-28 12:49:08.000000,n*************@gmail.com,+54117****998,incluido_ok
20620,,Fuera de zona,INCLUIDO,estado_no_calificado_canonico,asignaciones,2026-05-04 16:30:31.000000,p***************@gmail.com,+54345****958,incluido_ok
20636,,No busca cobertura médica,INCLUIDO,estado_no_calificado_canonico,asignaciones,2026-07-28 12:49:22.000000,v*************@gmail.com,+54113****394,incluido_ok
20649,,No busca cobertura médica,INCLUIDO,estado_no_calificado_canonico,asignaciones,2026-05-08 15:16:04.000000,f***********@gmail.com,+54112****215,incluido_ok
20656,,No busca cobertura médica,INCLUIDO,estado_no_calificado_canonico,asignaciones,2026-05-08 11:46:25.000000,g****************@gmail.com,+54374****037,incluido_ok
20663,,No busca cobertura médica,INCLUIDO,estado_no_calificado_canonico,asignaciones,2026-05-28 16:10:57.000000,m***************@hotmail.com,+54116****129,incluido_ok
20675,,No busca cobertura médica,INCLUIDO,estado_no_calificado_canonico,asignaciones,2026-05-13 17:23:47.000000,l************@icloud.com,+54116****551,incluido_ok
20692,,No busca cobertura médica,INCLUIDO,estado_no_calificado_canonico,asignaciones,2026-05-05 09:41:47.000000,e************@gmail.com,+54115****977,incluido_ok
20695,,No busca cobertura médica,INCLUIDO,estado_no_calificado_canonico,asignaciones,2026-05-05 10:26:19.000000,g*********@gmail.com,+54116****228,incluido_ok
20700,,Fuera de zona,INCLUIDO,estado_no_calificado_canonico,asignaciones,2026-05-05 11:48:22.000000,r*****************@gmail.com,+54280****788,incluido_ok
20702,,No busca cobertura médica,INCLUIDO,estado_no_calificado_canonico,asignaciones,2026-05-05 16:22:18.000000,l************************@gmail.com,+54112****726,incluido_ok
20734,,No busca cobertura médica,INCLUIDO,estado_no_calificado_canonico,asignaciones,2026-07-28 12:50:14.000000,k*****************@gmail.com,+54342****530,incluido_ok
20761,,No busca cobertura médica,INCLUIDO,estado_no_calificado_canonico,asignaciones,2026-07-28 12:50:32.000000,b*******@hotmail.com,+54113****625,incluido_ok
20774,,No busca cobertura médica,INCLUIDO,estado_no_calificado_canonico,asignaciones,2026-05-06 10:38:52.000000,y************@gmail.com,+54113****886,incluido_ok
20776,,No busca cobertura médica,INCLUIDO,estado_no_calificado_canonico,asignaciones,2026-05-07 12:52:56.000000,s***************@gmail.com,+54387****178,incluido_ok
20777,,No busca cobertura médica,INCLUIDO,estado_no_calificado_canonico,asignaciones,2026-07-28 12:51:10.000000,m*************@gmail.com,+54115****844,incluido_ok
20801,,Fuera de zona,INCLUIDO,estado_no_calificado_canonico,asignaciones,2026-05-06 15:54:24.000000,r************@gmail.com,+54239****302,incluido_ok
20804,,No busca cobertura médica,INCLUIDO,estado_no_calificado_canonico,asignaciones,2026-05-06 15:36:42.000000,n********@gmail.com,+54112****579,incluido_ok
20834,,No busca cobertura médica,INCLUIDO,estado_no_calificado_canonico,asignaciones,2026-05-07 12:37:00.000000,l**************@hotmail.com,+54116****114,incluido_ok
20841,,Fuera de zona,INCLUIDO,estado_no_calificado_canonico,asignaciones,2026-05-07 11:29:11.000000,c***********@gmail.com,+54113****916,incluido_ok
20846,,No busca cobertura médica,INCLUIDO,estado_no_calificado_canonico,asignaciones,2026-07-20 16:08:28.000000,a*****************@gmail.com,+54112****822,incluido_ok
20847,,Fuera de zona,INCLUIDO,estado_no_calificado_canonico,asignaciones,2026-05-07 10:14:08.000000,e******************@gmail.com,+54343****532,incluido_ok
20848,,Fuera de zona,INCLUIDO,estado_no_calificado_canonico,asignaciones,2026-05-08 15:15:16.000000,a***********@gmail.com,+54261****790,incluido_ok
20852,,No busca cobertura médica,INCLUIDO,estado_no_calificado_canonico,asignaciones,2026-07-28 12:53:05.000000,r******************@gmail.com,+54116****903,incluido_ok
20859,,Fuera de zona,INCLUIDO,estado_no_calificado_canonico,asignaciones,2026-05-07 14:18:32.000000,z***********@gmail.com,+54297****277,incluido_ok
20875,,Fuera de zona,INCLUIDO,estado_no_calificado_canonico,asignaciones,2026-05-07 14:05:24.000000,d**************@gmail.com,+54116****535,incluido_ok
20892,,No busca cobertura médica,INCLUIDO,estado_no_calificado_canonico,asignaciones,2026-05-08 15:01:50.000000,l**************@gmail.com,+54112****151,incluido_ok
20897,,No busca cobertura médica,INCLUIDO,estado_no_calificado_canonico,asignaciones,2026-07-28 13:17:36.000000,l*****************@gmail.com,+54112****359,incluido_ok
20907,,No busca cobertura médica,INCLUIDO,estado_no_calificado_canonico,asignaciones,2026-08-31 11:18:21.000000,n************@gmail.com,+54113****943,incluido_ok
20916,,Fuera de zona,INCLUIDO,estado_no_calificado_canonico,asignaciones,2026-05-08 12:01:39.000000,f*******************@gmail.com,+54345****581,incluido_ok
20917,,Fuera de zona,INCLUIDO,estado_no_calificado_canonico,asignaciones,2026-05-08 12:37:54.000000,t*************@gmail.com,+54380****047,incluido_ok
20921,,No busca cobertura médica,INCLUIDO,estado_no_calificado_canonico,asignaciones,2026-05-08 11:37:41.000000,b**********@gmail.com,+54113****557,incluido_ok
20925,,No busca cobertura médica,INCLUIDO,estado_no_calificado_canonico,asignaciones,2026-05-11 11:49:20.000000,c***********@gmail.com,+54117****334,incluido_ok
20967,,No busca cobertura médica,INCLUIDO,estado_no_calificado_canonico,asignaciones,2026-07-28 13:17:59.000000,l*****************@gmail.com,+54387****618,incluido_ok
20988,,Fuera de zona,INCLUIDO,estado_no_calificado_canonico,asignaciones,2026-05-11 08:52:19.000000,n*************@gmail.com,+54291****181,incluido_ok
20997,,Fuera de zona,INCLUIDO,estado_no_calificado_canonico,asignaciones,2026-05-11 10:50:58.000000,r**************@gmail.com,+54370****394,incluido_ok
21001,,No busca cobertura médica,INCLUIDO,estado_no_calificado_canonico,asignaciones,2026-05-11 10:39:54.000000,l************@gmail.com,+54112****767,incluido_ok
21004,,No busca cobertura médica,INCLUIDO,estado_no_calificado_canonico,asignaciones,2026-05-11 15:49:12.000000,v************@gmail.com,+54116****752,incluido_ok
21009,,No busca cobertura médica,INCLUIDO,estado_no_calificado_canonico,asignaciones,2026-05-12 12:29:51.000000,m*****************@gmail.com,+54383****760,incluido_ok
21010,,No busca cobertura médica,INCLUIDO,estado_no_calificado_canonico,asignaciones,2026-07-28 13:19:10.000000,c*****************@gmail.com,+54223****093,incluido_ok
21019,,No busca cobertura médica,INCLUIDO,estado_no_calificado_canonico,asignaciones,2026-09-02 14:24:56.000000,s*****************@gmail.com,+54117****074,incluido_ok
21026,,No busca cobertura médica,INCLUIDO,estado_no_calificado_canonico,asignaciones,2026-05-10 15:39:49.000000,n**************@hotmail.com,+54116****879,incluido_ok
21034,,No busca cobertura médica,INCLUIDO,estado_no_calificado_canonico,asignaciones,2026-05-11 14:07:42.000000,n****************@gmail.com,+54115****026,incluido_ok
21038,,No busca cobertura médica,INCLUIDO,estado_no_calificado_canonico,asignaciones,2026-07-28 13:19:36.000000,a******************@gmail.com,+54115****659,incluido_ok
21041,,No busca cobertura médica,INCLUIDO,estado_no_calificado_canonico,asignaciones,2026-09-02 14:26:34.000000,d*****************@gmail.com,+54370****109,incluido_ok
21042,,No busca cobertura médica,INCLUIDO,estado_no_calificado_canonico,asignaciones,2026-05-11 12:35:35.000000,g*****************@gmail.com,+54117****627,incluido_ok
21044,,No busca cobertura médica,INCLUIDO,estado_no_calificado_canonico,asignaciones,2026-05-11 12:25:30.000000,g**********@gmail.com,+54260****213,incluido_ok
21045,,Fuera de zona,INCLUIDO,estado_no_calificado_canonico,asignaciones,2026-05-13 12:14:20.000000,g********************@gmail.com,+54291****721,incluido_ok
21048,,No busca cobertura médica,INCLUIDO,estado_no_calificado_canonico,asignaciones,2026-05-12 12:05:43.000000,7***********@gmail.com,+54114****364,incluido_ok
21061,,No busca cobertura médica,INCLUIDO,estado_no_calificado_canonico,asignaciones,2026-07-20 16:10:49.000000,a*********@gmail.com,+54116****698,incluido_ok
21064,,No busca cobertura médica,INCLUIDO,estado_no_calificado_canonico,asignaciones,2026-05-11 15:02:53.000000,t****************@gmail.com,+54113****692,incluido_ok
21069,,Fuera de zona,INCLUIDO,estado_no_calificado_canonico,asignaciones,2026-05-12 15:53:23.000000,l*************@gmail.com,+54221****095,incluido_ok
21080,,Fuera de zona,INCLUIDO,estado_no_calificado_canonico,asignaciones,2026-05-15 11:42:11.000000,p*************@gmail.com,+54387****234,incluido_ok
21113,,No busca cobertura médica,INCLUIDO,estado_no_calificado_canonico,asignaciones,2026-05-11 15:08:36.000000,c**************@gmail.com,+54113****245,incluido_ok
21161,,No busca cobertura médica,INCLUIDO,estado_no_calificado_canonico,asignaciones,2026-05-12 10:27:27.000000,r*********************@gmail.com,+54221****886,incluido_ok
21162,,No busca cobertura médica,INCLUIDO,estado_no_calificado_canonico,asignaciones,2026-07-28 12:53:45.000000,s**************@gmail.com,+54381****417,incluido_ok
21165,,Fuera de zona,INCLUIDO,estado_no_calificado_canonico,asignaciones,2026-05-12 15:47:24.000000,s****************@gmail.com,+54223****335,incluido_ok
21188,,No busca cobertura médica,INCLUIDO,estado_no_calificado_canonico,asignaciones,2026-07-28 12:54:12.000000,m*************@gmail.com,+54113****713,incluido_ok
21189,,Fuera de zona,INCLUIDO,estado_no_calificado_canonico,asignaciones,2026-05-12 14:39:43.000000,t***************@gmail.com,+54223****237,incluido_ok
21195,,Fuera de zona,INCLUIDO,estado_no_calificado_canonico,asignaciones,2026-07-22 15:41:21.000000,a***************@gmail.com,+54370****706,incluido_ok
21198,,No busca cobertura médica,INCLUIDO,estado_no_calificado_canonico,asignaciones,2026-09-02 14:44:07.000000,f****************@gmail.com,+54113****129,incluido_ok
21203,,No busca cobertura médica,INCLUIDO,estado_no_calificado_canonico,asignaciones,2026-07-28 13:21:59.000000,d***********@hotmail.com,+54115****191,incluido_ok
21240,,No busca cobertura médica,INCLUIDO,estado_no_calificado_canonico,asignaciones,2026-07-28 13:22:42.000000,l*************@gmail.com,+54117****472,incluido_ok
21241,,No busca cobertura médica,INCLUIDO,estado_no_calificado_canonico,asignaciones,2026-05-13 10:32:56.000000,a****************@gmail.com,+54383****298,incluido_ok
21252,,No busca cobertura médica,INCLUIDO,estado_no_calificado_canonico,asignaciones,2026-07-28 13:23:44.000000,g********************@gmail.com,+54114****524,incluido_ok
21301,,No busca cobertura médica,INCLUIDO,estado_no_calificado_canonico,asignaciones,2026-07-22 15:44:21.000000,c***********@gmail.com,+54112****812,incluido_ok
21304,,No busca cobertura médica,INCLUIDO,estado_no_calificado_canonico,asignaciones,2026-05-18 10:31:49.000000,a***********@gmail.com,+54116****832,incluido_ok
21313,,Fuera de zona,INCLUIDO,estado_no_calificado_canonico,asignaciones,2026-05-14 17:21:15.000000,s**********@gmail.com,+54221****590,incluido_ok
21319,,No busca cobertura médica,INCLUIDO,estado_no_calificado_canonico,asignaciones,2026-07-02 12:56:41.000000,t*****************@gmail.com,+54112****924,incluido_ok
21332,,No busca cobertura médica,INCLUIDO,estado_no_calificado_canonico,asignaciones,2026-05-14 17:01:49.000000,b*************@gmail.com,+54112****945,incluido_ok
21334,,Fuera de zona,INCLUIDO,estado_no_calificado_canonico,asignaciones,2026-05-14 11:41:06.000000,r****************@gmail.com,+54382****972,incluido_ok
21335,,No busca cobertura médica,INCLUIDO,estado_no_calificado_canonico,asignaciones,2026-05-14 16:54:47.000000,e**************@gmail.com,+54112****531,incluido_ok
21358,,Fuera de zona,INCLUIDO,estado_no_calificado_canonico,asignaciones,2026-05-14 12:37:16.000000,v**************@gmail.com,+54224****886,incluido_ok
21402,,Fuera de zona,INCLUIDO,estado_no_calificado_canonico,asignaciones,2026-05-22 10:17:26.000000,f**************@gmail.com,+54293****107,incluido_ok
21403,,No busca cobertura médica,INCLUIDO,estado_no_calificado_canonico,asignaciones,2026-05-18 10:54:49.000000,g********@gmail.com,+54116****016,incluido_ok
21434,,No busca cobertura médica,INCLUIDO,estado_no_calificado_canonico,asignaciones,2026-08-26 09:46:32.000000,p*******@hotmail.com.ar,+54115****583,incluido_ok
21471,,Fuera de zona,INCLUIDO,estado_no_calificado_canonico,asignaciones,2026-05-18 10:11:31.000000,y************@gmail.com,+54115****254,incluido_ok
21475,,Fuera de zona,INCLUIDO,estado_no_calificado_canonico,asignaciones,2026-07-22 15:47:12.000000,m****************@gmail.com,+54297****828,incluido_ok
21477,,Fuera de zona,INCLUIDO,estado_no_calificado_canonico,asignaciones,2026-05-18 17:15:45.000000,e*************@gmail.com,+54260****014,incluido_ok
21481,,No busca cobertura médica,INCLUIDO,estado_no_calificado_canonico,asignaciones,2026-05-20 10:52:12.000000,e****************@gmail.com,+54112****417,incluido_ok
21492,,Fuera de zona,INCLUIDO,estado_no_calificado_canonico,asignaciones,2026-05-18 10:11:36.000000,v************@hotmail.com,+54113****703,incluido_ok
21496,,No busca cobertura médica,INCLUIDO,estado_no_calificado_canonico,asignaciones,2026-09-02 14:53:56.000000,r*******************@gmail.com,+54232****305,incluido_ok
21503,,No busca cobertura médica,INCLUIDO,estado_no_calificado_canonico,asignaciones,2026-05-18 10:25:24.000000,b****************@gmail.com,+54115****077,incluido_ok
21513,,Fuera de zona,INCLUIDO,estado_no_calificado_canonico,asignaciones,2026-05-18 10:04:50.000000,t********************@gmail.com,+54387****936,incluido_ok
21519,,Fuera de zona,INCLUIDO,estado_no_calificado_canonico,asignaciones,2026-05-22 10:34:50.000000,l***************@gmail.com,+54228****796,incluido_ok
21520,,Fuera de zona,INCLUIDO,estado_no_calificado_canonico,asignaciones,2026-05-18 17:17:10.000000,a********@icloud.com,+54938*****857,incluido_ok
21534,,Fuera de zona,INCLUIDO,estado_no_calificado_canonico,asignaciones,2026-05-18 11:03:20.000000,n********@live.com,+54113****585,incluido_ok
21545,,No busca cobertura médica,INCLUIDO,estado_no_calificado_canonico,asignaciones,2026-07-28 12:54:53.000000,n****************@gmail.com,+54263****586,incluido_ok
21570,,Fuera de zona,INCLUIDO,estado_no_calificado_canonico,asignaciones,2026-05-19 16:10:35.000000,e************@gmail.com,+54934*****916,incluido_ok
21578,,Fuera de zona,INCLUIDO,estado_no_calificado_canonico,asignaciones,2026-05-20 13:48:02.000000,m**********@gmail.com,+54114****318,incluido_ok
21583,,Fuera de zona,INCLUIDO,estado_no_calificado_canonico,asignaciones,2026-05-22 10:36:22.000000,t****************@gmail.com,+54343****603,incluido_ok
21592,,Fuera de zona,INCLUIDO,estado_no_calificado_canonico,asignaciones,2026-05-20 11:14:31.000000,e****************@gmail.com,+54117****407,incluido_ok
21593,,Fuera de zona,INCLUIDO,estado_no_calificado_canonico,asignaciones,2026-05-19 16:09:32.000000,g*******************@gmail.com,+54378****990,incluido_ok
21600,,Fuera de zona,INCLUIDO,estado_no_calificado_canonico,asignaciones,2026-05-19 09:56:39.000000,t***************@gmail.com,+54929*****246,incluido_ok
21608,,Fuera de zona,INCLUIDO,estado_no_calificado_canonico,asignaciones,2026-05-22 10:39:04.000000,a******************@gmail.com,+54379****433,incluido_ok
21619,,No busca cobertura médica,INCLUIDO,estado_no_calificado_canonico,asignaciones,2026-05-20 10:39:53.000000,h****************@gmail.com,+54388****008,incluido_ok
21623,,Fuera de zona,INCLUIDO,estado_no_calificado_canonico,asignaciones,2026-05-19 11:47:54.000000,g************@gmail.com,+54348****610,incluido_ok
21630,,No busca cobertura médica,INCLUIDO,estado_no_calificado_canonico,asignaciones,2026-05-20 13:47:08.000000,l********@gmail.com,+54113****354,incluido_ok
21644,,Fuera de zona,INCLUIDO,estado_no_calificado_canonico,asignaciones,2026-07-29 11:28:37.000000,l**********@hotmail.com,+54291****372,incluido_ok
21679,,No busca cobertura médica,INCLUIDO,estado_no_calificado_canonico,asignaciones,2026-06-05 16:23:40.000000,m**************@gmail.com,+54117****900,incluido_ok
21685,,No busca cobertura médica,INCLUIDO,estado_no_calificado_canonico,asignaciones,2026-07-01 12:47:22.000000,l*********************@gmail.com,+54247****470,incluido_ok
21687,,No busca cobertura médica,INCLUIDO,estado_no_calificado_canonico,asignaciones,2026-05-20 13:50:39.000000,m*******************@gmail.com,+54113****555,incluido_ok
21694,,No busca cobertura médica,INCLUIDO,estado_no_calificado_canonico,asignaciones,2026-05-29 11:15:30.000000,v********@gmail.com,+54112****308,incluido_ok
21697,,No busca cobertura médica,INCLUIDO,estado_no_calificado_canonico,asignaciones,2026-06-09 15:17:54.000000,e***********@hotmail.com,+54116****444,incluido_ok
21718,,No busca cobertura médica,INCLUIDO,estado_no_calificado_canonico,asignaciones,2026-06-09 16:05:33.000000,a****************@gmail.com,+54911*****067,incluido_ok
21744,,No busca cobertura médica,INCLUIDO,estado_no_calificado_canonico,asignaciones,2026-06-01 10:57:55.000000,l***************@gmail.com,+54113****304,incluido_ok
21762,,No busca cobertura médica,INCLUIDO,estado_no_calificado_canonico,asignaciones,2026-09-02 15:01:01.000000,c************@gmail.com,+54115****993,incluido_ok
21766,,Fuera de zona,INCLUIDO,estado_no_calificado_canonico,asignaciones,2026-05-22 10:43:18.000000,s**************@hotmail.com,+54934*****658,incluido_ok
21769,,No busca cobertura médica,INCLUIDO,estado_no_calificado_canonico,asignaciones,2026-07-22 15:53:27.000000,d********@hotmail.com,+54113****743,incluido_ok
21785,,No busca cobertura médica,INCLUIDO,estado_no_calificado_canonico,asignaciones,2026-05-21 09:26:41.000000,m*************@gmail.com,+54349****617,incluido_ok
21787,,Fuera de zona,INCLUIDO,estado_no_calificado_canonico,asignaciones,2026-05-22 10:44:06.000000,c****************@gmail.com,+54385****160,incluido_ok
21797,,No busca cobertura médica,INCLUIDO,estado_no_calificado_canonico,asignaciones,2026-09-02 15:04:09.000000,a************@gmail.com,+54112****972,incluido_ok
21806,,Fuera de zona,INCLUIDO,estado_no_calificado_canonico,asignaciones,2026-05-22 10:45:09.000000,m****************@gmail.com,+54235****891,incluido_ok
21807,,No busca cobertura médica,INCLUIDO,estado_no_calificado_canonico,asignaciones,2026-06-09 15:18:07.000000,r**************@hotmail.com,+54113****535,incluido_ok
21820,,Fuera de zona,INCLUIDO,estado_no_calificado_canonico,asignaciones,2026-05-22 13:15:40.000000,g**********@gmail.com,+54345****669,incluido_ok
21823,,Fuera de zona,INCLUIDO,estado_no_calificado_canonico,asignaciones,2026-05-21 15:04:34.000000,a************@gmail.com,+54113****609,incluido_ok
21853,,No busca cobertura médica,INCLUIDO,estado_no_calificado_canonico,asignaciones,2026-05-22 14:49:24.000000,e**@nuelgustabolopezgmail.com,+54388****451,incluido_ok
21856,,No busca cobertura médica,INCLUIDO,estado_no_calificado_canonico,asignaciones,2026-08-26 13:17:13.000000,d**********************@gmail.com,+54343****988,incluido_ok
21857,,Fuera de zona,INCLUIDO,estado_no_calificado_canonico,asignaciones,2026-05-29 14:55:37.000000,c*************************@gmail.com,+54372****917,incluido_ok
21866,,No busca cobertura médica,INCLUIDO,estado_no_calificado_canonico,asignaciones,2026-09-02 15:07:55.000000,d****************@gmail.com,+54113****771,incluido_ok
21867,,No busca cobertura médica,INCLUIDO,estado_no_calificado_canonico,asignaciones,2026-07-22 16:11:48.000000,n**************@gmail.com,+54332****918,incluido_ok
21881,,No busca cobertura médica,INCLUIDO,estado_no_calificado_canonico,asignaciones,2026-05-26 10:55:32.000000,a*************@gmail.com,+54222****710,incluido_ok
21889,,Fuera de zona,INCLUIDO,estado_no_calificado_canonico,asignaciones,2026-05-22 14:23:20.000000,p*************@gmail.com,+54113****911,incluido_ok
21916,,No busca cobertura médica,INCLUIDO,estado_no_calificado_canonico,asignaciones,2026-07-28 12:56:28.000000,f***************@hotmail.com,+54116****496,incluido_ok
21924,,No busca cobertura médica,INCLUIDO,estado_no_calificado_canonico,asignaciones,2026-06-12 17:08:56.000000,d*************@hotmail.com,+54112****944,incluido_ok
21932,,Fuera de zona,INCLUIDO,estado_no_calificado_canonico,asignaciones,2026-06-12 17:10:29.000000,l******************@gmail.com,+54374****774,incluido_ok
21935,,No busca cobertura médica,INCLUIDO,estado_no_calificado_canonico,asignaciones,2026-07-28 12:56:58.000000,r***************@gmail.com,+54112****308,incluido_ok
21951,,Fuera de zona,INCLUIDO,estado_no_calificado_canonico,asignaciones,2026-05-26 12:43:40.000000,e*********@gmail.com,+54305****692,incluido_ok
21954,,No busca cobertura médica,INCLUIDO,estado_no_calificado_canonico,asignaciones,2026-05-26 16:47:43.000000,n****************@gmail.com,+54116****039,incluido_ok
21963,,No busca cobertura médica,INCLUIDO,estado_no_calificado_canonico,asignaciones,2026-07-28 16:43:54.000000,v**********************@gmail.com,+54113****520,incluido_ok
21964,,No busca cobertura médica,INCLUIDO,estado_no_calificado_canonico,asignaciones,2026-08-03 07:21:03.000000,f*****************@gmail.com,+54115****681,incluido_ok
21966,,No busca cobertura médica,INCLUIDO,estado_no_calificado_canonico,asignaciones,2026-05-27 11:47:19.000000,a************@live.com,+54112****827,incluido_ok
21971,,No busca cobertura médica,INCLUIDO,estado_no_calificado_canonico,asignaciones,2026-05-27 10:04:26.000000,n**************************@gmail.com,+54113****186,incluido_ok
21973,,No busca cobertura médica,INCLUIDO,estado_no_calificado_canonico,asignaciones,2026-07-28 12:55:26.000000,x**************@gmail.com,+54387****892,incluido_ok
21997,,No busca cobertura médica,INCLUIDO,estado_no_calificado_canonico,asignaciones,2026-06-01 11:15:49.000000,t***************@gmail.com,+54113****902,incluido_ok
22002,,Fuera de zona,INCLUIDO,estado_no_calificado_canonico,asignaciones,2026-05-26 10:01:48.000000,s*************@gmail.com,+54344****284,incluido_ok
22008,,No busca cobertura médica,INCLUIDO,estado_no_calificado_canonico,asignaciones,2026-05-28 16:14:45.000000,c***************@gmail.com,+54911*****219,incluido_ok
22013,,Fuera de zona,INCLUIDO,estado_no_calificado_canonico,asignaciones,2026-05-27 14:55:56.000000,p**************@gmail.com,+54112****924,incluido_ok
22023,,No busca cobertura médica,INCLUIDO,estado_no_calificado_canonico,asignaciones,2026-05-27 16:51:50.000000,a**************@gmail.com,+54117****780,incluido_ok
22030,,Fuera de zona,INCLUIDO,estado_no_calificado_canonico,asignaciones,2026-05-26 16:29:34.000000,a******************@gmail.com,+54380****632,incluido_ok
22031,,No busca cobertura médica,INCLUIDO,estado_no_calificado_canonico,asignaciones,2026-09-02 15:43:12.000000,y***********@gmail.com,+54113****081,incluido_ok
22033,,Fuera de zona,INCLUIDO,estado_no_calificado_canonico,asignaciones,2026-05-27 11:05:05.000000,c************@gmail.com,+54388****863,incluido_ok
22036,,No busca cobertura médica,INCLUIDO,estado_no_calificado_canonico,asignaciones,2026-05-26 12:42:17.000000,m***********@gmail.com,+54115****600,incluido_ok
22053,,Fuera de zona,INCLUIDO,estado_no_calificado_canonico,asignaciones,2026-05-26 16:06:52.000000,p********@gmail.com,+54377****978,incluido_ok
22074,,No busca cobertura médica,INCLUIDO,estado_no_calificado_canonico,asignaciones,2026-05-27 15:25:13.000000,c************@gmail.com,+54113****529,incluido_ok
22087,,No busca cobertura médica,INCLUIDO,estado_no_calificado_canonico,asignaciones,2026-05-29 10:11:03.000000,j**************@gmail.com,+54116****806,incluido_ok
22122,,Fuera de zona,INCLUIDO,estado_no_calificado_canonico,asignaciones,2026-05-27 09:58:59.000000,d*******************@gmail.com,+54377****134,incluido_ok
22123,,No busca cobertura médica,INCLUIDO,estado_no_calificado_canonico,asignaciones,2026-07-01 12:56:52.000000,a***************@gmail.com,+54388****453,incluido_ok
22129,,Fuera de zona,INCLUIDO,estado_no_calificado_canonico,asignaciones,2026-09-10 13:40:12.000000,d*********@gmail.com,+54388****603,incluido_ok
22137,,No busca cobertura médica,INCLUIDO,estado_no_calificado_canonico,asignaciones,2026-06-26 13:08:19.000000,m**************@hotmail.com,+54116****894,incluido_ok
22145,,No busca cobertura médica,INCLUIDO,estado_no_calificado_canonico,asignaciones,2026-05-28 15:19:12.000000,k********@gmail.com,+54112****347,incluido_ok
22150,,No busca cobertura médica,INCLUIDO,estado_no_calificado_canonico,asignaciones,2026-07-27 16:01:01.000000,c************@gmail.com,+54911*****179,incluido_ok
22159,,No busca cobertura médica,INCLUIDO,estado_no_calificado_canonico,asignaciones,2026-07-01 12:59:05.000000,s*********@gmail.com,+54280****824,incluido_ok
22188,,No busca cobertura médica,INCLUIDO,estado_no_calificado_canonico,asignaciones,2026-06-23 16:19:15.000000,j*********@gmail.com,+54116****421,incluido_ok
22198,,No busca cobertura médica,INCLUIDO,estado_no_calificado_canonico,asignaciones,2026-07-28 16:43:10.000000,c********@gmail.com,+54116****491,incluido_ok
22217,,No busca cobertura médica,INCLUIDO,estado_no_calificado_canonico,asignaciones,2026-07-27 16:04:33.000000,m*************@gmail.con,+54116****966,incluido_ok
22219,,No busca cobertura médica,INCLUIDO,estado_no_calificado_canonico,asignaciones,2026-06-18 13:24:23.000000,a***********@gmail.com,+54115****204,incluido_ok
22231,,No busca cobertura médica,INCLUIDO,estado_no_calificado_canonico,asignaciones,2026-07-28 16:41:38.000000,l******************@gmail.com,+54113****627,incluido_ok
22244,,No busca cobertura médica,INCLUIDO,estado_no_calificado_canonico,asignaciones,2026-05-29 13:28:29.000000,t********@gmail.com,+54299****078,incluido_ok
22260,,Fuera de zona,INCLUIDO,estado_no_calificado_canonico,asignaciones,2026-07-27 16:08:11.000000,e************@gmail.com,+54116****627,incluido_ok
22261,,No busca cobertura médica,INCLUIDO,estado_no_calificado_canonico,asignaciones,2026-07-28 16:41:12.000000,j************@gmail.com,+54113****908,incluido_ok
22266,,No busca cobertura médica,INCLUIDO,estado_no_calificado_canonico,asignaciones,2026-09-02 15:55:00.000000,c****************@gmail.com,+54112****273,incluido_ok
22276,,No busca cobertura médica,INCLUIDO,estado_no_calificado_canonico,asignaciones,2026-06-09 15:18:50.000000,s********@gmail.com,+54911*****766,incluido_ok
22301,,No busca cobertura médica,INCLUIDO,estado_no_calificado_canonico,asignaciones,2026-05-29 10:04:09.000000,c**********@hotmail.com,+54115****440,incluido_ok
22305,,No busca cobertura médica,INCLUIDO,estado_no_calificado_canonico,asignaciones,2026-07-28 16:39:25.000000,z***************@gmail.com,+54114****191,incluido_ok
22319,,No busca cobertura médica,INCLUIDO,estado_no_calificado_canonico,asignaciones,2026-05-29 13:22:21.000000,g***********@gmail.com,+54112****393,incluido_ok
22322,,No busca cobertura médica,INCLUIDO,estado_no_calificado_canonico,asignaciones,2026-07-28 16:39:09.000000,l**********@gmail.com,+54292****856,incluido_ok
22381,,No busca cobertura médica,INCLUIDO,estado_no_calificado_canonico,asignaciones,2026-06-08 10:57:03.000000,n**************@gmail.com,+54116****429,incluido_ok
22382,,No busca cobertura médica,INCLUIDO,estado_no_calificado_canonico,asignaciones,2026-06-01 12:49:59.000000,t**************@gmail.com,+54113****106,incluido_ok
22390,,No busca cobertura médica,INCLUIDO,estado_no_calificado_canonico,asignaciones,2026-06-01 11:59:09.000000,a*************@yahoo.com.ar,+54113****666,incluido_ok
22392,,Fuera de zona,INCLUIDO,estado_no_calificado_canonico,asignaciones,2026-05-31 11:22:04.000000,m************@gmail.com,+54239****658,incluido_ok
22395,,No busca cobertura médica,INCLUIDO,estado_no_calificado_canonico,asignaciones,2026-06-23 16:29:16.000000,e**************@gmail.com,+54116****977,incluido_ok
22398,,No busca cobertura médica,INCLUIDO,estado_no_calificado_canonico,asignaciones,2026-06-01 18:20:50.000000,r*******************@gmail.com,+54114****978,incluido_ok
22406,,No busca cobertura médica,INCLUIDO,estado_no_calificado_canonico,asignaciones,2026-06-01 12:45:27.000000,m********@bue.edu.ar,+54116****030,incluido_ok
22410,,No busca cobertura médica,INCLUIDO,estado_no_calificado_canonico,asignaciones,2026-07-28 16:38:41.000000,p**********@gmail.com,+54232****801,incluido_ok
22413,,Fuera de zona,INCLUIDO,estado_no_calificado_canonico,asignaciones,2026-05-31 11:22:21.000000,n***********@gmail.com,+54937*****959,incluido_ok
22420,,No busca cobertura médica,INCLUIDO,estado_no_calificado_canonico,asignaciones,2026-06-01 18:20:43.000000,n**********@gmail.com,+54116****912,incluido_ok
22421,,No busca cobertura médica,INCLUIDO,estado_no_calificado_canonico,asignaciones,2026-07-28 16:36:44.000000,m*************@icloud.com,+54348****095,incluido_ok
22428,,Fuera de zona,INCLUIDO,estado_no_calificado_canonico,asignaciones,2026-09-02 16:02:21.000000,s************@gmail.com,+54112****800,incluido_ok
22433,,Fuera de zona,INCLUIDO,estado_no_calificado_canonico,asignaciones,2026-06-01 10:11:47.000000,c***********@gmail.com,+54226****640,incluido_ok
22437,,Fuera de zona,INCLUIDO,estado_no_calificado_canonico,asignaciones,2026-06-23 16:32:28.000000,s************@gmail.com,+54113****356,incluido_ok
22438,,No busca cobertura médica,INCLUIDO,estado_no_calificado_canonico,asignaciones,2026-07-28 16:36:14.000000,a***************@gmail.com,+54222****617,incluido_ok
22448,,No busca cobertura médica,INCLUIDO,estado_no_calificado_canonico,asignaciones,2026-06-01 10:08:04.000000,m******@gmail.com,+54116****080,incluido_ok
22452,,No busca cobertura médica,INCLUIDO,estado_no_calificado_canonico,asignaciones,2026-06-02 13:29:26.000000,t***************@gmail.com,+54353****327,incluido_ok
22467,,No busca cobertura médica,INCLUIDO,estado_no_calificado_canonico,asignaciones,2026-06-01 17:01:24.000000,a**********@gmail.com,+54113****191,incluido_ok
22479,,Fuera de zona,INCLUIDO,estado_no_calificado_canonico,asignaciones,2026-06-01 10:57:23.000000,c************@gmail.com,+54380****066,incluido_ok
22481,,No busca cobertura médica,INCLUIDO,estado_no_calificado_canonico,asignaciones,2026-06-01 16:58:41.000000,b**********@gmail.com,+54116****465,incluido_ok
22484,,No busca cobertura médica,INCLUIDO,estado_no_calificado_canonico,asignaciones,2026-06-02 11:00:34.000000,v**********@gmail.com,+54117****326,incluido_ok
22526,,Fuera de zona,INCLUIDO,estado_no_calificado_canonico,asignaciones,2026-06-03 12:43:30.000000,c*************************@gmail.com,+54228****590,incluido_ok
22530,,No busca cobertura médica,INCLUIDO,estado_no_calificado_canonico,asignaciones,2026-08-26 11:40:32.000000,c**************@gmail.com,+54117****830,incluido_ok
22557,,No busca cobertura médica,INCLUIDO,estado_no_calificado_canonico,asignaciones,2026-07-28 13:09:10.000000,c******@gmail.com,+54911*****548,incluido_ok
22560,,Fuera de zona,INCLUIDO,estado_no_calificado_canonico,asignaciones,2026-06-01 20:24:55.000000,a***********@gmail.com,+54113****361,incluido_ok
22572,,No busca cobertura médica,INCLUIDO,estado_no_calificado_canonico,asignaciones,2026-06-02 14:30:52.000000,c************@gmail.com,+54117****982,incluido_ok
22576,,Fuera de zona,INCLUIDO,estado_no_calificado_canonico,asignaciones,2026-06-03 12:42:22.000000,m*************@gmail.com,+54280****574,incluido_ok
22578,,No busca cobertura médica,INCLUIDO,estado_no_calificado_canonico,asignaciones,2026-06-03 16:46:25.000000,a***************@gmail.com,+54115****832,incluido_ok
22580,,No busca cobertura médica,INCLUIDO,estado_no_calificado_canonico,asignaciones,2026-06-02 16:06:08.000000,f*******************@gmail.com,+54297****566,incluido_ok
22585,,No busca cobertura médica,INCLUIDO,estado_no_calificado_canonico,asignaciones,2026-07-28 13:01:28.000000,v*************@gmail.com,+54911*****249,incluido_ok
22612,,No busca cobertura médica,INCLUIDO,estado_no_calificado_canonico,asignaciones,2026-08-03 17:06:40.000000,l***********@gmail.com,+54116****663,incluido_ok
22618,,Fuera de zona,INCLUIDO,estado_no_calificado_canonico,asignaciones,2026-06-23 16:34:38.000000,p*****************@gmail.com,+54113****396,incluido_ok
22625,,No busca cobertura médica,INCLUIDO,estado_no_calificado_canonico,asignaciones,2026-08-03 14:28:48.000000,n**************@gmail.com,+54375****540,incluido_ok
22629,,Fuera de zona,INCLUIDO,estado_no_calificado_canonico,asignaciones,2026-06-02 15:29:15.000000,s*************@gmail.com,+54247****714,incluido_ok
22651,,No busca cobertura médica,INCLUIDO,estado_no_calificado_canonico,asignaciones,2026-08-25 12:43:06.000000,h************@hotmail.com,+54911*****059,incluido_ok
22663,,Fuera de zona,INCLUIDO,estado_no_calificado_canonico,asignaciones,2026-06-03 15:54:57.000000,j***********@gmail.com,+54263****387,incluido_ok
22672,,No busca cobertura médica,INCLUIDO,estado_no_calificado_canonico,asignaciones,2026-06-18 13:30:51.000000,m********@gmail.com,+54293****244,incluido_ok
22685,,Fuera de zona,INCLUIDO,estado_no_calificado_canonico,asignaciones,2026-06-03 11:23:45.000000,j**************@gmail.com,+54295****493,incluido_ok
22690,,No busca cobertura médica,INCLUIDO,estado_no_calificado_canonico,asignaciones,2026-06-03 10:14:14.000000,g********@hotmail.com,+54113****211,incluido_ok
22692,,No busca cobertura médica,INCLUIDO,estado_no_calificado_canonico,asignaciones,2026-06-04 17:15:28.000000,m************@hotmail.com,+54115****212,incluido_ok
22722,,Fuera de zona,INCLUIDO,estado_no_calificado_canonico,asignaciones,2026-07-16 18:57:14.000000,c*****************@gmail.com,+54113****717,incluido_ok
22723,,No busca cobertura médica,INCLUIDO,estado_no_calificado_canonico,asignaciones,2026-06-04 12:29:38.000000,m*****************@gmail.com,+54113****076,incluido_ok
22726,,Fuera de zona,INCLUIDO,estado_no_calificado_canonico,asignaciones,2026-08-03 14:29:33.000000,t*********@gmail.com,+54294****478,incluido_ok
22737,,No busca cobertura médica,INCLUIDO,estado_no_calificado_canonico,asignaciones,2026-06-03 15:05:47.000000,a*************@gmail.com,+54385****729,incluido_ok
22764,,No busca cobertura médica,INCLUIDO,estado_no_calificado_canonico,asignaciones,2026-06-05 16:44:11.000000,y******@hotmail.com,+54115****572,incluido_ok
22772,,No busca cobertura médica,INCLUIDO,estado_no_calificado_canonico,asignaciones,2026-07-29 10:53:37.000000,v**************@gmail.com,+54345****324,incluido_ok
22792,,No busca cobertura médica,INCLUIDO,estado_no_calificado_canonico,asignaciones,2026-06-04 13:07:31.000000,v********@hotmail.com,+54115****089,incluido_ok
22797,,No busca cobertura médica,INCLUIDO,estado_no_calificado_canonico,asignaciones,2026-06-04 13:01:18.000000,u***********@gmail.com,+54112****408,incluido_ok
22802,,No busca cobertura médica,INCLUIDO,estado_no_calificado_canonico,asignaciones,2026-07-28 13:03:51.000000,c***************@gmail.com,+54383****263,incluido_ok
22816,,No busca cobertura médica,INCLUIDO,estado_no_calificado_canonico,asignaciones,2026-06-04 11:21:26.000000,a******@gmail.com,+54115****152,incluido_ok
22822,,Fuera de zona,INCLUIDO,estado_no_calificado_canonico,asignaciones,2026-06-04 11:33:10.000000,m***************@hotmail.con,+54113****505,incluido_ok
22834,,No busca cobertura médica,INCLUIDO,estado_no_calificado_canonico,asignaciones,2026-06-25 11:16:05.000000,f**********@gmail.com,+54113****209,incluido_ok
22835,,Fuera de zona,INCLUIDO,estado_no_calificado_canonico,asignaciones,2026-06-05 16:33:57.000000,l*******@hotmail.com,+54348****247,incluido_ok
22841,,No busca cobertura médica,INCLUIDO,estado_no_calificado_canonico,asignaciones,2026-09-08 15:37:14.000000,d*************@gmail.com,+54115****313,incluido_ok
22842,,No busca cobertura médica,INCLUIDO,estado_no_calificado_canonico,asignaciones,2026-07-28 13:04:11.000000,j*****************@gmail.com,+54225****982,incluido_ok
22890,,Fuera de zona,INCLUIDO,estado_no_calificado_canonico,asignaciones,2026-06-05 12:09:13.000000,s***************@gmail.com,+54332****710,incluido_ok
22901,,No busca cobertura médica,INCLUIDO,estado_no_calificado_canonico,asignaciones,2026-08-26 15:16:05.000000,c*************@gmail.com,+54297****369,incluido_ok
22908,,Fuera de zona,INCLUIDO,estado_no_calificado_canonico,asignaciones,2026-06-05 16:12:50.000000,l************@gmail.com,+54388****328,incluido_ok
22922,,No busca cobertura médica,INCLUIDO,estado_no_calificado_canonico,asignaciones,2026-06-05 16:03:57.000000,m**********@gmail.com,+54112****381,incluido_ok
22941,,Fuera de zona,INCLUIDO,estado_no_calificado_canonico,asignaciones,2026-06-05 15:22:31.000000,t************@gmail.com,+54261****243,incluido_ok
22961,,Fuera de zona,INCLUIDO,estado_no_calificado_canonico,asignaciones,2026-06-07 19:27:09.000000,h***********@gmail.com,+54236****972,incluido_ok
22966,,No busca cobertura médica,INCLUIDO,estado_no_calificado_canonico,asignaciones,2026-08-03 16:23:22.000000,m************@gmail.com,+54113****395,incluido_ok
22977,,Fuera de zona,INCLUIDO,estado_no_calificado_canonico,asignaciones,2026-06-08 11:11:55.000000,b***********@gmail.com,+54343****012,incluido_ok
22981,,No busca cobertura médica,INCLUIDO,estado_no_calificado_canonico,asignaciones,2026-07-29 10:53:58.000000,l***********@gmail.com,+54116****625,incluido_ok
22986,,Fuera de zona,INCLUIDO,estado_no_calificado_canonico,asignaciones,2026-06-23 16:46:39.000000,s***************@gmail.com,+54926*****189,incluido_ok
22987,,No busca cobertura médica,INCLUIDO,estado_no_calificado_canonico,asignaciones,2026-07-29 10:54:21.000000,m********************@gmail.com,+54383****845,incluido_ok
22988,,No busca cobertura médica,INCLUIDO,estado_no_calificado_canonico,asignaciones,2026-08-26 15:20:07.000000,t*************@gmail.com,+54230****994,incluido_ok
22990,,No busca cobertura médica,INCLUIDO,estado_no_calificado_canonico,asignaciones,2026-06-08 10:55:23.000000,h****************@gmail.com,+54115****861,incluido_ok
22995,,No busca cobertura médica,INCLUIDO,estado_no_calificado_canonico,asignaciones,2026-06-08 17:52:36.000000,c**************@gmail.com,+54114****968,incluido_ok
23008,,Fuera de zona,INCLUIDO,estado_no_calificado_canonico,asignaciones,2026-06-09 14:19:39.000000,d****************@gmail.com,+54374****210,incluido_ok
23010,,No busca cobertura médica,INCLUIDO,estado_no_calificado_canonico,asignaciones,2026-06-08 10:24:22.000000,l***********@gmail.com,+54112****903,incluido_ok
23014,,No busca cobertura médica,INCLUIDO,estado_no_calificado_canonico,asignaciones,2026-06-08 16:57:53.000000,r************@gmail.com,+54112****801,incluido_ok
23017,,No busca cobertura médica,INCLUIDO,estado_no_calificado_canonico,asignaciones,2026-06-09 16:49:31.000000,z******************@gmail.com,+54116****254,incluido_ok
23022,,No busca cobertura médica,INCLUIDO,estado_no_calificado_canonico,asignaciones,2026-06-08 17:57:20.000000,t************@gmail.com,+54911*****940,incluido_ok
23028,,No busca cobertura médica,INCLUIDO,estado_no_calificado_canonico,asignaciones,2026-06-10 12:38:38.000000,l***********@gmail.com,+54262****101,incluido_ok
23031,,No busca cobertura médica,INCLUIDO,estado_no_calificado_canonico,asignaciones,2026-07-29 10:54:53.000000,l*******@hotmail.com,+54116****224,incluido_ok
23037,,No busca cobertura médica,INCLUIDO,estado_no_calificado_canonico,asignaciones,2026-07-29 10:55:07.000000,s************@gmail.com,+54911*****356,incluido_ok
23038,,No busca cobertura médica,INCLUIDO,estado_no_calificado_canonico,asignaciones,2026-06-08 11:39:00.000000,l************@gmail.com,+54113****657,incluido_ok
23043,,No busca cobertura médica,INCLUIDO,estado_no_calificado_canonico,asignaciones,2026-07-29 10:55:27.000000,r*************@gmail.com,+54291****810,incluido_ok
23044,,No busca cobertura médica,INCLUIDO,estado_no_calificado_canonico,asignaciones,2026-06-11 17:40:25.000000,f***************@gmail.com,+54112****673,incluido_ok
23045,,No busca cobertura médica,INCLUIDO,estado_no_calificado_canonico,asignaciones,2026-06-25 11:15:34.000000,s************@gmail.com,+54262****197,incluido_ok
23046,,Fuera de zona,INCLUIDO,estado_no_calificado_canonico,asignaciones,2026-06-08 10:05:22.000000,o***********@gmail.com,+54234****599,incluido_ok
23047,,Fuera de zona,INCLUIDO,estado_no_calificado_canonico,asignaciones,2026-06-08 12:04:34.000000,j***********@gmail.com,+54348****143,incluido_ok
23051,,No busca cobertura médica,INCLUIDO,estado_no_calificado_canonico,asignaciones,2026-06-08 15:46:11.000000,l***********@hotmail.com,+54115****314,incluido_ok
23055,,No busca cobertura médica,INCLUIDO,estado_no_calificado_canonico,asignaciones,2026-06-07 17:34:20.000000,j*************@gmail.com,+54114****208,incluido_ok
23069,,Fuera de zona,INCLUIDO,estado_no_calificado_canonico,asignaciones,2026-06-08 12:55:11.000000,m**************@gmail.com,+54226****247,incluido_ok
23072,,No busca cobertura médica,INCLUIDO,estado_no_calificado_canonico,asignaciones,2026-06-10 09:30:21.000000,n**************@hotmail.com,+54113****150,incluido_ok
23082,,No busca cobertura médica,INCLUIDO,estado_no_calificado_canonico,asignaciones,2026-08-12 14:24:27.000000,m***********@gmail.com,+54112****253,incluido_ok
23085,,No busca cobertura médica,INCLUIDO,estado_no_calificado_canonico,asignaciones,2026-06-08 16:23:36.000000,f************@gmail.com,+54113****183,incluido_ok
23086,,No busca cobertura médica,INCLUIDO,estado_no_calificado_canonico,asignaciones,2026-06-08 10:24:37.000000,r********@gmail.com,+54236****115,incluido_ok
23088,,No busca cobertura médica,INCLUIDO,estado_no_calificado_canonico,asignaciones,2026-06-09 13:56:53.000000,b*****************@gmail.com,+54228****236,incluido_ok
23108,,No busca cobertura médica,INCLUIDO,estado_no_calificado_canonico,asignaciones,2026-06-08 17:25:35.000000,g*************@gmail.com,+54113****607,incluido_ok
23118,,Fuera de zona,INCLUIDO,estado_no_calificado_canonico,asignaciones,2026-06-10 17:48:16.000000,g*************@gmail.com,+54221****282,incluido_ok
23136,,No busca cobertura médica,INCLUIDO,estado_no_calificado_canonico,asignaciones,2026-06-08 12:53:01.000000,j*************@hotmail.com,+54113****613,incluido_ok
23153,,No busca cobertura médica,INCLUIDO,estado_no_calificado_canonico,asignaciones,2026-07-29 10:55:47.000000,n**************@gmail.com,+54115****811,incluido_ok
23183,,No busca cobertura médica,INCLUIDO,estado_no_calificado_canonico,asignaciones,2026-06-09 16:30:01.000000,n**************@gmail.com,+54116****005,incluido_ok
23204,,No busca cobertura médica,INCLUIDO,estado_no_calificado_canonico,asignaciones,2026-06-09 10:06:09.000000,l***************@gmail.com,+54113****558,incluido_ok
23210,,No busca cobertura médica,INCLUIDO,estado_no_calificado_canonico,asignaciones,2026-06-09 13:16:48.000000,a***************@gmail.com,+54113****807,incluido_ok
23215,,Fuera de zona,INCLUIDO,estado_no_calificado_canonico,asignaciones,2026-07-29 10:55:56.000000,f****************@gmail.com,+54115****157,incluido_ok
23256,,No busca cobertura médica,INCLUIDO,estado_no_calificado_canonico,asignaciones,2026-06-10 10:55:38.000000,d**************@gmail.com,+54112****480,incluido_ok
23258,,No busca cobertura médica,INCLUIDO,estado_no_calificado_canonico,asignaciones,2026-06-09 14:23:13.000000,c*****************@gmail.com,+54344****705,incluido_ok
23261,,No busca cobertura médica,INCLUIDO,estado_no_calificado_canonico,asignaciones,2026-07-29 10:56:16.000000,j******************@gmail.com,+54116****126,incluido_ok
23269,,No busca cobertura médica,INCLUIDO,estado_no_calificado_canonico,asignaciones,2026-08-12 14:23:54.000000,t*****@gmail.com,+54113****589,incluido_ok
23271,,No busca cobertura médica,INCLUIDO,estado_no_calificado_canonico,asignaciones,2026-08-24 14:57:31.000000,n********@hotmail.com,+54112****586,incluido_ok
23288,,No busca cobertura médica,INCLUIDO,estado_no_calificado_canonico,asignaciones,2026-07-29 10:56:31.000000,l******************@gmail.com,+54342****899,incluido_ok
23304,,No busca cobertura médica,INCLUIDO,estado_no_calificado_canonico,asignaciones,2026-06-24 16:35:00.000000,a***********@gmail.com,+54152****034,incluido_ok
23331,,No busca cobertura médica,INCLUIDO,estado_no_calificado_canonico,asignaciones,2026-08-26 12:25:56.000000,b************@hotmail.com.ar,+54113****422,incluido_ok
23339,,No busca cobertura médica,INCLUIDO,estado_no_calificado_canonico,asignaciones,2026-06-10 10:01:36.000000,c*************@gmail.com,+54113****002,incluido_ok
23342,,No busca cobertura médica,INCLUIDO,estado_no_calificado_canonico,asignaciones,2026-08-26 15:49:27.000000,m*************@gmail.com,+54117****880,incluido_ok
23349,,Fuera de zona,INCLUIDO,estado_no_calificado_canonico,asignaciones,2026-06-10 14:36:26.000000,b********@gmail.com,+54344****822,incluido_ok
23356,,No busca cobertura médica,INCLUIDO,estado_no_calificado_canonico,asignaciones,2026-06-10 16:02:38.000000,m*************@gmail.com,+54116****978,incluido_ok
23360,,Fuera de zona,INCLUIDO,estado_no_calificado_canonico,asignaciones,2026-06-23 17:01:56.000000,c********************@gmail.com,+54222****396,incluido_ok
23363,,No busca cobertura médica,INCLUIDO,estado_no_calificado_canonico,asignaciones,2026-06-10 11:05:28.000000,p**************@gmail.com,+54115****821,incluido_ok
23368,,Fuera de zona,INCLUIDO,estado_no_calificado_canonico,asignaciones,2026-06-10 09:40:44.000000,c*************@gmail.com,+54344****179,incluido_ok
23374,,No busca cobertura médica,INCLUIDO,estado_no_calificado_canonico,asignaciones,2026-07-29 10:56:25.000000,n***************@gmail.com,+54116****284,incluido_ok
23381,,Fuera de zona,INCLUIDO,estado_no_calificado_canonico,asignaciones,2026-06-11 17:40:43.000000,r*****************@gmail.com,+54385****822,incluido_ok
23382,,No busca cobertura médica,INCLUIDO,estado_no_calificado_canonico,asignaciones,2026-06-10 16:27:13.000000,g*******************@gmail.com,+54117****720,incluido_ok
23398,,No busca cobertura médica,INCLUIDO,estado_no_calificado_canonico,asignaciones,2026-06-10 16:35:15.000000,b*****************@gmail.com,+54263****159,incluido_ok
23430,,No busca cobertura médica,INCLUIDO,estado_no_calificado_canonico,asignaciones,2026-06-10 17:08:13.000000,b*************@gmail.com,+54113****851,incluido_ok
23432,,No busca cobertura médica,INCLUIDO,estado_no_calificado_canonico,asignaciones,2026-06-10 16:27:08.000000,n**************@gmail.com,+54358****434,incluido_ok
23435,,No busca cobertura médica,INCLUIDO,estado_no_calificado_canonico,asignaciones,2026-06-11 10:48:27.000000,c**************@gmail.com,+54261****146,incluido_ok
23445,,Fuera de zona,INCLUIDO,estado_no_calificado_canonico,asignaciones,2026-06-11 09:37:07.000000,v************@gmail.com,+54351****571,incluido_ok
23448,,No busca cobertura médica,INCLUIDO,estado_no_calificado_canonico,asignaciones,2026-07-10 13:30:09.000000,t****************@gmail.com,+54112****430,incluido_ok
23466,,No busca cobertura médica,INCLUIDO,estado_no_calificado_canonico,asignaciones,2026-06-11 12:13:08.000000,d********@hotmail.com,+54115****415,incluido_ok
23474,,No busca cobertura médica,INCLUIDO,estado_no_calificado_canonico,asignaciones,2026-06-10 16:27:03.000000,v******************@gailm.com,+54114****894,incluido_ok
23479,,No busca cobertura médica,INCLUIDO,estado_no_calificado_canonico,asignaciones,2026-08-03 16:30:09.000000,n**********@gmail.com,+54116****425,incluido_ok
23493,,No busca cobertura médica,INCLUIDO,estado_no_calificado_canonico,asignaciones,2026-07-01 10:46:17.000000,i**********@gmail.com,+54348****260,incluido_ok
23511,,No busca cobertura médica,INCLUIDO,estado_no_calificado_canonico,asignaciones,2026-06-18 17:37:41.000000,2******************@gmail.com,+54112****815,incluido_ok
23512,,No busca cobertura médica,INCLUIDO,estado_no_calificado_canonico,asignaciones,2026-07-29 10:56:41.000000,p***************@gmail.com,+54343****612,incluido_ok
23513,,No busca cobertura médica,INCLUIDO,estado_no_calificado_canonico,asignaciones,2026-06-26 16:19:52.000000,c*****************@gmail.com,+54116****946,incluido_ok
23516,,No busca cobertura médica,INCLUIDO,estado_no_calificado_canonico,asignaciones,2026-06-11 10:56:39.000000,g*************@gmail.com,+54379****583,incluido_ok
23519,,No busca cobertura médica,INCLUIDO,estado_no_calificado_canonico,asignaciones,2026-06-25 15:19:01.000000,m****************@gmail.com,+54116****879,incluido_ok
23526,,No busca cobertura médica,INCLUIDO,estado_no_calificado_canonico,asignaciones,2026-06-26 16:19:33.000000,a********************@gmail.com,+54112****065,incluido_ok
23531,,No busca cobertura médica,INCLUIDO,estado_no_calificado_canonico,asignaciones,2026-06-12 10:26:07.000000,t***************@gmail.com,+54116****969,incluido_ok
23537,,Fuera de zona,INCLUIDO,estado_no_calificado_canonico,asignaciones,2026-06-11 17:36:53.000000,a******************@gmail.com,+54345****034,incluido_ok
23544,,No busca cobertura médica,INCLUIDO,estado_no_calificado_canonico,asignaciones,2026-06-11 10:30:05.000000,p****************@gmail.com,+54375****761,incluido_ok
23557,,No busca cobertura médica,INCLUIDO,estado_no_calificado_canonico,asignaciones,2026-07-01 12:22:10.000000,a*****************@gmail.com,+54115****162,incluido_ok
23576,,No busca cobertura médica,INCLUIDO,estado_no_calificado_canonico,asignaciones,2026-06-18 15:34:29.000000,e*************@gmail.com,+54348****591,incluido_ok
23595,,No busca cobertura médica,INCLUIDO,estado_no_calificado_canonico,asignaciones,2026-07-30 17:47:05.000000,a*********@gmail.com,+54117****716,incluido_ok
23615,,No busca cobertura médica,INCLUIDO,estado_no_calificado_canonico,asignaciones,2026-06-12 14:59:25.000000,d***************@gmail.com,+54113****958,incluido_ok
23617,,No busca cobertura médica,INCLUIDO,estado_no_calificado_canonico,asignaciones,2026-06-12 10:53:41.000000,i******************@gmail.com,+54336****921,incluido_ok
23624,,No busca cobertura médica,INCLUIDO,estado_no_calificado_canonico,asignaciones,2026-06-11 16:50:53.000000,h***************@gmail.com,+54388****961,incluido_ok
23629,,No busca cobertura médica,INCLUIDO,estado_no_calificado_canonico,asignaciones,2026-06-11 16:38:06.000000,o***************@gmail.com,+54345****591,incluido_ok
23647,,No busca cobertura médica,INCLUIDO,estado_no_calificado_canonico,asignaciones,2026-07-29 10:57:09.000000,b*************@gmail.com,+54113****183,incluido_ok
23649,,No busca cobertura médica,INCLUIDO,estado_no_calificado_canonico,asignaciones,2026-06-12 16:13:51.000000,y*********@gmail.com,+54116****474,incluido_ok
23667,,No busca cobertura médica,INCLUIDO,estado_no_calificado_canonico,asignaciones,2026-08-26 16:10:34.000000,m****************@gmail.com,+54232****047,incluido_ok
23674,,No busca cobertura médica,INCLUIDO,estado_no_calificado_canonico,asignaciones,2026-06-12 16:10:22.000000,f***********************@gmail.com,+54112****045,incluido_ok
23694,,No busca cobertura médica,INCLUIDO,estado_no_calificado_canonico,asignaciones,2026-08-26 16:11:09.000000,a**************@gmail.com,+54115****550,incluido_ok
23695,,Fuera de zona,INCLUIDO,estado_no_calificado_canonico,asignaciones,2026-06-17 10:39:07.000000,u********@gmail.com,+54370****688,incluido_ok
23703,,No busca cobertura médica,INCLUIDO,estado_no_calificado_canonico,asignaciones,2026-08-12 14:24:42.000000,m*************@gmail.com,+54116****687,incluido_ok
23713,,No busca cobertura médica,INCLUIDO,estado_no_calificado_canonico,asignaciones,2026-08-26 16:17:14.000000,n******************@gmail.com,+54116****585,incluido_ok
23733,,Fuera de zona,INCLUIDO,estado_no_calificado_canonico,asignaciones,2026-08-03 14:30:57.000000,m****************@gmail.com,+54343****966,incluido_ok
23772,,No busca cobertura médica,INCLUIDO,estado_no_calificado_canonico,asignaciones,2026-06-25 12:13:22.000000,j*******@gmail.com,+54116****695,incluido_ok
23793,,No busca cobertura médica,INCLUIDO,estado_no_calificado_canonico,asignaciones,2026-06-15 15:29:10.000000,n**********@hotmail.com,+54113****900,incluido_ok
23795,,No busca cobertura médica,INCLUIDO,estado_no_calificado_canonico,asignaciones,2026-06-16 12:11:24.000000,m********@gmail.com,+54115****280,incluido_ok
23812,,No busca cobertura médica,INCLUIDO,estado_no_calificado_canonico,asignaciones,2026-06-25 10:24:00.000000,d***********************@gmail.com,+54113****815,incluido_ok
23817,,No busca cobertura médica,INCLUIDO,estado_no_calificado_canonico,asignaciones,2026-06-16 12:52:55.000000,e****************@gmail.com,+54388****188,incluido_ok
23889,,No busca cobertura médica,INCLUIDO,estado_no_calificado_canonico,asignaciones,2026-06-16 15:28:13.000000,y********@gmail.com,+54280****626,incluido_ok
23897,,Fuera de zona,INCLUIDO,estado_no_calificado_canonico,asignaciones,2026-06-19 17:11:04.000000,b******************@gmail.com,+54226****407,incluido_ok
23900,,No busca cobertura médica,INCLUIDO,estado_no_calificado_canonico,asignaciones,2026-08-26 16:34:28.000000,m**********************@gmail.com,+54247****234,incluido_ok
23924,,Fuera de zona,INCLUIDO,estado_no_calificado_canonico,asignaciones,2026-07-15 13:00:52.000000,m***************@gmail.com,+54926*****436,incluido_ok
23927,,No busca cobertura médica,INCLUIDO,estado_no_calificado_canonico,asignaciones,2026-06-17 11:05:12.000000,m********@gmail.com,+54298****211,incluido_ok
23937,,No busca cobertura médica,INCLUIDO,estado_no_calificado_canonico,asignaciones,2026-06-16 12:22:14.000000,t*********@gmail.com,+54298****570,incluido_ok
23973,,No busca cobertura médica,INCLUIDO,estado_no_calificado_canonico,asignaciones,2026-06-16 15:26:40.000000,e**************@gmail.com,+54388****455,incluido_ok
23990,,No busca cobertura médica,INCLUIDO,estado_no_calificado_canonico,asignaciones,2026-06-18 16:12:26.000000,m***********@hotmail.com,+54113****973,incluido_ok
23997,,Fuera de zona,INCLUIDO,estado_no_calificado_canonico,asignaciones,2026-06-22 16:42:58.000000,s*************@gmail.com,+54290****756,incluido_ok
24002,,No busca cobertura médica,INCLUIDO,estado_no_calificado_canonico,asignaciones,2026-08-03 17:22:09.000000,y*************@gmail.com,+54115****929,incluido_ok
24004,,No busca cobertura médica,INCLUIDO,estado_no_calificado_canonico,asignaciones,2026-06-16 16:07:11.000000,a***************@gmail.com,+54247****498,incluido_ok
24016,,No busca cobertura médica,INCLUIDO,estado_no_calificado_canonico,asignaciones,2026-06-26 17:20:54.000000,j***********@gmail.com,+54116****795,incluido_ok
24017,,No busca cobertura médica,INCLUIDO,estado_no_calificado_canonico,asignaciones,2026-06-16 09:22:12.000000,r************@gmail.com,+54280****066,incluido_ok
24019,,No busca cobertura médica,INCLUIDO,estado_no_calificado_canonico,asignaciones,2026-06-16 12:37:13.000000,p*************@gmail.com,+54115****201,incluido_ok
24024,,No busca cobertura médica,INCLUIDO,estado_no_calificado_canonico,asignaciones,2026-06-16 10:15:54.000000,a******@gmail.com,+54112****396,incluido_ok
24025,,No busca cobertura médica,INCLUIDO,estado_no_calificado_canonico,asignaciones,2026-06-17 10:06:21.000000,t**************@gmail.com,+54911*****017,incluido_ok
24032,,Fuera de zona,INCLUIDO,estado_no_calificado_canonico,asignaciones,2026-06-16 12:05:01.000000,0********@gmail.com,+54116****820,incluido_ok
24035,,No busca cobertura médica,INCLUIDO,estado_no_calificado_canonico,asignaciones,2026-06-16 12:29:08.000000,b********@gmail.com,+54115****218,incluido_ok
24037,,No busca cobertura médica,INCLUIDO,estado_no_calificado_canonico,asignaciones,2026-06-26 16:42:08.000000,m***************@gmail.com,+54112****738,incluido_ok
24039,,No busca cobertura médica,INCLUIDO,estado_no_calificado_canonico,asignaciones,2026-06-16 16:43:57.000000,x****************@gmail.com,+54377****417,incluido_ok
24047,,No busca cobertura médica,INCLUIDO,estado_no_calificado_canonico,asignaciones,2026-06-16 12:37:19.000000,r********@gmail.com,+54247****657,incluido_ok
24064,,No busca cobertura médica,INCLUIDO,estado_no_calificado_canonico,asignaciones,2026-08-03 17:23:23.000000,e**************@gmail.com,+54338****787,incluido_ok
24075,,No busca cobertura médica,INCLUIDO,estado_no_calificado_canonico,asignaciones,2026-06-18 15:18:31.000000,c*************@gmail.com,+54388****789,incluido_ok
24086,,No busca cobertura médica,INCLUIDO,estado_no_calificado_canonico,asignaciones,2026-06-18 12:09:40.000000,m***********@gmail.com,+54115****338,incluido_ok
24115,,No busca cobertura médica,INCLUIDO,estado_no_calificado_canonico,asignaciones,2026-08-12 14:24:52.000000,m**********@gmail.com,+54112****940,incluido_ok
24116,,Fuera de zona,INCLUIDO,estado_no_calificado_canonico,asignaciones,2026-06-17 12:06:12.000000,b*************@hotmail.com,+54115****665,incluido_ok
24118,,No busca cobertura médica,INCLUIDO,estado_no_calificado_canonico,asignaciones,2026-06-17 16:44:57.000000,l**************@gmail.com,+54911*****197,incluido_ok
24134,,No busca cobertura médica,INCLUIDO,estado_no_calificado_canonico,asignaciones,2026-07-01 12:02:39.000000,a***********@hotmail.com,+54911*****647,incluido_ok
24137,,No busca cobertura médica,INCLUIDO,estado_no_calificado_canonico,asignaciones,2026-07-22 14:30:56.000000,a***********@gmail.com,+54112****855,incluido_ok
24145,,No busca cobertura médica,INCLUIDO,estado_no_calificado_canonico,asignaciones,2026-06-17 15:11:10.000000,d***********@gmail.com,+54112****104,incluido_ok
24148,,No busca cobertura médica,INCLUIDO,estado_no_calificado_canonico,asignaciones,2026-08-26 17:00:49.000000,a************@gmail.com,+54113****723,incluido_ok
24166,,No busca cobertura médica,INCLUIDO,estado_no_calificado_canonico,asignaciones,2026-06-19 15:29:58.000000,f*************@gmail.com,+54929*****397,incluido_ok
24169,,No busca cobertura médica,INCLUIDO,estado_no_calificado_canonico,asignaciones,2026-07-01 11:30:18.000000,j************@gmail.com,+54113****726,incluido_ok
24174,,No busca cobertura médica,INCLUIDO,estado_no_calificado_canonico,asignaciones,2026-06-26 12:31:17.000000,j********@gmail.com,+54221****023,incluido_ok
24176,,Fuera de zona,INCLUIDO,estado_no_calificado_canonico,asignaciones,2026-06-17 12:03:59.000000,i*********@gmail.com,+54266****447,incluido_ok
24183,,Fuera de zona,INCLUIDO,estado_no_calificado_canonico,asignaciones,2026-07-15 13:09:21.000000,l*******@gmail.com,+54388****299,incluido_ok
24193,,No busca cobertura médica,INCLUIDO,estado_no_calificado_canonico,asignaciones,2026-06-19 15:39:39.000000,r***************@gmail.com,+54115****756,incluido_ok
24263,,No busca cobertura médica,INCLUIDO,estado_no_calificado_canonico,asignaciones,2026-07-13 11:35:40.000000,r**********@gmail.com,+54113****701,incluido_ok
24270,,No busca cobertura médica,INCLUIDO,estado_no_calificado_canonico,asignaciones,2026-08-27 10:49:54.000000,g***********@gmail.com,+54113****911,incluido_ok
24284,,No busca cobertura médica,INCLUIDO,estado_no_calificado_canonico,asignaciones,2026-06-18 10:45:52.000000,c****************@gmail.com,+54113****052,incluido_ok
24299,,No busca cobertura médica,INCLUIDO,estado_no_calificado_canonico,asignaciones,2026-06-19 12:24:38.000000,p***********@gmail.com,+54383****549,incluido_ok
24305,,No busca cobertura médica,INCLUIDO,estado_no_calificado_canonico,asignaciones,2026-06-18 21:04:09.000000,n****************@gmail.com,+54113****958,incluido_ok
24313,,No busca cobertura médica,INCLUIDO,estado_no_calificado_canonico,asignaciones,2026-09-03 14:24:41.000000,c***************@gmail.com,+54112****145,incluido_ok
24344,,No busca cobertura médica,INCLUIDO,estado_no_calificado_canonico,asignaciones,2026-06-18 16:11:09.000000,e**************@gmail.com,+54221****484,incluido_ok
24346,,No busca cobertura médica,INCLUIDO,estado_no_calificado_canonico,asignaciones,2026-08-27 11:00:05.000000,v*****************@gmail.com,+54116****615,incluido_ok
24364,,No busca cobertura médica,INCLUIDO,estado_no_calificado_canonico,asignaciones,2026-07-08 10:15:01.000000,f************@gmail.com,+54116****080,incluido_ok
24366,,No busca cobertura médica,INCLUIDO,estado_no_calificado_canonico,asignaciones,2026-08-12 14:23:28.000000,s********@gmail.com,+54114****688,incluido_ok
24381,,No busca cobertura médica,INCLUIDO,estado_no_calificado_canonico,asignaciones,2026-06-19 13:40:20.000000,i************@outlook.com,+54113****848,incluido_ok
24384,,No busca cobertura médica,INCLUIDO,estado_no_calificado_canonico,asignaciones,2026-08-11 14:15:24.000000,t**************@gmail.com,+54113****407,incluido_ok
24402,,No busca cobertura médica,INCLUIDO,estado_no_calificado_canonico,asignaciones,2026-06-19 13:12:32.000000,s********************@gmail.com,+54236****332,incluido_ok
24403,,No busca cobertura médica,INCLUIDO,estado_no_calificado_canonico,asignaciones,2026-06-22 10:44:06.000000,h************************@gmail.com,+54117****690,incluido_ok
24406,,No busca cobertura médica,INCLUIDO,estado_no_calificado_canonico,asignaciones,2026-06-19 12:13:07.000000,m**************@gmail.com,+54341****223,incluido_ok
24410,,No busca cobertura médica,INCLUIDO,estado_no_calificado_canonico,asignaciones,2026-06-30 11:03:23.000000,e***************@gmail.com,+54116****387,incluido_ok
24432,,No busca cobertura médica,INCLUIDO,estado_no_calificado_canonico,asignaciones,2026-07-31 11:51:39.000000,m*************@gmail.com,+54345****406,incluido_ok
24447,,No busca cobertura médica,INCLUIDO,estado_no_calificado_canonico,asignaciones,2026-06-22 11:32:51.000000,d************@gmail.com,+54261****853,incluido_ok
24453,,No busca cobertura médica,INCLUIDO,estado_no_calificado_canonico,asignaciones,2026-06-25 12:22:37.000000,m****************@gmail.com,+54113****129,incluido_ok
24463,,No busca cobertura médica,INCLUIDO,estado_no_calificado_canonico,asignaciones,2026-06-25 10:46:23.000000,b**************@gmail.com,+54113****623,incluido_ok
24467,,No busca cobertura médica,INCLUIDO,estado_no_calificado_canonico,asignaciones,2026-08-27 11:11:17.000000,v*********************@gmail.com,+54297****680,incluido_ok
24512,,No busca cobertura médica,INCLUIDO,estado_no_calificado_canonico,asignaciones,2026-07-15 13:21:10.000000,c**********@gmail.com,+54113****160,incluido_ok
24525,,No busca cobertura médica,INCLUIDO,estado_no_calificado_canonico,asignaciones,2026-06-22 10:43:56.000000,m****************@gmail.com,+54115****376,incluido_ok
24536,,No busca cobertura médica,INCLUIDO,estado_no_calificado_canonico,asignaciones,2026-08-11 14:12:47.000000,a***************@gmail.com,+54115****788,incluido_ok
24539,,Fuera de zona,INCLUIDO,estado_no_calificado_canonico,asignaciones,2026-06-20 16:48:04.000000,l**************@gmail.com,+54112****774,incluido_ok
24551,,No busca cobertura médica,INCLUIDO,estado_no_calificado_canonico,asignaciones,2026-06-30 10:39:04.000000,s************@gmail.com,+54113****684,incluido_ok
24553,,No busca cobertura médica,INCLUIDO,estado_no_calificado_canonico,asignaciones,2026-06-22 10:52:33.000000,m************@gmail.com,+54116****312,incluido_ok
24569,,No busca cobertura médica,INCLUIDO,estado_no_calificado_canonico,asignaciones,2026-06-24 16:39:56.000000,m************@gmqil.com,+54113****875,incluido_ok
24575,,No busca cobertura médica,INCLUIDO,estado_no_calificado_canonico,asignaciones,2026-06-26 10:11:09.000000,l***********************@gmail.com,+54115****911,incluido_ok
24588,,No busca cobertura médica,INCLUIDO,estado_no_calificado_canonico,asignaciones,2026-07-01 11:46:53.000000,p*****************@gmail.com,+54113****375,incluido_ok
24590,,No busca cobertura médica,INCLUIDO,estado_no_calificado_canonico,asignaciones,2026-06-22 11:16:15.000000,b**************@gmail.com,+54115****173,incluido_ok
24598,,No busca cobertura médica,INCLUIDO,estado_no_calificado_canonico,asignaciones,2026-06-30 11:03:08.000000,m*******************@gmail.com,+54116****223,incluido_ok
24601,,No busca cobertura médica,INCLUIDO,estado_no_calificado_canonico,asignaciones,2026-06-29 17:41:01.000000,k*****************@gmail.com,+54112****436,incluido_ok
24605,,No busca cobertura médica,INCLUIDO,estado_no_calificado_canonico,asignaciones,2026-06-21 11:55:00.000000,p********************@gmail.com,+54115****886,incluido_ok
24609,,No busca cobertura médica,INCLUIDO,estado_no_calificado_canonico,asignaciones,2026-06-22 10:55:36.000000,l**********@gmail.com,+54354****523,incluido_ok
24612,,No busca cobertura médica,INCLUIDO,estado_no_calificado_canonico,asignaciones,2026-06-22 12:43:50.000000,n*************@gmail.com,+54221****951,incluido_ok
24613,,Fuera de zona,INCLUIDO,estado_no_calificado_canonico,asignaciones,2026-06-25 12:25:19.000000,v***************@gmail.com,+54221****840,incluido_ok
24616,,Fuera de zona,INCLUIDO,estado_no_calificado_canonico,asignaciones,2026-06-21 16:19:57.000000,c**************@gmail.com,+54343****278,incluido_ok
24632,,Fuera de zona,INCLUIDO,estado_no_calificado_canonico,asignaciones,2026-08-13 11:47:01.000000,y***************@gmail.com,+54231****103,incluido_ok
24635,,No busca cobertura médica,INCLUIDO,estado_no_calificado_canonico,asignaciones,2026-07-24 11:59:46.000000,c*************@gmail.com,+54263****903,incluido_ok
24652,,No busca cobertura médica,INCLUIDO,estado_no_calificado_canonico,asignaciones,2026-08-27 11:17:05.000000,m**********@gmail.com,+54117****596,incluido_ok
24658,,No busca cobertura médica,INCLUIDO,estado_no_calificado_canonico,asignaciones,2026-07-06 15:42:02.000000,z*******@gmail.com,+54114****712,incluido_ok
24668,,Fuera de zona,INCLUIDO,estado_no_calificado_canonico,asignaciones,2026-07-15 13:25:09.000000,l************@gmail.com,+54345****450,incluido_ok
24669,,No busca cobertura médica,INCLUIDO,estado_no_calificado_canonico,asignaciones,2026-08-27 14:34:17.000000,l************@gmail.com,+54115****099,incluido_ok
24680,,No busca cobertura médica,INCLUIDO,estado_no_calificado_canonico,asignaciones,2026-06-24 17:04:54.000000,p*******************@gmail.com,+54116****128,incluido_ok
24687,,No busca cobertura médica,INCLUIDO,estado_no_calificado_canonico,asignaciones,2026-06-25 10:33:09.000000,a**************@gmail.com,+54261****908,incluido_ok
24704,,No busca cobertura médica,INCLUIDO,estado_no_calificado_canonico,asignaciones,2026-06-22 16:44:32.000000,l*****************@gmail.com,+54113****787,incluido_ok
24705,,No busca cobertura médica,INCLUIDO,estado_no_calificado_canonico,asignaciones,2026-07-15 13:28:57.000000,m*********@gmail.com,+54911*****158,incluido_ok
24708,,No busca cobertura médica,INCLUIDO,estado_no_calificado_canonico,asignaciones,2026-06-24 10:49:45.000000,g**************@gmail.com,+54344****484,incluido_ok
24734,,No busca cobertura médica,INCLUIDO,estado_no_calificado_canonico,asignaciones,2026-06-24 16:40:02.000000,r************@gmail.com,+54223****579,incluido_ok
24739,,No busca cobertura médica,INCLUIDO,estado_no_calificado_canonico,asignaciones,2026-06-22 16:57:46.000000,w*********@gmail.com,+54386****657,incluido_ok
24748,,Fuera de zona,INCLUIDO,estado_no_calificado_canonico,asignaciones,2026-07-15 13:30:28.000000,l************@gmail.com,+54385****073,incluido_ok
24764,,No busca cobertura médica,INCLUIDO,estado_no_calificado_canonico,asignaciones,2026-06-30 10:33:28.000000,k*****************@gmail.com,+54117****026,incluido_ok
24768,,No busca cobertura médica,INCLUIDO,estado_no_calificado_canonico,asignaciones,2026-06-24 11:45:15.000000,s**********@gmail.com,+54116****314,incluido_ok
24772,,Fuera de zona,INCLUIDO,estado_no_calificado_canonico,asignaciones,2026-08-13 14:23:26.000000,b********************@gmail.com,+54249****785,incluido_ok
24773,,No busca cobertura médica,INCLUIDO,estado_no_calificado_canonico,asignaciones,2026-09-02 09:56:35.000000,l****************@gmail.com,+54113****190,incluido_ok
24783,,No busca cobertura médica,INCLUIDO,estado_no_calificado_canonico,asignaciones,2026-06-24 17:14:38.000000,f**********@gmail.com,+54221****790,incluido_ok
24787,,No busca cobertura médica,INCLUIDO,estado_no_calificado_canonico,asignaciones,2026-06-23 13:13:35.000000,m****************@gmail.com,+54221****522,incluido_ok
24789,,Fuera de zona,INCLUIDO,estado_no_calificado_canonico,asignaciones,2026-06-23 11:14:31.000000,r*******@gmail.com,+54226****064,incluido_ok
24790,,No busca cobertura médica,INCLUIDO,estado_no_calificado_canonico,asignaciones,2026-06-30 10:32:42.000000,m************@gmail.com,+54113****374,incluido_ok
24798,,Fuera de zona,INCLUIDO,estado_no_calificado_canonico,asignaciones,2026-06-23 11:15:23.000000,s*************@gmail.com,+54388****284,incluido_ok
24799,,No busca cobertura médica,INCLUIDO,estado_no_calificado_canonico,asignaciones,2026-06-24 17:14:16.000000,p*************@gmail.com,+54387****583,incluido_ok
24817,,No busca cobertura médica,INCLUIDO,estado_no_calificado_canonico,asignaciones,2026-06-30 10:38:19.000000,c**************@gmail.com,+54911*****111,incluido_ok
24831,,No busca cobertura médica,INCLUIDO,estado_no_calificado_canonico,asignaciones,2026-06-24 15:21:07.000000,e********************@gmail.com,+54388****928,incluido_ok
24838,,Fuera de zona,INCLUIDO,estado_no_calificado_canonico,asignaciones,2026-06-23 16:47:12.000000,h****************@gmail.com,+54112****521,incluido_ok
24843,,No busca cobertura médica,INCLUIDO,estado_no_calificado_canonico,asignaciones,2026-06-25 10:43:22.000000,z**************@gmail.com,+54373****378,incluido_ok
24844,,No busca cobertura médica,INCLUIDO,estado_no_calificado_canonico,asignaciones,2026-07-07 11:14:28.000000,j**************@gmail.com,+54113****498,incluido_ok
24860,,No busca cobertura médica,INCLUIDO,estado_no_calificado_canonico,asignaciones,2026-08-13 14:29:18.000000,e*************@gmail.com,+54114****428,incluido_ok
24862,,No busca cobertura médica,INCLUIDO,estado_no_calificado_canonico,asignaciones,2026-07-07 11:14:33.000000,t*********@gmail.com,+54116****433,incluido_ok
24878,,No busca cobertura médica,INCLUIDO,estado_no_calificado_canonico,asignaciones,2026-07-01 15:14:59.000000,c**********@gmail.com,+54116****993,incluido_ok
24881,,No busca cobertura médica,INCLUIDO,estado_no_calificado_canonico,asignaciones,2026-06-25 14:31:42.000000,g****************@gmail.com,+54116****486,incluido_ok
24885,,No busca cobertura médica,INCLUIDO,estado_no_calificado_canonico,asignaciones,2026-06-25 14:28:43.000000,s*********@gmail.com,+54115****845,incluido_ok
24894,,No busca cobertura médica,INCLUIDO,estado_no_calificado_canonico,asignaciones,2026-06-25 14:49:59.000000,c***************@icloud.com,+54113****305,incluido_ok
24902,,No busca cobertura médica,INCLUIDO,estado_no_calificado_canonico,asignaciones,2026-06-25 12:41:27.000000,l********@gmail.com,+54112****685,incluido_ok
24913,,No busca cobertura médica,INCLUIDO,estado_no_calificado_canonico,asignaciones,2026-06-25 11:11:09.000000,p****************@gmail.com,+54262****941,incluido_ok
24923,,Fuera de zona,INCLUIDO,estado_no_calificado_canonico,asignaciones,2026-06-24 10:18:36.000000,m****************@gmail.com,+54348****734,incluido_ok
24930,,No busca cobertura médica,INCLUIDO,estado_no_calificado_canonico,asignaciones,2026-06-25 10:15:24.000000,s****************@gmail.com,+54348****307,incluido_ok
24941,,No busca cobertura médica,INCLUIDO,estado_no_calificado_canonico,asignaciones,2026-07-17 09:57:11.000000,b**************@gmail.com,+54113****760,incluido_ok
24974,,No busca cobertura médica,INCLUIDO,estado_no_calificado_canonico,asignaciones,2026-06-25 10:18:18.000000,l**********@gmail.com,+54249****782,incluido_ok
24979,,No busca cobertura médica,INCLUIDO,estado_no_calificado_canonico,asignaciones,2026-09-02 10:06:30.000000,l**********@gmail.com,+54112****731,incluido_ok
24985,,No busca cobertura médica,INCLUIDO,estado_no_calificado_canonico,asignaciones,2026-06-25 10:17:23.000000,m*************@gmail.com,+54113****188,incluido_ok
25000,,No busca cobertura médica,INCLUIDO,estado_no_calificado_canonico,asignaciones,2026-06-25 15:03:06.000000,s*****************@gmail.com,+54116****947,incluido_ok
25018,,No busca cobertura médica,INCLUIDO,estado_no_calificado_canonico,asignaciones,2026-06-25 10:23:33.000000,b***********@gmail.com,+54113****501,incluido_ok
25028,,No busca cobertura médica,INCLUIDO,estado_no_calificado_canonico,asignaciones,2026-06-25 11:56:13.000000,t**************@gmail.com,+54381****963,incluido_ok
25037,,No busca cobertura médica,INCLUIDO,estado_no_calificado_canonico,asignaciones,2026-06-25 15:03:31.000000,e********@gmail.com,+54113****447,incluido_ok
25049,,Fuera de zona,INCLUIDO,estado_no_calificado_canonico,asignaciones,2026-09-08 17:06:23.000000,r********@gmail.com,+54364****218,incluido_ok
25052,,No busca cobertura médica,INCLUIDO,estado_no_calificado_canonico,asignaciones,2026-07-07 15:59:32.000000,r*************@gmail.com,+54113****845,incluido_ok
25056,,Fuera de zona,INCLUIDO,estado_no_calificado_canonico,asignaciones,2026-06-25 13:42:17.000000,l**@gmail.com,+54934*****033,incluido_ok
25080,,No busca cobertura médica,INCLUIDO,estado_no_calificado_canonico,asignaciones,2026-06-29 10:42:37.000000,v*****@yahoo.com.ar,+54113****562,incluido_ok
25123,,No busca cobertura médica,INCLUIDO,estado_no_calificado_canonico,asignaciones,2026-06-25 16:03:12.000000,f*************@gmail.com,+54266****234,incluido_ok
25129,,No busca cobertura médica,INCLUIDO,estado_no_calificado_canonico,asignaciones,2026-06-26 13:17:00.000000,l**********@gmail.com,+54115****516,incluido_ok
25153,,No busca cobertura médica,INCLUIDO,estado_no_calificado_canonico,asignaciones,2026-07-20 12:40:19.000000,l***************@gmail.com,+54113****040,incluido_ok
25163,,No busca cobertura médica,INCLUIDO,estado_no_calificado_canonico,asignaciones,2026-06-30 14:21:59.000000,v*******************@gmail.com,+54113****388,incluido_ok
25168,,Fuera de zona,INCLUIDO,estado_no_calificado_canonico,asignaciones,2026-09-02 10:45:39.000000,g*****************@gmail.com,+54370****254,incluido_ok
25170,,No busca cobertura médica,INCLUIDO,estado_no_calificado_canonico,asignaciones,2026-06-30 11:09:13.000000,l*************@gmail.com,+54112****360,incluido_ok
25173,,Fuera de zona,INCLUIDO,estado_no_calificado_canonico,asignaciones,2026-06-30 10:34:13.000000,d***************@gmail.com,+54114****204,incluido_ok
25175,,Fuera de zona,INCLUIDO,estado_no_calificado_canonico,asignaciones,2026-06-26 09:13:13.000000,h*******************@gmail.com,+54344****613,incluido_ok
25176,,No busca cobertura médica,INCLUIDO,estado_no_calificado_canonico,asignaciones,2026-07-03 15:48:20.000000,s*******************@gmail.com,+54117****762,incluido_ok
25178,,No busca cobertura médica,INCLUIDO,estado_no_calificado_canonico,asignaciones,2026-08-21 11:25:17.000000,s***********@gmail.com,+54114****473,incluido_ok
25190,,Fuera de zona,INCLUIDO,estado_no_calificado_canonico,asignaciones,2026-06-26 17:20:36.000000,e***********@gmail.com,+54348****558,incluido_ok
25194,,No busca cobertura médica,INCLUIDO,estado_no_calificado_canonico,asignaciones,2026-07-28 10:35:43.000000,b********************@gmail.com,+54113****239,incluido_ok
25214,,No busca cobertura médica,INCLUIDO,estado_no_calificado_canonico,asignaciones,2026-06-26 16:06:55.000000,j*****************@gmail.com,+54113****874,incluido_ok
25215,,No busca cobertura médica,INCLUIDO,estado_no_calificado_canonico,asignaciones,2026-09-02 10:50:13.000000,m************@gmail.com,+54116****560,incluido_ok
25229,,No busca cobertura médica,INCLUIDO,estado_no_calificado_canonico,asignaciones,2026-06-26 13:17:14.000000,a**************@gmail.com,+54116****525,incluido_ok
25243,,No busca cobertura médica,INCLUIDO,estado_no_calificado_canonico,asignaciones,2026-09-02 10:57:51.000000,n**************@hotmail.es,+54115****094,incluido_ok
25244,,No busca cobertura médica,INCLUIDO,estado_no_calificado_canonico,asignaciones,2026-07-20 12:22:17.000000,m***************@gmail.com,+54937*****279,incluido_ok
25245,,No busca cobertura médica,INCLUIDO,estado_no_calificado_canonico,asignaciones,2026-06-26 14:58:32.000000,v*************@gmail.com,+54115****818,incluido_ok
25249,,No busca cobertura médica,INCLUIDO,estado_no_calificado_canonico,asignaciones,2026-06-30 11:02:19.000000,e****************@gmail.com,+54112****993,incluido_ok
25253,,No busca cobertura médica,INCLUIDO,estado_no_calificado_canonico,asignaciones,2026-09-02 11:29:50.000000,s*************@gmail.com,+54266****692,incluido_ok
25278,,No busca cobertura médica,INCLUIDO,estado_no_calificado_canonico,asignaciones,2026-08-03 14:39:01.000000,b******@gmail.com,+54115****641,incluido_ok
25301,,No busca cobertura médica,INCLUIDO,estado_no_calificado_canonico,asignaciones,2026-06-30 14:19:23.000000,r************@gmail.com,+54266****341,incluido_ok
25311,,No busca cobertura médica,INCLUIDO,estado_no_calificado_canonico,asignaciones,2026-09-02 11:31:06.000000,c**************@gmail.com,+54113****078,incluido_ok
25324,,No busca cobertura médica,INCLUIDO,estado_no_calificado_canonico,asignaciones,2026-06-29 13:08:52.000000,l***********@gmail.com,+54114****489,incluido_ok
25327,,Fuera de zona,INCLUIDO,estado_no_calificado_canonico,asignaciones,2026-06-29 14:48:47.000000,a***************@gmail.com,+54266****247,incluido_ok
25329,,Fuera de zona,INCLUIDO,estado_no_calificado_canonico,asignaciones,2026-06-30 10:33:59.000000,m**************@gmail.com,+54385****416,incluido_ok
25343,,No busca cobertura médica,INCLUIDO,estado_no_calificado_canonico,asignaciones,2026-06-27 21:38:55.000000,j*******************@gamil.com,+54115****039,incluido_ok
25361,,No busca cobertura médica,INCLUIDO,estado_no_calificado_canonico,asignaciones,2026-06-30 14:29:00.000000,b****************@gmail.com,+54113****132,incluido_ok
25365,,No busca cobertura médica,INCLUIDO,estado_no_calificado_canonico,asignaciones,2026-06-30 11:59:52.000000,l*******@gmail.com,+54116****339,incluido_ok
25374,,Fuera de zona,INCLUIDO,estado_no_calificado_canonico,asignaciones,2026-06-29 16:57:06.000000,q*********************@gmail.com,+54266****715,incluido_ok
25389,,Fuera de zona,INCLUIDO,estado_no_calificado_canonico,asignaciones,2026-06-29 14:49:31.000000,c*****************@gmail.com,+54117****579,incluido_ok
25403,,Fuera de zona,INCLUIDO,estado_no_calificado_canonico,asignaciones,2026-06-29 10:52:18.000000,g**********@gmail.com,+54296****858,incluido_ok
25421,,No busca cobertura médica,INCLUIDO,estado_no_calificado_canonico,asignaciones,2026-06-29 11:03:36.000000,n******************@gmail.com,+54112****290,incluido_ok
25425,,No busca cobertura médica,INCLUIDO,estado_no_calificado_canonico,asignaciones,2026-06-29 11:24:54.000000,z************@gmail.com,+54341****196,incluido_ok
25429,,Fuera de zona,INCLUIDO,estado_no_calificado_canonico,asignaciones,2026-07-06 11:00:29.000000,i********@gmail.com,+54262****345,incluido_ok
25430,,No busca cobertura médica,INCLUIDO,estado_no_calificado_canonico,asignaciones,2026-07-23 10:50:16.000000,c***************@gmail.com,+54112****521,incluido_ok
25432,,Fuera de zona,INCLUIDO,estado_no_calificado_canonico,asignaciones,2026-06-29 11:41:53.000000,l**********@gmail.com,+54296****689,incluido_ok
25445,,No busca cobertura médica,INCLUIDO,estado_no_calificado_canonico,asignaciones,2026-06-29 12:12:45.000000,m*********************@gmail.com,+54113****631,incluido_ok
25454,,No busca cobertura médica,INCLUIDO,estado_no_calificado_canonico,asignaciones,2026-07-03 11:10:35.000000,c****************@gmail.com,+54113****879,incluido_ok
25459,,Fuera de zona,INCLUIDO,estado_no_calificado_canonico,asignaciones,2026-06-29 08:27:44.000000,m**************************@gmail.com,+54266****608,incluido_ok
25460,,No busca cobertura médica,INCLUIDO,estado_no_calificado_canonico,asignaciones,2026-06-29 17:04:08.000000,y****************@gmail.com,+54115****746,incluido_ok
25462,,Fuera de zona,INCLUIDO,estado_no_calificado_canonico,asignaciones,2026-07-06 11:00:21.000000,f**************@gmail.com,+54297****946,incluido_ok
25465,,No busca cobertura médica,INCLUIDO,estado_no_calificado_canonico,asignaciones,2026-09-02 12:00:20.000000,c**************@gmail.com,+54353****168,incluido_ok
25473,,Fuera de zona,INCLUIDO,estado_no_calificado_canonico,asignaciones,2026-06-29 13:42:11.000000,n*****************@gmail.com,+54373****798,incluido_ok
25477,,No busca cobertura médica,INCLUIDO,estado_no_calificado_canonico,asignaciones,2026-06-30 10:06:45.000000,n******@gmail.com,+54116****140,incluido_ok
25492,,No busca cobertura médica,INCLUIDO,estado_no_calificado_canonico,asignaciones,2026-07-01 10:50:01.000000,a********@icloud.com,+54222****004,incluido_ok
25502,,No busca cobertura médica,INCLUIDO,estado_no_calificado_canonico,asignaciones,2026-07-28 15:40:52.000000,g**********@lflsa.com.ar,+54116****156,incluido_ok
25503,,No busca cobertura médica,INCLUIDO,estado_no_calificado_canonico,asignaciones,2026-08-13 14:53:33.000000,j*************@gmail.com,+54116****304,incluido_ok
25528,,No busca cobertura médica,INCLUIDO,estado_no_calificado_canonico,asignaciones,2026-06-30 11:55:32.000000,j**********@gmail.com,+54112****522,incluido_ok
25534,,No busca cobertura médica,INCLUIDO,estado_no_calificado_canonico,asignaciones,2026-07-01 09:38:21.000000,d**********@gmail.com,+54115****879,incluido_ok
25535,,No busca cobertura médica,INCLUIDO,estado_no_calificado_canonico,asignaciones,2026-06-30 09:49:06.000000,y**********@gmail.com,+54113****034,incluido_ok
25536,,No busca cobertura médica,INCLUIDO,estado_no_calificado_canonico,asignaciones,2026-06-29 16:45:58.000000,m*******@gmail.com,+54116****669,incluido_ok
25560,,Fuera de zona,INCLUIDO,estado_no_calificado_canonico,asignaciones,2026-06-29 19:14:37.000000,j*********@hotmail.com,+54294****721,incluido_ok
25574,,No busca cobertura médica,INCLUIDO,estado_no_calificado_canonico,asignaciones,2026-07-03 12:43:06.000000,m***********@gmail.com,+54116****643,incluido_ok
25597,,Fuera de zona,INCLUIDO,estado_no_calificado_canonico,asignaciones,2026-06-30 12:45:17.000000,a******************@gmail.com,+54114****394,incluido_ok
25599,,No busca cobertura médica,INCLUIDO,estado_no_calificado_canonico,asignaciones,2026-07-07 17:43:28.000000,c************@gmail.com,+54221****803,incluido_ok
25603,,No busca cobertura médica,INCLUIDO,estado_no_calificado_canonico,asignaciones,2026-06-30 16:41:38.000000,a*************@gmail.com,+54115****381,incluido_ok
25605,,No busca cobertura médica,INCLUIDO,estado_no_calificado_canonico,asignaciones,2026-07-02 15:43:42.000000,s**********@gmail.com,+54116****208,incluido_ok
25613,,Fuera de zona,INCLUIDO,estado_no_calificado_canonico,asignaciones,2026-06-30 10:33:22.000000,m**********@gmail.com,+54299****088,incluido_ok
25642,,No busca cobertura médica,INCLUIDO,estado_no_calificado_canonico,asignaciones,2026-07-02 12:53:56.000000,d***************@gmail.com,+54113****626,incluido_ok
25662,,No busca cobertura médica,INCLUIDO,estado_no_calificado_canonico,asignaciones,2026-07-02 16:52:48.000000,s***************@gmail.com,+54261****081,incluido_ok
25667,,No busca cobertura médica,INCLUIDO,estado_no_calificado_canonico,asignaciones,2026-06-30 15:25:44.000000,c**********@gmail.com,+54113****876,incluido_ok
25675,,No busca cobertura médica,INCLUIDO,estado_no_calificado_canonico,asignaciones,2026-07-02 10:39:14.000000,m******************@gmail.com,+54115****344,incluido_ok
25686,,No busca cobertura médica,INCLUIDO,estado_no_calificado_canonico,asignaciones,2026-07-16 15:51:27.000000,g**************@gmail.com,+54115****543,incluido_ok
25694,,No busca cobertura médica,INCLUIDO,estado_no_calificado_canonico,asignaciones,2026-07-02 09:24:23.000000,b*********************@gmail.com,+54112****113,incluido_ok
25696,,No busca cobertura médica,INCLUIDO,estado_no_calificado_canonico,asignaciones,2026-07-06 14:31:56.000000,w*****************@gmail.com,+54113****433,incluido_ok
25697,,No busca cobertura médica,INCLUIDO,estado_no_calificado_canonico,asignaciones,2026-07-01 13:17:35.000000,a*****************@gmail.com,+54112****207,incluido_ok
25699,,No busca cobertura médica,INCLUIDO,estado_no_calificado_canonico,asignaciones,2026-08-28 16:30:33.000000,e******************@gmail.com,+54298****847,incluido_ok
25708,,No busca cobertura médica,INCLUIDO,estado_no_calificado_canonico,asignaciones,2026-07-02 13:41:11.000000,a******************@gmail.com,+54116****466,incluido_ok
25712,,No busca cobertura médica,INCLUIDO,estado_no_calificado_canonico,asignaciones,2026-07-20 12:02:03.000000,a*************@gmail.com,+54113****333,incluido_ok
25716,,No busca cobertura médica,INCLUIDO,estado_no_calificado_canonico,asignaciones,2026-07-01 15:19:03.000000,l*************************@gmail.com,+54116****040,incluido_ok
25724,,No busca cobertura médica,INCLUIDO,estado_no_calificado_canonico,asignaciones,2026-07-03 10:10:18.000000,l*********************@gmail.com,+54117****665,incluido_ok
25727,,No busca cobertura médica,INCLUIDO,estado_no_calificado_canonico,asignaciones,2026-09-02 12:37:44.000000,a**************@gmail.com,+54117****698,incluido_ok
25744,,Fuera de zona,INCLUIDO,estado_no_calificado_canonico,asignaciones,2026-07-01 12:07:05.000000,j**************@gmail.com,+54387****961,incluido_ok
25745,,No busca cobertura médica,INCLUIDO,estado_no_calificado_canonico,asignaciones,2026-07-28 13:43:49.000000,n**************@gmail.com,+54115****505,incluido_ok
25746,,Fuera de zona,INCLUIDO,estado_no_calificado_canonico,asignaciones,2026-07-22 16:40:31.000000,c*******************@gmail.com,+54345****390,incluido_ok
25748,,Fuera de zona,INCLUIDO,estado_no_calificado_canonico,asignaciones,2026-07-06 17:33:22.000000,s********@gmail.com,+54318****665,incluido_ok
25751,,Fuera de zona,INCLUIDO,estado_no_calificado_canonico,asignaciones,2026-07-06 17:33:19.000000,c********@gmail.com,+54292****279,incluido_ok
25756,,No busca cobertura médica,INCLUIDO,estado_no_calificado_canonico,asignaciones,2026-07-01 12:45:49.000000,u*************@gmail.com,+54113****355,incluido_ok
25765,,No busca cobertura médica,INCLUIDO,estado_no_calificado_canonico,asignaciones,2026-07-28 13:45:12.000000,a********************@gmail.com,+54221****413,incluido_ok
25768,,No busca cobertura médica,INCLUIDO,estado_no_calificado_canonico,asignaciones,2026-09-02 12:38:12.000000,m*************@gmail.com,+54112****130,incluido_ok
25771,,Fuera de zona,INCLUIDO,estado_no_calificado_canonico,asignaciones,2026-07-01 12:06:25.000000,j*******************@gmail.com,+54221****115,incluido_ok
25780,,Fuera de zona,INCLUIDO,estado_no_calificado_canonico,asignaciones,2026-07-01 12:06:41.000000,b*************@gmail.com,+54299****766,incluido_ok
25788,,No busca cobertura médica,INCLUIDO,estado_no_calificado_canonico,asignaciones,2026-07-01 12:11:46.000000,a******************@gmail.com,+54348****353,incluido_ok
25798,,No busca cobertura médica,INCLUIDO,estado_no_calificado_canonico,asignaciones,2026-07-02 09:23:45.000000,t***************@gmail.com,+54112****794,incluido_ok
25815,,No busca cobertura médica,INCLUIDO,estado_no_calificado_canonico,asignaciones,2026-07-08 10:15:47.000000,t*********@gmail.com,+54113****181,incluido_ok
25818,,No busca cobertura médica,INCLUIDO,estado_no_calificado_canonico,asignaciones,2026-07-28 14:47:16.000000,m*****************@gmail.com,+54113****158,incluido_ok
25828,,Fuera de zona,INCLUIDO,estado_no_calificado_canonico,asignaciones,2026-07-01 18:11:45.000000,b*******************@gmail.com,+54113****167,incluido_ok
25829,,No busca cobertura médica,INCLUIDO,estado_no_calificado_canonico,asignaciones,2026-07-01 14:00:34.000000,r****************@gmail.com,+54113****584,incluido_ok
25857,,No busca cobertura médica,INCLUIDO,estado_no_calificado_canonico,asignaciones,2026-07-28 14:49:04.000000,k*****************@gmail.com,+54115****306,incluido_ok
25887,,No busca cobertura médica,INCLUIDO,estado_no_calificado_canonico,asignaciones,2026-07-02 15:15:47.000000,g*************@gmail.com,+54116****874,incluido_ok
25889,,No busca cobertura médica,INCLUIDO,estado_no_calificado_canonico,asignaciones,2026-07-06 16:26:32.000000,v***************@gmail.com,+54112****690,incluido_ok
25898,,Fuera de zona,INCLUIDO,estado_no_calificado_canonico,asignaciones,2026-07-02 10:55:05.000000,t********@gmail.com,+54266****759,incluido_ok
25899,,No busca cobertura médica,INCLUIDO,estado_no_calificado_canonico,asignaciones,2026-07-28 14:49:36.000000,z*************@gmail.com,+54296****157,incluido_ok
25906,,Fuera de zona,INCLUIDO,estado_no_calificado_canonico,asignaciones,2026-07-02 13:36:17.000000,j*******@gmail.com,+54370****085,incluido_ok
25909,,No busca cobertura médica,INCLUIDO,estado_no_calificado_canonico,asignaciones,2026-07-28 14:49:56.000000,g*************@gmail.com,+54116****272,incluido_ok
25910,,No busca cobertura médica,INCLUIDO,estado_no_calificado_canonico,asignaciones,2026-07-02 16:13:11.000000,p**************@gmail.com,+54116****589,incluido_ok
25915,,No busca cobertura médica,INCLUIDO,estado_no_calificado_canonico,asignaciones,2026-07-02 11:02:07.000000,m**************@gmail.com,+54113****645,incluido_ok
25916,,No busca cobertura médica,INCLUIDO,estado_no_calificado_canonico,asignaciones,2026-07-17 10:01:58.000000,g*****@yahoo.com.ar,+54116****839,incluido_ok
25917,,Fuera de zona,INCLUIDO,estado_no_calificado_canonico,asignaciones,2026-07-04 10:33:10.000000,f********@gmail.com,+54112****790,incluido_ok
25918,,No busca cobertura médica,INCLUIDO,estado_no_calificado_canonico,asignaciones,2026-07-02 12:27:56.000000,l*****************@gmail.com,+54112****679,incluido_ok
25919,,No busca cobertura médica,INCLUIDO,estado_no_calificado_canonico,asignaciones,2026-07-06 11:39:46.000000,v***************@gmail.com,+54292****395,incluido_ok
25923,,No busca cobertura médica,INCLUIDO,estado_no_calificado_canonico,asignaciones,2026-07-02 13:46:28.000000,m****************@gmail.com,+54296****978,incluido_ok
25925,,No busca cobertura médica,INCLUIDO,estado_no_calificado_canonico,asignaciones,2026-07-03 11:09:18.000000,t**************@gmail.com,+54116****944,incluido_ok
25931,,No busca cobertura médica,INCLUIDO,estado_no_calificado_canonico,asignaciones,2026-07-28 14:50:42.000000,g***************@gmail.com,+54370****605,incluido_ok
25950,,Fuera de zona,INCLUIDO,estado_no_calificado_canonico,asignaciones,2026-07-02 20:22:39.000000,m******************@gmail.com,+54112****902,incluido_ok
25954,,No busca cobertura médica,INCLUIDO,estado_no_calificado_canonico,asignaciones,2026-07-02 15:15:32.000000,v*************@gmail.comgmail.com,+54116****896,incluido_ok
25977,,No busca cobertura médica,INCLUIDO,estado_no_calificado_canonico,asignaciones,2026-07-02 14:14:02.000000,p***********@gmail.com,+54116****980,incluido_ok
25979,,No busca cobertura médica,INCLUIDO,estado_no_calificado_canonico,asignaciones,2026-07-07 11:38:40.000000,y*****************@gmail.com,+54342****628,incluido_ok
25990,,No busca cobertura médica,INCLUIDO,estado_no_calificado_canonico,asignaciones,2026-07-17 11:26:01.000000,f******************@gmail.com,+54113****643,incluido_ok
25996,,No busca cobertura médica,INCLUIDO,estado_no_calificado_canonico,asignaciones,2026-07-28 14:51:06.000000,m************@gmail.com,+54382****738,incluido_ok
26006,,No busca cobertura médica,INCLUIDO,estado_no_calificado_canonico,asignaciones,2026-07-13 12:59:37.000000,s*************@gmail.com,+54381****793,incluido_ok
26027,,Fuera de zona,INCLUIDO,estado_no_calificado_canonico,asignaciones,2026-07-06 17:33:02.000000,f********@gmail.com,+54113****414,incluido_ok
26040,,No busca cobertura médica,INCLUIDO,estado_no_calificado_canonico,asignaciones,2026-07-03 13:28:07.000000,c********************@gmail.com,+54117****001,incluido_ok
26042,,No busca cobertura médica,INCLUIDO,estado_no_calificado_canonico,asignaciones,2026-07-28 14:51:32.000000,s********@gmail.com,+54112****163,incluido_ok
26043,,Fuera de zona,INCLUIDO,estado_no_calificado_canonico,asignaciones,2026-07-03 11:26:09.000000,f****************@gmail.com,+54117****595,incluido_ok
26049,,No busca cobertura médica,INCLUIDO,estado_no_calificado_canonico,asignaciones,2026-07-20 12:10:54.000000,m**************@gmail.com,+54348****138,incluido_ok
26057,,No busca cobertura médica,INCLUIDO,estado_no_calificado_canonico,asignaciones,2026-07-07 17:45:19.000000,a***********@gmail.com,+54113****603,incluido_ok
26062,,Fuera de zona,INCLUIDO,estado_no_calificado_canonico,asignaciones,2026-07-06 17:32:55.000000,j******************@gmail.com,+54348****126,incluido_ok
26065,,Fuera de zona,INCLUIDO,estado_no_calificado_canonico,asignaciones,2026-07-03 11:26:33.000000,g*****************@gmail.com,+54116****880,incluido_ok
26067,,No busca cobertura médica,INCLUIDO,estado_no_calificado_canonico,asignaciones,2026-07-20 11:54:26.000000,l**********@gmail.com,+54387****141,incluido_ok
26074,,No busca cobertura médica,INCLUIDO,estado_no_calificado_canonico,asignaciones,2026-07-03 12:26:59.000000,c*************@gmail.com,+54280****979,incluido_ok
26083,,No busca cobertura médica,INCLUIDO,estado_no_calificado_canonico,asignaciones,2026-07-20 11:53:38.000000,m**************@gmail.com,+54221****312,incluido_ok
26091,,No busca cobertura médica,INCLUIDO,estado_no_calificado_canonico,asignaciones,2026-07-30 11:08:36.000000,l*******************@gmail.com,+54115****827,incluido_ok
26096,,No busca cobertura médica,INCLUIDO,estado_no_calificado_canonico,asignaciones,2026-07-03 12:05:01.000000,v************@gmail.com,+54380****681,incluido_ok
26119,,No busca cobertura médica,INCLUIDO,estado_no_calificado_canonico,asignaciones,2026-07-20 11:53:08.000000,i*****************@gmail.com,+54261****614,incluido_ok
26121,,No busca cobertura médica,INCLUIDO,estado_no_calificado_canonico,asignaciones,2026-07-10 15:54:26.000000,l*************@gmail.com,+54933*****119,incluido_ok
26131,,No busca cobertura médica,INCLUIDO,estado_no_calificado_canonico,asignaciones,2026-07-03 15:41:31.000000,n****************@gmail.com,+54292****960,incluido_ok
26144,,No busca cobertura médica,INCLUIDO,estado_no_calificado_canonico,asignaciones,2026-09-02 12:52:11.000000,l************@gmail.com,+54114****139,incluido_ok
26148,,No busca cobertura médica,INCLUIDO,estado_no_calificado_canonico,asignaciones,2026-07-20 12:09:22.000000,o************@gmail.com,+54112****689,incluido_ok
26162,,No busca cobertura médica,INCLUIDO,estado_no_calificado_canonico,asignaciones,2026-07-10 10:49:42.000000,c***************@gmail.com,+54113****508,incluido_ok
26166,,No busca cobertura médica,INCLUIDO,estado_no_calificado_canonico,asignaciones,2026-07-23 10:55:15.000000,n**************@gmail.com,+54113****163,incluido_ok
26175,,Fuera de zona,INCLUIDO,estado_no_calificado_canonico,asignaciones,2026-07-06 13:27:22.000000,e********@gmail.com,+54221****179,incluido_ok
26177,,Fuera de zona,INCLUIDO,estado_no_calificado_canonico,asignaciones,2026-07-06 17:32:50.000000,s********@gmail.com,+54114****232,incluido_ok
26187,,No busca cobertura médica,INCLUIDO,estado_no_calificado_canonico,asignaciones,2026-07-06 12:22:53.000000,a****************@gmail.com,+54221****437,incluido_ok
26193,,Fuera de zona,INCLUIDO,estado_no_calificado_canonico,asignaciones,2026-07-06 13:22:10.000000,r**************@gmail.com,+54261****541,incluido_ok
26194,,No busca cobertura médica,INCLUIDO,estado_no_calificado_canonico,asignaciones,2026-07-08 13:02:00.000000,s****@hotmail.com,+54113****684,incluido_ok
26198,,No busca cobertura médica,INCLUIDO,estado_no_calificado_canonico,asignaciones,2026-07-06 16:47:19.000000,e*********@gmail.com,+54116****564,incluido_ok
26199,,Fuera de zona,INCLUIDO,estado_no_calificado_canonico,asignaciones,2026-07-06 17:32:19.000000,d*************@gmail.com,+54115****330,incluido_ok
26203,,Fuera de zona,INCLUIDO,estado_no_calificado_canonico,asignaciones,2026-07-08 15:58:13.000000,m************@hotmail.com,+54228****729,incluido_ok
26211,,No busca cobertura médica,INCLUIDO,estado_no_calificado_canonico,asignaciones,2026-08-13 10:34:23.000000,y**********@gmail.com,+54116****891,incluido_ok
26213,,No busca cobertura médica,INCLUIDO,estado_no_calificado_canonico,asignaciones,2026-07-07 10:37:46.000000,t*************@gmail.com,+54346****782,incluido_ok
26216,,Fuera de zona,INCLUIDO,estado_no_calificado_canonico,asignaciones,2026-07-06 17:32:14.000000,f********@gmail.com,+54348****867,incluido_ok
26226,,No busca cobertura médica,INCLUIDO,estado_no_calificado_canonico,asignaciones,2026-09-02 12:56:03.000000,p************@gmail.com,+54116****456,incluido_ok
26229,,No busca cobertura médica,INCLUIDO,estado_no_calificado_canonico,asignaciones,2026-07-06 16:28:59.000000,p*******************@gmail.com,+54239****718,incluido_ok
26241,,No busca cobertura médica,INCLUIDO,estado_no_calificado_canonico,asignaciones,2026-07-17 09:59:48.000000,p*****************@gmail.com,+54113****047,incluido_ok
26250,,No busca cobertura médica,INCLUIDO,estado_no_calificado_canonico,asignaciones,2026-07-06 13:44:51.000000,b*******************@gmail.com,+54116****413,incluido_ok
26260,,No busca cobertura médica,INCLUIDO,estado_no_calificado_canonico,asignaciones,2026-07-06 10:52:43.000000,e*************@gmail.com,+54113****841,incluido_ok
26261,,No busca cobertura médica,INCLUIDO,estado_no_calificado_canonico,asignaciones,2026-07-06 09:58:09.000000,x******@gmail.com,+54116****885,incluido_ok
26294,,Fuera de zona,INCLUIDO,estado_no_calificado_canonico,asignaciones,2026-07-06 10:11:43.000000,v*********@gmail.com,+54265****036,incluido_ok
26297,,No busca cobertura médica,INCLUIDO,estado_no_calificado_canonico,asignaciones,2026-07-07 15:16:43.000000,b******************@gmail.com,+54373****395,incluido_ok
26303,,Fuera de zona,INCLUIDO,estado_no_calificado_canonico,asignaciones,2026-07-06 10:00:14.000000,s******************@gmail.com,+54228****022,incluido_ok
26315,,No busca cobertura médica,INCLUIDO,estado_no_calificado_canonico,asignaciones,2026-08-28 16:07:06.000000,t******************@gmail.com,+54115****407,incluido_ok
26360,,No busca cobertura médica,INCLUIDO,estado_no_calificado_canonico,asignaciones,2026-07-06 11:32:21.000000,m********************@gmail.com,+54117****328,incluido_ok
26374,,No busca cobertura médica,INCLUIDO,estado_no_calificado_canonico,asignaciones,2026-07-28 13:01:26.000000,m************@gmail.com,+54116****936,incluido_ok
26377,,No busca cobertura médica,INCLUIDO,estado_no_calificado_canonico,asignaciones,2026-07-28 15:10:01.000000,m************@gmail.com,+54115****024,incluido_ok
26393,,No busca cobertura médica,INCLUIDO,estado_no_calificado_canonico,asignaciones,2026-07-17 10:00:58.000000,o*******************@gmail.com,+54116****801,incluido_ok
26430,,No busca cobertura médica,INCLUIDO,estado_no_calificado_canonico,asignaciones,2026-07-28 15:12:13.000000,t***************@gmail.com,+54112****565,incluido_ok
26441,,No busca cobertura médica,INCLUIDO,estado_no_calificado_canonico,asignaciones,2026-07-07 16:17:51.000000,c******************@gmail.com,+54113****455,incluido_ok
26451,,No busca cobertura médica,INCLUIDO,estado_no_calificado_canonico,asignaciones,2026-07-28 15:12:33.000000,a********@gmail.com,+54114****749,incluido_ok
26454,,No busca cobertura médica,INCLUIDO,estado_no_calificado_canonico,asignaciones,2026-07-07 10:28:48.000000,v********@gmail.com,+54112****905,incluido_ok
26468,,No busca cobertura médica,INCLUIDO,estado_no_calificado_canonico,asignaciones,2026-07-07 09:18:31.000000,e****************@gmail.com,+54348****595,incluido_ok
26472,,No busca cobertura médica,INCLUIDO,estado_no_calificado_canonico,asignaciones,2026-07-20 10:40:02.000000,t*******************@gmail.com,+54116****297,incluido_ok
26476,,No busca cobertura médica,INCLUIDO,estado_no_calificado_canonico,asignaciones,2026-07-07 16:09:22.000000,b**************@gmail.com,+54345****569,incluido_ok
26514,,Fuera de zona,INCLUIDO,estado_no_calificado_canonico,asignaciones,2026-07-08 10:04:29.000000,s************@gmail.com,+54387****860,incluido_ok
26521,,Fuera de zona,INCLUIDO,estado_no_calificado_canonico,asignaciones,2026-07-08 13:23:45.000000,n***********@gmail.com,+54222****564,incluido_ok
26527,,Fuera de zona,INCLUIDO,estado_no_calificado_canonico,asignaciones,2026-07-08 12:24:31.000000,t******@gmail.com,+54362****105,incluido_ok
26538,,No busca cobertura médica,INCLUIDO,estado_no_calificado_canonico,asignaciones,2026-07-31 11:50:18.000000,t************@gmail.com,+54116****077,incluido_ok
26558,,Fuera de zona,INCLUIDO,estado_no_calificado_canonico,asignaciones,2026-07-08 10:00:18.000000,r********@gmail.com,+54235****345,incluido_ok
26561,,No busca cobertura médica,INCLUIDO,estado_no_calificado_canonico,asignaciones,2026-08-28 15:56:21.000000,b*****************@mail.com,+54112****215,incluido_ok
26562,,No busca cobertura médica,INCLUIDO,estado_no_calificado_canonico,asignaciones,2026-07-08 11:22:53.000000,r**********@gmail.com,+54112****676,incluido_ok
26565,,No busca cobertura médica,INCLUIDO,estado_no_calificado_canonico,asignaciones,2026-07-24 15:11:11.000000,c**********************@gmail.com,+54222****238,incluido_ok
26569,,No busca cobertura médica,INCLUIDO,estado_no_calificado_canonico,asignaciones,2026-07-08 11:52:18.000000,j********@gmail.com,+54379****517,incluido_ok
26579,,No busca cobertura médica,INCLUIDO,estado_no_calificado_canonico,asignaciones,2026-07-23 17:14:11.000000,j**********@gmail.com,+54116****885,incluido_ok
26586,,No busca cobertura médica,INCLUIDO,estado_no_calificado_canonico,asignaciones,2026-07-29 16:55:37.000000,v**********@gmail.com,+54117****547,incluido_ok
26599,,No busca cobertura médica,INCLUIDO,estado_no_calificado_canonico,asignaciones,2026-07-24 14:23:49.000000,p**********@gmail.com,+54344****986,incluido_ok
26614,,Fuera de zona,INCLUIDO,estado_no_calificado_canonico,asignaciones,2026-07-08 15:55:58.000000,a****************@gmail.com,+54387****116,incluido_ok
26661,,No busca cobertura médica,INCLUIDO,estado_no_calificado_canonico,asignaciones,2026-07-08 16:32:34.000000,t*************@gmail.com,+54112****045,incluido_ok
26667,,No busca cobertura médica,INCLUIDO,estado_no_calificado_canonico,asignaciones,2026-07-13 16:20:44.000000,a*********@hotmail.com,+54113****944,incluido_ok
26680,,No busca cobertura médica,INCLUIDO,estado_no_calificado_canonico,asignaciones,2026-07-20 10:53:29.000000,l************@gmail.com,+54298****733,incluido_ok
26691,,Fuera de zona,INCLUIDO,estado_no_calificado_canonico,asignaciones,2026-07-09 17:19:35.000000,r**************@gmail.com,+54385****002,incluido_ok
26696,,Fuera de zona,INCLUIDO,estado_no_calificado_canonico,asignaciones,2026-07-13 11:13:50.000000,m********@gmail.com,+54115****208,incluido_ok
26710,,No busca cobertura médica,INCLUIDO,estado_no_calificado_canonico,asignaciones,2026-07-17 10:57:28.000000,v*************@gmail.com,+54112****285,incluido_ok
26714,,Fuera de zona,INCLUIDO,estado_no_calificado_canonico,asignaciones,2026-07-13 13:39:43.000000,s****************@gmail.com,+54232****647,incluido_ok
26758,,No busca cobertura médica,INCLUIDO,estado_no_calificado_canonico,asignaciones,2026-07-13 16:30:28.000000,j*******************@gmail.com,+54116****139,incluido_ok
26763,,No busca cobertura médica,INCLUIDO,estado_no_calificado_canonico,asignaciones,2026-07-10 13:24:55.000000,c**************************@gmail.com,+54116****463,incluido_ok
26771,,No busca cobertura médica,INCLUIDO,estado_no_calificado_canonico,asignaciones,2026-07-13 10:10:03.000000,n*************@gmail.com,+54116****486,incluido_ok
26779,,No busca cobertura médica,INCLUIDO,estado_no_calificado_canonico,asignaciones,2026-07-13 14:13:41.000000,l**************@gmail.com,+54221****939,incluido_ok
26781,,Fuera de zona,INCLUIDO,estado_no_calificado_canonico,asignaciones,2026-07-10 15:49:07.000000,s******************@gmail.com,+54112****104,incluido_ok
26818,,No busca cobertura médica,INCLUIDO,estado_no_calificado_canonico,asignaciones,2026-07-14 13:02:48.000000,c**************@hotmail.com,+54114****530,incluido_ok
26825,,No busca cobertura médica,INCLUIDO,estado_no_calificado_canonico,asignaciones,2026-08-26 10:38:31.000000,s**********@gmail.com,+54113****539,incluido_ok
26878,,Fuera de zona,INCLUIDO,estado_no_calificado_canonico,asignaciones,2026-07-14 15:33:56.000000,m***********@hotmail.com,+54116****270,incluido_ok
26891,,No busca cobertura médica,INCLUIDO,estado_no_calificado_canonico,asignaciones,2026-07-18 22:30:16.000000,v*****************@gmail.com,+54112****669,incluido_ok
26897,,No busca cobertura médica,INCLUIDO,estado_no_calificado_canonico,asignaciones,2026-07-16 22:09:07.000000,e********@gmail.com,+54249****748,incluido_ok
26906,,No busca cobertura médica,INCLUIDO,estado_no_calificado_canonico,asignaciones,2026-07-13 10:44:23.000000,a***************@gmail.com,+54112****952,incluido_ok
26920,,No busca cobertura médica,INCLUIDO,estado_no_calificado_canonico,asignaciones,2026-07-22 15:35:46.000000,m********@tyax.com.ar,+54115****525,incluido_ok
26924,,Fuera de zona,INCLUIDO,estado_no_calificado_canonico,asignaciones,2026-07-11 20:30:23.000000,j******************@gmail.com,+54345****773,incluido_ok
26937,,No busca cobertura médica,INCLUIDO,estado_no_calificado_canonico,asignaciones,2026-07-13 16:52:15.000000,m*************@gmail.com,+54112****806,incluido_ok
26944,,No busca cobertura médica,INCLUIDO,estado_no_calificado_canonico,asignaciones,2026-07-24 12:57:28.000000,c***************************@gmail.com,+54112****613,incluido_ok
26956,,Fuera de zona,INCLUIDO,estado_no_calificado_canonico,asignaciones,2026-07-14 11:09:08.000000,e************@gmail.com,+54348****603,incluido_ok
26962,,No busca cobertura médica,INCLUIDO,estado_no_calificado_canonico,asignaciones,2026-07-23 11:13:04.000000,f***************@gmail.com,+54116****689,incluido_ok
26964,,No busca cobertura médica,INCLUIDO,estado_no_calificado_canonico,asignaciones,2026-07-16 15:24:38.000000,a**************@gmail.com,+54115****793,incluido_ok
26977,,No busca cobertura médica,INCLUIDO,estado_no_calificado_canonico,asignaciones,2026-07-17 10:05:19.000000,r************@gmail.com,+54383****910,incluido_ok
26979,,No busca cobertura médica,INCLUIDO,estado_no_calificado_canonico,asignaciones,2026-07-14 14:03:03.000000,b**************@gmail.com,+54263****535,incluido_ok
26980,,No busca cobertura médica,INCLUIDO,estado_no_calificado_canonico,asignaciones,2026-07-13 09:58:34.000000,f***********@gmail.com,+54383****008,incluido_ok
26991,,No busca cobertura médica,INCLUIDO,estado_no_calificado_canonico,asignaciones,2026-07-17 15:56:22.000000,n********@gmail.com,+54223****347,incluido_ok
27013,,No busca cobertura médica,INCLUIDO,estado_no_calificado_canonico,asignaciones,2026-07-23 17:20:55.000000,c*****************@gmail.com,+54112****107,incluido_ok
27015,,Fuera de zona,INCLUIDO,estado_no_calificado_canonico,asignaciones,2026-07-13 11:22:13.000000,j************************@gmail.com,+54388****672,incluido_ok
27023,,No busca cobertura médica,INCLUIDO,estado_no_calificado_canonico,asignaciones,2026-07-20 11:38:41.000000,g************@gmail.com,+54112****757,incluido_ok
27029,,No busca cobertura médica,INCLUIDO,estado_no_calificado_canonico,asignaciones,2026-07-17 10:04:47.000000,o******************@gmail.com,+54116****924,incluido_ok
27032,,No busca cobertura médica,INCLUIDO,estado_no_calificado_canonico,asignaciones,2026-07-20 10:39:10.000000,a************@gmail.com,+54112****078,incluido_ok
27033,,No busca cobertura médica,INCLUIDO,estado_no_calificado_canonico,asignaciones,2026-07-23 12:52:14.000000,l************@gmail.com,+54115****988,incluido_ok
27047,,No busca cobertura médica,INCLUIDO,estado_no_calificado_canonico,asignaciones,2026-07-13 14:55:55.000000,l*****@remax.com.ar,+54113****259,incluido_ok
27049,,No busca cobertura médica,INCLUIDO,estado_no_calificado_canonico,asignaciones,2026-07-14 11:39:43.000000,m****************@gmail.com,+54112****538,incluido_ok
27053,,No busca cobertura médica,INCLUIDO,estado_no_calificado_canonico,asignaciones,2026-07-18 22:29:58.000000,m*************@gmail.com,+54112****603,incluido_ok
27067,,No busca cobertura médica,INCLUIDO,estado_no_calificado_canonico,asignaciones,2026-07-13 16:10:57.000000,a***********@gmail.com,+54370****334,incluido_ok
27072,,No busca cobertura médica,INCLUIDO,estado_no_calificado_canonico,asignaciones,2026-07-29 10:43:17.000000,d****************@gmail.com,+54263****753,incluido_ok
27073,,No busca cobertura médica,INCLUIDO,estado_no_calificado_canonico,asignaciones,2026-07-16 12:46:33.000000,a************@gmail.com,+54388****699,incluido_ok
27149,,No busca cobertura médica,INCLUIDO,estado_no_calificado_canonico,asignaciones,2026-07-13 13:49:08.000000,a*************@gmail.com,+54112****693,incluido_ok
27171,,No busca cobertura médica,INCLUIDO,estado_no_calificado_canonico,asignaciones,2026-07-14 10:45:55.000000,l***********@gmail.com,+54114****811,incluido_ok
27199,,No busca cobertura médica,INCLUIDO,estado_no_calificado_canonico,asignaciones,2026-07-16 17:28:30.000000,g******************@gmail.com,+54115****269,incluido_ok
27200,,No busca cobertura médica,INCLUIDO,estado_no_calificado_canonico,asignaciones,2026-07-14 15:33:27.000000,m****************@gmail.com,+54381****790,incluido_ok
27204,,No busca cobertura médica,INCLUIDO,estado_no_calificado_canonico,asignaciones,2026-07-20 10:54:04.000000,b***************@gmail.com,+54112****396,incluido_ok
27206,,No busca cobertura médica,INCLUIDO,estado_no_calificado_canonico,asignaciones,2026-07-16 15:50:51.000000,g**************@gmail.com,+54261****282,incluido_ok
27222,,No busca cobertura médica,INCLUIDO,estado_no_calificado_canonico,asignaciones,2026-07-24 12:50:59.000000,s**********************@gmail.com,+54113****667,incluido_ok
27223,,No busca cobertura médica,INCLUIDO,estado_no_calificado_canonico,asignaciones,2026-07-17 12:05:52.000000,m*************@gmail.com,+54224****043,incluido_ok
27243,,No busca cobertura médica,INCLUIDO,estado_no_calificado_canonico,asignaciones,2026-07-15 10:10:29.000000,t******************@gmail.com,+54112****567,incluido_ok
27263,,No busca cobertura médica,INCLUIDO,estado_no_calificado_canonico,asignaciones,2026-07-20 10:44:33.000000,v***************@gmail.com,+54113****688,incluido_ok
27266,,No busca cobertura médica,INCLUIDO,estado_no_calificado_canonico,asignaciones,2026-07-20 10:38:30.000000,j*****************@gmail.com,+54113****520,incluido_ok
27285,,No busca cobertura médica,INCLUIDO,estado_no_calificado_canonico,asignaciones,2026-07-17 14:08:35.000000,j******@gmail.com,+54156****972,incluido_ok
27308,,No busca cobertura médica,INCLUIDO,estado_no_calificado_canonico,asignaciones,2026-07-15 11:04:05.000000,m*************@icloud.com,+54116****859,incluido_ok
27329,,Fuera de zona,INCLUIDO,estado_no_calificado_canonico,asignaciones,2026-07-16 17:42:16.000000,d************@gmail.com,+54364****363,incluido_ok
27331,,No busca cobertura médica,INCLUIDO,estado_no_calificado_canonico,asignaciones,2026-07-27 11:32:01.000000,j********************@gmail.com,+54112****284,incluido_ok
27332,,No busca cobertura médica,INCLUIDO,estado_no_calificado_canonico,asignaciones,2026-07-16 10:19:04.000000,a***************@gmail.com,+54346****767,incluido_ok
27336,,No busca cobertura médica,INCLUIDO,estado_no_calificado_canonico,asignaciones,2026-07-24 12:50:24.000000,j*********@gmail.com,+54249****863,incluido_ok
27340,,No busca cobertura médica,INCLUIDO,estado_no_calificado_canonico,asignaciones,2026-07-17 10:31:46.000000,l*************@gmail.com,+54222****620,incluido_ok
27342,,No busca cobertura médica,INCLUIDO,estado_no_calificado_canonico,asignaciones,2026-07-15 10:16:02.000000,e***************@gmail.com,+54115****957,incluido_ok
27348,,No busca cobertura médica,INCLUIDO,estado_no_calificado_canonico,asignaciones,2026-07-15 10:32:04.000000,n*************@gmail.com,+54221****790,incluido_ok
27354,,No busca cobertura médica,INCLUIDO,estado_no_calificado_canonico,asignaciones,2026-07-16 12:04:19.000000,w********************@gmail.com,+54117****049,incluido_ok
27367,,No busca cobertura médica,INCLUIDO,estado_no_calificado_canonico,asignaciones,2026-07-28 15:13:16.000000,c*****************@gmail.com,+54113****808,incluido_ok
27370,,No busca cobertura médica,INCLUIDO,estado_no_calificado_canonico,asignaciones,2026-07-20 11:27:55.000000,s***********@gmail.com,+54112****159,incluido_ok
27371,,No busca cobertura médica,INCLUIDO,estado_no_calificado_canonico,asignaciones,2026-07-20 10:33:31.000000,f***********@gmail.com,+54351****363,incluido_ok
27407,,No busca cobertura médica,INCLUIDO,estado_no_calificado_canonico,asignaciones,2026-07-16 15:32:44.000000,c****************@gmail.com,+54378****941,incluido_ok
27424,,No busca cobertura médica,INCLUIDO,estado_no_calificado_canonico,asignaciones,2026-08-25 12:24:11.000000,p**********@gmail.com,+54299****129,incluido_ok
27426,,No busca cobertura médica,INCLUIDO,estado_no_calificado_canonico,asignaciones,2026-07-20 10:35:39.000000,m*********@gmail.com,+54116****393,incluido_ok
27427,,No busca cobertura médica,INCLUIDO,estado_no_calificado_canonico,asignaciones,2026-08-14 11:53:25.000000,m*************@gmail.com,+54116****205,incluido_ok
27442,,No busca cobertura médica,INCLUIDO,estado_no_calificado_canonico,asignaciones,2026-07-16 11:30:40.000000,l****************************@gmail.com,+54113****763,incluido_ok
27445,,No busca cobertura médica,INCLUIDO,estado_no_calificado_canonico,asignaciones,2026-07-17 10:17:43.000000,a****************@gmail.com,+54115****762,incluido_ok
27453,,No busca cobertura médica,INCLUIDO,estado_no_calificado_canonico,asignaciones,2026-07-16 12:52:23.000000,t******************@gmail.com,+54112****610,incluido_ok
27454,,No busca cobertura médica,INCLUIDO,estado_no_calificado_canonico,asignaciones,2026-07-16 17:16:01.000000,p**********@gmail.com,+54112****585,incluido_ok
27455,,No busca cobertura médica,INCLUIDO,estado_no_calificado_canonico,asignaciones,2026-07-23 11:11:15.000000,l********************@gmail.com,+54116****391,incluido_ok
27459,,No busca cobertura médica,INCLUIDO,estado_no_calificado_canonico,asignaciones,2026-08-05 16:57:48.000000,s****************@gmail.com,+54926*****024,incluido_ok
27471,,Fuera de zona,INCLUIDO,estado_no_calificado_canonico,asignaciones,2026-07-16 10:08:47.000000,m*********************@gmail.com,+54380****863,incluido_ok
27481,,No busca cobertura médica,INCLUIDO,estado_no_calificado_canonico,asignaciones,2026-07-17 10:39:08.000000,d************@gmail.com,+54115****834,incluido_ok
27494,,No busca cobertura médica,INCLUIDO,estado_no_calificado_canonico,asignaciones,2026-07-30 12:56:41.000000,d**************@gmail.com,+54115****704,incluido_ok
27497,,No busca cobertura médica,INCLUIDO,estado_no_calificado_canonico,asignaciones,2026-09-18 17:24:06.000000,g**************@hotmail.com,+54115****171,incluido_ok
27507,,No busca cobertura médica,INCLUIDO,estado_no_calificado_canonico,asignaciones,2026-07-16 12:27:53.000000,v******************@gmail.com,+54262****118,incluido_ok
27543,,No busca cobertura médica,INCLUIDO,estado_no_calificado_canonico,asignaciones,2026-07-23 10:39:08.000000,c******************@gmail.com,+54116****244,incluido_ok
27544,,No busca cobertura médica,INCLUIDO,estado_no_calificado_canonico,asignaciones,2026-08-11 16:58:39.000000,p*************@gmail.com,+54115****908,incluido_ok
27550,,No busca cobertura médica,INCLUIDO,estado_no_calificado_canonico,asignaciones,2026-07-17 09:43:16.000000,b***************@gmail.com,+54364****485,incluido_ok
27551,,No busca cobertura médica,INCLUIDO,estado_no_calificado_canonico,asignaciones,2026-07-17 09:48:23.000000,f***********@hotmail.com,+54116****988,incluido_ok
27559,,No busca cobertura médica,INCLUIDO,estado_no_calificado_canonico,asignaciones,2026-07-17 15:20:41.000000,b**********@gmail.com,+54112****645,incluido_ok
27566,,No busca cobertura médica,INCLUIDO,estado_no_calificado_canonico,asignaciones,2026-07-23 15:53:33.000000,b***********@gmail.com,+54113****202,incluido_ok
27572,,No busca cobertura médica,INCLUIDO,estado_no_calificado_canonico,asignaciones,2026-07-17 10:38:06.000000,s**************@gmail.com,+54112****092,incluido_ok
27579,,Fuera de zona,INCLUIDO,estado_no_calificado_canonico,asignaciones,2026-07-17 16:10:43.000000,l*******************@gmail.com,+54297****368,incluido_ok
27584,,No busca cobertura médica,INCLUIDO,estado_no_calificado_canonico,asignaciones,2026-07-17 11:55:40.000000,b**********@gmail.com,+54116****792,incluido_ok
27610,,No busca cobertura médica,INCLUIDO,estado_no_calificado_canonico,asignaciones,2026-08-03 15:05:44.000000,s****************@gmail.com,+54295****664,incluido_ok
27671,,No busca cobertura médica,INCLUIDO,estado_no_calificado_canonico,asignaciones,2026-07-23 14:30:05.000000,d*************@gmail.com,+54116****964,incluido_ok
27714,,No busca cobertura médica,INCLUIDO,estado_no_calificado_canonico,asignaciones,2026-07-23 16:36:31.000000,r**********@hotmail.com,+54116****032,incluido_ok
27739,,No busca cobertura médica,INCLUIDO,estado_no_calificado_canonico,asignaciones,2026-07-21 16:41:13.000000,n*********************@gmail.com,+54345****568,incluido_ok
27740,,No busca cobertura médica,INCLUIDO,estado_no_calificado_canonico,asignaciones,2026-07-23 11:10:28.000000,s***********@gmail.com,+54113****747,incluido_ok
27746,,No busca cobertura médica,INCLUIDO,estado_no_calificado_canonico,asignaciones,2026-08-06 08:18:04.000000,d**************@gmail.com,+54299****892,incluido_ok
27747,,No busca cobertura médica,INCLUIDO,estado_no_calificado_canonico,asignaciones,2026-07-21 15:09:49.000000,s****************@gmail.com,+54116****550,incluido_ok
27758,,No busca cobertura médica,INCLUIDO,estado_no_calificado_canonico,asignaciones,2026-07-24 15:10:27.000000,a*****************@gmail.com,+54116****839,incluido_ok
27763,,No busca cobertura médica,INCLUIDO,estado_no_calificado_canonico,asignaciones,2026-07-18 17:37:46.000000,r*********************@gmail.com,+54116****939,incluido_ok
27768,,No busca cobertura médica,INCLUIDO,estado_no_calificado_canonico,asignaciones,2026-07-20 10:06:17.000000,d*****************@gmail.com,+54222****704,incluido_ok
27779,,No busca cobertura médica,INCLUIDO,estado_no_calificado_canonico,asignaciones,2026-08-24 16:56:06.000000,c*******************@gmail.com,+54222****048,incluido_ok
27780,,No busca cobertura médica,INCLUIDO,estado_no_calificado_canonico,asignaciones,2026-07-20 11:06:55.000000,s************@gmail.com,+54261****120,incluido_ok
27781,,No busca cobertura médica,INCLUIDO,estado_no_calificado_canonico,asignaciones,2026-07-29 15:59:12.000000,a*******************@gmail.com,+54114****487,incluido_ok
27783,,No busca cobertura médica,INCLUIDO,estado_no_calificado_canonico,asignaciones,2026-07-22 11:04:51.000000,l****************@gmail.com,+54114****091,incluido_ok
27785,,No busca cobertura médica,INCLUIDO,estado_no_calificado_canonico,asignaciones,2026-07-20 12:03:29.000000,l****************@gmail.com,+54113****301,incluido_ok
27809,,No busca cobertura médica,INCLUIDO,estado_no_calificado_canonico,asignaciones,2026-08-03 13:29:28.000000,g**********@hotmail.com,+54116****528,incluido_ok
27815,,No busca cobertura médica,INCLUIDO,estado_no_calificado_canonico,asignaciones,2026-08-24 16:59:04.000000,s*************@gmail.com,+54377****839,incluido_ok
27837,,No busca cobertura médica,INCLUIDO,estado_no_calificado_canonico,asignaciones,2026-07-21 11:08:28.000000,m******************@gmail.com,+54116****549,incluido_ok
27843,,No busca cobertura médica,INCLUIDO,estado_no_calificado_canonico,asignaciones,2026-07-23 13:53:32.000000,d*************@gmail.com,+54115****784,incluido_ok
27846,,Fuera de zona,INCLUIDO,estado_no_calificado_canonico,asignaciones,2026-07-19 14:31:32.000000,a*********@gmail.com,+54297****023,incluido_ok
27848,,No busca cobertura médica,INCLUIDO,estado_no_calificado_canonico,asignaciones,2026-07-22 11:01:33.000000,y***************@gmail.com,+54117****169,incluido_ok
27857,,No busca cobertura médica,INCLUIDO,estado_no_calificado_canonico,asignaciones,2026-07-24 11:04:34.000000,s********************@gmail.com,+54299****127,incluido_ok
27873,,Fuera de zona,INCLUIDO,estado_no_calificado_canonico,asignaciones,2026-07-19 14:31:37.000000,m************@gmail.com,+54345****456,incluido_ok
27876,,No busca cobertura médica,INCLUIDO,estado_no_calificado_canonico,asignaciones,2026-07-20 10:32:23.000000,a********@gmail.com,+54117****226,incluido_ok
27881,,No busca cobertura médica,INCLUIDO,estado_no_calificado_canonico,asignaciones,2026-07-24 15:05:36.000000,9**************@gmail.com,+54116****777,incluido_ok
27882,,No busca cobertura médica,INCLUIDO,estado_no_calificado_canonico,asignaciones,2026-07-20 10:53:46.000000,s*******************@gmail.com,+54221****446,incluido_ok
27883,,No busca cobertura médica,INCLUIDO,estado_no_calificado_canonico,asignaciones,2026-07-21 10:24:26.000000,m*************@gmail.com,+54295****042,incluido_ok
27887,,No busca cobertura médica,INCLUIDO,estado_no_calificado_canonico,asignaciones,2026-07-20 12:30:55.000000,r********************@gmail.com,+54344****323,incluido_ok
27905,,No busca cobertura médica,INCLUIDO,estado_no_calificado_canonico,asignaciones,2026-07-23 12:41:37.000000,b**************@gmail.com,+54344****960,incluido_ok
27906,,No busca cobertura médica,INCLUIDO,estado_no_calificado_canonico,asignaciones,2026-07-20 12:11:49.000000,g*************************@gmail.com,+54297****516,incluido_ok
27915,,No busca cobertura médica,INCLUIDO,estado_no_calificado_canonico,asignaciones,2026-07-20 12:31:07.000000,d******************@gmail.com,+54116****990,incluido_ok
27919,,No busca cobertura médica,INCLUIDO,estado_no_calificado_canonico,asignaciones,2026-07-21 16:39:11.000000,a********@gmail.com,+54380****588,incluido_ok
27920,,No busca cobertura médica,INCLUIDO,estado_no_calificado_canonico,asignaciones,2026-07-23 11:10:14.000000,r***********@uotlook.com,+54113****860,incluido_ok
27936,,No busca cobertura médica,INCLUIDO,estado_no_calificado_canonico,asignaciones,2026-08-24 16:27:29.000000,e*******@gmail.com,+54266****006,incluido_ok
27940,,No busca cobertura médica,INCLUIDO,estado_no_calificado_canonico,asignaciones,2026-07-28 16:28:47.000000,s**************@gmail.con,+54115****135,incluido_ok
27950,,No busca cobertura médica,INCLUIDO,estado_no_calificado_canonico,asignaciones,2026-07-28 15:14:07.000000,r**************@gmail.com,+54297****133,incluido_ok
27967,,No busca cobertura médica,INCLUIDO,estado_no_calificado_canonico,asignaciones,2026-07-22 13:43:19.000000,m*************@gmail.com,+54378****304,incluido_ok
27969,,No busca cobertura médica,INCLUIDO,estado_no_calificado_canonico,asignaciones,2026-07-22 10:15:07.000000,n*************@gmail.com,+54114****575,incluido_ok
27980,,Fuera de zona,INCLUIDO,estado_no_calificado_canonico,asignaciones,2026-07-20 17:26:17.000000,e***********@gmail.com,+54265****537,incluido_ok
28038,,No busca cobertura médica,INCLUIDO,estado_no_calificado_canonico,asignaciones,2026-07-21 16:40:51.000000,2*******************@gmail.com,+54911*****957,incluido_ok
28072,,No busca cobertura médica,INCLUIDO,estado_no_calificado_canonico,asignaciones,2026-07-21 05:48:37.000000,r******@hotmail.con,+54265****728,incluido_ok
28073,,No busca cobertura médica,INCLUIDO,estado_no_calificado_canonico,asignaciones,2026-07-22 12:13:37.000000,n***************@gmail.com,+54112****847,incluido_ok
28074,,No busca cobertura médica,INCLUIDO,estado_no_calificado_canonico,asignaciones,2026-07-21 08:52:23.000000,e****************@gmail.com,+54260****124,incluido_ok
28081,,No busca cobertura médica,INCLUIDO,estado_no_calificado_canonico,asignaciones,2026-07-22 16:38:24.000000,1**************@gmail.com,+54113****749,incluido_ok
28085,,No busca cobertura médica,INCLUIDO,estado_no_calificado_canonico,asignaciones,2026-08-24 16:22:51.000000,e*****************@gmail.com,+54114****621,incluido_ok
28087,,No busca cobertura médica,INCLUIDO,estado_no_calificado_canonico,asignaciones,2026-07-23 15:48:50.000000,c****************@gmail.com,+54344****898,incluido_ok
28089,,No busca cobertura médica,INCLUIDO,estado_no_calificado_canonico,asignaciones,2026-08-12 14:19:47.000000,v*********@gmail.com,+54113****248,incluido_ok
28117,,No busca cobertura médica,INCLUIDO,estado_no_calificado_canonico,asignaciones,2026-08-07 15:11:26.000000,l*********@gmail.com,+54115****599,incluido_ok
28156,,No busca cobertura médica,INCLUIDO,estado_no_calificado_canonico,asignaciones,2026-07-22 13:46:07.000000,d***************@gmail.com,+54116****607,incluido_ok
28160,,No busca cobertura médica,INCLUIDO,estado_no_calificado_canonico,asignaciones,2026-07-24 14:20:20.000000,c**************@gmail.com,+54231****571,incluido_ok
28164,,No busca cobertura médica,INCLUIDO,estado_no_calificado_canonico,asignaciones,2026-07-22 17:49:15.000000,d*******@gmail.com,+54116****890,incluido_ok
28200,,No busca cobertura médica,INCLUIDO,estado_no_calificado_canonico,asignaciones,2026-07-22 10:52:00.000000,n******@hotmail.com,+54115****668,incluido_ok
28210,,No busca cobertura médica,INCLUIDO,estado_no_calificado_canonico,asignaciones,2026-07-23 11:05:55.000000,j************@gmail.com,+54116****030,incluido_ok
28216,,No busca cobertura médica,INCLUIDO,estado_no_calificado_canonico,asignaciones,2026-07-22 16:19:23.000000,f*****************@gmail.com,+54116****644,incluido_ok
28221,,No busca cobertura médica,INCLUIDO,estado_no_calificado_canonico,asignaciones,2026-08-24 16:22:10.000000,n***************@gmail.com,+54292****381,incluido_ok
28223,,Fuera de zona,INCLUIDO,estado_no_calificado_canonico,asignaciones,2026-07-22 16:37:55.000000,b********@gmail.com,+54265****899,incluido_ok
28225,,No busca cobertura médica,INCLUIDO,estado_no_calificado_canonico,asignaciones,2026-07-23 15:44:52.000000,c********@gmail.com,+54113****069,incluido_ok
28227,,No busca cobertura médica,INCLUIDO,estado_no_calificado_canonico,asignaciones,2026-07-22 13:50:18.000000,l******************@gmail.com,+54266****813,incluido_ok
28232,,No busca cobertura médica,INCLUIDO,estado_no_calificado_canonico,asignaciones,2026-07-24 16:12:37.000000,f*****************@gmail.com,+54249****191,incluido_ok
28236,,No busca cobertura médica,INCLUIDO,estado_no_calificado_canonico,asignaciones,2026-08-05 10:40:07.000000,u********@gmail.com,+54221****030,incluido_ok
28238,,Fuera de zona,INCLUIDO,estado_no_calificado_canonico,asignaciones,2026-07-22 16:39:27.000000,r*************@gmail.com,+54298****668,incluido_ok
28241,,No busca cobertura médica,INCLUIDO,estado_no_calificado_canonico,asignaciones,2026-07-22 16:37:03.000000,e**********@gmail.com,+54116****336,incluido_ok
28243,,No busca cobertura médica,INCLUIDO,estado_no_calificado_canonico,asignaciones,2026-08-12 14:18:36.000000,q*************@gmail.com,+54911*****048,incluido_ok
28244,,No busca cobertura médica,INCLUIDO,estado_no_calificado_canonico,asignaciones,2026-07-24 12:02:21.000000,f***********@gmail.com,+54222****434,incluido_ok
28245,,Fuera de zona,INCLUIDO,estado_no_calificado_canonico,asignaciones,2026-07-22 10:06:49.000000,d************@gmail.com,+54338****497,incluido_ok
28254,,Fuera de zona,INCLUIDO,estado_no_calificado_canonico,asignaciones,2026-07-22 15:33:27.000000,p*********************@gmail.com,+54387****359,incluido_ok
28256,,Fuera de zona,INCLUIDO,estado_no_calificado_canonico,asignaciones,2026-07-28 11:23:56.000000,y****************@gmail.com,+54385****832,incluido_ok
28263,,Fuera de zona,INCLUIDO,estado_no_calificado_canonico,asignaciones,2026-07-22 16:38:53.000000,j********@gmail.com,+54225****638,incluido_ok
28279,,No busca cobertura médica,INCLUIDO,estado_no_calificado_canonico,asignaciones,2026-07-23 11:08:30.000000,v*****************@gmail.com,+54112****019,incluido_ok
28280,,No busca cobertura médica,INCLUIDO,estado_no_calificado_canonico,asignaciones,2026-07-24 16:14:22.000000,l***********@gmail.com,+54112****021,incluido_ok
28289,,No busca cobertura médica,INCLUIDO,estado_no_calificado_canonico,asignaciones,2026-07-22 15:43:06.000000,g***********@outlook.com,+54117****587,incluido_ok
28340,,No busca cobertura médica,INCLUIDO,estado_no_calificado_canonico,asignaciones,2026-08-05 12:49:00.000000,f*********@gmail.com,+54115****917,incluido_ok
28344,,No busca cobertura médica,INCLUIDO,estado_no_calificado_canonico,asignaciones,2026-07-23 10:28:46.000000,j**************@gmail.com,+54224****210,incluido_ok
28352,,No busca cobertura médica,INCLUIDO,estado_no_calificado_canonico,asignaciones,2026-07-30 15:16:03.000000,a*****************@gmail.com,+54113****907,incluido_ok
28355,,Fuera de zona,INCLUIDO,estado_no_calificado_canonico,asignaciones,2026-07-23 13:15:43.000000,g****************@gmail.com,+54345****541,incluido_ok
28356,,No busca cobertura médica,INCLUIDO,estado_no_calificado_canonico,asignaciones,2026-07-23 15:18:23.000000,c*************@gmail.com,+54116****188,incluido_ok
28360,,Fuera de zona,INCLUIDO,estado_no_calificado_canonico,asignaciones,2026-07-24 16:07:20.000000,m******************@gmail.com,+54348****504,incluido_ok
28369,,No busca cobertura médica,INCLUIDO,estado_no_calificado_canonico,asignaciones,2026-08-12 14:16:51.000000,j**************@gmail.com,+54112****892,incluido_ok
28374,,Fuera de zona,INCLUIDO,estado_no_calificado_canonico,asignaciones,2026-07-23 12:29:18.000000,m***********@gmail.com,+54230****172,incluido_ok
28375,,No busca cobertura médica,INCLUIDO,estado_no_calificado_canonico,asignaciones,2026-07-27 14:35:02.000000,d*********@icloud.com,+54114****112,incluido_ok
28379,,No busca cobertura médica,INCLUIDO,estado_no_calificado_canonico,asignaciones,2026-07-23 13:01:33.000000,l*************@gmail.com,+54221****462,incluido_ok
28381,,No busca cobertura médica,INCLUIDO,estado_no_calificado_canonico,asignaciones,2026-07-24 09:18:06.000000,p****************@gmail.com,+54266****101,incluido_ok
28390,,No busca cobertura médica,INCLUIDO,estado_no_calificado_canonico,asignaciones,2026-07-28 10:38:06.000000,j*************@gmail.com,+54114****481,incluido_ok
28391,,Fuera de zona,INCLUIDO,estado_no_calificado_canonico,asignaciones,2026-07-23 12:51:48.000000,t*******************@gmail.com,+54112****573,incluido_ok
28400,,No busca cobertura médica,INCLUIDO,estado_no_calificado_canonico,asignaciones,2026-07-23 11:05:39.000000,b**********************@gmail.com,+54115****941,incluido_ok
28403,,No busca cobertura médica,INCLUIDO,estado_no_calificado_canonico,asignaciones,2026-07-24 10:39:23.000000,v******************@gmail.com,+54115****095,incluido_ok
28407,,No busca cobertura médica,INCLUIDO,estado_no_calificado_canonico,asignaciones,2026-08-05 12:49:50.000000,m********@live.com.ar,+54116****927,incluido_ok
28435,,No busca cobertura médica,INCLUIDO,estado_no_calificado_canonico,asignaciones,2026-07-24 10:31:14.000000,o*****@gmail.com,+54115****461,incluido_ok
28442,,No busca cobertura médica,INCLUIDO,estado_no_calificado_canonico,asignaciones,2026-07-24 10:30:30.000000,v*********@gmail.com,+54113****455,incluido_ok
28453,,Fuera de zona,INCLUIDO,estado_no_calificado_canonico,asignaciones,2026-07-23 14:29:23.000000,g********@gmail.com,+54290****272,incluido_ok
28476,,No busca cobertura médica,INCLUIDO,estado_no_calificado_canonico,asignaciones,2026-07-23 16:04:42.000000,l****************@gmail.com,+54112****481,incluido_ok
28502,,Fuera de zona,INCLUIDO,estado_no_calificado_canonico,asignaciones,2026-07-28 16:33:28.000000,s*************@hotmail.com,+54297****517,incluido_ok
28514,,No busca cobertura médica,INCLUIDO,estado_no_calificado_canonico,asignaciones,2026-07-24 12:36:14.000000,v****************@gmail.com,+54345****204,incluido_ok
28523,,Fuera de zona,INCLUIDO,estado_no_calificado_canonico,asignaciones,2026-07-24 15:10:27.000000,f***********@gmail.com,+54343****420,incluido_ok
28529,,No busca cobertura médica,INCLUIDO,estado_no_calificado_canonico,asignaciones,2026-07-25 11:54:56.000000,b*********@gmail.com,+54113****777,incluido_ok
28540,,No busca cobertura médica,INCLUIDO,estado_no_calificado_canonico,asignaciones,2026-07-24 12:27:18.000000,l************@gmail.com,+54115****806,incluido_ok
28544,,No busca cobertura médica,INCLUIDO,estado_no_calificado_canonico,asignaciones,2026-07-24 13:04:26.000000,p****************@gmail.com,+54113****599,incluido_ok
28548,,No busca cobertura médica,INCLUIDO,estado_no_calificado_canonico,asignaciones,2026-07-28 15:14:36.000000,t*********@gmail.com,+54112****566,incluido_ok
28549,,No busca cobertura médica,INCLUIDO,estado_no_calificado_canonico,asignaciones,2026-07-25 15:44:22.000000,g***************@gmail.com,+54383****475,incluido_ok
28552,,No busca cobertura médica,INCLUIDO,estado_no_calificado_canonico,asignaciones,2026-07-30 14:31:44.000000,a**************@gmail.com,+54115****637,incluido_ok
28557,,No busca cobertura médica,INCLUIDO,estado_no_calificado_canonico,asignaciones,2026-08-20 16:23:24.000000,m********@gmail.com,+54114****067,incluido_ok
28561,,No busca cobertura médica,INCLUIDO,estado_no_calificado_canonico,asignaciones,2026-07-24 15:21:47.000000,c************@hotmail.com,+54113****334,incluido_ok
28589,,No busca cobertura médica,INCLUIDO,estado_no_calificado_canonico,asignaciones,2026-07-24 12:38:53.000000,f*************@hotmail.com,+54113****077,incluido_ok
28601,,Fuera de zona,INCLUIDO,estado_no_calificado_canonico,asignaciones,2026-07-24 16:08:16.000000,r**************@gmail.com,+54115****394,incluido_ok
28627,,No busca cobertura médica,INCLUIDO,estado_no_calificado_canonico,asignaciones,2026-07-31 15:04:51.000000,b***************@gmail.com,+54116****583,incluido_ok
28635,,No busca cobertura médica,INCLUIDO,estado_no_calificado_canonico,asignaciones,2026-07-27 12:36:52.000000,r************@hotmail.com,+54911*****537,incluido_ok
28646,,No busca cobertura médica,INCLUIDO,estado_no_calificado_canonico,asignaciones,2026-09-04 12:46:39.000000,g***************@gmail.com,+54113****200,incluido_ok
28649,,Fuera de zona,INCLUIDO,estado_no_calificado_canonico,asignaciones,2026-07-25 15:16:07.000000,l**************@gmail.com,+54249****224,incluido_ok
28650,,No busca cobertura médica,INCLUIDO,estado_no_calificado_canonico,asignaciones,2026-08-10 17:08:48.000000,j*************@gmail.com,+54112****113,incluido_ok
28651,,No busca cobertura médica,INCLUIDO,estado_no_calificado_canonico,asignaciones,2026-07-28 13:04:14.000000,f******************@gmail.com,+54370****943,incluido_ok
28656,,Fuera de zona,INCLUIDO,estado_no_calificado_canonico,asignaciones,2026-07-25 15:12:54.000000,r***********************@mail.com,+54221****966,incluido_ok
28662,,No busca cobertura médica,INCLUIDO,estado_no_calificado_canonico,asignaciones,2026-08-24 16:01:58.000000,g*************@gmail.com,+54266****805,incluido_ok
28666,,Fuera de zona,INCLUIDO,estado_no_calificado_canonico,asignaciones,2026-07-25 15:15:56.000000,f*****************@gmail.com,+54345****375,incluido_ok
28668,,No busca cobertura médica,INCLUIDO,estado_no_calificado_canonico,asignaciones,2026-07-27 12:02:23.000000,v******************@gmail.com,+54113****098,incluido_ok
28672,,No busca cobertura médica,INCLUIDO,estado_no_calificado_canonico,asignaciones,2026-08-12 14:15:06.000000,t**************@gmail.com,+54933*****047,incluido_ok
28675,,No busca cobertura médica,INCLUIDO,estado_no_calificado_canonico,asignaciones,2026-07-27 16:55:21.000000,g****************@gmail.com,+54116****505,incluido_ok
28697,,No busca cobertura médica,INCLUIDO,estado_no_calificado_canonico,asignaciones,2026-07-27 12:57:00.000000,e*****************@gmail.com,+54116****618,incluido_ok
28699,,No busca cobertura médica,INCLUIDO,estado_no_calificado_canonico,asignaciones,2026-07-27 21:00:20.000000,t*************@gmail.com,+54345****838,incluido_ok
28713,,No busca cobertura médica,INCLUIDO,estado_no_calificado_canonico,asignaciones,2026-08-05 14:18:06.000000,v*************@hotmail.com,+54115****991,incluido_ok
28727,,No busca cobertura médica,INCLUIDO,estado_no_calificado_canonico,asignaciones,2026-07-30 10:31:31.000000,v*************@gmail.com,+54115****204,incluido_ok
28731,,No busca cobertura médica,INCLUIDO,estado_no_calificado_canonico,asignaciones,2026-08-02 09:27:54.000000,s*********************@gmail.com,+54388****522,incluido_ok
28739,,No busca cobertura médica,INCLUIDO,estado_no_calificado_canonico,asignaciones,2026-07-28 17:19:58.000000,d***********@gmail.com,+54112****061,incluido_ok
28749,,No busca cobertura médica,INCLUIDO,estado_no_calificado_canonico,asignaciones,2026-07-27 12:26:49.000000,u************@gmail.com,+54291****115,incluido_ok
28751,,No busca cobertura médica,INCLUIDO,estado_no_calificado_canonico,asignaciones,2026-08-03 11:41:41.000000,j**************@gmail.com,+54388****318,incluido_ok
28760,,No busca cobertura médica,INCLUIDO,estado_no_calificado_canonico,asignaciones,2026-07-27 21:02:50.000000,m**************@gmail.com,+54112****105,incluido_ok
28794,,No busca cobertura médica,INCLUIDO,estado_no_calificado_canonico,asignaciones,2026-07-27 15:46:52.000000,p**************@gmail.com,+54112****457,incluido_ok
28807,,No busca cobertura médica,INCLUIDO,estado_no_calificado_canonico,asignaciones,2026-07-29 10:42:38.000000,m******************@gmail.com,+54117****754,incluido_ok
28810,,No busca cobertura médica,INCLUIDO,estado_no_calificado_canonico,asignaciones,2026-07-27 12:13:34.000000,g**************@gmail.com,+54344****238,incluido_ok
28812,,No busca cobertura médica,INCLUIDO,estado_no_calificado_canonico,asignaciones,2026-07-28 12:17:41.000000,a******************@gmail.com,+54112****558,incluido_ok
28813,,No busca cobertura médica,INCLUIDO,estado_no_calificado_canonico,asignaciones,2026-08-12 14:14:47.000000,m***************@gmail.com,+54116****807,incluido_ok
28819,,No busca cobertura médica,INCLUIDO,estado_no_calificado_canonico,asignaciones,2026-07-29 15:25:49.000000,a***************@gmail.com,+54112****181,incluido_ok
28820,,No busca cobertura médica,INCLUIDO,estado_no_calificado_canonico,asignaciones,2026-07-27 13:08:34.000000,t******************@gmail.com,+54221****830,incluido_ok
28821,,No busca cobertura médica,INCLUIDO,estado_no_calificado_canonico,asignaciones,2026-08-26 10:18:03.000000,f*************@gmail.com,+54117****846,incluido_ok
28829,,No busca cobertura médica,INCLUIDO,estado_no_calificado_canonico,asignaciones,2026-07-27 12:10:51.000000,s*****************@gmail.com,+54116****248,incluido_ok
28833,,No busca cobertura médica,INCLUIDO,estado_no_calificado_canonico,asignaciones,2026-08-20 15:22:07.000000,j********@gmail.com,+54116****916,incluido_ok
28845,,No busca cobertura médica,INCLUIDO,estado_no_calificado_canonico,asignaciones,2026-07-27 14:55:53.000000,c***************@gmail.com,+54116****692,incluido_ok
28855,,No busca cobertura médica,INCLUIDO,estado_no_calificado_canonico,asignaciones,2026-07-28 10:34:25.000000,h************@gmail.com,+54113****749,incluido_ok
28890,,No busca cobertura médica,INCLUIDO,estado_no_calificado_canonico,asignaciones,2026-08-07 10:59:56.000000,d**************@gmail.com,+54112****743,incluido_ok
28900,,Fuera de zona,INCLUIDO,estado_no_calificado_canonico,asignaciones,2026-07-27 15:47:46.000000,p*************@gmail.com,+54225****119,incluido_ok
28935,,Fuera de zona,INCLUIDO,estado_no_calificado_canonico,asignaciones,2026-07-28 10:52:47.000000,p***********@gmail.com,+54291****217,incluido_ok
28955,,No busca cobertura médica,INCLUIDO,estado_no_calificado_canonico,asignaciones,2026-08-25 10:23:27.000000,a*************@gmail.com,+54115****357,incluido_ok
28966,,No busca cobertura médica,INCLUIDO,estado_no_calificado_canonico,asignaciones,2026-07-28 17:01:09.000000,b***************@gmail.com,+54116****677,incluido_ok
28969,,No busca cobertura médica,INCLUIDO,estado_no_calificado_canonico,asignaciones,2026-07-30 16:06:30.000000,a*****************@gmail.com,+54114****294,incluido_ok
28972,,No busca cobertura médica,INCLUIDO,estado_no_calificado_canonico,asignaciones,2026-07-28 11:01:15.000000,b****************@gmail.com,+54113****711,incluido_ok
28979,,No busca cobertura médica,INCLUIDO,estado_no_calificado_canonico,asignaciones,2026-08-02 09:30:48.000000,a**************@gmail.com,+54388****211,incluido_ok
28981,,No busca cobertura médica,INCLUIDO,estado_no_calificado_canonico,asignaciones,2026-07-28 16:46:01.000000,c*****************@gmail.com,+54116****814,incluido_ok
28985,,No busca cobertura médica,INCLUIDO,estado_no_calificado_canonico,asignaciones,2026-07-28 14:44:50.000000,t**************@gmail.com,+54266****252,incluido_ok
29010,,No busca cobertura médica,INCLUIDO,estado_no_calificado_canonico,asignaciones,2026-08-04 13:14:45.000000,f*********@gmail.com,+54116****687,incluido_ok
29029,,No busca cobertura médica,INCLUIDO,estado_no_calificado_canonico,asignaciones,2026-07-30 10:23:25.000000,d****************@gmail.com,+54113****154,incluido_ok
29032,,No busca cobertura médica,INCLUIDO,estado_no_calificado_canonico,asignaciones,2026-07-30 12:40:15.000000,c***************@hotmail.com,+54115****677,incluido_ok
29037,,No busca cobertura médica,INCLUIDO,estado_no_calificado_canonico,asignaciones,2026-08-04 13:14:00.000000,l*************@gmail.com,+54112****057,incluido_ok
29050,,No busca cobertura médica,INCLUIDO,estado_no_calificado_canonico,asignaciones,2026-08-26 11:44:20.000000,a****************@gmail.com,+54112****282,incluido_ok
29058,,No busca cobertura médica,INCLUIDO,estado_no_calificado_canonico,asignaciones,2026-07-29 12:34:12.000000,e*****************************@gmail.com,+54114****400,incluido_ok
29059,,No busca cobertura médica,INCLUIDO,estado_no_calificado_canonico,asignaciones,2026-07-29 10:57:50.000000,s****************@gmail.com,+54226****412,incluido_ok
29069,,No busca cobertura médica,INCLUIDO,estado_no_calificado_canonico,asignaciones,2026-07-30 11:13:34.000000,d*********************@gmail.com,+54377****980,incluido_ok
29111,,No busca cobertura médica,INCLUIDO,estado_no_calificado_canonico,asignaciones,2026-08-05 11:29:18.000000,a*************@gmail.com,+54113****413,incluido_ok
29114,,No busca cobertura médica,INCLUIDO,estado_no_calificado_canonico,asignaciones,2026-08-03 12:07:44.000000,h********@gmail.com,+54115****968,"incluido_ok (fusiona 2 registros de prospectos, ver filas FUSIONADO)"
29115,,No busca cobertura médica,FUSIONADO,estado_no_calificado_canonico,asignaciones,2026-08-03 12:07:44.000000,h********@gmail.com,+54115****968,fusionado_en_prospecto_id_29114
29141,,No busca cobertura médica,INCLUIDO,estado_no_calificado_canonico,asignaciones,2026-07-29 10:17:53.000000,s**************@gmail.com,+54115****507,incluido_ok
29143,,No busca cobertura médica,INCLUIDO,estado_no_calificado_canonico,asignaciones,2026-08-07 15:10:44.000000,s*****************@gmail.com,+54112****897,incluido_ok
29149,,No busca cobertura médica,INCLUIDO,estado_no_calificado_canonico,asignaciones,2026-08-01 10:44:57.000000,n************@gmail.com,+54115****653,incluido_ok
29184,,No busca cobertura médica,INCLUIDO,estado_no_calificado_canonico,asignaciones,2026-08-14 11:48:08.000000,m***************@gmail.com,+54297****325,"incluido_ok (fusiona 2 registros de prospectos, ver filas FUSIONADO)"
29185,,No busca cobertura médica,FUSIONADO,estado_no_calificado_canonico,asignaciones,2026-08-14 11:48:08.000000,m***************@gmail.com,+54297****325,fusionado_en_prospecto_id_29184
29195,,No busca cobertura médica,INCLUIDO,estado_no_calificado_canonico,asignaciones,2026-07-30 10:28:16.000000,e*******************@gmail.com,+54116****986,incluido_ok
29228,,No busca cobertura médica,INCLUIDO,estado_no_calificado_canonico,asignaciones,2026-07-31 17:25:25.000000,j**************@gmail.com,+54115****941,incluido_ok
29242,,No busca cobertura médica,INCLUIDO,estado_no_calificado_canonico,asignaciones,2026-08-03 13:42:20.000000,t**************@gmail.com,+54291****373,incluido_ok
29260,,Fuera de zona,INCLUIDO,estado_no_calificado_canonico,asignaciones,2026-08-14 13:07:22.000000,g*********@gmail.com,+54388****981,incluido_ok
29261,,No busca cobertura médica,INCLUIDO,estado_no_calificado_canonico,asignaciones,2026-08-03 13:43:39.000000,t**************@gmail.com,+54115****144,incluido_ok
29262,,No busca cobertura médica,INCLUIDO,estado_no_calificado_canonico,asignaciones,2026-07-31 12:34:31.000000,l*************@gmail.com,+54388****391,incluido_ok
29263,,No busca cobertura médica,INCLUIDO,estado_no_calificado_canonico,asignaciones,2026-08-04 12:57:10.000000,p***************@gmail.com,+54112****442,incluido_ok
29264,,No busca cobertura médica,INCLUIDO,estado_no_calificado_canonico,asignaciones,2026-07-31 10:22:15.000000,c**************@gmail.com,+54117****258,incluido_ok
29272,,No busca cobertura médica,INCLUIDO,estado_no_calificado_canonico,asignaciones,2026-07-31 17:24:51.000000,s****************@agmeil.com,+54112****401,incluido_ok
29273,,No busca cobertura médica,INCLUIDO,estado_no_calificado_canonico,asignaciones,2026-07-31 12:12:21.000000,n**********@gmail.com,+54266****801,incluido_ok
29274,,No busca cobertura médica,INCLUIDO,estado_no_calificado_canonico,asignaciones,2026-07-30 15:05:57.000000,z**************@gmail.com,+54115****309,incluido_ok
29275,,No busca cobertura médica,INCLUIDO,estado_no_calificado_canonico,asignaciones,2026-07-30 13:44:14.000000,l****************@gmail.com,+54116****907,incluido_ok
29285,,No busca cobertura médica,INCLUIDO,estado_no_calificado_canonico,asignaciones,2026-07-30 13:47:01.000000,f***************@gmail.com,+54116****162,incluido_ok
29307,,No busca cobertura médica,INCLUIDO,estado_no_calificado_canonico,asignaciones,2026-08-04 16:25:27.000000,m*************@gmail.com,+54344****072,incluido_ok
29310,,Fuera de zona,INCLUIDO,estado_no_calificado_canonico,asignaciones,2026-08-26 13:55:04.000000,v*********@hotmail.com,+54115****664,incluido_ok
29330,,No busca cobertura médica,INCLUIDO,estado_no_calificado_canonico,asignaciones,2026-08-04 11:59:01.000000,s*********@gmail.com,+54113****992,incluido_ok
29331,,No busca cobertura médica,INCLUIDO,estado_no_calificado_canonico,asignaciones,2026-08-05 12:56:31.000000,s***********@gmail.com,+54115****264,incluido_ok
29335,,Fuera de zona,INCLUIDO,estado_no_calificado_canonico,asignaciones,2026-08-14 13:12:52.000000,h**************@gmail.com,+54388****471,incluido_ok
29336,,No busca cobertura médica,INCLUIDO,estado_no_calificado_canonico,asignaciones,2026-08-05 11:12:09.000000,f*************@gmail.com,+54112****893,incluido_ok
29340,,No busca cobertura médica,INCLUIDO,estado_no_calificado_canonico,asignaciones,2026-08-04 08:17:24.000000,w*************@gmail.com,+54112****668,incluido_ok
29378,,No busca cobertura médica,INCLUIDO,estado_no_calificado_canonico,asignaciones,2026-08-03 10:23:25.000000,a*************@gmail.com,+54113****384,incluido_ok
29382,,No busca cobertura médica,INCLUIDO,estado_no_calificado_canonico,asignaciones,2026-08-06 10:27:56.000000,s***********@gmail.com,+54116****893,incluido_ok
29390,,No busca cobertura médica,INCLUIDO,estado_no_calificado_canonico,asignaciones,2026-08-03 12:25:18.000000,y****************@gmail.com,+54113****126,incluido_ok
29401,,No busca cobertura médica,INCLUIDO,estado_no_calificado_canonico,asignaciones,2026-08-03 10:12:10.000000,t************@gmail.com,+54225****102,incluido_ok
29403,,No busca cobertura médica,INCLUIDO,estado_no_calificado_canonico,asignaciones,2026-07-31 12:59:23.000000,b************@gmail.com,+54113****707,incluido_ok
29419,,No busca cobertura médica,INCLUIDO,estado_no_calificado_canonico,asignaciones,2026-08-14 14:47:37.000000,s************@gmail.com,+54342****247,incluido_ok
29428,,No busca cobertura médica,INCLUIDO,estado_no_calificado_canonico,asignaciones,2026-08-04 15:36:15.000000,g**********@gmail.com,+54343****063,incluido_ok
29435,,Fuera de zona,INCLUIDO,estado_no_calificado_canonico,asignaciones,2026-07-31 15:19:52.000000,t***********@gmail.com,+54345****502,incluido_ok
29445,,Fuera de zona,INCLUIDO,estado_no_calificado_canonico,asignaciones,2026-07-31 12:54:47.000000,b******************@gmail.com,+54388****282,incluido_ok
29454,,No busca cobertura médica,INCLUIDO,estado_no_calificado_canonico,asignaciones,2026-07-31 14:50:08.000000,k*****************@gmail.com,+54116****180,incluido_ok
29459,,No busca cobertura médica,INCLUIDO,estado_no_calificado_canonico,asignaciones,2026-07-31 12:05:02.000000,b**************@gmail.com,+54116****268,incluido_ok
29462,,Fuera de zona,INCLUIDO,estado_no_calificado_canonico,asignaciones,2026-08-03 18:07:47.000000,l****************@gmail.com,+54260****451,incluido_ok
29474,,No busca cobertura médica,INCLUIDO,estado_no_calificado_canonico,asignaciones,2026-08-07 10:35:42.000000,p****************@icloud.com,+54112****282,incluido_ok
29496,,No busca cobertura médica,INCLUIDO,estado_no_calificado_canonico,asignaciones,2026-08-26 13:00:21.000000,n***************@gmail.com,+54116****209,incluido_ok
29518,,No busca cobertura médica,INCLUIDO,estado_no_calificado_canonico,asignaciones,2026-08-04 11:53:08.000000,e*********@gmail.com,+54113****234,incluido_ok
29521,,No busca cobertura médica,INCLUIDO,estado_no_calificado_canonico,asignaciones,2026-08-01 09:55:05.000000,b***************@gmail.com,+54113****097,incluido_ok
29524,,No busca cobertura médica,INCLUIDO,estado_no_calificado_canonico,asignaciones,2026-08-03 14:19:14.000000,a****************@gmail.com,+54378****886,incluido_ok
29530,,No busca cobertura médica,INCLUIDO,estado_no_calificado_canonico,asignaciones,2026-08-10 13:47:41.000000,j****************@gmail.com,+54112****356,incluido_ok
29531,,No busca cobertura médica,INCLUIDO,estado_no_calificado_canonico,asignaciones,2026-08-03 10:03:38.000000,l*************@gmail.com,+54923*****618,incluido_ok
29539,,No busca cobertura médica,INCLUIDO,estado_no_calificado_canonico,asignaciones,2026-08-03 10:12:47.000000,m************@gmail.com,+54117****197,incluido_ok
29545,,No busca cobertura médica,INCLUIDO,estado_no_calificado_canonico,asignaciones,2026-08-03 10:07:54.000000,m**********@hotmail.com,+54112****642,incluido_ok
29547,,No busca cobertura médica,INCLUIDO,estado_no_calificado_canonico,asignaciones,2026-08-03 07:20:30.000000,g****************@gmail.com,+54343****840,incluido_ok
29548,,No busca cobertura médica,INCLUIDO,estado_no_calificado_canonico,asignaciones,2026-08-04 11:04:56.000000,l******************@gmail.com,+54294****937,incluido_ok
29550,,No busca cobertura médica,INCLUIDO,estado_no_calificado_canonico,asignaciones,2026-08-03 11:48:22.000000,j*************@gmail.com,+54343****790,incluido_ok
29570,,No busca cobertura médica,INCLUIDO,estado_no_calificado_canonico,asignaciones,2026-08-07 15:27:19.000000,p************@gmail.com,+54112****928,incluido_ok
29590,,No busca cobertura médica,INCLUIDO,estado_no_calificado_canonico,asignaciones,2026-08-02 14:25:42.000000,g******************@gmail.com,+54938*****664,incluido_ok
29599,,No busca cobertura médica,INCLUIDO,estado_no_calificado_canonico,asignaciones,2026-08-03 11:02:34.000000,m*********@gmail.com,+54116****081,incluido_ok
29614,,No busca cobertura médica,INCLUIDO,estado_no_calificado_canonico,asignaciones,2026-08-03 08:16:19.000000,j*******************@gmail.com,+54343****247,incluido_ok
29617,,Fuera de zona,INCLUIDO,estado_no_calificado_canonico,asignaciones,2026-08-04 13:28:14.000000,m******@hotmail.com,+54226****939,incluido_ok
29628,,No busca cobertura médica,INCLUIDO,estado_no_calificado_canonico,asignaciones,2026-08-03 12:08:25.000000,p*********@gmail.com,+54292****088,incluido_ok
29631,,No busca cobertura médica,INCLUIDO,estado_no_calificado_canonico,asignaciones,2026-08-03 10:56:09.000000,a*************@gmail.com,+54911*****092,incluido_ok
29638,,No busca cobertura médica,INCLUIDO,estado_no_calificado_canonico,asignaciones,2026-08-04 10:35:11.000000,g************************@gmail.com,+54115****267,incluido_ok
29650,,No busca cobertura médica,INCLUIDO,estado_no_calificado_canonico,asignaciones,2026-08-03 10:44:42.000000,e************@hotmail.com,+54116****494,incluido_ok
29681,,No busca cobertura médica,INCLUIDO,estado_no_calificado_canonico,asignaciones,2026-08-03 12:21:23.000000,m**************@gmail.com,+54115****474,incluido_ok
29683,,No busca cobertura médica,INCLUIDO,estado_no_calificado_canonico,asignaciones,2026-08-03 12:31:56.000000,m********************@gmail.com,+54345****359,incluido_ok
29691,,No busca cobertura médica,INCLUIDO,estado_no_calificado_canonico,asignaciones,2026-08-06 10:32:28.000000,r******************@gmail.com,+54113****567,incluido_ok
29695,,No busca cobertura médica,INCLUIDO,estado_no_calificado_canonico,asignaciones,2026-08-26 13:13:57.000000,c***********@gmail.com,+54343****402,incluido_ok
29699,,No busca cobertura médica,INCLUIDO,estado_no_calificado_canonico,asignaciones,2026-08-06 10:12:14.000000,f***********@gmail.com,+54260****989,incluido_ok
29704,,No busca cobertura médica,INCLUIDO,estado_no_calificado_canonico,asignaciones,2026-08-04 12:05:18.000000,a***************@gmail.com,+54113****773,incluido_ok
29707,,No busca cobertura médica,INCLUIDO,estado_no_calificado_canonico,asignaciones,2026-08-05 11:25:42.000000,a*******************@gmail.com,+54115****675,incluido_ok
29715,,Fuera de zona,INCLUIDO,estado_no_calificado_canonico,asignaciones,2026-08-05 17:18:56.000000,m**********@gmail.com,+54249****301,incluido_ok
29732,,No busca cobertura médica,INCLUIDO,estado_no_calificado_canonico,asignaciones,2026-08-05 16:48:17.000000,m********************@gmail.com,+54112****297,incluido_ok
29737,,No busca cobertura médica,INCLUIDO,estado_no_calificado_canonico,asignaciones,2026-08-04 12:05:38.000000,b********@gmail.com,+54263****334,incluido_ok
29743,,No busca cobertura médica,INCLUIDO,estado_no_calificado_canonico,asignaciones,2026-08-03 13:56:38.000000,m*********************@gmail.com,+54112****736,incluido_ok
29749,,No busca cobertura médica,INCLUIDO,estado_no_calificado_canonico,asignaciones,2026-08-03 14:21:58.000000,s***************@hotmail.com,+54114****396,incluido_ok
29758,,No busca cobertura médica,INCLUIDO,estado_no_calificado_canonico,asignaciones,2026-08-06 10:33:31.000000,s*************@gmail.com,+54112****725,incluido_ok
29761,,No busca cobertura médica,INCLUIDO,estado_no_calificado_canonico,asignaciones,2026-08-06 10:30:52.000000,f************@gmail.com,+54115****125,incluido_ok
29773,,No busca cobertura médica,INCLUIDO,estado_no_calificado_canonico,asignaciones,2026-08-05 13:45:58.000000,r********@gmail.com,+54116****529,incluido_ok
29791,,No busca cobertura médica,INCLUIDO,estado_no_calificado_canonico,asignaciones,2026-08-04 16:57:45.000000,r****************@gmail.com,+54116****849,incluido_ok
29821,,No busca cobertura médica,INCLUIDO,estado_no_calificado_canonico,asignaciones,2026-08-04 12:24:46.000000,c**************@icloud.com,+54115****823,incluido_ok
29829,,No busca cobertura médica,INCLUIDO,estado_no_calificado_canonico,asignaciones,2026-08-04 15:05:06.000000,r************@gmail.com,+54112****022,incluido_ok
29837,,No busca cobertura médica,INCLUIDO,estado_no_calificado_canonico,asignaciones,2026-08-04 12:30:49.000000,s****************@gmail.com,+54117****286,incluido_ok
29844,,No busca cobertura médica,INCLUIDO,estado_no_calificado_canonico,asignaciones,2026-08-07 15:26:00.000000,b***************@gmail.com,+54114****906,incluido_ok
29902,,No busca cobertura médica,INCLUIDO,estado_no_calificado_canonico,asignaciones,2026-08-06 16:46:15.000000,j**********@hotmail.com.ar,+54115****160,incluido_ok
29941,,No busca cobertura médica,INCLUIDO,estado_no_calificado_canonico,asignaciones,2026-08-05 14:17:51.000000,o*************@gmail.com,+54113****662,incluido_ok
29943,,No busca cobertura médica,INCLUIDO,estado_no_calificado_canonico,asignaciones,2026-08-10 11:24:27.000000,j********@gmail.com,+54115****689,incluido_ok
29951,,No busca cobertura médica,INCLUIDO,estado_no_calificado_canonico,asignaciones,2026-08-05 10:27:17.000000,r*************@gmail.com,+54266****791,incluido_ok
29954,,No busca cobertura médica,INCLUIDO,estado_no_calificado_canonico,asignaciones,2026-08-07 14:59:36.000000,e**************@gmail.com,+54115****847,incluido_ok
29958,,No busca cobertura médica,INCLUIDO,estado_no_calificado_canonico,asignaciones,2026-08-06 10:28:53.000000,s***************@gmail.com,+54116****509,incluido_ok
29960,,No busca cobertura médica,INCLUIDO,estado_no_calificado_canonico,asignaciones,2026-08-07 16:05:26.000000,m*******************@gmail.com,+54112****945,incluido_ok
29965,,No busca cobertura médica,INCLUIDO,estado_no_calificado_canonico,asignaciones,2026-08-06 10:49:04.000000,f*****************@gmail.com,+54247****340,incluido_ok
29982,,No busca cobertura médica,INCLUIDO,estado_no_calificado_canonico,asignaciones,2026-08-05 10:24:46.000000,a**********************@gmail.com,+54343****162,incluido_ok
29987,,No busca cobertura médica,INCLUIDO,estado_no_calificado_canonico,asignaciones,2026-08-06 10:56:20.000000,c******************@gmail.com,+54113****163,incluido_ok
29999,,No busca cobertura médica,INCLUIDO,estado_no_calificado_canonico,asignaciones,2026-08-06 10:52:29.000000,b**************@gmail.com,+54115****483,incluido_ok
30070,,No busca cobertura médica,INCLUIDO,estado_no_calificado_canonico,asignaciones,2026-08-06 14:32:19.000000,p***********@gmail.com,+54116****043,incluido_ok
30087,,No busca cobertura médica,INCLUIDO,estado_no_calificado_canonico,asignaciones,2026-08-07 12:05:39.000000,y*************@gmail.com,+54116****067,incluido_ok
30098,,No busca cobertura médica,INCLUIDO,estado_no_calificado_canonico,asignaciones,2026-08-06 11:33:38.000000,m************@gmail.com,+54388****143,"incluido_ok (fusiona 2 registros de prospectos, ver filas FUSIONADO)"
30097,,No busca cobertura médica,FUSIONADO,estado_no_calificado_canonico,asignaciones,2026-08-06 11:33:38.000000,m************@gmail.com,+54388****143,fusionado_en_prospecto_id_30098
30101,,No busca cobertura médica,INCLUIDO,estado_no_calificado_canonico,asignaciones,2026-08-06 11:18:08.000000,p************@gmail.com,+54234****035,incluido_ok
30103,,No busca cobertura médica,INCLUIDO,estado_no_calificado_canonico,asignaciones,2026-08-06 10:28:54.000000,d**************@gmail.com,+54239****945,incluido_ok
30106,,No busca cobertura médica,INCLUIDO,estado_no_calificado_canonico,asignaciones,2026-08-06 10:08:26.000000,d***************@gmail.com,+54117****379,incluido_ok
30126,,No busca cobertura médica,INCLUIDO,estado_no_calificado_canonico,asignaciones,2026-08-06 12:25:27.000000,a**********@gmail.com,+54385****128,incluido_ok
30128,,No busca cobertura médica,INCLUIDO,estado_no_calificado_canonico,asignaciones,2026-08-06 11:20:36.000000,c*************@gmail.com,+54113****178,incluido_ok
30133,,No busca cobertura médica,INCLUIDO,estado_no_calificado_canonico,asignaciones,2026-08-06 12:36:09.000000,m********@gmail.com,+54344****178,incluido_ok
30164,,No busca cobertura médica,INCLUIDO,estado_no_calificado_canonico,asignaciones,2026-08-24 15:42:45.000000,a****************@gmail.com,+54113****342,incluido_ok
30240,,No busca cobertura médica,INCLUIDO,estado_no_calificado_canonico,asignaciones,2026-08-07 10:44:21.000000,m********@gmail.com,+54113****941,incluido_ok
30250,,No busca cobertura médica,INCLUIDO,estado_no_calificado_canonico,asignaciones,2026-08-07 15:26:35.000000,p****************@gmil.com,+54116****614,incluido_ok
30254,,No busca cobertura médica,INCLUIDO,estado_no_calificado_canonico,asignaciones,2026-08-07 14:34:30.000000,a******************@gmail.com,+54370****791,incluido_ok
30255,,No busca cobertura médica,INCLUIDO,estado_no_calificado_canonico,asignaciones,2026-08-10 10:52:30.000000,c***********************@gmail.com,+54225****139,incluido_ok
30265,,No busca cobertura médica,INCLUIDO,estado_no_calificado_canonico,asignaciones,2026-08-07 12:34:33.000000,r************************@gmail.com,+54292****082,incluido_ok
30278,,No busca cobertura médica,INCLUIDO,estado_no_calificado_canonico,asignaciones,2026-09-02 16:42:14.000000,j*****************@gmail.com,+54291****075,incluido_ok
30319,,No busca cobertura médica,INCLUIDO,estado_no_calificado_canonico,asignaciones,2026-09-18 15:51:06.000000,m************@gmail.com,+54116****993,incluido_ok
30327,,No busca cobertura médica,INCLUIDO,estado_no_calificado_canonico,asignaciones,2026-08-20 15:53:31.000000,c*********@gmail.com,+54113****088,incluido_ok
30334,,No busca cobertura médica,INCLUIDO,estado_no_calificado_canonico,asignaciones,2026-08-10 13:49:12.000000,z*********@gmail.com,+54115****151,incluido_ok
30340,,No busca cobertura médica,INCLUIDO,estado_no_calificado_canonico,asignaciones,2026-08-10 10:50:47.000000,s************@gmail.com,+54116****629,incluido_ok
30346,,No busca cobertura médica,INCLUIDO,estado_no_calificado_canonico,asignaciones,2026-08-10 10:23:25.000000,f************@gmail.com,+54115****871,incluido_ok
30361,,No busca cobertura médica,INCLUIDO,estado_no_calificado_canonico,asignaciones,2026-08-10 11:13:40.000000,b***************@gmail.com,+54116****718,incluido_ok
30371,,Fuera de zona,INCLUIDO,estado_no_calificado_canonico,asignaciones,2026-08-10 11:45:38.000000,m************@icloud.com,+54113****845,incluido_ok
30374,,Fuera de zona,INCLUIDO,estado_no_calificado_canonico,asignaciones,2026-08-14 17:14:23.000000,l*******************@gmail.com,+54370****813,incluido_ok
30376,,No busca cobertura médica,INCLUIDO,estado_no_calificado_canonico,asignaciones,2026-08-26 13:14:34.000000,c***************@gmail.com,+54383****821,incluido_ok
30382,,Fuera de zona,INCLUIDO,estado_no_calificado_canonico,asignaciones,2026-08-10 11:45:27.000000,f***************@gmail.com,+54332****451,incluido_ok
30404,,No busca cobertura médica,INCLUIDO,estado_no_calificado_canonico,asignaciones,2026-08-18 11:26:37.000000,z**********@gmail.com,+54117****682,incluido_ok
30426,,No busca cobertura médica,INCLUIDO,estado_no_calificado_canonico,asignaciones,2026-08-14 17:25:57.000000,a*************@gmail.com,+54116****543,incluido_ok
30438,,No busca cobertura médica,INCLUIDO,estado_no_calificado_canonico,asignaciones,2026-08-18 14:59:25.000000,g***********@gmail.com,+54344****090,incluido_ok
30442,,No busca cobertura médica,INCLUIDO,estado_no_calificado_canonico,asignaciones,2026-08-10 10:19:24.000000,j***********@gmail.com,+54387****640,incluido_ok
30451,,No busca cobertura médica,INCLUIDO,estado_no_calificado_canonico,asignaciones,2026-08-09 15:31:15.000000,b***********@gmail.com,+54294****321,incluido_ok
30452,,No busca cobertura médica,INCLUIDO,estado_no_calificado_canonico,asignaciones,2026-08-10 12:09:21.000000,t**************@gmail.com,+54116****253,incluido_ok
30459,,No busca cobertura médica,INCLUIDO,estado_no_calificado_canonico,asignaciones,2026-08-18 14:44:55.000000,a**********@gmail.com,+54221****011,incluido_ok
30460,,Fuera de zona,INCLUIDO,estado_no_calificado_canonico,asignaciones,2026-08-10 11:50:49.000000,b**************@gmail.com,+54115****676,incluido_ok
30466,,No busca cobertura médica,INCLUIDO,estado_no_calificado_canonico,asignaciones,2026-09-01 17:46:45.000000,m**************@gmail.com,+54114****939,incluido_ok
30472,,No busca cobertura médica,INCLUIDO,estado_no_calificado_canonico,asignaciones,2026-08-20 16:03:03.000000,a*************@hotmail.com,+54113****411,incluido_ok
30503,,No busca cobertura médica,INCLUIDO,estado_no_calificado_canonico,asignaciones,2026-08-10 11:00:45.000000,b*****************@gmail.com,+54112****778,incluido_ok
30505,,No busca cobertura médica,INCLUIDO,estado_no_calificado_canonico,asignaciones,2026-08-10 16:43:59.000000,i***********@gmail.com,+54116****413,incluido_ok
30507,,No busca cobertura médica,INCLUIDO,estado_no_calificado_canonico,asignaciones,2026-08-10 16:37:13.000000,m************@gmail.com,+54116****813,incluido_ok
30511,,No busca cobertura médica,INCLUIDO,estado_no_calificado_canonico,asignaciones,2026-08-24 15:23:56.000000,a*****************@gmail.com,+54114****512,incluido_ok
30597,,No busca cobertura médica,INCLUIDO,estado_no_calificado_canonico,asignaciones,2026-08-18 14:57:43.000000,d*****************@gmail.com,+54113****640,incluido_ok
30601,,No busca cobertura médica,INCLUIDO,estado_no_calificado_canonico,asignaciones,2026-08-11 11:56:23.000000,d******************@gmail.com,+54235****648,incluido_ok
30611,,No busca cobertura médica,INCLUIDO,estado_no_calificado_canonico,asignaciones,2026-08-12 10:10:31.000000,h********************@gmail.com,+54116****307,incluido_ok
30627,,No busca cobertura médica,INCLUIDO,estado_no_calificado_canonico,asignaciones,2026-08-11 09:54:27.000000,s****************@gmail.com,+54115****300,incluido_ok
30637,,Fuera de zona,INCLUIDO,estado_no_calificado_canonico,asignaciones,2026-08-11 13:01:58.000000,p*************@gmail.com,+54924*****778,incluido_ok
30638,,Fuera de zona,INCLUIDO,estado_no_calificado_canonico,asignaciones,2026-08-11 11:46:14.000000,b*****************@gmail.com,+54114****443,incluido_ok
30654,,Fuera de zona,INCLUIDO,estado_no_calificado_canonico,asignaciones,2026-08-11 11:46:39.000000,n*********@hotmqil.com,+54113****691,incluido_ok
30655,,No busca cobertura médica,INCLUIDO,estado_no_calificado_canonico,asignaciones,2026-08-11 10:24:15.000000,e*******@gmail.com,+54116****050,incluido_ok
30676,,No busca cobertura médica,INCLUIDO,estado_no_calificado_canonico,asignaciones,2026-08-14 15:56:53.000000,m************@gmail.com,+54113****515,incluido_ok
30681,,No busca cobertura médica,INCLUIDO,estado_no_calificado_canonico,asignaciones,2026-08-14 15:33:24.000000,a***********@gmail.com,+54113****160,incluido_ok
30695,,No busca cobertura médica,INCLUIDO,estado_no_calificado_canonico,asignaciones,2026-08-12 09:53:00.000000,m**************@yahoo.com.ar,+54114****060,incluido_ok
30744,,No busca cobertura médica,INCLUIDO,estado_no_calificado_canonico,asignaciones,2026-08-12 15:41:03.000000,f***********@gmail.com,+54116****537,incluido_ok
30760,,No busca cobertura médica,INCLUIDO,estado_no_calificado_canonico,asignaciones,2026-08-12 13:07:04.000000,m***********@gmail.com,+54117****564,incluido_ok
30761,,No busca cobertura médica,INCLUIDO,estado_no_calificado_canonico,asignaciones,2026-08-15 18:11:21.000000,l**********@gmail.com,+54115****158,incluido_ok
30764,,No busca cobertura médica,INCLUIDO,estado_no_calificado_canonico,asignaciones,2026-08-12 15:56:27.000000,r***************@gmail.com,+54112****237,incluido_ok
30767,,No busca cobertura médica,INCLUIDO,estado_no_calificado_canonico,asignaciones,2026-08-26 12:37:25.000000,r************@gmail.com,+54115****379,"incluido_ok (fusiona 2 registros de prospectos, ver filas FUSIONADO)"
30766,,No busca cobertura médica,FUSIONADO,estado_no_calificado_canonico,asignaciones,2026-08-26 12:37:25.000000,r************@gmail.com,+54115****379,fusionado_en_prospecto_id_30767
30770,,No busca cobertura médica,INCLUIDO,estado_no_calificado_canonico,asignaciones,2026-08-18 14:50:10.000000,e**************@gmail.com,+54115****629,incluido_ok
30773,,No busca cobertura médica,INCLUIDO,estado_no_calificado_canonico,asignaciones,2026-08-18 11:18:38.000000,d********@gmail.com,+54911*****630,incluido_ok
30816,,No busca cobertura médica,INCLUIDO,estado_no_calificado_canonico,asignaciones,2026-08-18 10:56:20.000000,l**************@gmail.com,+54116****814,incluido_ok
30817,,No busca cobertura médica,INCLUIDO,estado_no_calificado_canonico,asignaciones,2026-08-12 12:34:04.000000,b********************@gmail.com,+54113****025,incluido_ok
30874,,No busca cobertura médica,INCLUIDO,estado_no_calificado_canonico,asignaciones,2026-08-18 11:32:36.000000,g*************@gmail.com,+54113****102,incluido_ok
30877,,No busca cobertura médica,INCLUIDO,estado_no_calificado_canonico,asignaciones,2026-08-13 14:33:49.000000,i**********@gmail.com.ar,+54115****597,incluido_ok
30890,,No busca cobertura médica,INCLUIDO,estado_no_calificado_canonico,asignaciones,2026-08-13 12:02:12.000000,m*****************@gmail.com,+54113****121,incluido_ok
30896,,No busca cobertura médica,INCLUIDO,estado_no_calificado_canonico,asignaciones,2026-08-13 11:34:24.000000,j***********@gmail.com,+54112****304,incluido_ok
30899,,No busca cobertura médica,INCLUIDO,estado_no_calificado_canonico,asignaciones,2026-08-13 15:56:23.000000,c****************@gmail.com,+54116****627,incluido_ok
30901,,No busca cobertura médica,INCLUIDO,estado_no_calificado_canonico,asignaciones,2026-08-13 11:47:29.000000,s***************@gmail.com,+54116****722,incluido_ok
30914,,No busca cobertura médica,INCLUIDO,estado_no_calificado_canonico,asignaciones,2026-08-13 08:38:15.000000,g**********************@gmail.com,+54115****135,incluido_ok
30924,,No busca cobertura médica,INCLUIDO,estado_no_calificado_canonico,asignaciones,2026-08-13 12:11:40.000000,m************@yahoo.com.ar,+54116****593,incluido_ok
30936,,No busca cobertura médica,INCLUIDO,estado_no_calificado_canonico,asignaciones,2026-08-26 12:32:07.000000,d*************@gmail.com,+54116****638,incluido_ok
30969,,No busca cobertura médica,INCLUIDO,estado_no_calificado_canonico,asignaciones,2026-08-18 12:06:17.000000,f***********@hotmail.com,+54116****427,incluido_ok
31014,,No busca cobertura médica,INCLUIDO,estado_no_calificado_canonico,asignaciones,2026-08-14 10:05:09.000000,j*************************@gmail.com,+54115****596,incluido_ok
31047,,No busca cobertura médica,INCLUIDO,estado_no_calificado_canonico,asignaciones,2026-08-14 11:00:43.000000,n***********@gmail.com,+54115****599,incluido_ok
31050,,No busca cobertura médica,INCLUIDO,estado_no_calificado_canonico,asignaciones,2026-08-14 14:50:59.000000,a************@hotmail.com,+54116****633,incluido_ok
31058,,No busca cobertura médica,INCLUIDO,estado_no_calificado_canonico,asignaciones,2026-08-14 12:00:42.000000,r**************@gmail.com,+54383****200,incluido_ok
31076,,No busca cobertura médica,INCLUIDO,estado_no_calificado_canonico,asignaciones,2026-08-24 10:03:10.000000,m***************@gmail.com,+54380****461,incluido_ok
31084,,No busca cobertura médica,INCLUIDO,estado_no_calificado_canonico,asignaciones,2026-08-14 19:10:14.000000,m*******************@gmail.com,+54263****927,incluido_ok
31089,,No busca cobertura médica,INCLUIDO,estado_no_calificado_canonico,asignaciones,2026-08-14 17:20:05.000000,n*******@gmail.com,+54116****630,incluido_ok
31106,,Fuera de zona,INCLUIDO,estado_no_calificado_canonico,asignaciones,2026-08-18 11:08:28.000000,r********@gmail.com,,incluido_ok
31107,,No busca cobertura médica,INCLUIDO,estado_no_calificado_canonico,asignaciones,2026-09-07 10:17:56.000000,p*****************@gmail.com,+54116****814,incluido_ok
31117,,No busca cobertura médica,INCLUIDO,estado_no_calificado_canonico,asignaciones,2026-08-18 11:00:53.000000,m**************@gmail.com,+54297****612,incluido_ok
31142,,No busca cobertura médica,INCLUIDO,estado_no_calificado_canonico,asignaciones,2026-08-18 10:57:35.000000,t**************@gmail.com,+54117****059,incluido_ok
31152,,No busca cobertura médica,INCLUIDO,estado_no_calificado_canonico,asignaciones,2026-08-18 12:01:56.000000,a*********@gmail.com,+54115****188,incluido_ok
31206,,No busca cobertura médica,INCLUIDO,estado_no_calificado_canonico,asignaciones,2026-08-18 11:50:42.000000,c***********************@gmail.com,+54348****941,incluido_ok
31249,,Fuera de zona,INCLUIDO,estado_no_calificado_canonico,asignaciones,2026-08-18 16:42:38.000000,v************@gmail.com,+54112****428,incluido_ok
31256,,No busca cobertura médica,INCLUIDO,estado_no_calificado_canonico,asignaciones,2026-08-18 16:16:53.000000,r****************@gmail.com,+54343****135,incluido_ok
31261,,No busca cobertura médica,INCLUIDO,estado_no_calificado_canonico,asignaciones,2026-09-07 15:35:33.000000,d******************@gmail.com,+54115****284,incluido_ok
31305,,No busca cobertura médica,INCLUIDO,estado_no_calificado_canonico,asignaciones,2026-08-24 10:51:27.000000,f***************@gmail.com,+54381****280,incluido_ok
31312,,No busca cobertura médica,INCLUIDO,estado_no_calificado_canonico,asignaciones,2026-08-18 10:22:51.000000,r*******************@gmail.com,+54116****793,incluido_ok
31324,,No busca cobertura médica,INCLUIDO,estado_no_calificado_canonico,asignaciones,2026-08-18 10:56:22.000000,m**************************@gmail.com,+54116****889,incluido_ok
31390,,No busca cobertura médica,INCLUIDO,estado_no_calificado_canonico,asignaciones,2026-08-18 13:22:22.000000,u**************@gmail.com,+54221****572,incluido_ok
31402,,No busca cobertura médica,INCLUIDO,estado_no_calificado_canonico,asignaciones,2026-08-19 11:46:58.000000,j*****************@gmail.com,+54911*****223,incluido_ok
31424,,No busca cobertura médica,INCLUIDO,estado_no_calificado_canonico,asignaciones,2026-08-20 16:48:45.000000,m***************@gmail.com,+54114****658,incluido_ok
31448,,No busca cobertura médica,INCLUIDO,estado_no_calificado_canonico,asignaciones,2026-08-19 11:53:31.000000,h*************@gmail.com,+54112****742,incluido_ok
31455,,No busca cobertura médica,INCLUIDO,estado_no_calificado_canonico,asignaciones,2026-08-28 14:58:23.000000,p************@gmail.com,+54117****053,incluido_ok
31467,,Fuera de zona,INCLUIDO,estado_no_calificado_canonico,asignaciones,2026-08-19 16:47:50.000000,l****************@gmail.com,+54113****506,incluido_ok
31473,,No busca cobertura médica,INCLUIDO,estado_no_calificado_canonico,asignaciones,2026-08-21 15:21:21.000000,p*************@gmail.com,+54113****711,incluido_ok
31501,,No busca cobertura médica,INCLUIDO,estado_no_calificado_canonico,asignaciones,2026-08-20 10:31:44.000000,j****************@gmail.com,+54263****634,incluido_ok
31544,,No busca cobertura médica,INCLUIDO,estado_no_calificado_canonico,asignaciones,2026-08-20 12:39:33.000000,j**************@gmail.com,+54221****414,incluido_ok
31583,,No busca cobertura médica,INCLUIDO,estado_no_calificado_canonico,asignaciones,2026-09-08 10:38:33.000000,n***********@gmail.com,+54114****851,incluido_ok
31593,,No busca cobertura médica,INCLUIDO,estado_no_calificado_canonico,asignaciones,2026-08-19 15:15:54.000000,f******************@gmail.com,+54116****484,incluido_ok
31600,,No busca cobertura médica,INCLUIDO,estado_no_calificado_canonico,asignaciones,2026-08-21 12:19:50.000000,y***********@bue.edu.ar,+54115****796,incluido_ok
31658,,Fuera de zona,INCLUIDO,estado_no_calificado_canonico,asignaciones,2026-08-20 11:44:17.000000,f*************@hotmail.com,+54115****109,incluido_ok
31720,,No busca cobertura médica,INCLUIDO,estado_no_calificado_canonico,asignaciones,2026-08-24 16:34:31.000000,r************@gmail.com,+54112****276,incluido_ok
31745,,No busca cobertura médica,INCLUIDO,estado_no_calificado_canonico,asignaciones,2026-08-24 11:38:33.000000,c****************@gmail.com,+54112****452,incluido_ok
31757,,No busca cobertura médica,INCLUIDO,estado_no_calificado_canonico,asignaciones,2026-08-21 09:57:46.000000,n******************@gmail.com,+54112****033,incluido_ok
31761,,No busca cobertura médica,INCLUIDO,estado_no_calificado_canonico,asignaciones,2026-08-21 12:32:33.000000,a**************@gmail.com,+54112****643,incluido_ok
31772,,No busca cobertura médica,INCLUIDO,estado_no_calificado_canonico,asignaciones,2026-08-21 12:17:04.000000,f**********************@gmail.com,+54113****887,incluido_ok
31778,,Fuera de zona,INCLUIDO,estado_no_calificado_canonico,asignaciones,2026-08-21 10:58:59.000000,j**************@gmail.com,+54291****276,incluido_ok
31783,,No busca cobertura médica,INCLUIDO,estado_no_calificado_canonico,asignaciones,2026-08-26 12:26:00.000000,n****************@gmail.com,+54115****763,incluido_ok
31792,,No busca cobertura médica,INCLUIDO,estado_no_calificado_canonico,asignaciones,2026-08-21 12:44:10.000000,t************@gmail.com,+54384****851,incluido_ok
31809,,No busca cobertura médica,INCLUIDO,estado_no_calificado_canonico,asignaciones,2026-08-22 08:46:24.000000,u*********@gmail.com,+54221****349,incluido_ok
31814,,No busca cobertura médica,INCLUIDO,estado_no_calificado_canonico,asignaciones,2026-08-21 15:39:21.000000,t****************@gmail.com,+54266****235,incluido_ok
31818,,No busca cobertura médica,INCLUIDO,estado_no_calificado_canonico,asignaciones,2026-08-21 16:35:53.000000,n************@hotmail.com,+54221****411,incluido_ok
31869,,No busca cobertura médica,INCLUIDO,estado_no_calificado_canonico,asignaciones,2026-08-22 14:35:55.000000,n**********@gmail.com,+54116****483,incluido_ok
31871,,No busca cobertura médica,INCLUIDO,estado_no_calificado_canonico,asignaciones,2026-08-24 10:36:48.000000,a**********@gmail.com,+54113****474,incluido_ok
31872,,No busca cobertura médica,INCLUIDO,estado_no_calificado_canonico,asignaciones,2026-08-24 12:55:01.000000,p********************@gmail.com,+54294****884,incluido_ok
31877,,No busca cobertura médica,INCLUIDO,estado_no_calificado_canonico,asignaciones,2026-08-25 14:06:50.000000,f************@gmail.com,+54113****644,incluido_ok
31880,,No busca cobertura médica,INCLUIDO,estado_no_calificado_canonico,asignaciones,2026-08-25 11:16:34.000000,g******************@gmail.com,+54116****253,incluido_ok
31918,,No busca cobertura médica,INCLUIDO,estado_no_calificado_canonico,asignaciones,2026-08-25 10:31:34.000000,b**********@gmail.com,+54116****739,"incluido_ok (fusiona 2 registros de prospectos, ver filas FUSIONADO)"
31919,,No busca cobertura médica,FUSIONADO,estado_no_calificado_canonico,asignaciones,2026-08-25 10:31:34.000000,b**********@gmail.com,+54116****739,fusionado_en_prospecto_id_31918
31922,,No busca cobertura médica,INCLUIDO,estado_no_calificado_canonico,asignaciones,2026-08-24 11:01:36.000000,l************@gmail.com,+54113****250,incluido_ok
31925,,No busca cobertura médica,INCLUIDO,estado_no_calificado_canonico,asignaciones,2026-08-26 11:53:25.000000,d***************@gmail.com,+54116****823,incluido_ok
31930,,No busca cobertura médica,INCLUIDO,estado_no_calificado_canonico,asignaciones,2026-08-24 12:10:17.000000,e**************@gmail.com,+54113****274,incluido_ok
31949,,No busca cobertura médica,INCLUIDO,estado_no_calificado_canonico,asignaciones,2026-08-26 09:38:00.000000,a**************@gmail.com,+54116****006,incluido_ok
31966,,No busca cobertura médica,INCLUIDO,estado_no_calificado_canonico,asignaciones,2026-08-24 10:28:13.000000,n***************@gmail.com,+54112****831,incluido_ok
31973,,No busca cobertura médica,INCLUIDO,estado_no_calificado_canonico,asignaciones,2026-08-24 12:56:58.000000,c****************@gmail.com,+54117****866,incluido_ok
31974,,No busca cobertura médica,INCLUIDO,estado_no_calificado_canonico,asignaciones,2026-08-24 10:26:18.000000,l***************@gmail.com,+54115****771,incluido_ok
31991,,No busca cobertura médica,INCLUIDO,estado_no_calificado_canonico,asignaciones,2026-08-28 15:27:03.000000,p********************@gmail.com,+54115****769,incluido_ok
31994,,No busca cobertura médica,INCLUIDO,estado_no_calificado_canonico,asignaciones,2026-08-24 11:02:44.000000,l*********@hotmail.com,+54115****934,incluido_ok
31996,,No busca cobertura médica,INCLUIDO,estado_no_calificado_canonico,asignaciones,2026-08-25 10:30:11.000000,e*******************@gmail.com,+54373****062,incluido_ok
31997,,No busca cobertura médica,INCLUIDO,estado_no_calificado_canonico,asignaciones,2026-08-24 12:43:12.000000,q**************@gmail.clm,+54112****857,incluido_ok
32030,,No busca cobertura médica,INCLUIDO,estado_no_calificado_canonico,asignaciones,2026-08-24 14:41:57.000000,c***********@gmail.com,+54298****373,incluido_ok
32031,,No busca cobertura médica,INCLUIDO,estado_no_calificado_canonico,asignaciones,2026-08-26 12:17:26.000000,n**************@gmail.com,+54388****871,incluido_ok
32037,,No busca cobertura médica,INCLUIDO,estado_no_calificado_canonico,asignaciones,2026-09-01 10:35:17.000000,a*************@gmail.com,+54112****918,incluido_ok
32048,,No busca cobertura médica,INCLUIDO,estado_no_calificado_canonico,asignaciones,2026-08-25 10:29:53.000000,e************@gmail.com,+54112****153,incluido_ok
32056,,No busca cobertura médica,INCLUIDO,estado_no_calificado_canonico,asignaciones,2026-08-26 11:31:23.000000,m************@gmail.com,+54115****875,incluido_ok
32067,,No busca cobertura médica,INCLUIDO,estado_no_calificado_canonico,asignaciones,2026-09-07 14:02:41.000000,d***********@gmail.com,+54115****400,"incluido_ok (fusiona 2 registros de prospectos, ver filas FUSIONADO)"
32071,,No busca cobertura médica,FUSIONADO,estado_no_calificado_canonico,asignaciones,2026-09-07 14:02:41.000000,d***********@gmail.com,+54115****400,fusionado_en_prospecto_id_32067
32077,,Fuera de zona,INCLUIDO,estado_no_calificado_canonico,asignaciones,2026-08-26 12:18:29.000000,j**********@gmail.com,+54116****567,incluido_ok
32080,,No busca cobertura médica,INCLUIDO,estado_no_calificado_canonico,asignaciones,2026-08-25 12:58:37.000000,s*********@gmail.com,+54115****631,incluido_ok
32105,,No busca cobertura médica,INCLUIDO,estado_no_calificado_canonico,asignaciones,2026-09-03 10:59:10.000000,m************@outlook.com,+54114****867,incluido_ok
32108,,No busca cobertura médica,INCLUIDO,estado_no_calificado_canonico,asignaciones,2026-08-25 13:51:34.000000,s*****************@gmail.com,+54116****383,incluido_ok
32113,,No busca cobertura médica,INCLUIDO,estado_no_calificado_canonico,asignaciones,2026-08-26 09:42:07.000000,t************@gmail.com,+54117****470,incluido_ok
32114,,No busca cobertura médica,INCLUIDO,estado_no_calificado_canonico,asignaciones,2026-08-25 13:53:25.000000,l***************@gmai.com,+54364****573,incluido_ok
32123,,No busca cobertura médica,INCLUIDO,estado_no_calificado_canonico,asignaciones,2026-08-25 13:46:22.000000,a*************@gmail.com,+54381****272,incluido_ok
32129,,No busca cobertura médica,INCLUIDO,estado_no_calificado_canonico,asignaciones,2026-08-25 12:41:48.000000,a****************@gmail.com,+54117****173,incluido_ok
32233,,No busca cobertura médica,INCLUIDO,estado_no_calificado_canonico,asignaciones,2026-08-26 14:16:03.000000,r******************@gmail.com,+54112****454,incluido_ok
32240,,No busca cobertura médica,INCLUIDO,estado_no_calificado_canonico,asignaciones,2026-08-26 11:21:22.000000,f*************@gmail.com,+54116****189,incluido_ok
32254,,No busca cobertura médica,INCLUIDO,estado_no_calificado_canonico,asignaciones,2026-08-27 11:54:07.000000,j****************@gmail.com,+54112****674,incluido_ok
32264,,No busca cobertura médica,INCLUIDO,estado_no_calificado_canonico,asignaciones,2026-09-02 17:02:43.000000,g*************@gmail.com,+54112****219,incluido_ok
32267,,No busca cobertura médica,INCLUIDO,estado_no_calificado_canonico,asignaciones,2026-08-26 14:44:22.000000,d***************@gmail.com,+54117****422,incluido_ok
32293,,No busca cobertura médica,INCLUIDO,estado_no_calificado_canonico,asignaciones,2026-09-02 12:25:33.000000,c**************@gmail.com,+54112****891,incluido_ok
32339,,No busca cobertura médica,INCLUIDO,estado_no_calificado_canonico,asignaciones,2026-08-28 14:49:37.000000,m******************@gmail.com,+54297****328,incluido_ok
32360,,No busca cobertura médica,INCLUIDO,estado_no_calificado_canonico,asignaciones,2026-09-07 12:42:48.000000,m*****************@gmail.com,+54113****990,incluido_ok
32362,,No busca cobertura médica,INCLUIDO,estado_no_calificado_canonico,asignaciones,2026-08-28 15:12:14.000000,m**************@gmail.com,+54116****872,incluido_ok
32365,,No busca cobertura médica,INCLUIDO,estado_no_calificado_canonico,asignaciones,2026-08-27 13:02:07.000000,b**************@gmail.com,+54116****720,incluido_ok
32366,,No busca cobertura médica,INCLUIDO,estado_no_calificado_canonico,asignaciones,2026-09-02 16:40:02.000000,c********@gmail.com,+54115****689,incluido_ok
32377,,No busca cobertura médica,INCLUIDO,estado_no_calificado_canonico,asignaciones,2026-08-31 12:02:38.000000,j**********@hotmail.com,+54116****015,incluido_ok
32429,,No busca cobertura médica,INCLUIDO,estado_no_calificado_canonico,asignaciones,2026-09-02 17:16:12.000000,j************@gmail.com,+54111****001,incluido_ok
32485,,No busca cobertura médica,INCLUIDO,estado_no_calificado_canonico,asignaciones,2026-08-31 10:26:29.000000,d*******@gmail.com,+54112****242,incluido_ok
32488,,No busca cobertura médica,INCLUIDO,estado_no_calificado_canonico,asignaciones,2026-08-28 15:32:46.000000,y**@ndel.com.ar,+54343****130,incluido_ok
32498,,No busca cobertura médica,INCLUIDO,estado_no_calificado_canonico,asignaciones,2026-08-31 10:18:30.000000,c***************@gmail.com,+54114****919,incluido_ok
32505,,Fuera de zona,INCLUIDO,estado_no_calificado_canonico,asignaciones,2026-08-28 17:17:26.000000,d****************@gmail.com,+54116****049,incluido_ok
32538,,No busca cobertura médica,INCLUIDO,estado_no_calificado_canonico,asignaciones,2026-08-31 11:19:26.000000,f**************@gmail.com,+54115****343,incluido_ok
32572,,No busca cobertura médica,INCLUIDO,estado_no_calificado_canonico,asignaciones,2026-08-31 10:50:59.000000,r******************@gmail.com,+54112****646,incluido_ok
32602,,Fuera de zona,INCLUIDO,estado_no_calificado_canonico,asignaciones,2026-09-04 13:35:21.000000,a***************@gmail.com,+54112****962,incluido_ok
32613,,No busca cobertura médica,INCLUIDO,estado_no_calificado_canonico,asignaciones,2026-08-31 11:17:01.000000,b**************@gmail.com,+54116****498,incluido_ok
32625,,No busca cobertura médica,INCLUIDO,estado_no_calificado_canonico,asignaciones,2026-09-03 11:24:51.000000,c**********@gmail.com,+54116****209,incluido_ok
32650,,Fuera de zona,INCLUIDO,estado_no_calificado_canonico,asignaciones,2026-08-31 12:45:52.000000,z**************@gmail.com,+54113****472,incluido_ok
32654,,No busca cobertura médica,INCLUIDO,estado_no_calificado_canonico,asignaciones,2026-09-15 20:30:43.000000,m***************@hotmail.com,+54113****591,incluido_ok
32657,,Fuera de zona,INCLUIDO,estado_no_calificado_canonico,asignaciones,2026-08-31 12:24:14.000000,n*******************@gmail.com,+54299****965,incluido_ok
32691,,No busca cobertura médica,INCLUIDO,estado_no_calificado_canonico,asignaciones,2026-09-10 16:19:20.000000,,+54911*****777,incluido_ok
32711,,No busca cobertura médica,INCLUIDO,estado_no_calificado_canonico,asignaciones,2026-09-01 10:38:25.000000,m*************@gmail.com,+54113****972,incluido_ok
32763,,No busca cobertura médica,INCLUIDO,estado_no_calificado_canonico,asignaciones,2026-09-02 16:42:24.000000,f**************@gmail.com,+54112****837,incluido_ok
32765,,No busca cobertura médica,INCLUIDO,estado_no_calificado_canonico,asignaciones,2026-09-02 13:24:24.000000,m***************@hotmail.com,+54362****180,incluido_ok
32779,,No busca cobertura médica,INCLUIDO,estado_no_calificado_canonico,asignaciones,2026-09-11 11:58:43.000000,b*************@gmail.com,+54113****935,incluido_ok
32903,,No busca cobertura médica,INCLUIDO,estado_no_calificado_canonico,asignaciones,2026-09-03 12:41:33.000000,g************@hotmail.com,+54114****411,incluido_ok
33012,,No busca cobertura médica,INCLUIDO,estado_no_calificado_canonico,asignaciones,2026-09-04 12:19:32.000000,c*************@gmail.com,+54115****766,incluido_ok
33023,,No busca cobertura médica,INCLUIDO,estado_no_calificado_canonico,asignaciones,2026-09-07 11:16:55.000000,l**************@hotmail.com,+54116****416,incluido_ok
33046,,No busca cobertura médica,INCLUIDO,estado_no_calificado_canonico,asignaciones,2026-09-08 11:00:06.000000,m************@gmail.com,+54112****055,incluido_ok
33084,,No busca cobertura médica,INCLUIDO,estado_no_calificado_canonico,asignaciones,2026-09-10 16:19:08.000000,s*********@hotmail.com,+54114****006,incluido_ok
33156,,No busca cobertura médica,INCLUIDO,estado_no_calificado_canonico,asignaciones,2026-09-11 16:33:18.000000,s*************@gmail.com,+54112****110,incluido_ok
33176,,No busca cobertura médica,INCLUIDO,estado_no_calificado_canonico,asignaciones,2026-09-09 12:32:13.000000,c**********@hotmail.com,+54292****260,incluido_ok
33196,,No busca cobertura médica,INCLUIDO,estado_no_calificado_canonico,asignaciones,2026-09-09 12:35:11.000000,r**************@gmail.com,+54115****875,incluido_ok
33216,,No busca cobertura médica,INCLUIDO,estado_no_calificado_canonico,asignaciones,2026-09-11 11:51:33.000000,e************@gmail.com,+54115****167,incluido_ok
33219,,No busca cobertura médica,INCLUIDO,estado_no_calificado_canonico,asignaciones,2026-09-07 13:19:07.000000,f******@gmail.com.ar,+54115****641,incluido_ok
33225,,No busca cobertura médica,INCLUIDO,estado_no_calificado_canonico,asignaciones,2026-09-07 17:03:43.000000,h***********@outlook.com,+54347****539,incluido_ok
33320,,No busca cobertura médica,INCLUIDO,estado_no_calificado_canonico,asignaciones,2026-09-08 15:20:12.000000,m************@gmail.com,+54115****291,incluido_ok
33415,,No busca cobertura médica,INCLUIDO,estado_no_calificado_canonico,asignaciones,2026-09-09 12:01:10.000000,e*****************@gmail.com,+54115****113,incluido_ok
33562,,No busca cobertura médica,INCLUIDO,estado_no_calificado_canonico,asignaciones,2026-09-11 16:41:56.000000,a*************@gmail.com,+54112****516,incluido_ok
33595,,No busca cobertura médica,INCLUIDO,estado_no_calificado_canonico,asignaciones,2026-09-15 10:05:48.000000,n*************@msn.com,+54113****145,incluido_ok
33619,,No busca cobertura médica,INCLUIDO,estado_no_calificado_canonico,asignaciones,2026-09-10 16:00:01.000000,r********@gmail.com,+54112****568,incluido_ok
33631,,No busca cobertura médica,INCLUIDO,estado_no_calificado_canonico,asignaciones,2026-09-14 15:32:38.000000,i*****************@gmail.com,+54116****558,incluido_ok
33649,,No busca cobertura médica,INCLUIDO,estado_no_calificado_canonico,asignaciones,2026-09-10 16:35:50.000000,a*****@hotmail.com,+54115****880,incluido_ok
33826,,No busca cobertura médica,INCLUIDO,estado_no_calificado_canonico,asignaciones,2026-09-11 14:38:45.000000,i***********@gmail.com,+54112****522,incluido_ok
33845,,No busca cobertura médica,INCLUIDO,estado_no_calificado_canonico,asignaciones,2026-09-11 16:34:55.000000,p***********@gmail.com,+54115****822,incluido_ok
33867,,No busca cobertura médica,INCLUIDO,estado_no_calificado_canonico,asignaciones,2026-09-18 12:41:25.000000,a************************@gmail.com,+54115****414,incluido_ok
33869,,No busca cobertura médica,INCLUIDO,estado_no_calificado_canonico,asignaciones,2026-09-11 14:44:55.000000,p***********@hotmail.com,+54115****936,incluido_ok
33934,,No busca cobertura médica,INCLUIDO,estado_no_calificado_canonico,asignaciones,2026-09-11 16:58:58.000000,f****************@gmail.com,+54113****001,incluido_ok
33938,,No busca cobertura médica,INCLUIDO,estado_no_calificado_canonico,asignaciones,2026-09-11 15:37:58.000000,e**************@gmail.com,+54116****695,incluido_ok
33964,,No busca cobertura médica,INCLUIDO,estado_no_calificado_canonico,asignaciones,2026-09-14 15:08:37.000000,c************@gmail.com,+54113****778,incluido_ok
34001,,No busca cobertura médica,INCLUIDO,estado_no_calificado_canonico,asignaciones,2026-09-11 15:37:31.000000,c*********@gmail.com,+54116****074,incluido_ok
34009,,No busca cobertura médica,INCLUIDO,estado_no_calificado_canonico,asignaciones,2026-09-11 15:49:03.000000,m***********@gmail.com,+54113****552,incluido_ok
34014,,No busca cobertura médica,INCLUIDO,estado_no_calificado_canonico,asignaciones,2026-09-11 14:56:48.000000,c********************@gmail.com,+54113****062,incluido_ok
34029,,No busca cobertura médica,INCLUIDO,estado_no_calificado_canonico,asignaciones,2026-09-11 15:40:33.000000,d*************@gmail.com,+54116****976,incluido_ok
34030,,No busca cobertura médica,INCLUIDO,estado_no_calificado_canonico,asignaciones,2026-09-11 14:58:25.000000,y***************@gmail.com,+54114****462,incluido_ok
34051,,No busca cobertura médica,INCLUIDO,estado_no_calificado_canonico,asignaciones,2026-09-14 14:17:39.000000,m***********@gmail.com,+54115****094,incluido_ok
34087,,No busca cobertura médica,INCLUIDO,estado_no_calificado_canonico,asignaciones,2026-09-11 15:54:39.000000,b******************@gmail.com,+54112****511,incluido_ok
34127,,No busca cobertura médica,INCLUIDO,estado_no_calificado_canonico,asignaciones,2026-09-11 15:11:31.000000,c**************@gmail.com,+54115****593,incluido_ok
34129,,No busca cobertura médica,INCLUIDO,estado_no_calificado_canonico,asignaciones,2026-09-11 15:51:08.000000,r*****************************@gmail.com,+54112****795,incluido_ok
34170,,No busca cobertura médica,INCLUIDO,estado_no_calificado_canonico,asignaciones,2026-09-16 15:39:32.000000,f*************@hotmail.com,+54114****075,incluido_ok
34197,,No busca cobertura médica,INCLUIDO,estado_no_calificado_canonico,asignaciones,2026-09-11 16:45:24.000000,l*********@gmail.com,+54113****261,incluido_ok
34210,,No busca cobertura médica,INCLUIDO,estado_no_calificado_canonico,asignaciones,2026-09-11 16:20:59.000000,a******@gmail.com,+54113****678,incluido_ok
34211,,No busca cobertura médica,INCLUIDO,estado_no_calificado_canonico,asignaciones,2026-09-15 10:45:26.000000,g*******@hotmail.com,+54112****290,incluido_ok
34213,,No busca cobertura médica,INCLUIDO,estado_no_calificado_canonico,asignaciones,2026-09-14 14:17:26.000000,c********************@gmail.com,+54112****204,incluido_ok
34259,,No busca cobertura médica,INCLUIDO,estado_no_calificado_canonico,asignaciones,2026-09-16 15:36:23.000000,k*************@icloud.com,+54112****795,incluido_ok
34300,,No busca cobertura médica,INCLUIDO,estado_no_calificado_canonico,asignaciones,2026-09-15 10:49:48.000000,a*******@hotmail.com,+54154****502,incluido_ok
34611,,No busca cobertura médica,INCLUIDO,estado_no_calificado_canonico,asignaciones,2026-09-11 16:11:58.000000,r**************@hotmail.com,+54116****473,incluido_ok
34619,,No busca cobertura médica,INCLUIDO,estado_no_calificado_canonico,asignaciones,2026-09-11 16:38:42.000000,c*********@gmail.com,+54114****642,incluido_ok
34624,,No busca cobertura médica,INCLUIDO,estado_no_calificado_canonico,asignaciones,2026-09-14 12:26:48.000000,f**********@hotmail.com,+54112****810,incluido_ok
34723,,No busca cobertura médica,INCLUIDO,estado_no_calificado_canonico,asignaciones,2026-09-14 11:17:24.000000,s********************@gmail.com,+54112****034,incluido_ok
34726,,No busca cobertura médica,INCLUIDO,estado_no_calificado_canonico,asignaciones,2026-09-14 11:22:39.000000,v*******@yahoo.com.ar,+54113****546,incluido_ok
34728,,No busca cobertura médica,INCLUIDO,estado_no_calificado_canonico,asignaciones,2026-09-18 13:05:27.000000,c******@hotmail.com,+54116****076,incluido_ok
34799,,No busca cobertura médica,INCLUIDO,estado_no_calificado_canonico,asignaciones,2026-09-11 17:21:04.000000,s************@gmail.com,+54114****043,incluido_ok
35044,,No busca cobertura médica,INCLUIDO,estado_no_calificado_canonico,asignaciones,2026-09-11 19:21:35.000000,g***********************@gmail.com,+54113****232,incluido_ok
35076,,No busca cobertura médica,INCLUIDO,estado_no_calificado_canonico,asignaciones,2026-09-16 14:46:27.000000,d**********@gmail.com,+54113****267,incluido_ok
35156,,No busca cobertura médica,INCLUIDO,estado_no_calificado_canonico,asignaciones,2026-09-14 10:28:57.000000,n************@gmail.com,+54156****470,incluido_ok
35408,,No busca cobertura médica,INCLUIDO,estado_no_calificado_canonico,asignaciones,2026-09-14 10:50:21.000000,p********@gmail.com,+54113****162,incluido_ok
35495,,No busca cobertura médica,INCLUIDO,estado_no_calificado_canonico,asignaciones,2026-09-14 14:31:22.000000,l************@yahoo.com.ar,+54114****219,incluido_ok
35669,,No busca cobertura médica,INCLUIDO,estado_no_calificado_canonico,asignaciones,2026-09-14 14:39:32.000000,c**************@gmail.com,+54116****885,incluido_ok
35756,,No busca cobertura médica,INCLUIDO,estado_no_calificado_canonico,asignaciones,2026-09-14 14:23:03.000000,e**************@hotmail.com,+54113****228,incluido_ok
35809,,No busca cobertura médica,INCLUIDO,estado_no_calificado_canonico,asignaciones,2026-09-14 10:14:59.000000,e**********************@gmail.com,+54153****719,incluido_ok
35926,,No busca cobertura médica,INCLUIDO,estado_no_calificado_canonico,asignaciones,2026-09-14 14:43:57.000000,s*******************@gmail.com,+54117****552,incluido_ok
36017,,No busca cobertura médica,INCLUIDO,estado_no_calificado_canonico,asignaciones,2026-09-15 10:23:18.000000,r**************@gmail.com,+54115****592,incluido_ok
36767,,No busca cobertura médica,INCLUIDO,estado_no_calificado_canonico,asignaciones,2026-09-14 12:50:26.000000,l************@gmail.com,+54116****956,incluido_ok
36772,,No busca cobertura médica,INCLUIDO,estado_no_calificado_canonico,asignaciones,2026-09-17 11:55:25.000000,z**********@hotmail.com,+54116****122,incluido_ok
36855,,No busca cobertura médica,INCLUIDO,estado_no_calificado_canonico,asignaciones,2026-09-14 15:19:49.000000,b*************@gmail.com,+54115****891,incluido_ok
36866,,No busca cobertura médica,INCLUIDO,estado_no_calificado_canonico,asignaciones,2026-09-11 21:52:43.000000,s***************@gmail.com,+54113****761,incluido_ok
36932,,No busca cobertura médica,INCLUIDO,estado_no_calificado_canonico,asignaciones,2026-09-11 15:07:22.000000,m*********************@gmail.com,+54146****734,incluido_ok
37018,,No busca cobertura médica,INCLUIDO,estado_no_calificado_canonico,asignaciones,2026-09-14 10:48:36.000000,f***********@hotmail.com,+54154****408,incluido_ok
37310,,No busca cobertura médica,INCLUIDO,estado_no_calificado_canonico,asignaciones,2026-09-14 13:04:17.000000,d*******@gmail.com,+54116****171,incluido_ok
37459,,No busca cobertura médica,INCLUIDO,estado_no_calificado_canonico,asignaciones,2026-09-18 10:53:33.000000,m*****@gmail.com,+54114****115,incluido_ok
37809,,No busca cobertura médica,INCLUIDO,estado_no_calificado_canonico,asignaciones,2026-09-15 15:21:15.000000,j*************@gmail.com,+54113****970,incluido_ok
38090,,No busca cobertura médica,INCLUIDO,estado_no_calificado_canonico,asignaciones,2026-09-14 11:14:48.000000,c********@hotmail.com,+54113****245,incluido_ok
38147,,No busca cobertura médica,INCLUIDO,estado_no_calificado_canonico,asignaciones,2026-09-15 12:13:19.000000,i*********************@gmail.com,+54113****987,incluido_ok
38149,,No busca cobertura médica,INCLUIDO,estado_no_calificado_canonico,asignaciones,2026-09-15 15:37:24.000000,l****************@gmail.com,+54115****121,incluido_ok
38155,,No busca cobertura médica,INCLUIDO,estado_no_calificado_canonico,asignaciones,2026-09-14 15:13:11.000000,l***********@gmail.com,+54113****661,incluido_ok
38505,,No busca cobertura médica,INCLUIDO,estado_no_calificado_canonico,asignaciones,2026-09-15 15:42:57.000000,m***************@hotmail.com,+54116****288,incluido_ok
38618,,No busca cobertura médica,INCLUIDO,estado_no_calificado_canonico,asignaciones,2026-09-15 15:59:13.000000,m********@gmail.com,+54113****287,incluido_ok
38839,,No busca cobertura médica,INCLUIDO,estado_no_calificado_canonico,asignaciones,2026-09-15 16:35:21.000000,c*************@gmail.com,+54116****802,incluido_ok
38963,,No busca cobertura médica,INCLUIDO,estado_no_calificado_canonico,asignaciones,2026-09-16 11:44:02.000000,n****************@hotmail.com,+54116****434,incluido_ok
39124,,No busca cobertura médica,INCLUIDO,estado_no_calificado_canonico,asignaciones,2026-09-14 15:10:15.000000,o**************@gmail.com,+54112****890,incluido_ok
39238,,No busca cobertura médica,INCLUIDO,estado_no_calificado_canonico,asignaciones,2026-09-16 11:06:54.000000,m****************@gmail.com,+54116****992,incluido_ok
39302,,No busca cobertura médica,INCLUIDO,estado_no_calificado_canonico,asignaciones,2026-09-16 13:02:33.000000,m************@gmail.com,+54155****403,incluido_ok
39377,,No busca cobertura médica,INCLUIDO,estado_no_calificado_canonico,asignaciones,2026-09-15 17:18:07.000000,l**********@gmail.com,+54114****699,incluido_ok
40040,,No busca cobertura médica,INCLUIDO,estado_no_calificado_canonico,asignaciones,2026-09-14 15:48:51.000000,y***********@gmail.com,+54115****825,incluido_ok
40058,,Fuera de zona,INCLUIDO,estado_no_calificado_canonico,asignaciones,2026-09-12 12:03:31.000000,a******************@gmail.com,+54221****007,incluido_ok
40110,,No busca cobertura médica,INCLUIDO,estado_no_calificado_canonico,asignaciones,2026-09-14 20:49:01.000000,h**********@gmail.com,+54113****502,incluido_ok
40138,,No busca cobertura médica,INCLUIDO,estado_no_calificado_canonico,asignaciones,2026-09-14 11:33:38.000000,j******@gmail.com,+54114****185,incluido_ok
40146,,No busca cobertura médica,INCLUIDO,estado_no_calificado_canonico,asignaciones,2026-09-18 14:52:24.000000,l********@gmail.com,+54113****843,incluido_ok
40172,,Fuera de zona,INCLUIDO,estado_no_calificado_canonico,asignaciones,2026-09-14 16:13:41.000000,a************@hotmail.com,+54223****667,incluido_ok
40193,,No busca cobertura médica,INCLUIDO,estado_no_calificado_canonico,asignaciones,2026-09-14 15:40:16.000000,g***************@gmail.com,+54385****305,incluido_ok
40221,,Fuera de zona,INCLUIDO,estado_no_calificado_canonico,asignaciones,2026-09-17 10:19:33.000000,a**************@gmail.com,+54387****259,incluido_ok
40301,,No busca cobertura médica,INCLUIDO,estado_no_calificado_canonico,asignaciones,2026-09-15 11:52:11.000000,n********@gmail.com,+54299****400,incluido_ok
40312,,No busca cobertura médica,INCLUIDO,estado_no_calificado_canonico,asignaciones,2026-09-15 13:28:04.000000,c********************@gmail.com,+54116****390,incluido_ok
40314,,No busca cobertura médica,INCLUIDO,estado_no_calificado_canonico,asignaciones,2026-09-17 11:41:50.000000,d***************@hotmail.com,+54299****144,incluido_ok
40321,,Fuera de zona,INCLUIDO,estado_no_calificado_canonico,asignaciones,2026-09-15 19:35:34.000000,m****************@gmail.com,+54299****442,incluido_ok
40358,,No busca cobertura médica,INCLUIDO,estado_no_calificado_canonico,asignaciones,2026-09-17 11:40:16.000000,s*********************@gmail.com,+54115****655,incluido_ok
40399,,Fuera de zona,INCLUIDO,estado_no_calificado_canonico,asignaciones,2026-09-16 11:26:02.000000,r*************************@gmail.com,+54381****843,incluido_ok
40455,,No busca cobertura médica,INCLUIDO,estado_no_calificado_canonico,asignaciones,2026-09-17 16:55:25.000000,a**************@gmail.com,+54116****224,incluido_ok
40463,,No busca cobertura médica,INCLUIDO,estado_no_calificado_canonico,asignaciones,2026-09-16 15:43:03.000000,s**************@gmail.com,+54298****018,incluido_ok
40565,,No busca cobertura médica,INCLUIDO,estado_no_calificado_canonico,asignaciones,2026-09-17 10:43:31.000000,h*********@yahoo.com.ar,+54114****358,incluido_ok
40577,,No busca cobertura médica,INCLUIDO,estado_no_calificado_canonico,asignaciones,2026-09-17 11:38:47.000000,e********************@gmail.com,+54362****864,incluido_ok
40580,,No busca cobertura médica,INCLUIDO,estado_no_calificado_canonico,asignaciones,2026-09-17 12:24:26.000000,m***********@gmail.com,+54379****561,incluido_ok
40599,,No busca cobertura médica,INCLUIDO,estado_no_calificado_canonico,asignaciones,2026-09-17 12:39:20.000000,f********@gmail.com,+54116****787,incluido_ok
40612,,No busca cobertura médica,INCLUIDO,estado_no_calificado_canonico,asignaciones,2026-09-17 14:12:43.000000,b**************@gmail.com,+54353****172,incluido_ok
40629,,No busca cobertura médica,INCLUIDO,estado_no_calificado_canonico,asignaciones,2026-09-18 15:11:17.000000,d**************@gmail.com,+54116****904,incluido_ok
40683,,No busca cobertura médica,INCLUIDO,estado_no_calificado_canonico,asignaciones,2026-09-18 11:49:29.000000,a***************@gmail.com,,incluido_ok
40690,,No busca cobertura médica,INCLUIDO,estado_no_calificado_canonico,asignaciones,2026-09-19 08:16:22.000000,e******************@gmail.com,+54117****358,incluido_ok
40695,,No busca cobertura médica,INCLUIDO,estado_no_calificado_canonico,asignaciones,2026-09-18 17:28:44.000000,m*************@live.com,+54116****357,incluido_ok
40714,,No busca cobertura médica,INCLUIDO,estado_no_calificado_canonico,asignaciones,2026-09-18 15:21:11.000000,c********@yahoo.com,+54375****965,incluido_ok
40723,,No busca cobertura médica,INCLUIDO,estado_no_calificado_canonico,asignaciones,2026-09-19 21:42:01.000000,m****************@gmail.com,+54232****093,incluido_ok
40727,,No busca cobertura médica,INCLUIDO,estado_no_calificado_canonico,asignaciones,2026-09-18 13:17:33.000000,d***************@gmail.com,+54387****833,incluido_ok
40737,,No busca cobertura médica,INCLUIDO,estado_no_calificado_canonico,asignaciones,2026-09-18 12:52:45.000000,o***************@gmail.com,+54247****757,incluido_ok
40740,,Fuera de zona,INCLUIDO,estado_no_calificado_canonico,asignaciones,2026-09-18 13:20:07.000000,m********@gmail.com,+54347****473,incluido_ok
40744,,No busca cobertura médica,INCLUIDO,estado_no_calificado_canonico,asignaciones,2026-09-18 14:23:33.000000,z************@gmail.com,+54113****332,incluido_ok
40745,,No busca cobertura médica,INCLUIDO,estado_no_calificado_canonico,asignaciones,2026-09-18 15:21:03.000000,t**********@hotmail.com,+54116****269,incluido_ok
40765,,No busca cobertura médica,INCLUIDO,estado_no_calificado_canonico,asignaciones,2026-09-18 15:04:00.000000,b********@gmail.com,+54116****844,incluido_ok
40854,,Fuera de zona,INCLUIDO,estado_no_calificado_canonico,asignaciones,2026-09-20 11:45:06.000000,b**********@gmail.com,+54117****121,incluido_ok
