prospecto_id,nombre,apellido,estado_actual,fuente_estado,fecha_referencia,email,telefono,localidad,origen
221,Marcela,Risso,No contesta,asignaciones,2026-05-27 17:14:47.000000,marcelarisso@hotmail.com,+541159338113,CABA,Formulario Web
222,Maximiliano Omar,Ferro,No contesta,asignaciones,2026-01-27 15:36:55.000000,maximilianooferro@gmail.com,+541163325402,CABA,Formulario Web
224,Martina,Nannoia,No contesta,asignaciones,2026-02-09 12:51:17.000000,martinanannoia01@gmail.com,+541164667925,CABA,Formulario Web
225,Rosario,Casal,No contesta,asignaciones,2026-04-01 14:40:05.000000,rosariomcasal@gmail.com,+541133654583,San Isidro,Formulario Web
227,Martin,Vega,No contesta,asignaciones,2025-11-12 16:09:36.000000,tinchovega69@gmail.com,+541132095931,Avellaneda,Formulario Web
228,Luca,Godoy,No contesta,asignaciones,2025-11-28 16:01:32.000000,luca_floggi.14@hotmail.com,+541123945154,Tigre,Formulario Web
233,Jose Maria Luis,GARBERI,No contesta,asignaciones,2025-11-11 15:44:15.000000,sbeltracch@gmail.com,+541141828486,CABA,Formulario Web
237,Natalia,López,No contesta,asignaciones,2026-02-26 10:19:36.000000,natisabri@hotmail.com,+541166564195,La Matanza,Formulario Web
239,Nestor,Vargas,No contesta,asignaciones,2026-02-09 12:55:18.000000,tincho_rym_87@hotmail.com,+541122615022,La Matanza,Formulario Web
240,Daniel Alberto,Oviedo,No contesta,asignaciones,2026-02-27 11:07:41.000000,natali@bulk.com.ar,+5491159272551,CABA,Formulario Web
241,Melanie,Pirozzo,No contesta,asignaciones,2026-09-17 16:25:02.000000,melaniepirozzo@gmail.com,+541149171699,La Matanza,Formulario Web
247,Cantero ruben gabino,Cantero,No contesta,asignaciones,2026-06-10 15:28:44.000000,rubencantero334@gm.com,+543704065477,Tandil,Formulario Web
254,antonio,vazquez,No contesta,asignaciones,2026-02-20 13:55:12.000000,avazquez@flag.com.ar,+541153075022,CABA,Formulario Web
272,Leila,Kippes,No contesta,asignaciones,2026-05-13 16:03:39.000000,leilasoledadkippes@gmail.com,+541171435185,General San Martín,Formulario Web
275,Benjamin,Rivas,No contesta,asignaciones,2025-11-17 17:17:50.000000,benjaminrivas1303@gmail.com,+541132262860,CABA,Formulario Web
276,Ariel,Gentile,No contesta,asignaciones,2025-11-11 13:09:50.000000,argen83@hotmail.com,+541132595567,La Matanza,Formulario Web
277,Catalina,Gomez margeri,No contesta,asignaciones,2025-11-28 15:14:53.000000,cgmargeri2006@gmail.com,+5492945914030,CABA,Formulario Web
281,Pamela,Ferraro,No contesta,asignaciones,2025-11-17 17:18:00.000000,pameferraro03@gmail.com,+541138218449,Florencio Varela,Formulario Web
284,Alejandro,Gabba,No contesta,asignaciones,2026-02-27 12:04:02.000000,ale_gabba@hotmail.com,+542323623437,Luján,Formulario Web
292,Carla Sofia,Velazquez,No contesta,asignaciones,2025-11-10 12:16:55.000000,velazquezcarla258@gmail.com,+541123689011,Almirante Brown,Formulario Web
295,Maria Florencia,Dodi,No contesta,asignaciones,2025-11-10 12:18:57.000000,florenciadodi@gmail.com,+541133547324,Lomas de Zamora,Formulario Web
296,Ivan,Ovalle,No contesta,asignaciones,2025-11-12 12:28:47.000000,ivanovalle60@yahoo.com,+541158840900,Avellaneda,Formulario Web
312,Patricia Alejandra,Méndez,No contesta,asignaciones,2026-03-05 10:12:44.000000,patrymendez1970@gmail.com,+542323520646,Luján,Formulario Web
318,Claudio,Alaniz,No contesta,asignaciones,2025-11-17 11:32:10.000000,alanizclaudio369@gmail.com,+542634944447,San Martín,Formulario Web
319,Jorge Adrián,Argañaraz,No contesta,asignaciones,2026-09-11 12:12:09.000000,villalbaadrian538@gmail.com,+543484704565,Tigre,Formulario Web
323,ana,gonzalez,No contesta,asignaciones,2025-12-30 13:00:08.000000,ana.gonzalez5@bue.edu.ar,+541158134814,CABA,Formulario Web
368,german david,almaraz,No contesta,asignaciones,2025-11-28 16:23:35.000000,ger_alm1987@hotmail.com,+541128186128,Lomas de Zamora,Formulario Web
371,Mailen,Guerra,No contesta,asignaciones,2025-11-10 15:43:34.000000,guerramailen386@gmail.com,+543576511471,Avellaneda,Formulario Web
374,Miguel Angel,Almua,No contesta,asignaciones,2025-12-15 16:38:34.000000,malmua1182@gmail.com,+541134067443,General Rodríguez,Formulario Web
375,francisca,garrido,No contesta,asignaciones,2025-11-28 16:28:13.000000,frangarrido571@gmail.com,+543442550514,CABA,Formulario Web
377,IVANA ISABEL,MONSERRAT,No contesta,asignaciones,2025-12-15 16:38:40.000000,dramonserrativana@gmail.com,+541155046106,Quilmes,Formulario Web
387,Florencia,Monteiro,No contesta,asignaciones,2026-02-19 10:29:47.000000,florencianitrini@gmail.com,+541168685265,CABA,Formulario Web
395,matias,armella,No contesta,asignaciones,2026-02-20 13:55:20.000000,matiasarmellamama@gmail.com,+541139341853,Morón,Formulario Web
397,Maricel,Rivas,No contesta,asignaciones,2025-12-01 12:07:05.000000,maricelrivas84@gmail.com,+541125488388,CABA,Formulario Web
398,Fabian,Maidana,No contesta,asignaciones,2026-08-07 16:27:53.000000,fabianosvaldomaidana@gmail.com,+541137618196,La Matanza,Formulario Web
401,Veronica mercedes,Pizzi bonahora,No contesta,asignaciones,2025-12-01 12:08:53.000000,pizziveronica185@gmail.com,+541169605306,CABA,Formulario Web
402,Carlos,Maidana,No contesta,asignaciones,2026-02-09 14:14:05.000000,cm946585@gmail.com,+541168597990,Lomas de Zamora,Formulario Web
403,Abrahan,Rojas,No contesta,asignaciones,2025-12-01 16:01:26.000000,abrahanrubenrojastua@gmail.com,+541136700432,CABA,Formulario Web
408,Ayelen,Lagos,No contesta,asignaciones,2026-02-25 12:35:39.000000,ayelenlagoss672@gmail.com,+542645737145,San Martín,Formulario Web
420,Eliana Soledad,Gonzalez,No contesta,asignaciones,2025-11-17 17:17:57.000000,elianagonzalez403@gmail.com,+541159669369,General San Martín,Formulario Web
421,denise,guzman,No contesta,asignaciones,2026-02-09 14:16:40.000000,guzmanden3@gmail.com,+541164321062,CABA,Formulario Web
422,Rocio,Badie,No contesta,asignaciones,2025-11-17 17:18:04.000000,roobadie93@gmail.com,+541122462472,Lanús,Formulario Web
424,Iara,Duarte,No contesta,asignaciones,2025-11-17 17:18:18.000000,duartetrejoiara@gmail.com,+541127512483,Avellaneda,Formulario Web
425,Facundo,Lopardo,No contesta,asignaciones,2026-02-19 10:30:12.000000,facundolopardo4@gmail.com,+543412169399,Malvinas Argentinas,Formulario Web
426,Facundo,Lopardo,No contesta,asignaciones,2025-11-17 17:18:15.000000,facundolopardo4@gmail.com,+543412169399,Malvinas Argentinas,Formulario Web
428,Mildred,Heredia,No contesta,asignaciones,2025-11-17 17:18:13.000000,yosoymildred@gmail.com,+541128157455,CABA,Formulario Web
433,Alfredo damian,Muñoz,No contesta,asignaciones,2025-11-11 15:38:30.000000,alfredodamian7261@gmail.com,+5490038143099,La Matanza,Formulario Web
437,Florencia,Cogorno,No contesta,asignaciones,2025-11-17 17:18:27.000000,florenciacogorno@gmail.com,+541159265088,San Fernando,Formulario Web
439,Cecilia,Dueñas,No contesta,asignaciones,2025-11-12 17:21:52.000000,cecidt9524@gmail.com,+541134206529,CABA,Formulario Web
441,amelie,segnati,No contesta,asignaciones,2025-11-28 14:48:28.000000,ameliemartina2005@gmail.com,+541159130912,CABA,Formulario Web
445,Lucas,Acosta,No contesta,asignaciones,2025-11-11 13:51:00.000000,nahueel123@gmail.com,+541138844448,La Matanza,Formulario Web
446,Allyson,Perdomo,No contesta,asignaciones,2025-12-17 12:01:18.000000,allysonferperdomo@gmail.com,+541132664547,CABA,Formulario Web
447,Camila,Mateos,No contesta,asignaciones,2025-11-17 17:18:34.000000,camimateos27@gmail.com,+541127991050,Malvinas Argentinas,Formulario Web
452,Candela,Chavez,No contesta,asignaciones,2025-11-28 14:48:44.000000,candela.rocio.chavez@hotmail.com,+541168276327,Tres de Febrero,Formulario Web
453,DIANA,ROMANO,No contesta,asignaciones,2025-12-17 12:02:24.000000,diro1612@hotmail.com,+541136983855,CABA,Formulario Web
454,Gabriela,Belisario,No contesta,asignaciones,2025-11-10 12:31:46.000000,egtorres28@gmail.com,+541133659599,CABA,Formulario Web
459,Débora,Giorgi,No contesta,asignaciones,2025-12-15 16:49:46.000000,deboragiorgi94@gmail.com,+543446362628,CABA,Formulario Web
460,sharon,welsk,No contesta,asignaciones,2025-11-18 12:22:22.000000,sharon_welsk@hotmail.com,+541161616158,San Isidro,Formulario Web
468,carlos daniel,godoy,No contesta,asignaciones,2025-12-17 12:12:29.000000,ambardaniel2@gmail.com,+541126067494,Avellaneda,Formulario Web
478,Carolina,Vega,No contesta,asignaciones,2025-11-28 10:47:01.000000,caarolinaavegaa@gmail.com,+541128743460,Almirante Brown,Formulario Web
484,Gisla,Musto,No contesta,asignaciones,2025-11-18 12:22:36.000000,giselam1@live.com.ar,+541140423930,Quilmes,Formulario Web
494,Anabella,Pino,No contesta,asignaciones,2026-02-27 11:07:56.000000,anabellapino04@gmail.com,+541151058726,San Miguel,Formulario Web
511,Johanna,Duarte,No contesta,asignaciones,2025-11-28 14:56:58.000000,lulyindia26@gmail.com,+541167293269,Quilmes,Formulario Web
513,Dafne,Moran,No contesta,asignaciones,2025-11-10 12:32:54.000000,daniydafi@hotmail.com,+541140581369,Avellaneda,Formulario Web
514,Manuel,Bidolegui,No contesta,asignaciones,2025-11-26 14:42:54.000000,mbidolegui@gmail.com,+541125086944,CABA,Formulario Web
515,Delfina,Casale,No contesta,asignaciones,2025-11-28 16:32:44.000000,casaledelf@gmail.com,+541131883362,CABA,Formulario Web
522,Abril,Graff,No contesta,asignaciones,2025-11-28 14:57:09.000000,abrilgraff190402@gmail.com,+541139519005,Merlo,Formulario Web
525,Walter Daniel,Nievas,No contesta,asignaciones,2026-01-27 14:48:08.000000,pindypoy18@gmail.com,+543804303029,José C. Paz,Formulario Web
526,Walter Daniel,Nievas,No contesta,asignaciones,2025-11-28 16:34:40.000000,pindypoy18@gmail.com,+543804303029,José C. Paz,Formulario Web
534,Hugo,Bustos,No contesta,asignaciones,2025-11-28 15:15:09.000000,bustosalbertohugo@gmail.com,+543813963764,San Miguel,Formulario Web
537,Analía,Rojas,No contesta,asignaciones,2025-11-10 12:34:28.000000,rojasanaliadolores@gmail.com,+543756564591,San Fernando,Formulario Web
538,José Luis,Rosales,No contesta,asignaciones,2025-11-12 15:45:23.000000,jlr25490781@gmail.com,+543584397088,Malvinas Argentinas,Formulario Web
539,Horacio andres,Urtubia,No contesta,asignaciones,2025-11-14 16:02:21.000000,horaciourtubiau@gmail.com,+542634871634,Campana,Formulario Web
549,Sabrina,Fodero,No contesta,asignaciones,2025-11-10 12:50:50.000000,sabriifodero90@gmail.com,+541122343566,CABA,Formulario Web
552,Claudia Noemí,Acuña,No contesta,asignaciones,2025-11-14 16:02:44.000000,vivaclaudia108@gmail.com,+543854539385,San Isidro,Formulario Web
560,Agustina Pilar,Ibarra Arque,No contesta,asignaciones,2025-11-28 15:06:13.000000,ibarraarque@gmail.com,+543794240316,San Miguel,Formulario Web
562,Daniel,Carvalho de Castr,No contesta,asignaciones,2025-11-10 15:54:39.000000,dcastro1798@gmail.com,+541123925522,CABA,Formulario Web
564,Florencia,Salarrayan,No contesta,asignaciones,2025-11-28 10:48:41.000000,florenciasalarrayan@gmail.com,+541169718165,San Isidro,Formulario Web
565,ROBERTO,A CONTRERAS,No contesta,asignaciones,2025-11-14 16:02:53.000000,rc4659325@gmail.com,+543804155645,San Nicolás,Formulario Web
566,Tiago Isaac Gabriel,Cuadri,No contesta,asignaciones,2026-03-10 16:31:42.000000,tiagocuadri2@gmail.com,+543884102198,Tigre,Formulario Web
575,Braian,López,No contesta,asignaciones,2025-11-11 14:52:13.000000,braian45lopez@gmail.com,+543834048177,Florencio Varela,Formulario Web
578,Macarena,Cardozo,No contesta,asignaciones,2025-11-12 16:31:37.000000,makicardozo4217@gmail.com,+541126909193,Almirante Brown,Formulario Web
579,Agustina,Yedro,No contesta,asignaciones,2025-11-14 16:03:31.000000,tinayedro@gmail.com,+541122347226,Almirante Brown,Formulario Web
585,Alejandra,Pringles,No contesta,asignaciones,2026-01-26 14:46:25.000000,alejandrapringles@hotmail.com,+541132786553,Vicente López,Formulario Web
587,Abril,Lavaggi,No contesta,asignaciones,2025-11-25 09:56:33.000000,abrulavaggi13@gmail.com,+541170898532,Lomas de Zamora,Formulario Web
590,Micaela,Aylen Martinez,No contesta,asignaciones,2026-09-16 15:59:04.000000,micaelamartinez2302@gmail.com,+541133739241,La Matanza,Formulario Web
592,Tamara,Maidana,No contesta,asignaciones,2025-12-30 17:31:55.000000,loreleymae35@gmail.com,+541167841815,Almirante Brown,Formulario Web
595,Julieta,Espinosa Paz,No contesta,asignaciones,2025-11-10 12:49:25.000000,matichapur3@gmail.com,+541132361098,San Isidro,Formulario Web
597,Juan ramón,Flores,No contesta,asignaciones,2026-01-27 14:48:28.000000,juanramonflores142@gmail.com,+543794159768,CABA,Formulario Web
598,Lourdes,Rodríguez,No contesta,asignaciones,2025-11-14 16:04:02.000000,lourdesrodriguez12com@gmail.com,+541122956883,Tres de Febrero,Formulario Web
599,Pablo,Weinzettel,No contesta,asignaciones,2026-03-10 16:32:10.000000,pabloweinzettel09@gmail.com,+541123698990,Tres de Febrero,Formulario Web
606,Alan,Sanchez,No contesta,asignaciones,2025-11-17 17:18:58.000000,sanchezalan02320@gmail.com,+541125994414,CABA,Formulario Web
612,Marcelo Fabian,Albornoz,No contesta,asignaciones,2025-11-28 15:06:48.000000,marcelodte01@gmail.com,+543434681785,General Rodríguez,Formulario Web
613,Jose ramiro,Jimenez,No contesta,asignaciones,2025-11-21 14:41:11.000000,laurajuarez3240@gmail.com,+543873231768,CABA,Formulario Web
618,SOLEDAD,MARIN,No contesta,asignaciones,2025-11-14 16:04:09.000000,soledadmarin101@gmail.com,+543412111485,CABA,Formulario Web
624,Lorena Gabriela Sofía,Cruz,No contesta,asignaciones,2025-11-11 10:21:29.000000,lorenasofiacruz33@gmail.com,+541131887506,San Martín,Formulario Web
625,Katia,Rosenbaum,No contesta,asignaciones,2025-12-17 12:14:37.000000,katiarosenbaum@gmail.com,+541154858992,CABA,Formulario Web
626,Carina paola,Sosa,No contesta,asignaciones,2025-11-17 17:18:56.000000,carinasosa1977@gmail.com,+541154606412,Almirante Brown,Formulario Web
634,Martina magali,Rodriguez,No contesta,asignaciones,2025-11-28 15:08:00.000000,martinarodriguezconte@gmail.com,+541150381835,Tres de Febrero,Formulario Web
636,Sebastian,Funes,No contesta,asignaciones,2025-11-10 14:16:06.000000,funessebastian211@gmail.com,+543564222708,Escobar,Formulario Web
637,daiana,de dio,No contesta,asignaciones,2026-03-05 10:12:54.000000,daianadedio@gmail.com,+541122391240,CABA,Formulario Web
650,Ayelen,Lagos,No contesta,asignaciones,2026-03-02 16:45:40.000000,ayelenlagosl672@gmail.com,+542645737145,Avellaneda,Formulario Web
651,María,Díaz,No contesta,asignaciones,2025-11-25 09:57:11.000000,mariamaylendiaz153@gmail.com,+541150994993,CABA,Formulario Web
658,Angie,Portillo,No contesta,asignaciones,2025-11-28 15:08:10.000000,antesa0412@gmail.com,+541123925124,CABA,Formulario Web
659,Almudena,Pedró,No contesta,asignaciones,2025-11-11 15:00:13.000000,almudenapedro15@gmail.com,+541158500716,CABA,Formulario Web
679,ABIGAIL,HE,No contesta,asignaciones,2025-12-02 15:09:18.000000,heabigail8888@gmail.com,+541138692087,CABA,Formulario Web
682,Andrea sandra,Rodriguez,No contesta,asignaciones,2026-07-20 13:23:17.000000,felipeandyalma@gmail.com,+5491131665256,Quilmes,Formulario Web
683,Marcos,Moyano,No contesta,asignaciones,2025-11-10 10:53:17.000000,jonathan14sdt@gmail.com,+542694103270,Malvinas Argentinas,Formulario Web
695,Lucas Daniel,Ruiz,No contesta,asignaciones,2025-11-25 09:58:05.000000,betianaszk@gmail.com,+541134197734,Esteban Echeverría,Formulario Web
696,Ricardo,Alvarado,No contesta,asignaciones,2026-02-20 13:55:30.000000,alann2777@gmail.com,+541173684087,CABA,Formulario Web
704,Tamara,Carboni,No contesta,asignaciones,2025-11-28 15:08:29.000000,tamaracarboni@gmail.com,+541130156361,Tres de Febrero,Formulario Web
707,Iris romina,Rosales,No contesta,asignaciones,2025-11-28 12:53:27.000000,irisrominarosales@gmail.com,+543813355962,San Miguel,Formulario Web
714,Jimena,Acin,No contesta,asignaciones,2025-11-28 15:08:44.000000,jimenaacin@hotmail.com.ar,+541133104944,Tres de Febrero,Formulario Web
716,Mateo,Valle,No contesta,asignaciones,2026-08-05 11:55:47.000000,niicolevalle2005@gmail.com,+541136591545,San Isidro,Formulario Web
717,Marlon,Rojas,No contesta,asignaciones,2025-11-21 16:05:15.000000,montecristo525@gmail.com,+541170657435,CABA,Formulario Web
722,Rocio Anahi,Moreno,No contesta,asignaciones,2025-11-21 16:11:53.000000,rocioomoreeno2802@gmail.com,+541152208861,Merlo,Formulario Web
724,Diego,Poblete,No contesta,asignaciones,2025-11-21 16:18:10.000000,diegopoblete1982@yahoo.com,+541167056908,Morón,Formulario Web
725,luis,herrera,No contesta,asignaciones,2025-11-21 16:20:18.000000,luishdw@gmail.com,+541134729662,General San Martín,Formulario Web
727,Evelin soledad,Gómez,No contesta,asignaciones,2025-11-12 13:08:30.000000,eg3823256@gmail.com,+543624075018,Tigre,Formulario Web
728,Micaela,Ayelen Guerrero,No contesta,asignaciones,2025-12-01 12:49:01.000000,micaelaguerrero1109@gmail.com,+541122501244,Pilar,Formulario Web
730,Noah simon,Lopez,No contesta,asignaciones,2025-12-01 12:21:50.000000,gautoceleste2@icloud.com,+541128458464,Quilmes,Formulario Web
731,Valentina,Chavez Pavon,No contesta,asignaciones,2025-12-01 12:22:37.000000,valentinachavezpavon@gmail.com,+541121860698,San Miguel,Formulario Web
734,Luis raul,Rivarola,No contesta,asignaciones,2025-12-01 12:25:31.000000,luisrivarola66@hotmail.com,+541160074960,Escobar,Formulario Web
741,Erica,Otero,No contesta,asignaciones,2025-11-28 15:15:34.000000,valen_fri@hotmail.com,+541167153590,Avellaneda,Formulario Web
757,Sonia Laura,Tibaldi,No contesta,asignaciones,2025-11-28 15:08:48.000000,casiasonia11@hotmail.com,+541156328749,CABA,Formulario Web
761,Julio César,Miño,No contesta,asignaciones,2025-11-10 17:17:55.000000,juliocesarmino4@gmail.com,+543433023474,CABA,Formulario Web
770,Ana Luz María,Cansino,No contesta,asignaciones,2025-11-12 15:36:10.000000,cansinoluzmaria609@gmail.com,+543875530419,San Martín,Formulario Web
773,Isis Heliana Jakely,Nuñez,No contesta,asignaciones,2025-11-28 14:49:57.000000,isisheliana@gmail.com,+541126935386,La Matanza,Formulario Web
780,Aixa,Franco,No contesta,asignaciones,2025-11-28 15:15:42.000000,aixagfranco@gmail.com,+541130956030,CABA,Formulario Web
781,Federico,Luison,No contesta,asignaciones,2025-11-11 15:02:30.000000,andisu2000@gmail.com,+541163681498,CABA,Formulario Web
783,Agostina,Bresiani,No contesta,asignaciones,2025-11-12 15:34:12.000000,bresianiagostina@gmail.com,+541161919011,Lanús,Formulario Web
784,Carla,Maroa,No contesta,asignaciones,2025-11-11 15:28:11.000000,carlamaroa87@icloud.com,+541122369560,CABA,Formulario Web
793,Patricio Raúl Ismael,Balviadares,No contesta,asignaciones,2025-12-01 12:33:42.000000,patricio30balvidares@gmail.com,+542323344060,Luján,Formulario Web
794,Laura,Katz,No contesta,asignaciones,2025-11-14 10:49:04.000000,pianokatz@gmail.com,+541164978818,CABA,Formulario Web
795,Sergio,Vazquez,No contesta,asignaciones,2025-12-17 14:24:55.000000,vazquez18sergio@gmail.com,+543704813095,San Miguel,Formulario Web
804,Jazmin,Aurelio,No contesta,asignaciones,2025-11-28 15:15:45.000000,jazminbringas32@gmail.com,+541124632711,CABA,Formulario Web
805,Maria,Baratau,No contesta,asignaciones,2026-04-06 11:04:34.000000,mabibarataucassis@gmail.com,+541166381348,C.A.B.A,Formulario Web
806,lola,viñas,No contesta,asignaciones,2025-11-11 10:42:43.000000,vinaslola1@gmail.com,+542317559079,CABA,Formulario Web
818,Melani aylen,Leiva,No contesta,asignaciones,2026-01-30 17:00:29.000000,aylenleiiva01@gmail.com,+541159148863,La Matanza,Formulario Web
819,Pablo,Riverso,No contesta,asignaciones,2025-12-30 10:39:20.000000,pablo_riverso@yahoo.com.ar,+541126257445,CABA,Formulario Web
827,Yamila,Turbay García,No contesta,asignaciones,2025-11-28 12:51:57.000000,yamilaturbaygarcia@gmail.com,+541131928410,CABA,Formulario Web
829,Elizabeth Anahi,Guilmen,No contesta,asignaciones,2025-11-28 15:15:48.000000,elizabethguilmen@hotmail.com.ar,+541124514912,Morón,Formulario Web
830,Marcelo,Escudero,No contesta,asignaciones,2025-11-11 15:03:09.000000,xmarce_99@outlook.com,+5491165151154,CABA,Formulario Web
831,Noemí Gladis,Velasco,No contesta,asignaciones,2025-11-11 10:39:38.000000,noemimaxima@gmail.com,+541127453436,Tres de Febrero,Formulario Web
833,celeste marlene,silva ríos,No contesta,asignaciones,2025-11-12 11:20:02.000000,celesssilva@gmail.com,+541123241691,CABA,Formulario Web
835,Lourdes,Ponce,No contesta,asignaciones,2026-02-11 16:42:29.000000,londresponce12@gmail.com,+543812414368,San Miguel,Formulario Web
837,Barbara,Romero,No contesta,asignaciones,2026-02-19 10:31:00.000000,barbiromero24@gmail.com,+542617077984,Necochea,Formulario Web
842,Iván Hernán,Vuerva,No contesta,asignaciones,2025-12-01 12:35:59.000000,ivanhernanvuerva@gmail.com,+543472430343,CABA,Formulario Web
845,Ramón Gabino,Delgau,No contesta,asignaciones,2025-11-28 14:50:09.000000,ramongabinodelgau99@gmail.com,+543437430946,General Rodríguez,Formulario Web
856,Valentin,Urquia,No contesta,asignaciones,2025-11-14 11:23:46.000000,valenurquia32@gmail.com,+541128697399,CABA,Formulario Web
860,Mitchell Efrain,Rey Granados,No contesta,asignaciones,2025-11-26 15:39:34.000000,mitchellereyg@gmail.com,+542994103307,San Fernando,Formulario Web
862,Florencia tapia,Tapia,No contesta,asignaciones,2026-02-12 11:18:45.000000,miriametorrestapia@gmail.com,+541165859822,Pilar,Formulario Web
868,Valentina,Cirelli,No contesta,asignaciones,2025-11-11 10:54:50.000000,valentina2001cirelli@gmail.com,+541144059825,CABA,Formulario Web
869,Oriana,Diaz,No contesta,asignaciones,2025-11-13 10:58:27.000000,orianadiaz213@gmail.com,+541126504212,La Matanza,Formulario Web
871,Alejandra,Galván,No contesta,asignaciones,2025-12-01 12:38:01.000000,alejandrasahorigm@gmail.com,+541133122580,CABA,Formulario Web
882,Lourdes,Trompiz,No contesta,asignaciones,2026-02-20 13:55:48.000000,lourdestrompiz@gmail.com,+541133473620,CABA,Formulario Web
883,feneanda,Denti,No contesta,asignaciones,2026-02-09 14:19:28.000000,dentifer42@gmail.com,+541135651012,CABA,Formulario Web
894,Judith,Burschtein,No contesta,asignaciones,2026-02-27 11:08:13.000000,judithburschtein@hotmail.com,+541150131237,CABA,Formulario Web
907,miriam,CORREA,No contesta,asignaciones,2026-02-03 10:41:31.000000,dramiriamcorrea@gmail.com,+541133640958,CABA,Formulario Web
908,gladys,miranda,No contesta,asignaciones,2025-12-17 14:28:03.000000,gladysmiranda791@gmail.com,+541135758763,Almirante Brown,Formulario Web
909,Anabel,Altamirano,No contesta,asignaciones,2025-11-28 15:20:00.000000,bel221995@gmail.com,+541134213468,La Matanza,Formulario Web
912,Karina,Gómez,No contesta,asignaciones,2025-12-01 12:39:24.000000,karnoegomez@gmail.com,+541134814065,Berazategui,Formulario Web
915,Gisela,POLO,No contesta,asignaciones,2025-12-30 10:39:36.000000,gisepolo2025@gmail.com,+541157189047,José C. Paz,Formulario Web
929,Leonardo,Rios,No contesta,asignaciones,2026-02-09 14:20:34.000000,leoyel19ylove@gmail.com,+541153175909,Esteban Echeverría,Formulario Web
942,lourdes,rocha,No contesta,asignaciones,2026-01-08 16:20:15.000000,lourdes141099@gmail.com,+541136684775,CABA,Formulario Web
954,Martina,Carrizo,No contesta,asignaciones,2025-11-28 15:20:15.000000,martinacarrizo@icloud.com,+541173691576,CABA,Formulario Web
957,Antonella,Dos santos,No contesta,asignaciones,2026-01-08 16:27:54.000000,antodossanto9@gmail.com,+543757584709,Almirante Brown,Formulario Web
973,leonel,lifschitz,No contesta,asignaciones,2026-03-05 10:12:58.000000,leolif@live.com,+541130613800,CABA,Formulario Web
985,Romina Solange,Alvarez,No contesta,asignaciones,2026-01-08 16:29:35.000000,alvarezrominasolange@yahoo.com.ar,+541132929524,La Matanza,Formulario Web
1005,valeria,carrozzieri,No contesta,asignaciones,2025-11-28 15:20:12.000000,valeriaaredes32@gmail.com,+541158207221,Lomas de Zamora,Formulario Web
1006,Marcela,Conrroza,No contesta,asignaciones,2025-12-09 12:19:32.000000,marce_conrroza@hotmail.com,+541171574211,San Martín,Formulario Web
1009,Valeria,Comper,No contesta,asignaciones,2025-11-28 14:54:17.000000,nicolasjoaquin@hotmail.com.ar,+541151474094,Almirante Brown,Formulario Web
1022,Nicolas Bernard,Elia,No contesta,asignaciones,2025-11-12 13:04:22.000000,nicolaselia289@gmail.com,+541151768746,Tres de Febrero,Formulario Web
1031,Maria Cecilia,Cruz Cercas,No contesta,asignaciones,2025-11-14 10:48:09.000000,ceci-92@hotmail.com,+541162756226,Avellaneda,Formulario Web
1032,Alejandra,Villamor,No contesta,asignaciones,2025-11-12 10:59:12.000000,mariaavillamor@hotmail.com,+541165929393,CABA,Formulario Web
1036,Braian,Aranda,No contesta,asignaciones,2026-01-09 15:23:14.000000,javierbraianaranda@gmail.com,+542804605950,Almirante Brown,Formulario Web
1038,Gonzalo Daniel,Benítez Guzman,No contesta,asignaciones,2026-02-27 11:08:09.000000,gonzastyles304@gmail.com,+541134489576,La Matanza,Formulario Web
1049,Egor,Prokofev,No contesta,asignaciones,2026-01-08 16:37:18.000000,egorprokofev2121@gmail.com,+541158749198,CABA,Formulario Web
1054,Genesis,Arteaga,No contesta,asignaciones,2025-11-28 15:20:08.000000,arianagemmy@gmail.com,+541144131230,CABA,Formulario Web
1060,carlos,villanueva,No contesta,asignaciones,2025-11-21 14:21:47.000000,barbaragvillanueva@gmail.com,+541134035301,Lanús,Formulario Web
1063,David mariano,Cano,No contesta,asignaciones,2026-03-06 12:30:09.000000,canodavidmariano86@gmail.com,+541161753297,Florencio Varela,Formulario Web
1075,Sebastian,Zalazar,No contesta,asignaciones,2025-11-28 14:55:57.000000,sebinoah39@gmail.com,+541126719236,Ezeiza,Formulario Web
1085,Ana,Delgado,No contesta,asignaciones,2026-01-23 17:14:05.000000,anithadelgado2811@gmail.com,+543711415140,General San Martín,Formulario Web
1090,Laura,Galarza,No contesta,asignaciones,2026-05-28 14:53:34.000000,lauradaianagalarza@gmail.com,+541166210352,La Matanza,Formulario Web
1095,Axel,Aranzamendi,No contesta,asignaciones,2025-12-01 17:52:44.000000,axelaranzamendimbc@gmail.com,+541141722018,CABA,Formulario Web
1100,Ludmila,Guzman,No contesta,asignaciones,2025-11-14 17:13:39.000000,ludmila-guzman@outlook.es,+541160221494,La Matanza,Formulario Web
1102,Reyes Victorio,Campos,No contesta,asignaciones,2025-11-13 16:08:40.000000,reyescampos73@gmail.com,+541138535486,Esteban Echeverría,Formulario Web
1103,Lorena,Español,No contesta,asignaciones,2025-11-13 11:05:32.000000,lespanol@outlook.com,+541161457172,CABA,Formulario Web
1106,Ariana,Menendez,No contesta,asignaciones,2026-01-23 17:14:07.000000,arimenendezx@gmail.com,+541122458832,CABA,Formulario Web
1115,Noelia,Barrientos,No contesta,asignaciones,2025-11-13 13:32:23.000000,ayebarrientos44@gmail.com,+541150208623,Esteban Echeverría,Formulario Web
1123,Samuel,Guevara,No contesta,asignaciones,2026-01-23 17:14:17.000000,samueljg26@gmail.com,+541141433110,Lomas de Zamora,Formulario Web
1124,Maria Rita,Rios,No contesta,asignaciones,2026-02-19 10:31:29.000000,mrita_2008@hotmail.com,+541168712247,C.A.B.A,Formulario Web
1126,Camila Ailen,Roberto,No contesta,asignaciones,2025-11-28 14:54:04.000000,robertocamilaailen2022@gmail.com,+541123934801,Malvinas Argentinas,Formulario Web
1138,Marian,Inciarte,No contesta,asignaciones,2025-11-28 12:53:29.000000,marianpaolainciarte2611@gmail.com,+542236961793,C.A.B.A,Formulario Web
1146,Diego Leonardo,Bustos,No contesta,asignaciones,2025-11-28 15:20:34.000000,matiaschichilo567@gmail.com,+543518658213,Pilar,Formulario Web
1147,Julia Veronica,Yohuston,No contesta,asignaciones,2026-02-23 09:48:45.000000,yohustonjulia@gmail.com,+542243415347,Otra,Formulario Web
1148,Gisela Ivana campos,Campos,No contesta,asignaciones,2026-06-19 15:10:17.000000,camposgisella371@gmail.com,+541125366711,La Matanza,Formulario Web
1152,Ariel David,Gonzalez,No contesta,asignaciones,2025-11-14 15:19:23.000000,ariel1991gonzalezz@gmail.com,+541121885866,Moreno,Formulario Web
1158,Andrea,Yoris,No contesta,asignaciones,2025-11-17 10:26:43.000000,yasandy2017@gmail.com,+542233005516,Otra,Formulario Web
1161,Julio oscar,Sala,No contesta,asignaciones,2026-02-12 12:32:25.000000,yesicaguaragna2@gmail.com,+541162475272,Esteban Echeverría,Formulario Web
1169,Hugo,Ramírez,No contesta,asignaciones,2025-11-17 15:46:49.000000,hogoaramirez@gmail.com,+543757343078,Tigre,Formulario Web
1184,Matias,Avit,No contesta,asignaciones,2026-02-19 10:31:42.000000,avitmatias216@gmail.com,+541126064261,Merlo,Formulario Web
1187,Ulises,Biocca,No contesta,asignaciones,2026-01-08 16:46:52.000000,ubiocca@gmail.com,+541138638236,Lomas de Zamora,Formulario Web
1190,Zara,Cazana,No contesta,asignaciones,2025-11-28 15:20:35.000000,zaracazana1234@gmail.com,+541130142122,Merlo,Formulario Web
1199,Rodrigo,Janul,No contesta,asignaciones,2025-12-30 17:06:43.000000,rodrigocesarjanul@gmail.com,+541134587777,Lanús,Formulario Web
1200,alejandro,silva,No contesta,asignaciones,2025-11-28 14:54:59.000000,elale9479@gmail.com,+541140934656,Hurlingham,Formulario Web
1215,Agustin,Papanfur,No contesta,asignaciones,2026-01-16 17:38:39.000000,pampaleza@gmail.com,+542241555342,Otra,Formulario Web
1220,Marcelino,Calderón Chuquimia,No contesta,asignaciones,2026-02-23 15:44:58.000000,marcelino23calderon@gmail.com,+5491130008122,C.A.B.A,Formulario Web
1222,Celeste,Carmona,No contesta,asignaciones,2025-11-28 12:54:15.000000,celestecarmona79@gmail.com,+541122377053,Merlo,Formulario Web
1225,Daniel hector,Veloz,No contesta,asignaciones,2025-11-17 14:15:11.000000,danielveloz380@gmail.com,+541166390785,Berazategui,Formulario Web
1227,María Belén,Palma,No contesta,asignaciones,2025-11-18 13:33:44.000000,mariabelenpalma63@gmail.com,+543875407210,Avellaneda,Formulario Web
1236,Sergio Alberto,Pucheta,No contesta,asignaciones,2025-11-28 15:20:37.000000,puchetas056@gmail.com,+541162769925,Pilar,Formulario Web
1242,Celina,Gonzalez,No contesta,asignaciones,2025-11-17 15:28:48.000000,celinagonzales93@gmail.con,+543755564864,Otra,Formulario Web
1244,Juan,Gutierrez,No contesta,asignaciones,2026-03-05 10:13:23.000000,juangutial@gmail.com,+541162175088,Pilar,Formulario Web
1247,Santino,Sosa,No contesta,asignaciones,2026-08-21 10:25:06.000000,sosajuanchi24@gmail.com,+541172475673,Quilmes,Formulario Web
1248,Cristian,Nuñez,No contesta,asignaciones,2025-11-17 11:01:14.000000,cristianjaviern42@gmail.com,+5493755823400,Otra,Formulario Web
1252,Ana,Soto,No contesta,asignaciones,2025-11-28 12:54:38.000000,anittsoto@hotmail.com,+541150417000,C.A.B.A,Formulario Web
1256,María Juliana,Ayvazian,No contesta,asignaciones,2026-03-06 12:17:28.000000,ayvazianjuliana@gmail.com,+541161022526,C.A.B.A,Formulario Web
1267,Facundo,Zorzoli,No contesta,asignaciones,2025-11-28 14:53:24.000000,facundozorzoli@gmail.com,+541130919253,C.A.B.A,Formulario Web
1277,Walter hugo,Hernandez,No contesta,asignaciones,2025-11-28 12:55:09.000000,walterhugohernandez@gmail.com,+541124498158,La Matanza,Formulario Web
1279,Leonel,Nobile,No contesta,asignaciones,2025-11-28 15:20:43.000000,facunobile@hotmail.com.ar,+543482376102,Zárate,Formulario Web
1280,Gabriela,García,No contesta,asignaciones,2026-01-16 17:44:45.000000,gabriela93jaja@gmail.com,+541134152393,C.A.B.A,Formulario Web
1285,Oscar,Grandoli,No contesta,asignaciones,2025-11-17 15:49:54.000000,oscargrandoli38@gmail.com,+543489585275,Campana,Formulario Web
1287,Agustín,Busto,No contesta,asignaciones,2026-03-05 10:13:26.000000,bustoagustin741@gmail.com,+543513408935,Otra,Formulario Web
1292,Gonzalo,Calderón,No contesta,asignaciones,2026-02-19 10:32:19.000000,calderongonzalo697@gmail.com,+542622463861,Malvinas Argentinas,Formulario Web
1293,Agustín,Guiñazu,No contesta,asignaciones,2026-01-23 13:22:26.000000,agustinguinazu710@gmail.com,+543584844069,Otra,Formulario Web
1294,Lucas,Chave,No contesta,asignaciones,2026-04-01 14:46:06.000000,chavelucas09@gmail.com,+542995813458,Moreno,Formulario Web
1295,Leandro,Mieres,No contesta,asignaciones,2025-11-28 14:53:19.000000,iimieres40@gmail.com,+541138925099,Malvinas Argentinas,Formulario Web
1304,Carlos Daniel,Gonzalez,No contesta,asignaciones,2026-01-23 13:27:39.000000,gonzalezcarlosdaniel660@gmail.com,+541126450332,Esteban Echeverría,Formulario Web
1305,Mariana,Tolosa,No contesta,asignaciones,2025-11-28 12:55:28.000000,marianatolosa73@gmail.com,+541162723535,Merlo,Formulario Web
1325,Agustina,Ortigoza,No contesta,asignaciones,2025-11-28 15:20:46.000000,ortigozaagus@gmail.com,+541121629689,C.A.B.A,Formulario Web
1332,Laura,Gorosito,No contesta,asignaciones,2026-01-23 13:33:18.000000,lauragorosito@gmail.com,+541144714314,C.A.B.A,Formulario Web
1337,VANESA YAEL,ROMERO,No contesta,asignaciones,2026-03-06 12:29:28.000000,vane_vyr16@hotmail.com,+541138538348,Pilar,Formulario Web
1338,Mirta,Gómez,No contesta,asignaciones,2025-11-17 17:43:52.000000,gomezmirt297@gmail.com,+541133900277,La Matanza,Formulario Web
1343,Barbara roxana,Rios,No contesta,asignaciones,2026-01-23 13:34:35.000000,barbararios370@gmail.com,+541151607529,C.A.B.A,Formulario Web
1352,Sandra,Mannarino,No contesta,asignaciones,2026-02-12 14:02:25.000000,sandramannarino@hotmail.com,+541158482193,Lomas de Zamora,Formulario Web
1358,deolinda,aguirre,No contesta,asignaciones,2026-02-12 12:40:10.000000,mauraguirre448@gmail.com,+541154946138,Berazategui,Formulario Web
1365,Julieta,Sara arce,No contesta,asignaciones,2026-01-09 15:41:42.000000,julietasaraarce@gmail.com,+5490035112748,C.A.B.A,Formulario Web
1366,Cristian,Flores,No contesta,asignaciones,2025-11-28 14:57:58.000000,cristianluly318@gmail.com,+543705008696,Otra,Formulario Web
1367,Jorge Daniel,Rodríguez,No contesta,asignaciones,2025-11-28 15:20:49.000000,jorgedanielr077@gmail.com,+543875721532,C.A.B.A,Formulario Web
1369,Angeles,Cinelli,No contesta,asignaciones,2026-01-23 13:37:11.000000,angelecinelli@gmail.com,+541166923410,Gral. San Martín,Formulario Web
1373,Javier,Debliger,No contesta,asignaciones,2025-11-17 15:15:57.000000,javierdebliger4@gmail.com,+542494010732,Otra,Formulario Web
1379,Eduardo Franklin,Huamani Gerónimo,No contesta,asignaciones,2025-11-17 17:16:54.000000,eduardohuamani1921@gmail.com,+541144467512,Lanús,Formulario Web
1381,Juan Ignacio,Carballo Sepe,No contesta,asignaciones,2026-01-23 13:38:18.000000,carballosepejuan@gmail.com,+541124769976,Lomas de Zamora,Formulario Web
1383,Romina,Eiriz,No contesta,asignaciones,2026-02-19 10:32:46.000000,roflei@hotmail.com,+541167686467,Gral. San Martín,Formulario Web
1385,Gisela,Echeverria,No contesta,asignaciones,2026-03-05 10:13:34.000000,giselaecheverria78@gmail.com,+542323271276,Otra,Formulario Web
1397,Maria Noel,Ceballos,No contesta,asignaciones,2025-11-28 14:58:03.000000,n.24.yo@live.com.ar,+541135793026,C.A.B.A,Formulario Web
1398,Verónica mariana,Cuevas,No contesta,asignaciones,2025-11-26 15:32:07.000000,cuevasveronica883@gmail.com,+543777889135,Otra,Formulario Web
1406,Daniel fabian,Velazquez,No contesta,asignaciones,2025-11-28 14:52:54.000000,danvel594@gmail.com,+543704806281,San Isidro,Formulario Web
1413,Viviana,Gómez,No contesta,asignaciones,2025-11-28 15:20:55.000000,licvivianagomez@gmail.com,+541151979504,C.A.B.A,Formulario Web
1419,Loana,Basualdo,No contesta,asignaciones,2025-11-20 11:25:39.000000,loa_niki@hotmail.com,+541121563044,Lomas de Zamora,Formulario Web
1424,Lucia Belen,Leguizamon,No contesta,asignaciones,2025-12-30 17:06:47.000000,lucialeguizamon00@gmail.com,+541123885832,Berazategui,Formulario Web
1426,Carla Belén,Servadio,No contesta,asignaciones,2025-11-18 10:41:56.000000,carlabelenservadio@gmail.com,+541166529874,C.A.B.A,Formulario Web
1427,Jose omar,Resoalbe,No contesta,asignaciones,2026-02-19 10:32:58.000000,omarresoalbe@hotmail.com,+541168642275,Ezeiza,Formulario Web
1444,Gustavo,Carballeda,No contesta,asignaciones,2025-11-26 15:32:02.000000,gacuda@gmail.com,+541154774758,C.A.B.A,Formulario Web
1445,Nicolas,Soria,No contesta,asignaciones,2025-12-09 12:35:42.000000,sorianicolas2001@gmail.com,+541135890996,Otra,Formulario Web
1447,Silvina Julia,Parodi Buxera,No contesta,asignaciones,2025-11-28 12:56:41.000000,silvinajparodi@gmail.com,+541167606992,San Isidro,Formulario Web
1451,Andrea,Blanco,No contesta,asignaciones,2026-01-23 13:45:31.000000,andrea77blanco@gmail.com,+541161754807,Morón,Formulario Web
1453,Alejo,Demaria,No contesta,asignaciones,2026-02-19 10:33:23.000000,alejodemaria@gmail.com,+541133808967,Gral. San Martín,Formulario Web
1455,Ines,Garcia,No contesta,asignaciones,2025-11-28 14:58:07.000000,inegarcia123@hotmail.com,+543382680631,C.A.B.A,Formulario Web
1461,Enzo,Alvarez,No contesta,asignaciones,2025-11-28 15:21:03.000000,alvarezenzo3344@gmail.com,+541124841782,C.A.B.A,Formulario Web
1464,Carolina,Rodríguez,No contesta,asignaciones,2026-01-23 13:48:17.000000,caarolinasr@gmail.com,+541155832102,C.A.B.A,Formulario Web
1467,Claudio Martin,Guasch,No contesta,asignaciones,2025-11-21 11:42:19.000000,vazquezzmauricioguillermo@gmail.com,+542995335892,Berazategui,Formulario Web
1479,Gustavo Ruben,Yebara,No contesta,asignaciones,2025-11-28 14:52:46.000000,gustavorunbenyebara@hotmail.com,+543883119153,Tigre,Formulario Web
1483,Gloria,Caucota,No contesta,asignaciones,2025-11-28 14:58:09.000000,dmdam2025@gmail.com,+541134308906,Tres de Febrero,Formulario Web
1486,Ariadna,Carrizo,No contesta,asignaciones,2025-12-09 12:36:21.000000,ari.carrizo@hotmail.com,+541128062069,Morón,Formulario Web
1497,Guido,Gonzalez,No contesta,asignaciones,2026-02-12 16:57:36.000000,guiido764@gmail.com,+541131046118,C.A.B.A,Formulario Web
1501,Ignacio,Cialzeta,No contesta,asignaciones,2025-11-28 12:57:18.000000,ignaciocialzeta@hotmail.com,+541136912654,Tres de Febrero,Formulario Web
1503,Thiago,Chilperico,No contesta,asignaciones,2025-11-28 15:21:04.000000,thiagochilperico014@gmail.com,+541156640620,Lanús,Formulario Web
1512,Brisa,Pajor,No contesta,asignaciones,2025-11-19 10:34:26.000000,pajorbrisaayelen@gmail.com,+541167022527,Avellaneda,Formulario Web
1514,Bri,Ag,No contesta,asignaciones,2026-02-12 12:43:38.000000,aguirre.shirly@hotmail.com,+541134106202,La Matanza,Formulario Web
1520,Magali ailen,Mansilla,No contesta,asignaciones,2025-11-19 10:40:34.000000,mansillamagaliailen@gmail.com,+541128977806,Quilmes,Formulario Web
1522,Eliana,Vidal,No contesta,asignaciones,2026-02-18 10:27:15.000000,elianavidal88@gmail.com,+541132893978,Avellaneda,Formulario Web
1532,Sebastian,Davico,No contesta,asignaciones,2026-08-21 10:25:18.000000,sebadavico21@gmail.com,+543436619395,San Isidro,Formulario Web
1550,Carolina,Bellotti,No contesta,asignaciones,2025-11-19 12:17:39.000000,carolinaaymara@gmail.com,+541164323343,Ituzaingó,Formulario Web
1556,Hector alcides,Lopez,No contesta,asignaciones,2025-11-19 16:37:40.000000,hectoralcideslopes38@gmail.com,+543718563357,Gral. San Martín,Formulario Web
1557,Malena,Soria,No contesta,asignaciones,2026-02-19 10:33:41.000000,smalena592@gmail.com,+541132817648,Almirante Brown,Formulario Web
1562,Leonardo Marcelo,Netto,No contesta,asignaciones,2025-11-19 14:12:09.000000,nettomarcelo209@gmail.com,+541127953123,Morón,Formulario Web
1563,Enzo,Palacios,No contesta,asignaciones,2025-11-19 15:39:27.000000,palaciosenzo08@gmail.com,+542954815151,Avellaneda,Formulario Web
1591,Camila iara,Giotta,No contesta,asignaciones,2025-11-19 15:08:26.000000,camilagiotta@gmail.com,+542214372678,Otra,Formulario Web
1594,Juana,Bosio Perrupato,No contesta,asignaciones,2026-08-03 14:14:39.000000,juanibosioperru@gmail.com,+541151146643,C.A.B.A,Formulario Web
1600,Ivana,Martinez,No contesta,asignaciones,2026-02-12 12:48:53.000000,martinezivana26@hotmail.com,+541169701623,Tres de Febrero,Formulario Web
1604,GLADYS,CAUSARANO,No contesta,asignaciones,2025-11-27 14:00:45.000000,gladyscausarano@hotmail.com,+541125510668,C.A.B.A,Formulario Web
1607,Antony michel,Papadopoulos,No contesta,asignaciones,2026-03-05 10:13:49.000000,jenniferdimitrievitch@gmail.com,+541167861712,C.A.B.A,Formulario Web
1608,Francisco,León,No contesta,asignaciones,2025-11-25 10:40:05.000000,franleva96@gmail.com,+541173563483,José C. Paz,Formulario Web
1612,Eduardo jose,Pinto,No contesta,asignaciones,2026-03-05 10:13:52.000000,edupinto1975@gmail.com,+541131568248,C.A.B.A,Formulario Web
1617,JOSE,ARCE,No contesta,asignaciones,2025-11-28 14:52:08.000000,arcemfiorella@gmail.com,+5491122659980,C.A.B.A,Formulario Web
1618,Patricio,Cornejo,No contesta,asignaciones,2025-11-21 12:54:34.000000,patriciocornejo@caminodejano.com,+541122563042,C.A.B.A,Formulario Web
1633,Jorge Alberto,Bomberger,No contesta,asignaciones,2025-11-28 15:21:34.000000,jorgebomberger@gmail.com,+543468596964,C.A.B.A,Formulario Web
1634,Pedro,Jara,No contesta,asignaciones,2026-03-09 14:00:06.000000,cinlucineira@gmail.com,+543518670262,Otra,Formulario Web
1636,María soledad,Gonzalez,No contesta,asignaciones,2025-11-28 15:47:26.000000,thommiigonzalez@gmail.com,+541125283484,Campana,Formulario Web
1639,Pabla viviana,Morales,No contesta,asignaciones,2026-02-26 10:23:15.000000,pablamora524@gmail.com,+543821404410,Otra,Formulario Web
1647,Florencia,Jara,No contesta,asignaciones,2026-01-23 13:56:03.000000,emaqtna@hotmail.com,+541162458774,Florencio Varela,Formulario Web
1650,Pablo Nicolas,Martinez,No contesta,asignaciones,2026-02-20 17:00:12.000000,tutiernomosha@gmail.com,+541135908052,La Matanza,Formulario Web
1653,Camila,Larrigaudiere,No contesta,asignaciones,2025-11-25 10:37:55.000000,camilarrigaudiere@gmail.com,+541164711101,C.A.B.A,Formulario Web
1669,Paul,Castillo,No contesta,asignaciones,2025-12-11 11:25:37.000000,paullbraian@gmail.com,+541126762341,Almirante Brown,Formulario Web
1671,Luciana,Garcia,No contesta,asignaciones,2026-05-07 11:50:14.000000,luly_garcia2003@hotmail.com,+541156185258,La Matanza,Formulario Web
1677,Valentina,Juanto,No contesta,asignaciones,2025-11-28 15:21:35.000000,valentinajuanto1@gmail.com,+542235226727,C.A.B.A,Formulario Web
1680,Roxana soledad,Guirin,No contesta,asignaciones,2026-03-05 10:14:10.000000,soleguirin@gmail.com,+5491130230807,Quilmes,Formulario Web
1683,Marta,Patricia,No contesta,asignaciones,2026-01-23 13:56:58.000000,andreastefanutto@hotmail.com,+541134931208,C.A.B.A,Formulario Web
1694,Graciela,Portela,No contesta,asignaciones,2026-01-23 15:55:18.000000,iracundo_7@hotmai.co.com,+543442553038,Otra,Formulario Web
1701,Valentina,Moya,No contesta,asignaciones,2025-11-25 10:38:04.000000,alinapepek45@gmail.com,+541140466819,Quilmes,Formulario Web
1709,Kevin Alexander,Troncoso,No contesta,asignaciones,2026-05-07 11:49:50.000000,kevinamaya1888@gmail.com,+541128603912,Avellaneda,Formulario Web
1713,Camila,Rolon,No contesta,asignaciones,2025-11-28 10:50:08.000000,camilamiaoli@gmail.com,+541154167902,Lomas de Zamora,Formulario Web
1717,PABLO,GIMENEZ,No contesta,asignaciones,2026-03-05 10:14:06.000000,gimenezbritosp@gmail.com,+541138056647,Ezeiza,Formulario Web
1724,Malena,Coronel,No contesta,asignaciones,2025-11-28 12:59:23.000000,malenaagustinacoronel34@gmail.com,+541131324343,Florencio Varela,Formulario Web
1726,Brisa micaela,Peñaloza,No contesta,asignaciones,2025-11-28 15:21:44.000000,brisamicaelapenaloza3@gmail.com,+543863511317,San Miguel,Formulario Web
1730,Nuria,Decima,No contesta,asignaciones,2025-11-28 14:58:39.000000,nuriayazmin72@gmail.com,+541168608946,C.A.B.A,Formulario Web
1731,Erika Noemi,Mansilla,No contesta,asignaciones,2026-02-20 16:23:47.000000,em695359@gmail.com,+543563409909,C.A.B.A,Formulario Web
1732,Jorge eduardo,Zarco bazan,No contesta,asignaciones,2026-01-23 15:58:42.000000,yoryilapd31192@gmail.com,+541125307917,C.A.B.A,Formulario Web
1734,Facundo,Ricci,No contesta,asignaciones,2026-02-19 10:34:17.000000,facundoricci059@gmail.com,+541133250017,La Matanza,Formulario Web
1736,Nicolás Ariel,Gaute,No contesta,asignaciones,2026-01-23 12:47:48.000000,nicolasgaute723@gmail.com,+541141995812,Merlo,Formulario Web
1738,Zunilda,Insfran,No contesta,asignaciones,2025-11-25 10:29:41.000000,insfranzunilda3@gmail.com,+541126573145,La Matanza,Formulario Web
1746,Victoria,De camargo,No contesta,asignaciones,2025-12-01 14:56:31.000000,vcamargomalerba@gmail.com,+541164033978,C.A.B.A,Formulario Web
1763,Marlyn,Peraza,No contesta,asignaciones,2025-11-22 16:57:50.000000,marlynperaza01@gmail.com,+541127630626,C.A.B.A,Formulario Web
1765,Daiana,Azcona,No contesta,asignaciones,2025-12-04 10:55:32.000000,daianazcona@hotmail.es,+541140294283,Vicente López,Formulario Web
1766,Soledad,Del prado,No contesta,asignaciones,2026-02-10 10:16:46.000000,delpradosoledad76@gmail.com,,San Miguel,Formulario Web
1770,Ulises,Yegros,No contesta,asignaciones,2025-12-01 14:55:59.000000,ulisesyegros23@gmail.com,+541168441182,C.A.B.A,Formulario Web
1771,Oriana,Zarate,No contesta,asignaciones,2025-11-28 15:21:48.000000,orizarate22@outlook.com,+541132548626,Malvinas Argentinas,Formulario Web
1774,Emanuel,Sasso,No contesta,asignaciones,2025-11-28 14:58:34.000000,emasasso2001@gmail.com,+541162778025,C.A.B.A,Formulario Web
1777,Mariela,Garcia lastra,No contesta,asignaciones,2026-01-27 13:08:03.000000,marielagarcialastra@gmail.com,+541158814108,C.A.B.A,Formulario Web
1779,Agustina,Lopez,No contesta,asignaciones,2025-11-28 14:50:32.000000,agusdream13@gmail.com,+541161448066,Ezeiza,Formulario Web
1780,Macarena,Castro,No contesta,asignaciones,2025-12-15 17:45:32.000000,lolasolcastro@gmail.com,+541134088638,C.A.B.A,Formulario Web
1781,Karina Gabriela,Ledesma,No contesta,asignaciones,2026-04-15 17:29:05.000000,ledesmakarinagabriela398@gmail.com,+541166187256,Tres de Febrero,Formulario Web
1788,Laura,Speciale,No contesta,asignaciones,2025-11-22 16:58:14.000000,lauraespesiale@gmail.com,+543412268725,Otra,Formulario Web
1804,Nath,Tórtora,No contesta,asignaciones,2026-02-26 10:23:31.000000,tortoranathalia@gmail.com,+541135978990,C.A.B.A,Formulario Web
1805,Miguel,Weiss,No contesta,asignaciones,2026-01-23 16:39:48.000000,weissmiguel181@gmail.com,+543757584196,Almirante Brown,Formulario Web
1807,María Laura,Falsetti,No contesta,asignaciones,2025-11-28 13:35:42.000000,laufalset@gmail.com,+541122380359,Berazategui,Formulario Web
1819,José,Galván,No contesta,asignaciones,2025-11-28 15:21:51.000000,dimingojosegalvan05@gmail.com,+543834516364,San Fernando,Formulario Web
1824,Nicole,Pinto,No contesta,asignaciones,2025-11-28 15:36:57.000000,nicolpinto80@gmail.com,+541133628219,Morón,Formulario Web
1825,Candela,Shimoda,No contesta,asignaciones,2025-11-28 14:58:29.000000,candelashimoda@gmail.com,+541165113274,Lomas de Zamora,Formulario Web
1830,Alexis,Benitez,No contesta,asignaciones,2026-05-07 12:39:27.000000,alexisbenitezmorel262@gmail.com,+541134692739,C.A.B.A,Formulario Web
1836,Macarena Rocío,Herrera,No contesta,asignaciones,2026-01-08 16:16:30.000000,macarena0297@gmail.com,+541170610859,Morón,Formulario Web
1839,Npta evangelina,Galve,No contesta,asignaciones,2026-02-26 10:24:07.000000,galvenora3@gmail.com,+541162452715,Moreno,Formulario Web
1842,sofia,Segalerba,No contesta,asignaciones,2026-02-19 10:34:30.000000,segalerbasofia00@gmail.com,+541156176486,La Matanza,Formulario Web
1844,Giuliana,Truglia,No contesta,asignaciones,2026-02-05 14:31:09.000000,giulisofi1@gmail.com,+541170130848,Avellaneda,Formulario Web
1849,MARIANO,Marquez,No contesta,asignaciones,2025-11-28 15:36:21.000000,marianoviajes@gmail.com,+5491138454505,Quilmes,Formulario Web
1851,Maria Belen,Carrosso,No contesta,asignaciones,2026-04-17 12:42:42.000000,carrossobelen@gmail.com,+541131935977,Almirante Brown,Formulario Web
1853,Carolina,Dresch,No contesta,asignaciones,2026-01-23 16:46:02.000000,carodresch@live.com.ar,+541162959104,Lanús,Formulario Web
1857,Yasmin,Riquelme,No contesta,asignaciones,2026-03-05 10:14:37.000000,yasminriquelme16@gmail.com,+541167615063,Avellaneda,Formulario Web
1858,Leonela,Leonela Lopez,No contesta,asignaciones,2026-05-07 11:53:32.000000,leonelapaolalopez22@gmail.com,+541139185205,Quilmes,Formulario Web
1862,ALEXANDRA,Flurin,No contesta,asignaciones,2026-05-08 11:19:53.000000,gmino5502@gmail.com,+543456431693,Otra,Formulario Web
1864,David,Huerta,No contesta,asignaciones,2025-11-28 11:13:23.000000,huertitadavid2003@gmail.com,+543825583269,Otra,Formulario Web
1866,janeth,villarroel,No contesta,asignaciones,2025-11-28 15:21:59.000000,delgadillolulu14@gmail.com,+541162120550,C.A.B.A,Formulario Web
1871,Valeria elizabeth,Velazco,No contesta,asignaciones,2025-11-28 15:35:27.000000,velazcovaleria02@gmail.com,+543704819647,Otra,Formulario Web
1875,Simona,Rivera,No contesta,asignaciones,2026-02-23 15:45:53.000000,simonaritr123@gmail.com,+541127959479,Avellaneda,Formulario Web
1885,Glenda,Patiño,No contesta,asignaciones,2026-01-08 16:14:16.000000,glendu18@gmail.com,+541150955607,Quilmes,Formulario Web
1886,Jorge,Nieto,No contesta,asignaciones,2026-05-07 16:20:01.000000,jorgehnieto@gmail.com,+5491122888954,C.A.B.A,Formulario Web
1892,Maecela,Moya,No contesta,asignaciones,2026-06-19 15:11:41.000000,marcelamoya190@gmail.com,+541152219351,Almirante Brown,Formulario Web
1895,Gabriela,Mutter,No contesta,asignaciones,2026-02-05 14:30:25.000000,gabymutter@hotmail.com,+541151604502,Quilmes,Formulario Web
1897,Giuliana,Susteras,No contesta,asignaciones,2026-03-05 10:14:30.000000,susterasg@gmail.com,+541128931238,Lanús,Formulario Web
1904,luciano,jimenez,No contesta,asignaciones,2026-02-12 17:15:31.000000,lucianojimenez987@gmail.com,+541124889221,Moreno,Formulario Web
1907,alejo,godoy,No contesta,asignaciones,2025-11-26 17:23:57.000000,godoyalejo2705@gmail.com,+5491130823074,La Matanza,Formulario Web
1910,Cintia,Alvarez,No contesta,asignaciones,2026-02-12 12:57:59.000000,alvarezcintia277@gmail.com,+541130585284,Almirante Brown,Formulario Web
1916,Iara,Troccoli,No contesta,asignaciones,2025-12-02 11:32:28.000000,4290matheo@gmail.com,+541156041198,Lanús,Formulario Web
1919,Raul,Casco,No contesta,asignaciones,2026-02-12 12:58:35.000000,suildazegovia50@gmail.com,+541132105301,Merlo,Formulario Web
1920,Sandra damian,Corzo,No contesta,asignaciones,2025-11-28 15:22:00.000000,damianchespi@gmail.com,+5490035286870,Otra,Formulario Web
1924,Francisco eugenio,Canton,No contesta,asignaciones,2025-11-28 14:58:49.000000,cantonnatacha16@gmail.com,+543704767822,Otra,Formulario Web
1925,Eber,Maidana,No contesta,asignaciones,2026-02-10 14:58:08.000000,eberexequielmaidana89@gmail.com,+542634548366,Gral. San Martín,Formulario Web
1929,Marcelo Luis,Rodríguez,No contesta,asignaciones,2025-11-28 13:35:11.000000,marcelacastro1143@gmail.com,+541153459738,C.A.B.A,Formulario Web
1930,Claudio Adrian,Carnicer,No contesta,asignaciones,2025-11-25 12:49:15.000000,claudiocarnicer73@gmail.com,+543885310088,Otra,Formulario Web
1932,Florencia,Solari,No contesta,asignaciones,2026-05-07 17:04:11.000000,solariflorencia11@gmail.com,+541171192745,C.A.B.A,Formulario Web
1933,Carina,Acosta,No contesta,asignaciones,2026-02-03 16:21:05.000000,carinasoledadacosta19@gmail.com,+541125479513,La Matanza,Formulario Web
1934,María Daniela,Díaz Rivas,No contesta,asignaciones,2025-12-17 14:22:42.000000,danybavioo@gmail.com,+543875103478,Otra,Formulario Web
1936,Diego Alejandro,Scherma,No contesta,asignaciones,2026-01-06 15:18:34.000000,karlis71188@gmail.com,+541167125457,C.A.B.A,Formulario Web
1941,Agustina,Amicuzzi,No contesta,asignaciones,2025-11-28 11:12:59.000000,agustinaamicuzzi@gmail.com,+542216434947,C.A.B.A,Formulario Web
1942,Eva Alejandra,Duarte Dominguez,No contesta,asignaciones,2025-11-25 16:59:29.000000,evaduart72@gmail.com,+5490022731051,Otra,Formulario Web
1943,Noelia,Tapia,No contesta,asignaciones,2025-12-09 12:42:47.000000,noeliatapiacn@hotmail.com,+541130433160,C.A.B.A,Formulario Web
1944,Angel,Balbuena,No contesta,asignaciones,2025-11-25 11:41:40.000000,marcossuper26@gmail.com,+541133320581,C.A.B.A,Formulario Web
1950,Brisa,Aguirre,No contesta,asignaciones,2026-01-23 17:25:54.000000,brisaaguiiiirre@gmail.com,+543543214023,C.A.B.A,Formulario Web
1959,Teresa,Arratia Espejo,No contesta,asignaciones,2025-11-28 13:28:56.000000,segalescamila@gmail.com,+541164747513,C.A.B.A,Formulario Web
1979,Sheila,Beguerie,No contesta,asignaciones,2025-11-28 11:12:28.000000,sheibeguerie@gmail.com,+541162316456,Morón,Formulario Web
1980,Luciana,Cattaneo,No contesta,asignaciones,2025-12-01 14:55:26.000000,lucianasolcattaneo@outlook.com,+541123877777,Vicente López,Formulario Web
1988,Rodrigo,Montenegro,No contesta,asignaciones,2025-11-28 15:23:57.000000,rodrigomontenegro3@gmail.com,+541144030327,Esteban Echeverría,Formulario Web
1989,milagros,mendez,No contesta,asignaciones,2025-11-28 14:58:51.000000,milagrosmendezvedia@gmail.con,+541139216906,Avellaneda,Formulario Web
1990,orlando,chiozzi,No contesta,asignaciones,2026-08-03 14:16:30.000000,tpacho2015@gmail.com,+541165301812,Lanús,Formulario Web
1995,micaela,lencina,No contesta,asignaciones,2025-11-28 14:56:35.000000,lencinamicaela25@gmail.com,+543434694310,C.A.B.A,Formulario Web
1996,ailin,avila,No contesta,asignaciones,2026-02-11 11:06:32.000000,ailinbelenab17@gmail.com,+541151803834,C.A.B.A,Formulario Web
2003,Valeria Fernanda,Chaer,No contesta,asignaciones,2026-01-23 17:33:58.000000,mav@live.com.ar,+542262644401,Quilmes,Formulario Web
2007,Fernando,Figueroa,No contesta,asignaciones,2025-11-28 11:12:19.000000,ff0867729@gmail.com,+541131893685,Almirante Brown,Formulario Web
2008,Micaela,Ziegler,No contesta,asignaciones,2025-12-11 12:13:35.000000,zieglermicaela49@gmail.com,+541139233622,Pilar,Formulario Web
2015,Alberto,Vassolo,No contesta,asignaciones,2026-05-08 11:16:59.000000,avassolo1981@gmail.com,+541124603342,C.A.B.A,Formulario Web
2016,Sasha,Paz,No contesta,asignaciones,2026-01-23 17:37:07.000000,sashacandelapaz18@gmail.com,+541128155430,Lomas de Zamora,Formulario Web
2017,Paola,Denis,No contesta,asignaciones,2026-05-08 11:22:37.000000,paoladenis9@gmail.com.ar,+541158682198,Lomas de Zamora,Formulario Web
2018,Brenda,Malata,No contesta,asignaciones,2025-11-28 16:03:04.000000,brenmalaga@gmail.com,+541139290657,Quilmes,Formulario Web
2030,brisa,baptista,No contesta,asignaciones,2026-05-28 15:01:15.000000,baptistabrisa@gmail.com,+541164105377,La Matanza,Formulario Web
2034,David,Romero,No contesta,asignaciones,2026-01-23 17:44:32.000000,sr4639284@gmail.com,+542255507813,Florencio Varela,Formulario Web
2038,Shaira,Rodriguez,No contesta,asignaciones,2026-02-19 10:35:12.000000,shairodrig2006@gmail.com,+541131014292,Berazategui,Formulario Web
2041,María ester,Gonzalez,No contesta,asignaciones,2025-11-28 11:12:05.000000,mg950225@gmail.com,+543416019461,Otra,Formulario Web
2048,Ulises,Giménez,No contesta,asignaciones,2025-11-28 15:21:43.000000,dg087323@gmail.com,+543794026234,Malvinas Argentinas,Formulario Web
2050,Belen,Zaugg,No contesta,asignaciones,2026-01-27 13:09:17.000000,belen.zaugg.98@hotmail.com,+541131910560,Lanús,Formulario Web
2054,Miguel Angel,Rivadeneira,No contesta,asignaciones,2025-11-28 13:28:25.000000,miguelangelrivadeneira61@gmail.com,+541158425591,Moreno,Formulario Web
2057,Margarita,Maztaler,No contesta,asignaciones,2025-12-09 12:43:25.000000,margiimaztaler@gmail.com,+543644842477,Otra,Formulario Web
2058,Miriam,Leguizamon,No contesta,asignaciones,2026-05-08 11:21:51.000000,leguizamonmirian850@gmail.com,+541130855902,Pilar,Formulario Web
2059,Gonzalo,Portillo,No contesta,asignaciones,2025-11-26 16:55:06.000000,gonzaloportillogp7@gmail.com,+541141740994,Morón,Formulario Web
2066,Azul,Galeano,No contesta,asignaciones,2026-05-08 11:21:09.000000,galeanoazul04@gmail.com,+543625212998,Otra,Formulario Web
2071,Emiliano,Manzano,No contesta,asignaciones,2025-11-26 17:21:11.000000,manzanooemiliano@gmail.com,+541154615904,C.A.B.A,Formulario Web
2074,Andrea Lorena,Kolesnik,No contesta,asignaciones,2026-02-05 14:34:14.000000,andykol_28@hotmail.com,+541138814144,Pilar,Formulario Web
2082,maria ines,martinez,No contesta,asignaciones,2025-11-28 15:20:39.000000,mariamartinez188@gmail.com,+541162850519,Gral. San Martín,Formulario Web
2091,Romina,Fretes,No contesta,asignaciones,2025-11-28 13:28:17.000000,rominafretes881@gmail.com,+541155724715,Gral. San Martín,Formulario Web
2095,Santiago,Zobenica,No contesta,asignaciones,2026-03-05 10:14:32.000000,adrianamanos@hotmail.com,+541144480246,Morón,Formulario Web
2102,ludmila,carames,No contesta,asignaciones,2026-03-05 10:14:43.000000,ludmilacarames2000@gmail.com,+541158205047,La Matanza,Formulario Web
2105,ROCIO,UBOLDI,No contesta,asignaciones,2025-12-01 14:54:58.000000,rociouboldi92@gmail.com,+541162323197,Vicente López,Formulario Web
2111,Sabrina,Clavel,No contesta,asignaciones,2026-02-05 14:34:52.000000,sabricc80@gmail.com,+541161541566,Avellaneda,Formulario Web
2112,Pablo,Safdie,No contesta,asignaciones,2025-11-28 15:19:05.000000,textilbh26@gmail.com,+541135740415,C.A.B.A,Formulario Web
2113,Pablo,Colaizzo,No contesta,asignaciones,2025-11-28 12:52:07.000000,colaizzopablo@gmail.com,+542944588225,C.A.B.A,Formulario Web
2116,Ariel,Paretto,No contesta,asignaciones,2025-12-11 11:28:13.000000,arielparetto@gmail.com,+5491137006100,C.A.B.A,Formulario Web
2118,DANIELA,LUKAS,No contesta,asignaciones,2026-04-17 11:42:28.000000,labrisaroma@yahoo.com.ar,+541121783098,Gral. San Martín,Formulario Web
2125,Natasha,Rivas,No contesta,asignaciones,2025-11-26 17:15:41.000000,natashafabregas@gmail.com,+541138933485,Florencio Varela,Formulario Web
2128,Carolina,Gonzalez,No contesta,asignaciones,2025-12-09 12:44:00.000000,aldo.gonzalez@paranaseguros.com.ar,+541158348863,Lanús,Formulario Web
2132,Ayelen,Bataller,No contesta,asignaciones,2025-11-28 15:22:19.000000,aye98bataller@gmail.com,+541162548748,Tigre,Formulario Web
2134,Sofia,Guevara,No contesta,asignaciones,2026-01-27 13:18:16.000000,sofiabelenguevara2024@gmail.com,+541165667192,Gral. San Martín,Formulario Web
2139,Giuliana,Arevalos,No contesta,asignaciones,2025-11-27 12:26:29.000000,arevalosgiu@gmail.com,+541132478802,C.A.B.A,Formulario Web
2141,Julieta,Ovejero lima,No contesta,asignaciones,2025-11-28 15:18:09.000000,julietaovejerolima2002@gmail.com,+541161417938,C.A.B.A,Formulario Web
2152,Esteban,García,No contesta,asignaciones,2025-11-28 15:18:13.000000,720esteban720@gmail.com,+541130439255,Pilar,Formulario Web
2154,Arianna Giulia,Destito Altieri,No contesta,asignaciones,2025-12-04 10:54:57.000000,ariannagiulia@live.com.ar,+541162648875,Lomas de Zamora,Formulario Web
2157,Sheila,Vargas,No contesta,asignaciones,2026-02-26 10:24:47.000000,sheilavargas751@gmail.com,+541155146979,La Matanza,Formulario Web
2159,Marcelo,Alvarez,No contesta,asignaciones,2025-11-27 13:56:54.000000,alvarezchimi31@gmail.com,+541158998915,Merlo,Formulario Web
2163,Axel,Barcela,No contesta,asignaciones,2026-01-27 13:22:45.000000,axeldamianb97@gmail.com,+541135083124,Moreno,Formulario Web
2169,Martina,Di bartolomeo,No contesta,asignaciones,2025-11-28 13:28:11.000000,martudiba345@icloud.com,+541127773603,Morón,Formulario Web
2171,Juan Carlos,Scofano,No contesta,asignaciones,2025-11-28 14:02:43.000000,nicolnaira22@gmail.com,+543777679213,Otra,Formulario Web
2174,cintia lorena,benitez,No contesta,asignaciones,2026-01-06 15:19:15.000000,cintia_0509@yahoo.com.ar,+541133053388,C.A.B.A,Formulario Web
2176,lourdes,dos santos,No contesta,asignaciones,2025-12-09 14:46:39.000000,lourdesdossantos666@gmail.com,+541140647457,Vicente López,Formulario Web
2179,Daniela,Arevalo,No contesta,asignaciones,2025-11-28 12:50:42.000000,arevalodaniela421@gmail.comcom,+543813418178,Otra,Formulario Web
2183,Mariela,Santin,No contesta,asignaciones,2025-11-27 12:04:43.000000,marielaasantin@gmail.com,+541170006260,Avellaneda,Formulario Web
2185,Oscar,Choque,No contesta,asignaciones,2026-03-05 10:14:46.000000,ochoquemendez@gmail.com,+541156015766,La Matanza,Formulario Web
2188,Mía Martina,Campos,No contesta,asignaciones,2025-11-28 15:18:01.000000,miacamposquiroga@gmail.com,+541161827282,José C. Paz,Formulario Web
2201,Yamila,Avendaño,No contesta,asignaciones,2025-11-28 15:17:51.000000,yamiaven95@gmail.com,+543644102844,Almirante Brown,Formulario Web
2206,Cecilia,Soriano,No contesta,asignaciones,2025-11-28 12:50:18.000000,sorianocecilia954@gmail.com,+542227444496,C.A.B.A,Formulario Web
2207,Cynthia,Ticona,No contesta,asignaciones,2025-11-27 13:46:42.000000,c.yn@live.com.ar,+541153116672,Morón,Formulario Web
2209,Matias,Berneda,No contesta,asignaciones,2025-11-28 12:33:20.000000,matiasberneda4@gmail.com,+543456591686,Otra,Formulario Web
2210,Gustavo,Domanico,No contesta,asignaciones,2025-12-03 15:51:29.000000,gustavodomanico019@gmail.com,+541168024285,Tres de Febrero,Formulario Web
2220,Myriam,Cullari,No contesta,asignaciones,2026-01-27 13:35:40.000000,myripop2@yahoo.com.ar,+541158326848,C.A.B.A,Formulario Web
2225,Carolina,Pérez,No contesta,asignaciones,2025-11-28 15:22:29.000000,caroabiperez@gmail.com,+541138497851,Ituzaingó,Formulario Web
2228,Alanes Monserrat,Mayeregger Samaniego,No contesta,asignaciones,2026-05-20 15:17:36.000000,alanismayeregger5@gmail.com,+541125275438,C.A.B.A,Formulario Web
2233,José luis,Peñaherrera,No contesta,asignaciones,2026-03-20 12:44:16.000000,joseluis3103@outlook.es,+541127310809,Morón,Formulario Web
2234,Lucia Belen,Azcona,No contesta,asignaciones,2025-12-11 12:34:50.000000,luciabazcona@gmail.com,+541170332927,C.A.B.A,Formulario Web
2246,Manuel,Regueira,No contesta,asignaciones,2025-11-28 15:22:31.000000,manuregueira@hotmail.com,+541141783427,C.A.B.A,Formulario Web
2248,Sofia,Cardarelli,No contesta,asignaciones,2026-03-27 11:24:45.000000,sofiacardarelli1@gmail.com,+541123122485,La Matanza,Formulario Web
2249,Ludmila,Ledesma,No contesta,asignaciones,2026-02-05 14:41:38.000000,ledesmaludmilan@gmail.com,+541135026791,San Miguel,Formulario Web
2253,Aitana,Palacios,No contesta,asignaciones,2025-12-04 10:54:39.000000,aitanapalacios33@gmail.com,+541172351210,C.A.B.A,Formulario Web
2254,Paola,Vicente,No contesta,asignaciones,2025-12-05 16:47:43.000000,paolaandreavicente@gmail.com,+541140450555,C.A.B.A,Formulario Web
2259,Matias,Saucedo,No contesta,asignaciones,2025-11-28 14:57:02.000000,gfernanda_lm@hotmail.com,+541164683698,San Isidro,Formulario Web
2275,Sandra,Echeverria,No contesta,asignaciones,2025-11-28 16:19:53.000000,siegw67@gmail.com,+541151463548,Hurlingham,Formulario Web
2277,Lucas,Martinez,No contesta,asignaciones,2026-02-05 14:41:04.000000,lucasfabricio963@icloud.com,+543855185906,Gral. San Martín,Formulario Web
2285,María Agostina,colombo Balbuena,No contesta,asignaciones,2026-05-08 11:25:31.000000,agostinacolombo777@gmail.com,+541124952777,Malvinas Argentinas,Formulario Web
2288,Daniela,Severino,No contesta,asignaciones,2026-01-27 13:40:30.000000,danisev746@hotmail.com,+541165045363,La Matanza,Formulario Web
2297,MILAGROS,SCABINI,No contesta,asignaciones,2026-07-24 12:04:37.000000,milagrosscabini@gmail.com,+541133118808,San Isidro,Formulario Web
2303,CRISTAL VICTORIA,MOREDA,No contesta,asignaciones,2025-12-01 12:55:06.000000,moredacristal@gmail.com,+543425919998,C.A.B.A,Formulario Web
2306,Genesis Johanna,Espinoza Ordoñez,No contesta,asignaciones,2026-02-19 10:35:50.000000,geespinoza15@gmail.com,+541124069220,C.A.B.A,Formulario Web
2307,Paola,Guevara,No contesta,asignaciones,2026-01-27 13:41:51.000000,guevarapaolaveronica@gmail.com,+541127936624,C.A.B.A,Formulario Web
2308,Martin,Kapelinski,No contesta,asignaciones,2025-12-30 17:32:31.000000,kapelinskimartin014@gmail.com,+543755703548,Otra,Formulario Web
2309,Julia,Schlender,No contesta,asignaciones,2025-12-03 15:51:35.000000,julyschlender@gmail.com,+541130404059,José C. Paz,Formulario Web
2310,Juan,Pedro,No contesta,asignaciones,2026-03-06 12:33:10.000000,ticoroa@hotmail.com,+541132682886,Vicente López,Formulario Web
2314,Camila,Siguelnitzky,No contesta,asignaciones,2025-12-02 11:51:15.000000,camilasiguelnitzky11@gmail.com,+541141758068,La Matanza,Formulario Web
2322,Anahi nazarena,Marquez,No contesta,asignaciones,2026-01-27 13:43:24.000000,nazarena080102@gmail.com,+541157951878,Pilar,Formulario Web
2327,Sabrina,Larraburu,No contesta,asignaciones,2025-12-30 17:32:35.000000,sabrinamenendez25@gmail.com,+541159550447,Morón,Formulario Web
2328,Solange Evelyn,Baca,No contesta,asignaciones,2025-12-02 11:53:30.000000,solbaaca20@gmail.com,+541131105879,C.A.B.A,Formulario Web
2329,Pablo Daniel,Campos,No contesta,asignaciones,2025-12-01 13:58:56.000000,pc3391492@gmail.com,+543492396036,Otra,Formulario Web
2331,Eduardo,Farias,No contesta,asignaciones,2026-03-05 10:14:40.000000,farias28574484@gmail.com,+543492229957,Otra,Formulario Web
2342,Adriana,Gorski,No contesta,asignaciones,2025-12-30 17:32:43.000000,adrianagorski7@hotmail.com,+541156266432,C.A.B.A,Formulario Web
2347,Lujan,Pereyra,No contesta,asignaciones,2025-12-01 11:23:36.000000,lujanpereyra06@gmail.com,+541130818206,Berazategui,Formulario Web
2349,Karen,Sosa,No contesta,asignaciones,2026-07-24 12:04:38.000000,sosaestefy05@gmail.com,+542657208528,Gral. San Martín,Formulario Web
2355,Aldana,Sanchez,No contesta,asignaciones,2026-01-27 13:50:09.000000,daralabourdette@gmail.com,+541138013073,Avellaneda,Formulario Web
2360,Gustavo daniel,Nieva,No contesta,asignaciones,2025-12-30 17:32:46.000000,nievagustavodaniel136@gmail.com,+5490035281131,C.A.B.A,Formulario Web
2364,Reinaldo Javier,Fernández,No contesta,asignaciones,2025-12-03 15:51:43.000000,rf3740049@gmail.com,+543644738307,Pilar,Formulario Web
2365,Alejandra,Villanueva,No contesta,asignaciones,2025-12-02 13:32:35.000000,alejarab2005@gmail.com,+541139113042,Tres de Febrero,Formulario Web
2366,Camila,Viejo,No contesta,asignaciones,2025-12-02 11:34:39.000000,claudiamarce65@gmail.com,+541138013190,Avellaneda,Formulario Web
2367,Lucia,Olmos,No contesta,asignaciones,2026-02-26 10:25:04.000000,lucianabel89@gmail.com,+541128891176,La Matanza,Formulario Web
2374,Paola marcela,Suarez,No contesta,asignaciones,2026-01-27 13:52:45.000000,nerearod07@gmail.com,+541139574559,Almirante Brown,Formulario Web
2375,Emiliano,Carrasco,No contesta,asignaciones,2025-12-30 17:32:51.000000,pochicarrasco027@gmail.com,+541162465170,San Miguel,Formulario Web
2380,Gustavo Omar,Taborda,No contesta,asignaciones,2025-12-17 17:35:04.000000,elltabo58@gmail.com,+542804020556,Almirante Brown,Formulario Web
2394,Osvaldo,Rotela,No contesta,asignaciones,2025-12-30 17:32:59.000000,rotelaosvaldo861@gmail.com,+541159539675,Otra,Formulario Web
2398,Juan manuel,Panno,No contesta,asignaciones,2025-12-17 17:03:09.000000,juan.panno@hotmail.com,+541156958147,Tres de Febrero,Formulario Web
2399,Ariadna,Gomez Montaña,No contesta,asignaciones,2025-12-05 16:40:23.000000,ariadnagomezmontana@hotmail.com,+541150357278,Malvinas Argentinas,Formulario Web
2403,Benjamin,Cejas,No contesta,asignaciones,2026-05-28 15:07:01.000000,benjacejas2007@gmail.com,+541134112852,San Isidro,Formulario Web
2408,Hana Ayelen,Fabbro,No contesta,asignaciones,2025-12-11 11:31:30.000000,hanafabbroa@gmail.com,+543482755448,Hurlingham,Formulario Web
2409,Alicia,Peña,No contesta,asignaciones,2025-12-30 17:33:03.000000,gisetoconaspena@gmail.com,+541150471966,La Matanza,Formulario Web
2412,Franco,Li,No contesta,asignaciones,2025-12-02 11:21:31.000000,hangxing_li@hotmail.com,+541124900973,C.A.B.A,Formulario Web
2414,Camila Maria,Sanabria,No contesta,asignaciones,2025-12-02 12:44:09.000000,camilamariasanabriaa@gmail.com,+541156334400,Pilar,Formulario Web
2419,Claudio,Varela,No contesta,asignaciones,2026-02-27 13:35:51.000000,sebaxel50000@gmail.com,+541167589608,Tres de Febrero,Formulario Web
2420,Alexis,Esquivel,No contesta,asignaciones,2026-02-19 10:36:09.000000,ealexis598@gmail.com,+541166122660,Quilmes,Formulario Web
2423,JuanCarlos,Mala,No contesta,asignaciones,2025-12-01 11:28:01.000000,juancarlosmala@yahoo.com.ar,+541156784654,C.A.B.A,Formulario Web
2424,Agustin,Romero,No contesta,asignaciones,2025-12-11 11:38:50.000000,agustinromero0249@gmail.com,+541162890630,Avellaneda,Formulario Web
2427,Gastón,Nabal,No contesta,asignaciones,2026-02-05 14:44:08.000000,gastonnabal@gmail.com,+541123874460,San Isidro,Formulario Web
2430,Jorge Adrian,Prieto,No contesta,asignaciones,2025-12-30 17:33:05.000000,aleprieto79@hotmail.com,+5491159363521,La Matanza,Formulario Web
2431,Alejandro,Escalada,No contesta,asignaciones,2025-12-02 12:50:32.000000,alejandroescalada2295@gmail.com,+541130845721,San Isidro,Formulario Web
2435,Giuliana,Medina,No contesta,asignaciones,2025-12-10 12:23:52.000000,giumedina77@gmail.com,+541166879745,Lomas de Zamora,Formulario Web
2438,Luz,Marasco,No contesta,asignaciones,2025-12-01 17:29:56.000000,luzblm@gmail.com,+541123708654,La Matanza,Formulario Web
2439,Patricio,Mendez,No contesta,asignaciones,2025-12-02 11:21:53.000000,patriciomendez017@gmail.com,+5491136068515,C.A.B.A,Formulario Web
2440,Lilian yisel,Amarilla,No contesta,asignaciones,2025-12-11 11:05:37.000000,lilianyiselamarilla931@gmail.com,+543705122847,Otra,Formulario Web
2443,Yanina,Velasco,No contesta,asignaciones,2025-12-30 17:33:11.000000,velascoyanina@gmail.com,+543704951753,Otra,Formulario Web
2451,Leonardo,Muse,No contesta,asignaciones,2025-12-02 12:51:41.000000,leomuse@yahoo.com.ar,+541122608587,Otra,Formulario Web
2458,Candela,Rizzuti,No contesta,asignaciones,2026-01-27 13:55:14.000000,estudiandoconcande@gmail.com,+541149166315,La Matanza,Formulario Web
2459,Ivana,Aliscioni,No contesta,asignaciones,2026-07-24 12:05:01.000000,ivanalucia99@gmail.com,+541173629579,Lomas de Zamora,Formulario Web
2465,Ailin,Tomas Oliveira,No contesta,asignaciones,2025-12-02 14:36:25.000000,ailuoliveira16@gmail.com,+541156097832,C.A.B.A,Formulario Web
2469,Gonzalo,Contente,No contesta,asignaciones,2026-05-08 11:28:00.000000,gonzalocontente@gmail.com,+541170649002,C.A.B.A,Formulario Web
2473,Daniela,Da rosa,No contesta,asignaciones,2025-12-03 15:51:54.000000,darosad93@gmail.com,+541167358046,Lomas de Zamora,Formulario Web
2480,Sandra Amalia,Jiménez,No contesta,asignaciones,2025-12-30 17:33:16.000000,amaliajimenez801@gmail.com,+541164437143,Lanús,Formulario Web
2483,Eduardo,Casyro,No contesta,asignaciones,2026-02-26 10:25:41.000000,eduardicastro773@gmail.com,+541171957177,San Miguel,Formulario Web
2489,Gustavo Adrian,Amado,No contesta,asignaciones,2025-12-02 11:22:17.000000,gusamado1970@gmail.com,+5491154049719,Tres de Febrero,Formulario Web
2495,Emanuel,Beron,No contesta,asignaciones,2026-02-27 12:04:31.000000,emanuelberon1997@gmail.com,+543471631606,Otra,Formulario Web
2498,Sandra,Quiñones,No contesta,asignaciones,2025-12-30 17:33:22.000000,sanpeche1975@gmail.com,+541159546830,La Matanza,Formulario Web
2500,Ayelen,Besacho,No contesta,asignaciones,2025-12-02 14:48:06.000000,ayelenbesacho@gmail.com,+541122610716,Lomas de Zamora,Formulario Web
2501,Esteban,Boquete,No contesta,asignaciones,2025-12-11 11:08:41.000000,eve_luly27@hotmail.com,+541162421530,Morón,Formulario Web
2502,Milagro Nicole,Rojas,No contesta,asignaciones,2026-02-05 14:43:38.000000,cristian-mantelli@hotmail.com,+541131066455,La Matanza,Formulario Web
2514,Ulises imanol,Morinigo,No contesta,asignaciones,2026-01-27 14:00:12.000000,imanolmorinigo24150c@gmail.com,+541151766572,C.A.B.A,Formulario Web
2516,Demián,Martínez Naya,No contesta,asignaciones,2026-07-24 12:05:11.000000,demianmartineznaya@gmail.com,+541165217750,C.A.B.A,Formulario Web
2517,Cintia Stefania,Ortiz,No contesta,asignaciones,2025-12-02 11:22:42.000000,cintiastefaniaortiz0@gmail.com,+543512266083,Avellaneda,Formulario Web
2521,Gaston,Carrizo,No contesta,asignaciones,2026-01-26 15:01:31.000000,candelac576@gmail.com,+543804873365,Malvinas Argentinas,Formulario Web
2534,Benjamin,Molina,No contesta,asignaciones,2026-02-12 13:29:56.000000,benjaminokmolina@gmail.com,+542364600807,Pilar,Formulario Web
2535,Kevin Gaston,Alvarez,No contesta,asignaciones,2025-12-30 17:33:29.000000,kevingastonalvarez5@gmail.com,+542284301269,Otra,Formulario Web
2545,Mónica Patricia,López,No contesta,asignaciones,2025-12-11 11:09:25.000000,patico27587472@gmail.com,+541125496809,La Matanza,Formulario Web
2548,Agustina,lezcano,No contesta,asignaciones,2026-01-27 14:03:03.000000,aguhzlezcano@gmail.com,+541166836813,Quilmes,Formulario Web
2549,Karina,Rafael,No contesta,asignaciones,2025-12-30 17:33:38.000000,karinarafael239@gmail.com,+542954810862,Merlo,Formulario Web
2550,Franco Carlos Patricio,Escobar,No contesta,asignaciones,2025-12-02 15:29:31.000000,ecarlitos952@gmail.com,+543644911674,Otra,Formulario Web
2556,Belen,Ramirez,No contesta,asignaciones,2025-12-02 15:08:06.000000,belenbelenramirez1@gmail.com,+5490022928951,C.A.B.A,Formulario Web
2558,Lujan,Franco,No contesta,asignaciones,2025-12-11 11:09:00.000000,lujandanielafranco@gmail.com,+541173620025,Quilmes,Formulario Web
2562,Fiorella,Perrone,No contesta,asignaciones,2026-04-14 12:34:11.000000,fioperrone@gmail.com,+541130278393,C.A.B.A,Formulario Web
2565,Nicolas,Deodato,No contesta,asignaciones,2026-01-27 14:04:57.000000,nikodeodato10@hotmail.com,+541122543523,Vicente López,Formulario Web
2567,Paola Scarleth,Villafuerte Niño de Guzmán,No contesta,asignaciones,2025-12-02 12:00:59.000000,paolascarlethvillafuerte@gmail.com,+541134905184,C.A.B.A,Formulario Web
2568,Florencia,Casas,No contesta,asignaciones,2025-12-02 11:23:05.000000,casas.florencia@hotmail.com,+541124585858,C.A.B.A,Formulario Web
2569,Marcela Ines,Vanini,No contesta,asignaciones,2025-12-02 11:30:24.000000,vanini13@hotmail.com,+541132797920,C.A.B.A,Formulario Web
2570,Ricardo ismael,Machuca,No contesta,asignaciones,2025-12-30 17:33:41.000000,machucaricardo83@gmail.com,+541167812579,Tres de Febrero,Formulario Web
2572,Analia Virginia,Galarza,No contesta,asignaciones,2026-07-24 12:10:45.000000,analiavirginiagalarza@gmail.com,+541128640251,C.A.B.A,Formulario Web
2580,Nahuel,Almaraz,No contesta,asignaciones,2026-02-05 14:47:49.000000,nahuelalmaraz2016@gmail.com,+541138029167,Gral. San Martín,Formulario Web
2586,Ana Paula,San Martin,No contesta,asignaciones,2025-12-30 17:33:44.000000,ana.sanmartin@bue.edu.ar,+541123424872,C.A.B.A,Formulario Web
2587,Pilar,Valli,No contesta,asignaciones,2025-12-03 15:52:05.000000,pilivalli@live.com.ar,+542325657876,Otra,Formulario Web
2591,Rocio,Carabajal,No contesta,asignaciones,2025-12-03 15:34:41.000000,rocioinescarabajal@gmail.com,+541166934047,Esteban Echeverría,Formulario Web
2596,Maricel,Lespade,No contesta,asignaciones,2026-04-17 11:43:28.000000,maricellespade@hotmail.com,+541157473217,Quilmes,Formulario Web
2600,Daniel,Vaca Alvarez,No contesta,asignaciones,2025-12-03 18:59:53.000000,dani.v95@hotmail.com,+541134629969,C.A.B.A,Formulario Web
2602,Micaela,Armijo,No contesta,asignaciones,2025-12-02 14:28:14.000000,micaelaparmijo@gmail.com,+541144343466,La Matanza,Formulario Web
2605,Alexis Maximiliano,Sestua,No contesta,asignaciones,2025-12-05 16:26:27.000000,alexissestua43@gmail.com,+541124953484,C.A.B.A,Formulario Web
2606,barbara anahi,costas,No contesta,asignaciones,2026-08-04 12:34:55.000000,barbaracostas1996@gmail.com,+541131164900,Almirante Brown,Formulario Web
2608,Gabriel,Benitez,No contesta,asignaciones,2025-12-11 11:09:36.000000,gabubenitez20012@gmail.com,+541159762752,Esteban Echeverría,Formulario Web
2614,Nazarena,Vidal,No contesta,asignaciones,2026-05-28 15:10:33.000000,nazavidal24@gmail.com,+543482385226,C.A.B.A,Formulario Web
2620,Estefania johana,Gomez,No contesta,asignaciones,2025-12-09 16:52:12.000000,faniagom4@gmail.com,+541157286026,C.A.B.A,Formulario Web
2622,María Pia,Medina,No contesta,asignaciones,2026-03-05 10:15:03.000000,piia093@gmail.com,+541160430203,La Matanza,Formulario Web
2626,Lisset,Mareco,No contesta,asignaciones,2025-12-02 15:35:22.000000,lissetmareco9@gmail.com,+541161582872,Avellaneda,Formulario Web
2627,Greta,Caceres Quesada,No contesta,asignaciones,2025-12-30 17:33:57.000000,caceresgreta2019@gmail.com,+542984531296,C.A.B.A,Formulario Web
2628,Miguel,Bozzano,No contesta,asignaciones,2026-01-27 15:56:00.000000,variostramites870@gmail.com,+541130746569,Tres de Febrero,Formulario Web
2645,Santiago,Idiarte,No contesta,asignaciones,2025-12-17 17:33:07.000000,santiagoidiarte4@gmail.com,+541157568432,Otra,Formulario Web
2646,Magalí,Nuñez,No contesta,asignaciones,2026-05-28 15:11:06.000000,magalin1999@gmail.com,+541139022616,C.A.B.A,Formulario Web
2648,Maria florencia,Grebol,No contesta,asignaciones,2026-02-19 10:36:26.000000,grebolflorencia@gmail.com,+541160521819,La Matanza,Formulario Web
2652,Matias,Ponce de leon,No contesta,asignaciones,2026-05-28 15:15:55.000000,matiasponcedeleon12@outlook.com,+541130170341,C.A.B.A,Formulario Web
2654,mariano,mitriani,No contesta,asignaciones,2026-02-05 14:48:22.000000,mitrianimariano@gmail.com,+541157807806,Lomas de Zamora,Formulario Web
2662,Franco,De martino,No contesta,asignaciones,2026-01-23 14:44:40.000000,demartinof932@gmail.com,+542473508368,Otra,Formulario Web
2663,Ricardo,Duarte,No contesta,asignaciones,2025-12-02 16:03:57.000000,duartericki756@gmail.com,+543743603146,Gral. San Martín,Formulario Web
2664,Daniel,Corvalan,No contesta,asignaciones,2025-12-30 17:34:01.000000,carlogimenez877@gmail.com,+541158185805,Ezeiza,Formulario Web
2670,Jose Luis,Daverio,No contesta,asignaciones,2025-12-05 16:16:38.000000,daveriojoseluis8@gmail.com,+5490038298503,San Miguel,Formulario Web
2671,Thiago,Coronel,No contesta,asignaciones,2026-02-24 10:15:55.000000,thiagocoronel464@gmail.com,+543572677530,C.A.B.A,Formulario Web
2672,Ramon,Godoy,No contesta,asignaciones,2026-01-27 15:57:31.000000,godoyramon495@gmail.com,+542645815254,Avellaneda,Formulario Web
2673,Eugenio Alberto,Galeano,No contesta,asignaciones,2025-12-02 14:18:53.000000,eugenioalbertogaleano523@gmail.com,+541130928075,José C. Paz,Formulario Web
2676,Karol Joseph,Guillen carmona,No contesta,asignaciones,2025-12-02 16:42:16.000000,karolguillen2802@gmail.com,+541139449810,C.A.B.A,Formulario Web
2681,Laura,ARRIETA,No contesta,asignaciones,2025-12-02 16:31:27.000000,lau81arrieta@gmail.com,+541131502192,C.A.B.A,Formulario Web
2682,Solange,Matto,No contesta,asignaciones,2025-12-02 16:10:53.000000,macarenamatto26@gmail.com,+543444507086,Zárate,Formulario Web
2683,Heriberta,Acosta,No contesta,asignaciones,2025-12-02 15:24:07.000000,heribertaa618@gmail.com,+543704791027,Otra,Formulario Web
2689,David,Neuman,No contesta,asignaciones,2026-05-28 15:16:58.000000,davidneuman18@gmail.com,+541167320058,C.A.B.A,Formulario Web
2697,Lucia,Martinez,No contesta,asignaciones,2025-12-04 10:52:18.000000,luciaamarrtinez@gmail.com,+541138811388,Quilmes,Formulario Web
2702,Poala,Del rosso,No contesta,asignaciones,2025-12-09 15:37:35.000000,paola_look@hotmail.com,+541136463754,C.A.B.A,Formulario Web
2703,Silvina pilar,Gamallo rodirguez,No contesta,asignaciones,2025-12-03 16:26:14.000000,silvi71@outlook.es,+541158454439,Lomas de Zamora,Formulario Web
2705,Daniela,Di Maria Mede,No contesta,asignaciones,2025-12-30 17:34:04.000000,mluzmeden@gmail.com,+541130688968,Berazategui,Formulario Web
2707,Sonia Violeta,Donnet,No contesta,asignaciones,2026-05-08 11:26:54.000000,coppolasonia54@gmail.com,+541157086188,C.A.B.A,Formulario Web
2721,Lucia,Delgados,No contesta,asignaciones,2026-01-27 15:59:20.000000,lucydelgado280@hotmail.com,+541139052230,Quilmes,Formulario Web
2723,Josefina,Mendez,No contesta,asignaciones,2025-12-02 16:25:39.000000,josef.mendez@hotmail.com,+541158178687,C.A.B.A,Formulario Web
2724,Celina,Strauch,No contesta,asignaciones,2026-05-28 15:17:47.000000,celinastrauch@gmail.com,+541140499460,La Matanza,Formulario Web
2725,gabriela,miras,No contesta,asignaciones,2025-12-03 10:49:42.000000,christianlege@gmail.com,+541153232846,C.A.B.A,Formulario Web
2726,Maria Luz,Resnizky,No contesta,asignaciones,2026-02-05 14:52:32.000000,marialuzresnizky@gmail.com,+541154628016,C.A.B.A,Formulario Web
2732,Lucas,Suarez,No contesta,asignaciones,2026-05-28 15:18:12.000000,lucassuarez971@gmail.com,+541156173079,Morón,Formulario Web
2735,David,Campohermoso,No contesta,asignaciones,2025-12-03 11:50:16.000000,davidcq8@gmail.com,+541168655874,C.A.B.A,Formulario Web
2745,Rodrigo,Milano,No contesta,asignaciones,2025-12-30 17:34:11.000000,acaale1@hotmail.com,+541169205905,C.A.B.A,Formulario Web
2746,Ian,Rebuffo,No contesta,asignaciones,2025-12-02 16:52:16.000000,ianfrancorebuffo@gmail.com,+541123165615,Avellaneda,Formulario Web
2747,Oriana,Amaya,No contesta,asignaciones,2026-01-27 16:00:44.000000,oriamaya_p@hotmail.com,+541141916372,C.A.B.A,Formulario Web
2752,Yael,Rivero,No contesta,asignaciones,2025-12-05 16:16:53.000000,riveroyael952@gmail.com,+541162653985,Florencio Varela,Formulario Web
2753,Beatriz,Perez,No contesta,asignaciones,2025-12-17 17:29:18.000000,beatriz2905@gmail.com,+541160345613,C.A.B.A,Formulario Web
2754,Maximiliano,Lupinacci,No contesta,asignaciones,2025-12-05 16:42:10.000000,tielmalosamo@gmail.com,+541160103976,La Matanza,Formulario Web
2763,Raul gerardo,Lobo,No contesta,asignaciones,2025-12-15 11:58:24.000000,lobogerardo23@gmail.com,+541130925196,Berazategui,Formulario Web
2765,Marcela Solange,Lensinas,No contesta,asignaciones,2025-12-04 14:51:41.000000,solange92lensinas@gmail.com,+541149162952,La Matanza,Formulario Web
2766,Víctoria,Miranda,No contesta,asignaciones,2025-12-04 11:15:09.000000,miranda964@hotmail.com,+541132750872,C.A.B.A,Formulario Web
2771,Franco damian,Altamirano,No contesta,asignaciones,2026-02-24 11:56:56.000000,francoaltamirano258@gmail.com,+541165751633,San Fernando,Formulario Web
2775,Kayla maite,Nuñez,No contesta,asignaciones,2026-07-24 12:11:51.000000,kaylamaite2000@gmail.com,+541173602722,C.A.B.A,Formulario Web
2776,Juan carlos,Lind,No contesta,asignaciones,2026-01-27 16:02:05.000000,linddiego11@gmail.com,+541168924596,Almirante Brown,Formulario Web
2778,Carolina,moscato,No contesta,asignaciones,2025-12-04 12:36:05.000000,carolinamoscato20@gmail.com,+541134244485,Lanús,Formulario Web
2780,José David,Azcona,No contesta,asignaciones,2026-02-13 16:31:38.000000,josedavidazcona28@gmail.com,+543492281653,Otra,Formulario Web
2781,Alejandra,romero,No contesta,asignaciones,2025-12-04 10:51:31.000000,alejandraromero121995@gmail.com,+541135911320,C.A.B.A,Formulario Web
2785,Micaela,Sayas,No contesta,asignaciones,2025-12-04 14:51:06.000000,ailenmicaela678@gmail.com,+541128722643,Berazategui,Formulario Web
2786,Camila Aylen,Rodriguez,No contesta,asignaciones,2025-12-03 16:51:34.000000,rcamiaylen13@gmail.com,+541138772166,Lomas de Zamora,Formulario Web
2788,Armando,Deltorre,No contesta,asignaciones,2025-12-15 11:58:10.000000,rodolfodltorre@hotmail.com,+541144001955,La Matanza,Formulario Web
2795,Yamila Florencia,Galeano,No contesta,asignaciones,2026-02-12 13:32:43.000000,yamilagaleano452@gmail.com,+543844464772,C.A.B.A,Formulario Web
2798,Agustina,Orellana,No contesta,asignaciones,2025-12-05 16:19:35.000000,agusevelynn04@gmail.com,+541160411567,Lomas de Zamora,Formulario Web
2803,Astrid,Linares,No contesta,asignaciones,2026-02-24 11:56:07.000000,linaresastridfabiola@gmail.com,+541165111571,C.A.B.A,Formulario Web
2806,CANIGUAN,LUIS,No contesta,asignaciones,2026-03-06 12:31:22.000000,maicolcaniguan900@gmail.com,+5492984143115,Otra,Formulario Web
2818,Ciretts,Videls,No contesta,asignaciones,2025-12-05 16:19:56.000000,ehluaces@gmail.com,+541176032739,C.A.B.A,Formulario Web
2825,Juan,Palma,No contesta,asignaciones,2026-01-23 11:54:21.000000,jppalma2002@gmail.com,+541127434277,La Matanza,Formulario Web
2827,MARIA DEL LUJAN,MAIDANA,No contesta,asignaciones,2025-12-30 17:34:15.000000,mdlmaidana@gmail.com,+541128673805,C.A.B.A,Formulario Web
2832,Christian,Grahl,No contesta,asignaciones,2026-05-08 11:28:45.000000,chrisgrahl22@gmail.com,+541157508656,Moreno,Formulario Web
2837,emi,as,No contesta,asignaciones,2025-12-15 11:57:51.000000,e@gmail.com,+541128953401,Berazategui,Formulario Web
2850,alex,tedesco,No contesta,asignaciones,2026-01-27 16:03:13.000000,aptratk@gmail.com,+541134431961,C.A.B.A,Formulario Web
2855,Camila,Frattesi,No contesta,asignaciones,2026-07-24 12:12:13.000000,camilaabrilfrattesi@gmail.com,+541160202335,Vicente López,Formulario Web
2867,Carlos Fernando,Farfan,No contesta,asignaciones,2026-01-30 13:51:41.000000,farfancarlosfernando79@gmail.com,+543875405048,Otra,Formulario Web
2872,Claudia Alejandra,Gonzalez,No contesta,asignaciones,2026-02-24 11:54:39.000000,misteralok49@gmail.com,+542984314728,San Miguel,Formulario Web
2882,Joaquín,Cabaña,No contesta,asignaciones,2025-12-04 12:56:40.000000,ariadna.alfonso23@icloud.com,+541164482774,José C. Paz,Formulario Web
2887,giannina,pastore,No contesta,asignaciones,2025-12-09 15:28:58.000000,gianninapastore528@gmail.com,+541163092740,C.A.B.A,Formulario Web
2888,Alexa,Martinez,No contesta,asignaciones,2026-01-30 12:41:41.000000,alexajazmin1607@gmail.com,+541161398954,La Matanza,Formulario Web
2889,Elina Ester Guadalupe,Peñaloza,No contesta,asignaciones,2025-12-03 16:27:04.000000,elinaesterpsi@gmail.com,+541128438570,Ezeiza,Formulario Web
2895,Vanesa,Sassaro,No contesta,asignaciones,2026-07-24 12:12:39.000000,vanesasassaro1988@hotmail.com,+541133753741,C.A.B.A,Formulario Web
2907,Agustin,Juarez,No contesta,asignaciones,2026-02-24 11:52:46.000000,agus_juarez12@hotmail.com,+541125059899,San Miguel,Formulario Web
2908,CAMILA GISELE,CARMONA,No contesta,asignaciones,2025-12-11 09:32:33.000000,nofigura@gmail.com,+541158964415,C.A.B.A,Vendedor-App
2910,MARIA INES,ETCHEVERRY,No contesta,asignaciones,2025-12-11 09:32:39.000000,minesetcheverry@hotmail.com,+541159078498,C.A.B.A,Vendedor-App
2911,DEBORA CONSTANZA,GAVINSKI,No contesta,asignaciones,2025-12-11 09:32:41.000000,constanzagavinski@hotmail.com,+541169070725,Avellaneda,Vendedor-App
2912,ANDREA EDITH,CASAGRANDE,No contesta,asignaciones,2026-08-03 11:17:19.000000,andreacasagrande395@gmail.com,+541121596008,C.A.B.A,Vendedor-App
2913,Damaris,Denis,No contesta,asignaciones,2025-12-04 16:04:33.000000,cristinaddenis@gmail.com,+541158383894,Florencio Varela,Formulario Web
2914,Patricia,Vega,No contesta,asignaciones,2025-12-30 17:34:20.000000,patovega1004@gmail.com,+541133962971,Berazategui,Formulario Web
2935,Camila andrea,Corvalan,No contesta,asignaciones,2025-12-04 16:08:00.000000,camilacorvalan891@gmail.com,+541149158279,San Miguel,Formulario Web
2948,Cynthia,Villarroel,No contesta,asignaciones,2026-05-28 15:22:37.000000,villarroel77vanesa@gmail.com,+541131612590,Lomas de Zamora,Formulario Web
2955,Joaquín,Giorgi,No contesta,asignaciones,2025-12-04 10:50:37.000000,joaquingiorgi10@gmsil.com,+541128247951,San Isidro,Formulario Web
2960,Brandon,Gonzalez,No contesta,asignaciones,2025-12-09 15:27:31.000000,brandonakd111@gmail.com,+541136472686,Gral. San Martín,Formulario Web
2961,Dani,Dur,No contesta,asignaciones,2025-12-04 16:09:26.000000,d.durbano@hotmail.com,+541133590182,C.A.B.A,Formulario Web
2962,Ana,Rols,No contesta,asignaciones,2025-12-30 17:34:23.000000,anarols2018@gmail.com,+541157642827,C.A.B.A,Formulario Web
2967,Joaquin,Aguirre,No contesta,asignaciones,2025-12-04 14:52:25.000000,joacoaguiirre@gmail.com,+542972508754,C.A.B.A,Formulario Web
2979,francisco jose,cura frau,No contesta,asignaciones,2026-02-12 13:33:21.000000,franciscocfrau@gmail.com,+543854856496,C.A.B.A,Formulario Web
2982,Nahir Aldana,Leguizamon,No contesta,asignaciones,2026-02-26 09:32:45.000000,nahirleguizamon90@gmail.com,+541124561040,Quilmes,Formulario Web
2990,Maximiliano Agustín,Ruiz veron,No contesta,asignaciones,2025-12-05 12:51:09.000000,mfvferchu@gmail.com,+541137633608,C.A.B.A,Formulario Web
3005,Monica,Boveda,No contesta,asignaciones,2025-12-11 09:32:55.000000,bovedamonica66@gmail.com,+543705418194,Otra,Formulario Web
3008,Uriel,Nieva,No contesta,asignaciones,2025-12-05 14:59:53.000000,urielaxelnieva@gmail.com,+543834516992,San Fernando,Formulario Web
3009,Cintia,Diaz,No contesta,asignaciones,2026-04-06 11:04:37.000000,cindiazcrocco@gmail.com,+541161218693,Lanús,Formulario Web
3020,camila,porco,No contesta,asignaciones,2025-12-04 17:40:21.000000,camilaporco02@gmail.comi,+541134271821,Lanús,Formulario Web
3021,Rinamicaela,Benítez,No contesta,asignaciones,2026-01-28 13:26:30.000000,micabenite862@gmail.com,+543417507134,Otra,Formulario Web
3023,Sandra,Corazza,No contesta,asignaciones,2026-02-24 12:00:57.000000,sandracorazza@hotmail.com,+541158487635,C.A.B.A,Formulario Web
3028,Johanna Yaquelin,Ferreyra,No contesta,asignaciones,2025-12-05 14:59:49.000000,johannajaquelineferreyra@gmail.com,+541123095845,La Matanza,Formulario Web
3040,Osvaldo,Lew,No contesta,asignaciones,2025-12-05 11:03:34.000000,lewosvald@gmail.com,+541137839591,C.A.B.A,Formulario Web
3042,JIMENA SABRINA,MAIDANA,No contesta,asignaciones,2026-01-28 13:27:41.000000,jimenamaidana@gmail.com,+541158876165,C.A.B.A,Formulario Web
3061,Fernando,Lueiro,No contesta,asignaciones,2026-08-04 14:55:38.000000,fer_12_88@hotmail.com,+541131469637,C.A.B.A,Formulario Web
3063,Quinteros,Yamila,No contesta,asignaciones,2025-12-15 11:29:43.000000,yaamii25quinteros@gmail.com,+541126989590,Almirante Brown,Formulario Web
3064,Milagros,Lopez,No contesta,asignaciones,2025-12-05 16:17:27.000000,mili.lpz@hotmail.com,+541156940376,La Matanza,Formulario Web
3065,Macarena,Perez,No contesta,asignaciones,2025-12-05 16:48:41.000000,macarenadaiana27@gmail.com,+541126884687,La Matanza,Formulario Web
3078,Alejandra,Lucantis,No contesta,asignaciones,2026-02-20 13:57:26.000000,alelucantis07@gmail.com,+541168152200,Vicente López,Formulario Web
3082,Ailen,Villagra,No contesta,asignaciones,2025-12-05 16:18:32.000000,alivillagra1@gmail.com,+542235955166,Otra,Formulario Web
3087,Nicole,Mendoza Grados,No contesta,asignaciones,2026-03-20 13:45:31.000000,nicolemendozaph@gmail.com,+541132881053,Tres de Febrero,Formulario Web
3093,Milagros,Osuna,No contesta,asignaciones,2025-12-15 11:28:55.000000,osunamilagros02@gmail.com,+541166072330,Almirante Brown,Formulario Web
3094,Agustin,Gonzalez,No contesta,asignaciones,2025-12-09 10:28:25.000000,pichukkapo305@gmail.com,+541137035031,Almirante Brown,Formulario Web
3099,Camila,Campanella,No contesta,asignaciones,2025-12-05 16:17:15.000000,camicampa20@hotmail.com,+541155062061,Esteban Echeverría,Formulario Web
3104,Gonzalo,Senra,No contesta,asignaciones,2026-01-08 17:36:19.000000,localbrest@gmail.com,+541134129379,Vicente López,Formulario Web
3109,Walter Alejandro,Spina,No contesta,asignaciones,2025-12-12 10:13:17.000000,alejandrospina494@gmail.com,+541130991802,La Matanza,Formulario Web
3112,María Milagros,Rodriguez,No contesta,asignaciones,2026-04-15 17:28:24.000000,77milirodriguez@gmail.com,+541162106997,Otra,Formulario Web
3115,Paula,Cala,No contesta,asignaciones,2026-02-05 14:55:13.000000,paulaanaliacala@gmail.com,+541134090579,C.A.B.A,Formulario Web
3120,Alvaro Nelson,Estrella Callejas,No contesta,asignaciones,2026-05-12 10:40:04.000000,estrellaalvaro@gmail.com,+541165957519,C.A.B.A,Formulario Web
3124,Romina,Almiron,No contesta,asignaciones,2025-12-11 16:10:16.000000,almironromina18@outlook.com,+541130991637,Florencio Varela,Formulario Web
3128,Irina,Mateos,No contesta,asignaciones,2026-02-26 10:25:57.000000,iriquimey0381@gmail.com,+541173688622,Tres de Febrero,Formulario Web
3133,Maria,Sosa,No contesta,asignaciones,2026-02-19 10:38:10.000000,mariaantonietasosahernandez@gmail.com,+5491130188530,C.A.B.A,Formulario Web
3138,Paola,Villar,No contesta,asignaciones,2026-07-24 12:15:47.000000,paolainesvillar@gmail.com,+541125218777,C.A.B.A,Formulario Web
3143,candela,valentino,No contesta,asignaciones,2025-12-15 11:27:20.000000,candevalentino24@gmai.com,+541168079488,C.A.B.A,Formulario Web
3150,Ana marilu,Artaza,No contesta,asignaciones,2025-12-09 10:34:19.000000,artazaanamarilu@gmail.com,+541169704480,La Matanza,Formulario Web
3152,Wanda iris,Campopiano,No contesta,asignaciones,2025-12-30 17:34:31.000000,wandacampopiano@gmail.com,+541128741371,San Miguel,Formulario Web
3161,Romina,Gonzalez,No contesta,asignaciones,2025-12-09 15:49:25.000000,rominanahiara678@gmail.com,+541121705776,San Miguel,Formulario Web
3164,MIGUEL,Carini,No contesta,asignaciones,2026-02-05 14:54:44.000000,carinimiguel49@gmail.com,+541140240717,Berazategui,Formulario Web
3170,Magdalena,Almazan,No contesta,asignaciones,2025-12-15 11:26:39.000000,magda27almazan@gmail.com,+541128550062,Tigre,Formulario Web
3171,Pablo,Maidana,No contesta,asignaciones,2025-12-09 10:34:21.000000,pablo.7210@hotmail.com,+541121841370,C.A.B.A,Formulario Web
3172,Luz,Acosta,No contesta,asignaciones,2025-12-11 16:07:44.000000,luzacosta77la@gmail.com,+541127349665,C.A.B.A,Formulario Web
3175,Gonzalo,Galarza,No contesta,asignaciones,2026-03-05 10:15:05.000000,alejandrarobles26315@gmail.com,+541165740601,San Fernando,Formulario Web
3181,Ivanna Candela,Cardillo,No contesta,asignaciones,2026-01-28 13:32:31.000000,ivannacardillo7@gmail.com,+541138964431,C.A.B.A,Formulario Web
3187,Lautaro Baltazar,Ramos,No contesta,asignaciones,2025-12-09 15:18:11.000000,ramoslautaro777@gmail.com,+543364379570,Otra,Formulario Web
3188,Brisa,Nieva,No contesta,asignaciones,2026-02-10 16:30:39.000000,brisanieva0909@gmail.com,+541140364132,C.A.B.A,Formulario Web
3192,Roberto,Lopez,No contesta,asignaciones,2025-12-15 11:25:54.000000,cabra1443@yahoo.com.ar,+541163743185,C.A.B.A,Formulario Web
3197,Carlos,Romeo,No contesta,asignaciones,2025-12-09 10:34:24.000000,arqcarlosromeo@yahoo.com.ar,+541153316040,C.A.B.A,Formulario Web
3206,Liliana Graciela,Cativa,No contesta,asignaciones,2026-02-24 11:50:22.000000,lilianacativa7@gmail.com,+543813970767,Avellaneda,Formulario Web
3239,Marcelo,Dipalma,No contesta,asignaciones,2026-07-14 11:12:55.000000,dipalmamarcelo@gmail.com,+541165289102,Esteban Echeverría,Formulario Web
3240,Alfredo,Abboud,No contesta,asignaciones,2025-12-09 13:53:20.000000,mselvamaidana@gmail.com,+541136193487,Tigre,Formulario Web
3252,tomas,suarez,No contesta,asignaciones,2025-12-09 12:29:34.000000,suareztomasgaston@gmail.com,+541156267883,C.A.B.A,Formulario Web
3253,Recalde,William,No contesta,asignaciones,2025-12-30 17:34:36.000000,ery_22_1996@live.com,+541165067262,La Matanza,Formulario Web
3257,Nelson leonel qu,Guaymas,No contesta,asignaciones,2026-03-05 10:14:51.000000,nelsonguaymas29@gmail.com,+541154174622,La Matanza,Formulario Web
3270,Luciana,Sanchez,No contesta,asignaciones,2025-12-10 10:26:39.000000,luciana.s417@hotmail.com,+541161464571,Lomas de Zamora,Formulario Web
3275,Nelson daniel,Quintero,No contesta,asignaciones,2026-05-27 15:53:43.000000,quinteronelsondaniel@gmail.com,+543512539639,Otra,Formulario Web
3286,Cristian alejandro Gabriel,Coronel,No contesta,asignaciones,2025-12-15 11:01:22.000000,coronelcristian362@gmail.com,+541126229162,La Matanza,Formulario Web
3287,Patricia,Malattini,No contesta,asignaciones,2025-12-09 13:53:13.000000,patomalattini@hotmail.com,+541161858559,C.A.B.A,Formulario Web
3295,Oriana,Vargas,No contesta,asignaciones,2026-01-28 13:36:04.000000,orianavargas137@gmail.com,+541153868448,C.A.B.A,Formulario Web
3301,Solange Romina,lugones,No contesta,asignaciones,2026-05-27 15:52:00.000000,solangerominalugones@gmail.com,+541155666706,San Miguel,Formulario Web
3304,Teofilo,Carabajal,No contesta,asignaciones,2025-12-30 17:34:41.000000,elyanita_12@hotmail.com,+541162979679,C.A.B.A,Formulario Web
3311,Nicole,Fernandez Montenegro,No contesta,asignaciones,2025-12-23 10:18:26.000000,nicoledenisse0613@gmail.com,+541124074912,Avellaneda,Formulario Web
3315,Brenda,Mercado,No contesta,asignaciones,2026-02-24 11:48:49.000000,jesicapmercado@yahoo.com.ar,+541162485095,Moreno,Formulario Web
3316,Nicolas,Martinez,No contesta,asignaciones,2026-01-28 13:39:23.000000,alfnicolasmartinez@gmail.com,+541136820412,C.A.B.A,Formulario Web
3317,María Eugenia,BERRETA,No contesta,asignaciones,2025-12-15 11:01:33.000000,mariaeugeniaberreta@hotmail.com,+541151752045,C.A.B.A,Formulario Web
3323,lucio,fenuoil,No contesta,asignaciones,2025-12-15 11:21:30.000000,victoriapazsanchez27@gmail.com,+542227499044,C.A.B.A,Formulario Web
3330,Juan,Arce,No contesta,asignaciones,2025-12-11 17:24:35.000000,arcej0606@gmail.com,+543416257863,Otra,Formulario Web
3331,Pedro,Jara,No contesta,asignaciones,2025-12-09 12:36:17.000000,pepeyluci33@gmail.com,+543518587668,Otra,Formulario Web
3333,Juan,Salinas,No contesta,asignaciones,2026-03-06 12:33:30.000000,ancho7474@gmail.com,+542916452195,Otra,Formulario Web
3338,Marcelo,Ramos,No contesta,asignaciones,2025-12-09 13:50:34.000000,marceale352@gmail.com,+542234987636,C.A.B.A,Formulario Web
3344,Andrea,Nacucchio,No contesta,asignaciones,2025-12-09 11:10:05.000000,andreanacu@gmail.com,+541150411921,C.A.B.A,Formulario Web
3354,Paola,Gómez,No contesta,asignaciones,2025-12-30 17:34:44.000000,roxanapaola919@gmail.com,+543704679064,Otra,Formulario Web
3359,Jesica Patricia,Bejarano,No contesta,asignaciones,2026-02-26 09:27:28.000000,bejaranojesica1@gmail.com,+541131570163,Lomas de Zamora,Formulario Web
3366,Juan ruben,Bazan,No contesta,asignaciones,2025-12-15 11:03:00.000000,juanbazan726@gmail.com,+543516239573,C.A.B.A,Formulario Web
3367,Alfredo ramon,Romero,No contesta,asignaciones,2026-02-05 14:56:59.000000,libradaitatis2015@gmeil.com,+543794405249,Malvinas Argentinas,Formulario Web
3373,Juan,Casado,No contesta,asignaciones,2025-12-12 11:29:50.000000,patojuan3341@gmail.com,+541150568114,Florencio Varela,Formulario Web
3374,Cristian Javier,Aguiar,No contesta,asignaciones,2025-12-11 15:54:02.000000,cristianjavieraguiar3@gmail.com,+543751214225,Zárate,Formulario Web
3375,Candela,Romero,No contesta,asignaciones,2025-12-11 10:54:11.000000,candeeliel753@gmail.com,+541155680173,Moreno,Formulario Web
3376,Aldo,Vaca,No contesta,asignaciones,2026-02-23 12:44:51.000000,avaca7412@gmail.com,+543878402938,Otra,Formulario Web
3378,Mailen,Perez,No contesta,asignaciones,2026-01-23 14:28:26.000000,mailenperez5@gmail.com,+541166187785,San Isidro,Formulario Web
3388,Daniel,Recúpero,No contesta,asignaciones,2025-12-15 11:03:15.000000,danielestebanrecupero@gmail.com,+541150382956,Tigre,Formulario Web
3389,Lucila,Sciubba,No contesta,asignaciones,2025-12-09 13:44:11.000000,lucilasciubba24@gmail.com,+541150351786,Almirante Brown,Formulario Web
3391,Luciano,Stefanolo,No contesta,asignaciones,2026-01-28 13:41:14.000000,stefanololuciano66@gmail.com,+541123960060,Tres de Febrero,Formulario Web
3395,Oriana,Montenegro,No contesta,asignaciones,2025-12-09 14:10:58.000000,orianamontenegro18@gmail.com,+541155635857,Quilmes,Formulario Web
3397,Carla,Escudero,No contesta,asignaciones,2026-02-24 11:47:55.000000,escuderocarlaflor@gmail.com,+541132851455,Berazategui,Formulario Web
3398,lautaro,martinez,No contesta,asignaciones,2025-12-09 16:48:11.000000,lautaro.martinez19@yahoo.com,+541140501764,Vicente López,Formulario Web
3399,franco,bazualdo,No contesta,asignaciones,2025-12-12 11:29:47.000000,frankodmdecatan2@gmail.com,+541136624816,La Matanza,Formulario Web
3401,José luis,MIRANDA,No contesta,asignaciones,2025-12-30 17:34:49.000000,potoco1971@gmail.com,+543464650158,San Fernando,Formulario Web
3405,Guadalupe,Centurion,No contesta,asignaciones,2025-12-09 11:33:02.000000,guadalupecenturion743@gmail.com,+543644336789,Otra,Formulario Web
3407,AIDA,GONZALEZ,No contesta,asignaciones,2025-12-19 11:29:46.000000,marigust1985@gmail.com,+5491164852388,Tres de Febrero,Formulario Web
3408,Malvina,Perez,No contesta,asignaciones,2026-01-28 13:42:10.000000,malvinap408@gmail.com,+543731449603,Zárate,Formulario Web
3420,Keila,Chediex,No contesta,asignaciones,2025-12-12 11:29:39.000000,chediexkeila@gmail.com,+541144022282,Moreno,Formulario Web
3421,Darío Alejandro,Balbi,No contesta,asignaciones,2026-01-30 12:49:53.000000,dariobalbi2013@hotmail.com,+541136648015,Quilmes,Formulario Web
3425,Marcos,Murguia,No contesta,asignaciones,2026-01-29 16:30:33.000000,marcosmurguia@gmail.com,+541140837854,C.A.B.A,Formulario Web
3429,Guido,Fioravanti,No contesta,asignaciones,2025-12-09 15:09:14.000000,guido_fioravanti@live.com.ar,+541120596253,C.A.B.A,Formulario Web
3435,Micaela,Pombo,No contesta,asignaciones,2025-12-10 12:25:55.000000,micaela.pombo@hotmail.com,+541140421596,Lomas de Zamora,Formulario Web
3436,Roberto,Rosales,No contesta,asignaciones,2026-05-28 15:24:25.000000,roberto_beatles@hotmail.com,+541123036222,C.A.B.A,Formulario Web
3448,Maximo,Fandiño,No contesta,asignaciones,2025-12-12 11:29:29.000000,maximofandino@gmail.com,+541124751388,Vicente López,Formulario Web
3450,Diego,Garro,No contesta,asignaciones,2025-12-30 17:34:56.000000,garrodiego7@gmail.com,+541157715130,Tigre,Formulario Web
3454,karina,masson,No contesta,asignaciones,2025-12-10 16:44:09.000000,massonkarina@27gmeil.com,+542914750238,Avellaneda,Formulario Web
3465,Dan,Sicknayi,No contesta,asignaciones,2025-12-11 15:48:56.000000,danchusick@gmail.com,+541132272539,C.A.B.A,Formulario Web
3468,Gastón,Lucero,No contesta,asignaciones,2025-12-10 16:10:55.000000,filippiludmila@gmail.com,+541173630584,Almirante Brown,Formulario Web
3473,Ana,Ceron,No contesta,asignaciones,2025-12-11 15:04:54.000000,anacerondelavega@gmail.com,+541127565704,C.A.B.A,Formulario Web
3474,Milagros,Milia,No contesta,asignaciones,2026-02-26 15:14:42.000000,miliamilagros06@gmail.com,+541167885033,C.A.B.A,Formulario Web
3485,Lucas,Gumberto,No contesta,asignaciones,2026-07-24 12:16:36.000000,cecilia_german@hotmail.com,+541131245462,Tres de Febrero,Formulario Web
3487,Priscila,Morillo,No contesta,asignaciones,2026-02-13 15:31:59.000000,priscilamorillo0@gmail.com,+541123570110,C.A.B.A,Formulario Web
3492,Fer,Macca,No contesta,asignaciones,2025-12-09 16:33:49.000000,fermaccarrone@hotmail.com,+541159893859,Tres de Febrero,Formulario Web
3495,Yanina,Malta,No contesta,asignaciones,2026-03-05 10:15:25.000000,yaninamalta1984@gmail.com,+541121644178,C.A.B.A,Formulario Web
3496,YELIMAR,PEREZ,No contesta,asignaciones,2025-12-12 11:29:21.000000,yelimarperez72@gmail.com,+541128590935,C.A.B.A,Formulario Web
3498,Geronimo,Canillan,No contesta,asignaciones,2025-12-22 11:54:13.000000,ojotattoo@yahoo.com.ar,+541134963487,Gral. San Martín,Formulario Web
3499,Fernanda,Davila,No contesta,asignaciones,2026-08-21 10:26:58.000000,fada315@gmail.com,+541130071163,C.A.B.A,Formulario Web
3500,Marina,Cainzos,No contesta,asignaciones,2026-01-28 13:45:19.000000,marinacainzos@hotmail.com,+5491131581182,Avellaneda,Formulario Web
3505,Hernan,Farago,No contesta,asignaciones,2025-12-19 11:29:52.000000,herfarago@gmail.com,+541151770953,C.A.B.A,Formulario Web
3510,Mariel,Nasr,No contesta,asignaciones,2026-02-05 15:03:42.000000,marielnasrpsi@gmail.com,+541159920500,Lomas de Zamora,Formulario Web
3523,Evelyn,Valenzuela,No contesta,asignaciones,2025-12-15 11:53:31.000000,valenzuelaeve922@gmail.com,+541168852302,C.A.B.A,Formulario Web
3524,Ludmila Jazmin,Dorrego,No contesta,asignaciones,2026-02-19 10:38:56.000000,ludmiladorrego8@gmail.com,+542346541883,C.A.B.A,Formulario Web
3526,Franco,Menta,No contesta,asignaciones,2026-02-24 11:59:14.000000,francomenta96@gmail.com,+541139074896,La Matanza,Formulario Web
3531,Matias,Perez,No contesta,asignaciones,2026-07-24 12:16:35.000000,m.lperez@hotmail.com,+541134519914,Quilmes,Formulario Web
3534,Gladys Patricia,Laterza,No contesta,asignaciones,2026-01-28 14:00:42.000000,claudiomiguel@calz.org.ar,+541161585364,Almirante Brown,Formulario Web
3536,Roberto,Gudinio,No contesta,asignaciones,2025-12-15 11:12:03.000000,robertjgudinio4113@gmail.com,+541173670600,C.A.B.A,Formulario Web
3537,Marisol,Gimenez,No contesta,asignaciones,2025-12-10 10:15:04.000000,gimenez.marisol@hotmail.com,+541158584749,La Matanza,Formulario Web
3543,Facundo,González,No contesta,asignaciones,2025-12-12 11:29:16.000000,facundogonzalezz2313@gmail.com,+543512060679,Otra,Formulario Web
3544,Juanita,Tobias,No contesta,asignaciones,2025-12-11 17:20:47.000000,juanitobias16@gmail.com,+541165515819,Gral. San Martín,Formulario Web
3546,LILIAN ESTELA,RUIZ MENDOZA,No contesta,asignaciones,2025-12-30 17:35:00.000000,lilianrm1188@hotmail.com,+541151085523,C.A.B.A,Formulario Web
3547,Melina ariadna,Villar,No contesta,asignaciones,2025-12-10 15:08:41.000000,meliivillar05@gmail.com,+541123836272,Avellaneda,Formulario Web
3553,Noelia,Zurita,No contesta,asignaciones,2025-12-19 11:29:54.000000,zuritanoelia19@gmail.com,+541125261017,Moreno,Formulario Web
3558,Juana Macarena,Romero,No contesta,asignaciones,2026-01-28 14:02:18.000000,rjuanamacarena@gmail.com,+541162140613,Lanús,Formulario Web
3560,Daniel,Silvera,No contesta,asignaciones,2025-12-15 11:54:42.000000,silveradaniel45@gmail.com,+5490038702771,San Miguel,Formulario Web
3561,Karina,Aguirre,No contesta,asignaciones,2026-01-27 11:46:29.000000,karu_22_@hotmail.com,+541162326902,Gral. San Martín,Formulario Web
3568,Eliana,Bermúdez,No contesta,asignaciones,2026-07-30 09:22:04.000000,jazmin.bermudez17@yahoo.com,+543758460730,Vicente López,Formulario Web
3574,María Rosa,Rodriguez Lopez,No contesta,asignaciones,2025-12-11 14:07:17.000000,rodriguezlmr@gmail.com,+541150262862,C.A.B.A,Formulario Web
3577,ailen,alcoceba,No contesta,asignaciones,2026-02-03 16:22:03.000000,ailenalcoceba02@gmail.com,+541135063815,Tres de Febrero,Formulario Web
3578,Maximiliano,Quiroga,No contesta,asignaciones,2025-12-12 15:39:52.000000,maxiiquiiroga@hotmail.com,+541168931474,San Fernando,Formulario Web
3582,Brenda,Caro,No contesta,asignaciones,2025-12-15 11:55:32.000000,bcaro733@gmail.com,+541176534601,Malvinas Argentinas,Formulario Web
3584,Camila,Ritossa,No contesta,asignaciones,2026-02-24 11:46:27.000000,camilaritossa@gmail.com,+541159227221,La Matanza,Formulario Web
3589,Matías ivan,Caldelas,No contesta,asignaciones,2026-02-05 15:03:57.000000,matiasivancaldelas@gmail.com,+541134077578,San Isidro,Formulario Web
3593,Priscila,Barrios,No contesta,asignaciones,2025-12-10 15:24:58.000000,pribarrios45@icloud.com,+541127638821,Gral. San Martín,Formulario Web
3599,Fernanda,Oliva,No contesta,asignaciones,2025-12-22 11:53:14.000000,antonelaoliva43@gmail.com,+541159740936,Pilar,Formulario Web
3601,Damian Norberto,Arbelo,No contesta,asignaciones,2026-02-23 15:49:49.000000,arbelonorbertodamian@gmail.com,+543487518117,Zárate,Formulario Web
3605,Georgina,Da luz,No contesta,asignaciones,2025-12-19 11:29:56.000000,daluzgeorgina@gmail.com,+5491161804991,Pilar,Formulario Web
3609,Juliana,Espíndola,No contesta,asignaciones,2025-12-15 11:55:49.000000,juulianaespindolaa@gmail.com,+542954314614,C.A.B.A,Formulario Web
3612,Alberto,Ebertz,No contesta,asignaciones,2025-12-29 16:15:43.000000,ebertzalberto@gmail.com,+541159481619,Campana,Formulario Web
3615,Elena,Gauna,No contesta,asignaciones,2025-12-12 15:56:03.000000,gauna123elen@gmail.com,+541136138601,Gral. San Martín,Formulario Web
3616,Juan Cristian,Paez,No contesta,asignaciones,2025-12-12 15:53:40.000000,juancristianpaez@gmail.com,+5490022615663,C.A.B.A,Formulario Web
3619,Valeria,Busto,No contesta,asignaciones,2025-12-11 15:33:34.000000,valeriagtra@hotmail.com,+541154953780,C.A.B.A,Formulario Web
3621,Brenda Agustina,Cortez,No contesta,asignaciones,2026-02-10 14:37:01.000000,brendacortezbac@gmail.com,+541169642434,C.A.B.A,Formulario Web
3628,Carlos María,Bonino,No contesta,asignaciones,2026-01-28 14:06:01.000000,ch-bonino@hotmail.com,+541138074693,Tigre,Formulario Web
3631,Tomas,Lopez aguero,No contesta,asignaciones,2025-12-15 11:56:48.000000,tomyaguero10@gmail.com,+541137948820,San Isidro,Formulario Web
3633,Cyntia,Guerrero,No contesta,asignaciones,2025-12-12 15:53:50.000000,guerrerocyntia25@gmail.com,+541159590962,Tigre,Formulario Web
3646,Nancy,Diaz,No contesta,asignaciones,2025-12-12 12:49:08.000000,anexomoreno55@gmail.com,+543413058661,Otra,Formulario Web
3647,Lucas ezequiel,Morrone,No contesta,asignaciones,2026-01-08 13:51:07.000000,morronelucasezequiel@gmail.com,+541130199782,Lomas de Zamora,Formulario Web
3657,Daiana,Molina,No contesta,asignaciones,2026-02-26 09:26:45.000000,daianamoliiina3384@gmail.com,+541138958682,La Matanza,Formulario Web
3662,Matias,Miguel,No contesta,asignaciones,2025-12-15 11:56:46.000000,matiasnicolasmiguel@gmail.com,+541158275305,Ituzaingó,Formulario Web
3664,Santiago horacio,Lopez,No contesta,asignaciones,2025-12-30 17:35:06.000000,damiloppez05@gmail.com,+541138019951,Almirante Brown,Formulario Web
3666,Noemí,Toledo,No contesta,asignaciones,2026-01-28 16:24:44.000000,lalitat329@gmail.com,+541168806870,C.A.B.A,Formulario Web
3670,Nancy Mariana,Rial,No contesta,asignaciones,2025-12-19 11:29:59.000000,mariana_rial@yahoo.com.qr,+541169413035,C.A.B.A,Formulario Web
3671,Brayan Estiven,Herrera Hernandez,No contesta,asignaciones,2026-02-19 10:39:16.000000,brayanestivenhh@gmail.com,+541131979987,C.A.B.A,Formulario Web
3685,Romina,Marchand,No contesta,asignaciones,2025-12-15 11:57:01.000000,rominamarchand@hotmail.com,+541168376612,C.A.B.A,Formulario Web
3693,Alejandro javier,Fernandez,No contesta,asignaciones,2025-12-15 10:58:10.000000,carolinalarretape75@gmail.com,+541156520036,Ituzaingó,Formulario Web
3701,Maximiliano,Pineda,No contesta,asignaciones,2026-02-24 11:45:02.000000,pinedamaximiliano8@gmail.com,+541161085770,Tres de Febrero,Formulario Web
3702,Oswaldo,Avilez,No contesta,asignaciones,2026-05-28 15:26:58.000000,oavilezsalas@gmail.com,+5492325658700,C.A.B.A,Formulario Web
3704,Nicole,Acuña,No contesta,asignaciones,2026-01-30 16:49:57.000000,acunanicole99@gmail.com,+541173615320,La Matanza,Formulario Web
3707,Martina Belén,Luna,No contesta,asignaciones,2026-02-24 11:46:04.000000,martuluna048@gmail.com,+541125301007,Avellaneda,Formulario Web
3710,Florencia,Cicero,No contesta,asignaciones,2025-12-26 14:00:32.000000,florenciacicero85@gmail.com,+541167421850,C.A.B.A,Formulario Web
3712,Julio Roberto,Galvan,No contesta,asignaciones,2025-12-12 10:44:18.000000,galvanjulio_r@hotmail.com,+541162475292,San Fernando,Formulario Web
3715,Cristian Raul,Caceres,No contesta,asignaciones,2026-02-05 15:07:26.000000,caceresok84@gmail.com,+541133198912,C.A.B.A,Formulario Web
3716,Romina,Pelusa,No contesta,asignaciones,2025-12-26 14:26:30.000000,rominamonica@hotmail.com,+541169714982,C.A.B.A,Formulario Web
3718,Aylen,Pedoni,No contesta,asignaciones,2026-01-28 16:29:05.000000,aylen2118@gmail.com,+541162986322,C.A.B.A,Formulario Web
3723,Gonzalo,Pascual,No contesta,asignaciones,2026-04-09 10:05:01.000000,gvpas90@gmail.com,+541126714236,Lanús,Formulario Web
3729,Pablo,Insaurralde,No contesta,asignaciones,2025-12-12 12:02:19.000000,piojonap222@gmail.com,+541150956739,San Isidro,Formulario Web
3731,Martina,Peralta,No contesta,asignaciones,2026-08-21 11:00:11.000000,cassyperalta110@hotmail.com,+541128276236,Otra,Formulario Web
3732,Reggina,Paulini,No contesta,asignaciones,2025-12-12 16:14:52.000000,reggypaulini@gmail.com,+542345424710,C.A.B.A,Formulario Web
3741,Victoria,Quiroga,No contesta,asignaciones,2025-12-19 11:30:01.000000,vquiroga214@gmail.com,+541168138023,C.A.B.A,Formulario Web
3744,Miguel,Blanco,No contesta,asignaciones,2026-08-21 11:02:06.000000,miguelblanco0250@gmail.comm,+541171288141,C.A.B.A,Formulario Web
3748,agustin,vallejos,No contesta,asignaciones,2026-02-03 16:23:05.000000,agustinvallejos731@gmail.com,+541123358850,Berazategui,Formulario Web
3754,Yaqueline,Toledo,No contesta,asignaciones,2025-12-12 15:11:49.000000,toledoyaqueline9@gmail.com,+543764530561,Otra,Formulario Web
3756,Hernan,Fernandez,No contesta,asignaciones,2025-12-12 10:50:17.000000,hernanfernandez2090@gmail.com,+541169552477,Vicente López,Formulario Web
3760,Angela Paola,Soria,No contesta,asignaciones,2026-02-05 15:05:38.000000,paolaywalter1989@gmail.com,+541131576739,Moreno,Formulario Web
3763,Liliana Roxana,Bendeyan,No contesta,asignaciones,2026-01-28 16:30:39.000000,lbendeyan@gmail.com,+541157205974,C.A.B.A,Formulario Web
3766,Rosa adriana,Jara,No contesta,asignaciones,2025-12-26 14:52:05.000000,rosadrijara@gmail.com,+542942478520,Otra,Formulario Web
3767,florencia,diaz clavel,No contesta,asignaciones,2026-05-28 15:28:04.000000,florenciadiazcla@gmail.com,+542645085302,C.A.B.A,Formulario Web
3769,LEONARDO ALFREDO,BRITO,No contesta,asignaciones,2026-02-13 15:27:16.000000,leonardobrito92@hotmail.com,+541157712584,C.A.B.A,Formulario Web
3772,Juan Carlos,Muñoz,No contesta,asignaciones,2025-12-12 11:44:42.000000,fabrijuank07@gmail.com,+541170099321,Avellaneda,Formulario Web
3782,Marcio,ventura,No contesta,asignaciones,2025-12-15 10:29:34.000000,marcioventu15@gmail.com,+541158318274,La Matanza,Formulario Web
3784,Andrea,Prado,No contesta,asignaciones,2026-02-12 13:39:37.000000,andreapradob@gmail.com,+541170337007,C.A.B.A,Formulario Web
3785,Tatiana,Maio,No contesta,asignaciones,2026-02-19 10:39:30.000000,tati.maio@hotmail.com,+541169009158,Quilmes,Formulario Web
3787,Graciela Silvina,Espindola,No contesta,asignaciones,2025-12-15 10:52:19.000000,silvespi2015@gmail.com,+541159388463,José C. Paz,Formulario Web
3788,Camila,Ossola,No contesta,asignaciones,2025-12-12 15:04:34.000000,camiiossola@gmail.com,+542223551594,C.A.B.A,Formulario Web
3791,Perla,García Charry,No contesta,asignaciones,2026-02-24 10:16:13.000000,ingenieraperla@gmail.com,+541122092078,C.A.B.A,Formulario Web
3794,Nadia,PERRUPATO,No contesta,asignaciones,2025-12-12 16:27:09.000000,marcelaperrupato@hotmail.com,+541167503335,Lanús,Formulario Web
3795,Iara,Piñero,No contesta,asignaciones,2026-01-28 16:34:29.000000,pineroiarasofia@gmail.com,+541157618746,La Matanza,Formulario Web
3810,MARCELA EDITH,FRANCIONE,No contesta,asignaciones,2025-12-19 11:30:19.000000,marcelitafrancione@hotmail.com,+541163785557,La Matanza,Formulario Web
3811,JOAQUIN,UNATES,No contesta,asignaciones,2026-02-26 11:20:08.000000,joaquinunates@yahoo.com.ar,+541132106443,C.A.B.A,Formulario Web
3818,Gastón,Hornos,No contesta,asignaciones,2026-05-28 15:28:05.000000,ghornos1979@gmail.com,+541127847617,Tres de Febrero,Formulario Web
3823,analia,morillo,No contesta,asignaciones,2025-12-15 11:06:28.000000,analiamorillo229@gmail.com,+543454081744,Otra,Formulario Web
3826,Matias Andres,Fernandez,No contesta,asignaciones,2026-08-21 11:02:17.000000,arturobandini277@gmail.com,+543804343878,Otra,Formulario Web
3827,Santiago,Romero,No contesta,asignaciones,2026-01-28 16:35:32.000000,santiromero0791@gmail.com,+541125073769,Pilar,Formulario Web
3833,Lucas,Orellano,No contesta,asignaciones,2026-02-09 17:10:52.000000,micabmereles@gmail.com,+541127625276,Gral. San Martín,Formulario Web
3843,Karina Maribel,Rivero,No contesta,asignaciones,2025-12-26 14:53:10.000000,asistenciakarina@gmail.com,+541136997160,C.A.B.A,Formulario Web
3853,Mercedes,Rubiales,No contesta,asignaciones,2026-01-08 13:49:47.000000,merceru24@gmail.com,+541134765612,C.A.B.A,Formulario Web
3861,Gabriela,Leyes Martins,No contesta,asignaciones,2026-02-05 15:11:33.000000,gabrielaleyesmartins@gmail.com,+541162083014,Lomas de Zamora,Formulario Web
3868,Matias gaspar,Zamora,No contesta,asignaciones,2025-12-15 11:45:11.000000,matiaszamora167@gmail.com,+541159320105,Lomas de Zamora,Formulario Web
3872,Ana,Montenegro,No contesta,asignaciones,2026-01-28 16:36:53.000000,anamariamontenegro896@gmail.com,+543491430979,Avellaneda,Formulario Web
3876,Victoria Carolina,Paredes Ferreira,No contesta,asignaciones,2025-12-15 11:24:06.000000,victoriaparedes23@gmail.com,+541166955151,La Matanza,Formulario Web
3883,Diego,Carregal,No contesta,asignaciones,2026-02-19 10:39:48.000000,carregaldiego@gmail.com,+541121755555,C.A.B.A,Formulario Web
3887,Chiara,Ariente,No contesta,asignaciones,2026-01-28 16:44:37.000000,chiaraantonellaariente@gmail.com,+541169196340,Avellaneda,Formulario Web
3891,Sofia,Osinaga,No contesta,asignaciones,2025-12-23 10:18:39.000000,osinagasofia2613@gmail.com,+541140483490,La Matanza,Formulario Web
3893,MARISOL,A ALIENDRO,No contesta,asignaciones,2026-02-24 11:44:40.000000,marysolaliendro@gmail.com,+541154152279,Otra,Formulario Web
3904,Ana Gabriela,Machuca,No contesta,asignaciones,2025-12-17 13:59:27.000000,gabymachu77@gmail.com,+541127957207,Ezeiza,Formulario Web
3905,Daniela,Restrepo,No contesta,asignaciones,2025-12-15 11:18:33.000000,daniela95r@hotmail.com,+541132106521,C.A.B.A,Formulario Web
3922,Leandro,Loyte,No contesta,asignaciones,2026-05-28 15:28:35.000000,lealoyte@gmail.com,+541153321677,C.A.B.A,Formulario Web
3926,Carlos,Ledesma,No contesta,asignaciones,2025-12-15 10:41:40.000000,nicoledesma055@gmail.com,+543492619421,Florencio Varela,Formulario Web
3931,Marco,Salazar,No contesta,asignaciones,2026-02-26 11:20:16.000000,ezequielatr22mp@gmail.com,+541127628165,Otra,Formulario Web
3937,Blanca ester,Flores,No contesta,asignaciones,2025-12-26 14:40:03.000000,bf0641670@gmail.com,+541154917658,Moreno,Formulario Web
3940,Claudio jose,Ferreyra,No contesta,asignaciones,2025-12-15 17:18:40.000000,claudioferreyra875@gmail.com,+5493846496574,C.A.B.A,Formulario Web
3944,Naara yael,Diaz,No contesta,asignaciones,2026-02-19 10:40:00.000000,naranda586@gmail.com,+541131763479,Berazategui,Formulario Web
3949,Tania,Caipillán Solis,No contesta,asignaciones,2026-02-05 15:10:53.000000,tgcaipillansolis@gmail.com,+542974584688,Vicente López,Formulario Web
3950,Mercedes,Benitez,No contesta,asignaciones,2025-12-19 10:59:49.000000,mechebenitez1988@gmail.com,+541130039995,C.A.B.A,Formulario Web
3958,sabrina,aguada,No contesta,asignaciones,2025-12-26 14:54:36.000000,sabriaguada33@gmail.com,+541144771133,Tres de Febrero,Formulario Web
3959,Brandon,Perez,No contesta,asignaciones,2026-02-24 11:33:55.000000,brandonperezsalinas22@gmail.com,+541126480657,La Matanza,Formulario Web
3961,Nicolas,Ingrassia,No contesta,asignaciones,2025-12-15 17:18:43.000000,puertodecueros@gmail.com,+541160172229,Quilmes,Formulario Web
3967,Daniel Gustavo,Bartolone,No contesta,asignaciones,2025-12-23 10:18:42.000000,dgbartolone@gmail.com,+541144243153,C.A.B.A,Formulario Web
3972,Lourdes,Centurion Guerechit,No contesta,asignaciones,2026-02-05 15:14:34.000000,lourdesguerechit1804@gmail.com,+541121763163,Tres de Febrero,Formulario Web
3975,Franco,barrionuevo,No contesta,asignaciones,2025-12-15 17:18:46.000000,franbarrio3662@gmail.com,+541153329399,La Matanza,Formulario Web
3977,Analia Veronica,Fallerini,No contesta,asignaciones,2025-12-19 11:04:54.000000,analiafallerini1@gmail.com,+541131980534,Quilmes,Formulario Web
3982,María,Alvelo,No contesta,asignaciones,2025-12-16 14:51:32.000000,maalvelo@gmail.com,+541151609300,C.A.B.A,Formulario Web
3983,Noelia jazmin,Papadopulos,No contesta,asignaciones,2026-02-24 11:42:08.000000,metalurgica_metales@hotmail.com,+541139482398,C.A.B.A,Formulario Web
3991,Valentina,Ballesteros,No contesta,asignaciones,2025-12-15 16:03:12.000000,valenballesteros29@gmail.com,+541128619568,Otra,Formulario Web
3993,Tomas,Quinteros,No contesta,asignaciones,2026-02-24 11:32:50.000000,tomasquinteros928@gmail.com,+543835520195,C.A.B.A,Formulario Web
3995,Jorge Nicolás,velazco,No contesta,asignaciones,2026-02-05 15:12:47.000000,nicolasvelazco659@gmail.com,+543834340937,Berazategui,Formulario Web
3997,Agustin,galdame,No contesta,asignaciones,2025-12-19 11:05:00.000000,galdamea033@gmail.com,+542622343013,C.A.B.A,Formulario Web
4004,Galifi,Jacqueline,No contesta,asignaciones,2025-12-26 14:56:24.000000,martin07vv@gmail.com,+541157594627,José C. Paz,Formulario Web
4005,Franco,Bienchiman,No contesta,asignaciones,2025-12-17 13:56:50.000000,francomartinbienchinman@gmail.com,+543413294349,Otra,Formulario Web
4006,Gabriel,Moyano,No contesta,asignaciones,2025-12-26 14:40:18.000000,gaby82.edgar@hotmail.com,+541158345838,Ezeiza,Formulario Web
4007,Diego,Zordan,No contesta,asignaciones,2025-12-15 17:19:43.000000,lucianaazulgallardo@gmail.com,+543576483995,C.A.B.A,Formulario Web
4013,Natalia,Moran,No contesta,asignaciones,2026-03-05 10:15:11.000000,moranatp@gmail.com,+541168000442,C.A.B.A,Formulario Web
4014,Daniela,Frías,No contesta,asignaciones,2026-03-05 10:15:35.000000,friasdaniela607@gmail.com,+541131926040,Lomas de Zamora,Formulario Web
4021,Stephanie,Pino,No contesta,asignaciones,2025-12-15 14:16:12.000000,stephaniepinomarcano@icloud.com,+541164328977,C.A.B.A,Formulario Web
4024,Sebastian,Lencina,No contesta,asignaciones,2025-12-15 17:22:19.000000,lencinasofia81@gmail.com,+541122845032,La Matanza,Formulario Web
4027,Victoria,Quiroga,No contesta,asignaciones,2025-12-19 11:05:50.000000,victoriaquiroga18@gmail.com,+541151154440,Hurlingham,Formulario Web
4028,Viviana,Villarreal,No contesta,asignaciones,2025-12-26 14:56:25.000000,vivianavillarreal657@gmail.com,+541161585775,C.A.B.A,Formulario Web
4032,Gabriel Gonzalo,Arosa,No contesta,asignaciones,2025-12-16 15:01:42.000000,gabrielgarosa@gmail.com,+541168504058,C.A.B.A,Formulario Web
4049,Sebastian,Zanazzi,No contesta,asignaciones,2026-02-06 11:56:55.000000,sebastianzanazzi7@gmail.com,+541130917583,Almirante Brown,Formulario Web
4050,Laura,Figueroa,No contesta,asignaciones,2025-12-19 11:06:41.000000,90laurafigueroa@gmail.com,+541160148957,Almirante Brown,Formulario Web
4053,Aldana Marilina,Mota,No contesta,asignaciones,2025-12-16 15:15:48.000000,aldanamota8@gmail.com,+541123451995,C.A.B.A,Formulario Web
4057,GABRIELA,capelletti,No contesta,asignaciones,2025-12-26 14:56:27.000000,gfcapelletti@gmail.com,+541165809325,C.A.B.A,Formulario Web
4058,Bruno,Moriconi,No contesta,asignaciones,2025-12-17 13:52:15.000000,brunomoriconu@hotmail.com,+543400666876,C.A.B.A,Formulario Web
4060,Emma,Oviedo Castro,No contesta,asignaciones,2025-12-15 17:23:28.000000,artearies36@gmail.com,+541171478583,C.A.B.A,Formulario Web
4065,Natalia,Ruiz,No contesta,asignaciones,2026-07-24 12:17:46.000000,natidevestuario@gmail.com,+541154112370,C.A.B.A,Formulario Web
4066,Micaela,Graciani,No contesta,asignaciones,2026-02-24 11:40:06.000000,mmicag2815@gmail.com,+541141849230,Morón,Formulario Web
4074,Gabriela,Koszalka,No contesta,asignaciones,2025-12-15 17:26:00.000000,gabikoszalka@gmail.com,+541124565980,C.A.B.A,Formulario Web
4075,tamara,gastaldi,No contesta,asignaciones,2025-12-17 10:20:58.000000,tamaramg1909@gmail.com,+541130661909,Morón,Formulario Web
4079,Enzo David,Echegaray,No contesta,asignaciones,2025-12-26 14:56:30.000000,enzoechegaray09@gmail.com,+541141463023,C.A.B.A,Formulario Web
4082,Luis,Herrera,No contesta,asignaciones,2025-12-26 14:47:30.000000,luismihe@hotmail.com,+541121789693,Lanús,Formulario Web
4084,Lorena,Mirarchi,No contesta,asignaciones,2026-02-20 13:57:57.000000,lore74ba@hotmail.com,+541132141338,Vicente López,Formulario Web
4088,Analía soledad,Loto,No contesta,asignaciones,2026-02-25 10:57:39.000000,soledadmorena89@gmail.com,+541124821008,Gral. San Martín,Formulario Web
4091,Ana,Mora,No contesta,asignaciones,2026-02-03 16:24:50.000000,enzo_cum@hotmail.com,+541122586878,Gral. San Martín,Formulario Web
4096,Jessica Adriana,Cuellar Alvarez,No contesta,asignaciones,2026-03-05 10:15:32.000000,adrianacuellar125@gmail.com,+541126392537,C.A.B.A,Formulario Web
4097,Suyay,Brillaud,No contesta,asignaciones,2026-02-24 11:30:18.000000,suyaybrillaud1133@gmail.com,+541155820113,C.A.B.A,Formulario Web
4101,Rocio,Venialgo,No contesta,asignaciones,2025-12-16 10:51:36.000000,rociovenialgo@hotmail.com,+541126773457,C.A.B.A,Formulario Web
4107,Cristian David,Benitez,No contesta,asignaciones,2025-12-26 14:56:32.000000,loanykevin@gmail.com,+543482239210,Avellaneda,Formulario Web
4108,Shanon Danna,Marca,No contesta,asignaciones,2026-02-24 11:29:57.000000,dannamarcam@gmail.com,+541141886917,C.A.B.A,Formulario Web
4109,Yamila,Blanco,No contesta,asignaciones,2025-12-22 11:49:48.000000,ylb@hotmail.com.ar,+541154688410,C.A.B.A,Formulario Web
4110,Magali,MendoA,No contesta,asignaciones,2026-01-28 16:52:57.000000,alejandrohernanmolina628@gmail.com,+541157990919,Pilar,Formulario Web
4119,Andrea Mabel,Eiriz,No contesta,asignaciones,2025-12-16 15:42:51.000000,andreaeiriz@hotmail.com,+541122928742,Lanús,Formulario Web
4125,Silvio,Jesus Gutiérrez,No contesta,asignaciones,2026-01-28 16:54:55.000000,jesusssigura309@gmail.com,+543434670198,Otra,Formulario Web
4127,Angel,Muñoz,No contesta,asignaciones,2025-12-19 11:10:11.000000,gils03@hotmail.com,+543512137264,Otra,Formulario Web
4128,Daiana Teresa,Sahagun,No contesta,asignaciones,2025-12-26 14:56:37.000000,sahagundaiana448@gmail.com,+543625710710,Avellaneda,Formulario Web
4132,Micaela,Lopez,No contesta,asignaciones,2026-02-13 15:23:43.000000,lalejandramicaela@gmail.com,+541135727513,Lomas de Zamora,Formulario Web
4140,Axel matias,Lombardo,No contesta,asignaciones,2026-01-28 16:55:37.000000,jefepotschka@gmail.com,+543755210753,San Miguel,Formulario Web
4144,Romelia Mirta,Segundo,No contesta,asignaciones,2025-12-17 12:09:25.000000,romeliasegundo20@gmail.com,+543878357687,Merlo,Formulario Web
4151,Sergio David,Rodríguez,No contesta,asignaciones,2025-12-19 11:11:12.000000,sergiodavidrodriguez02@gmail.com,+542664987682,Gral. San Martín,Formulario Web
4157,Rocio,Olivarez,No contesta,asignaciones,2025-12-17 13:48:46.000000,rocioolivarez940@gmail.com,+543794151254,Otra,Formulario Web
4158,Ricardo javier,Martínez,No contesta,asignaciones,2025-12-26 14:47:22.000000,martinezricardo02021994@gmail.com,+543512286888,Pilar,Formulario Web
4164,Olga,Bagaeva,No contesta,asignaciones,2025-12-17 17:15:47.000000,olganotgraphic@gmail.com,+541166885044,C.A.B.A,Formulario Web
4166,Nuhelys,Briceño,No contesta,asignaciones,2025-12-16 15:54:49.000000,nuhelysm@gmail.com,+541158263074,Gral. San Martín,Formulario Web
4173,Patricia teresa,Fleitas,No contesta,asignaciones,2025-12-16 12:51:02.000000,patryfleitas01@gmail.com,+543735531201,Lomas de Zamora,Formulario Web
4176,Rodrigo,Ortiz,No contesta,asignaciones,2025-12-19 11:12:11.000000,rodrigoortiz323@gmail.com,+541162720763,La Matanza,Formulario Web
4177,Loana,Vasquez,No contesta,asignaciones,2025-12-26 14:56:42.000000,loavasquez99@hotmail.com,+541157521419,Morón,Formulario Web
4181,Yuri,Garcia,No contesta,asignaciones,2025-12-16 16:00:38.000000,ktgcontacto@gmail.com,+5491178940653,C.A.B.A,Formulario Web
4184,Maria,Amestoy,No contesta,asignaciones,2025-12-30 17:35:16.000000,maria_am_94@hotmail.com,+541137011698,C.A.B.A,Formulario Web
4190,Ana,Theodossiou,No contesta,asignaciones,2025-12-23 10:19:01.000000,anatheofila@gmail.com,+541163972157,C.A.B.A,Formulario Web
4195,Fiorella,Caruso,No contesta,asignaciones,2025-12-19 11:13:11.000000,fiorecitacaruso@hotmail.com,+541128479376,La Matanza,Formulario Web
4197,Franco,Maximiliano,No contesta,asignaciones,2026-02-24 11:29:28.000000,marcos@pparq.com,+542236865575,C.A.B.A,Formulario Web
4198,Naomy,Caruz,No contesta,asignaciones,2025-12-16 16:06:26.000000,naomycaruz@gmail.com,+541140991899,C.A.B.A,Formulario Web
4201,Daniela,Gauna,No contesta,asignaciones,2025-12-26 14:56:46.000000,danigauna31@gmail.com,+541165756535,C.A.B.A,Formulario Web
4203,Liz,galeano,No contesta,asignaciones,2025-12-17 16:02:36.000000,lizgaleanogonzales@hotmail.com,+541130047881,C.A.B.A,Formulario Web
4207,Victor emanuel,Martinez,No contesta,asignaciones,2026-02-12 15:57:24.000000,victorema401@gmail.com,+541125320171,Merlo,Formulario Web
4212,Lucas Gonzalo,Vera,No contesta,asignaciones,2025-12-16 16:09:56.000000,gonzalo_vera@hotmail.es,+541160006228,La Matanza,Formulario Web
4217,María Alejandra,Bravo,No contesta,asignaciones,2026-05-28 15:52:40.000000,alebravo121983@gmail.com,+541165071194,Hurlingham,Formulario Web
4219,yanina marisol,correa,No contesta,asignaciones,2026-02-03 16:25:21.000000,llilit9@hotmail.com,+541133800684,C.A.B.A,Formulario Web
4222,Debora,Pagliano,No contesta,asignaciones,2025-12-26 14:56:52.000000,depagliano@hotmail.com,+541141921026,Gral. San Martín,Formulario Web
4232,genesis,trotta,No contesta,asignaciones,2025-12-26 14:52:16.000000,genesistrotta11@gmail.com,+541169604844,Lomas de Zamora,Formulario Web
4239,ALEJANDRO,ALVEZ,No contesta,asignaciones,2025-12-17 17:15:13.000000,alvezdbz@gmail.com,+541123846007,Gral. San Martín,Formulario Web
4244,Martina,Chaparro,No contesta,asignaciones,2026-02-06 11:55:12.000000,martichapa05@gmail.com,+541150178035,Malvinas Argentinas,Formulario Web
4245,Daniela,Travaglini,No contesta,asignaciones,2025-12-19 11:20:50.000000,dstacg@gmail.com,+541164624542,C.A.B.A,Formulario Web
4246,FABIANA ALEJANDRA,MARDONES,No contesta,asignaciones,2025-12-17 14:21:14.000000,fabiana@labielatour.com,+541149495499,La Matanza,Formulario Web
4251,daniela,garay,No contesta,asignaciones,2025-12-26 14:56:53.000000,daniela_garay_88@hotmail.com,+541165016976,Avellaneda,Formulario Web
4254,Ana María,Astorga,No contesta,asignaciones,2026-01-28 16:57:21.000000,astorgaanamaria87@gmail.com,+541132101727,La Matanza,Formulario Web
4262,Nahuel,Leon,No contesta,asignaciones,2025-12-26 11:16:39.000000,nleon1088@gmail.com,+543534238061,Gral. San Martín,Formulario Web
4267,Fatima maria,Villalba,No contesta,asignaciones,2026-02-06 11:59:00.000000,fatimamvillalba@gmail.com,+541130647754,San Isidro,Formulario Web
4270,Macelo,Benítez,No contesta,asignaciones,2026-02-03 16:26:15.000000,juliapaniagus@gmail.com,+541164316864,San Miguel,Formulario Web
4273,Jorge,Espindola,No contesta,asignaciones,2025-12-26 14:56:55.000000,espindola15hdp@gmail.com,+543426496431,San Miguel,Formulario Web
4277,Micaela Estefanía,Benítez,No contesta,asignaciones,2025-12-17 12:12:35.000000,estefaniabene123@hgmail.com,+543764213602,Ituzaingó,Formulario Web
4284,Jorge,Molina,No contesta,asignaciones,2026-01-28 16:58:44.000000,jorgemolina1732@gmail.com,+543413647374,Otra,Formulario Web
4287,Jonas,Lara,No contesta,asignaciones,2026-05-28 15:40:36.000000,jonasjjlb05@hotmail.com,+541136687121,C.A.B.A,Formulario Web
4299,Alejandro Agustín,Rogg,No contesta,asignaciones,2025-12-29 10:59:51.000000,agusrogg@gmail.com,+5492215366249,Otra,Formulario Web
4301,Sebastián,Westphal,No contesta,asignaciones,2025-12-26 14:40:43.000000,sebawest83@gmail.com,+541163849887,Moreno,Formulario Web
4302,María José,Raimundi,No contesta,asignaciones,2026-01-28 17:12:49.000000,marajoseraimundi@gmail.com,+541172417658,C.A.B.A,Formulario Web
4319,Rosaura,Campos,No contesta,asignaciones,2026-01-28 17:26:23.000000,camposfiorella68@gmail.com,+541166187063,Gral. San Martín,Formulario Web
4321,Candela,Mansilla,No contesta,asignaciones,2025-12-22 12:02:49.000000,caandynailss@gmail.com,+541122972715,Quilmes,Formulario Web
4330,Ana laura,Crocco,No contesta,asignaciones,2026-01-28 17:27:46.000000,croccoana25@gmail.com,+541160573212,José C. Paz,Formulario Web
4332,Silvia,Rojas Canaviri,No contesta,asignaciones,2026-02-18 17:10:33.000000,silviarojascanaviri@gmail.com,+541127105180,Morón,Formulario Web
4334,Paula,Cañas,No contesta,asignaciones,2025-12-18 12:27:05.000000,caaspaula@gmail.com,+541170970202,C.A.B.A,Formulario Web
4346,Valentín,Fernández,No contesta,asignaciones,2026-03-05 10:15:28.000000,valentinfernandez2424@gmail.com,+542474661871,C.A.B.A,Formulario Web
4349,Lorena,Balzano,No contesta,asignaciones,2026-01-26 12:22:40.000000,lorenabal30@hotmail.com.ar,+541136602517,Quilmes,Formulario Web
4353,Cesar Emanuel,Apaza,No contesta,asignaciones,2026-02-24 10:16:28.000000,ldzema76@gmail.com,+541169648167,Almirante Brown,Formulario Web
4354,Nicole,Guilbert,No contesta,asignaciones,2025-12-19 15:01:23.000000,consultasbettyconfetti@gmail.com,+541169642467,Tres de Febrero,Formulario Web
4358,Tatiana,Naon,No contesta,asignaciones,2026-05-28 15:41:02.000000,tatiananaon@gmail.com,+541139010884,C.A.B.A,Formulario Web
4359,Dario alejandro,Benitez,No contesta,asignaciones,2025-12-18 12:27:28.000000,darolau1931@gmail.com,+541124535244,C.A.B.A,Formulario Web
4367,Fernanda,Soler,No contesta,asignaciones,2026-02-03 16:26:58.000000,fernandasoler1722@gmail.com,+541156048603,Morón,Formulario Web
4373,Monica María de los angeles,Peña berra,No contesta,asignaciones,2026-02-06 12:04:45.000000,mariabelenp920@gmail.com,+542216406670,Berazategui,Formulario Web
4374,Sergio,Walter,No contesta,asignaciones,2026-01-08 13:49:37.000000,sergiowalterjuarez9@gmail.com,+542236334729,Hurlingham,Formulario Web
4377,Florencia,Casini,No contesta,asignaciones,2025-12-19 16:17:13.000000,casiniflorenciaanabel@gmail.com,+543516525634,Otra,Formulario Web
4378,Armando Augusto,Carabajal,No contesta,asignaciones,2025-12-18 08:39:59.000000,carabajalarmando849@gmail.com,+541172138563,Florencio Varela,Formulario Web
4384,Martina,Maizares,No contesta,asignaciones,2025-12-18 12:22:44.000000,martinamaizares29@gmil.com,+543884674457,Gral. San Martín,Formulario Web
4392,Walter,salto,No contesta,asignaciones,2025-12-22 15:30:17.000000,matiassalto19961@gmail.com,+541125700998,Tigre,Formulario Web
4393,Axel,Rosetti,No contesta,asignaciones,2026-02-24 11:29:05.000000,peraltamilagros896@gmail.com,+542227555598,Otra,Formulario Web
4396,Micaela,Cleri,No contesta,asignaciones,2025-12-22 11:49:24.000000,micaelacleri@hotmail.com,+541164053697,Esteban Echeverría,Formulario Web
4401,Dario,Gabriel Rodriguez,No contesta,asignaciones,2026-01-29 16:34:11.000000,dariorp1992@gmail.com,+541160089298,Avellaneda,Formulario Web
4402,Alma,Estrella,No contesta,asignaciones,2025-12-26 11:16:46.000000,almavestrella@yahoo.com.ar,+541166919701,C.A.B.A,Formulario Web
4403,Hernan,Pertile,No contesta,asignaciones,2025-12-22 15:31:50.000000,hernanpertilegolf@hotmail.com,+5491122861393,C.A.B.A,Formulario Web
4415,Agustina,Ferreyra,No contesta,asignaciones,2025-12-22 16:21:35.000000,smarcolongo@bago.com.ar,+541169329807,C.A.B.A,Formulario Web
4421,Carolina,Massoni,No contesta,asignaciones,2025-12-18 12:34:51.000000,mariela141162@gmail.com,+541136242409,C.A.B.A,Formulario Web
4425,veronica,carbonell,No contesta,asignaciones,2026-03-06 12:37:01.000000,veronica.carbonell@odyseashipping.com,+541141743884,C.A.B.A,Formulario Web
4427,rodrigo,lorenzoni,No contesta,asignaciones,2025-12-19 15:35:32.000000,lorenzonirodrigo18@gmail.com,+541151774053,Avellaneda,Formulario Web
4429,Rolando,Gonzalez,No contesta,asignaciones,2025-12-18 18:47:10.000000,casares1930@hotmail.com,,Lomas de Zamora,Formulario Web
4431,Valeria,Grasso,No contesta,asignaciones,2025-12-22 16:24:13.000000,gcvarquitectura@gmail.com,+542214203730,Otra,Formulario Web
4432,Mariela,Quinteros,No contesta,asignaciones,2026-02-24 11:26:48.000000,adrianstrano@gmail.com,+541132035875,C.A.B.A,Formulario Web
4436,Daniela,RIBEIRO HERBON,No contesta,asignaciones,2025-12-18 15:12:47.000000,danielaribeiroherbon@gmail.com,+5492944693102,C.A.B.A,Formulario Web
4441,Jair efrain,Villafuerte,No contesta,asignaciones,2026-02-24 10:16:45.000000,jairelangel22@gmail.com,+541130068550,Lanús,Formulario Web
4442,Pamela,Paez,No contesta,asignaciones,2025-12-26 14:04:34.000000,pamelapaez01@gmail.com,+541122936201,Almirante Brown,Formulario Web
4453,Martin,Delbene,No contesta,asignaciones,2026-01-08 13:49:40.000000,martindelbene@gmail.com,+541127834738,Morón,Formulario Web
4458,Rolando,Ibañez,No contesta,asignaciones,2025-12-22 16:28:35.000000,ibanezrolando460@gmail.com,+543873388492,Otra,Formulario Web
4459,Denis,Martínez,No contesta,asignaciones,2026-03-06 12:41:23.000000,dm2333485@gmaio.com,+541125953635,La Matanza,Formulario Web
4462,Sergio,Gonzalez,No contesta,asignaciones,2025-12-26 13:28:36.000000,sergiosebastian.gonzalez@bbva.com,+541155246263,C.A.B.A,Formulario Web
4463,Osvaldo Ramón,Saracho,No contesta,asignaciones,2026-02-24 11:26:21.000000,sarachnico16@gmail.com,+543725400166,Otra,Formulario Web
4472,Denise,Gomez,No contesta,asignaciones,2025-12-23 11:54:32.000000,denisegomez3279@gmail.com,+541121755492,Vicente López,Formulario Web
4474,Rocio,Valdivieso,No contesta,asignaciones,2025-12-26 13:12:06.000000,rociovaldiviesotamara@gmail.com,+541164061817,C.A.B.A,Formulario Web
4485,Liz Marlene,Palacios,No contesta,asignaciones,2025-12-26 13:13:13.000000,lizpalacios2108@gmail.com,+541126962859,La Matanza,Formulario Web
4486,Alejandro jose,Aguero,No contesta,asignaciones,2026-03-05 10:15:57.000000,iaramagalia04@gmail.com,+543518689974,Otra,Formulario Web
4494,Sebastian ariel,Camacho,No contesta,asignaciones,2025-12-26 13:14:08.000000,ariellcamacho2182@gmail.com,+541127651734,La Matanza,Formulario Web
4501,Jorge Alberto,Urquiza,No contesta,asignaciones,2026-02-24 11:23:29.000000,jorgealbertourquiza64@gmail.com,+542634318726,Gral. San Martín,Formulario Web
4507,CHUQUIMIA,ADRIANA,No contesta,asignaciones,2026-04-17 11:44:25.000000,achuquimia78@gmail.com,+5491168783136,Pilar,Formulario Web
4510,Zulema,Gallardo,No contesta,asignaciones,2025-12-26 13:21:22.000000,gallardozulema00@gmail.com,+541128504495,La Matanza,Formulario Web
4512,Dana Anahi,Colombo Chamorro,No contesta,asignaciones,2026-03-06 12:41:14.000000,danacolombo97@gmail.com,+541126831876,Almirante Brown,Formulario Web
4513,Claudia romina,Fereyra,No contesta,asignaciones,2025-12-19 12:51:10.000000,clauromina.ferreyra@fmail.com,+541136731481,San Miguel,Formulario Web
4514,Candela,Pedrozo,No contesta,asignaciones,2026-05-28 15:42:08.000000,candepedrozo4@gmail.com,+541135115023,Moreno,Formulario Web
4515,Gabriel,Loiacono,No contesta,asignaciones,2025-12-19 16:01:33.000000,celte2000@hotmail.com,+541135679317,La Matanza,Formulario Web
4518,Mariana,Gutierrez,No contesta,asignaciones,2026-02-20 13:58:22.000000,marianasoledadgutierrez95@gmail.com,+541121913743,Esteban Echeverría,Formulario Web
4524,matias,castellini,No contesta,asignaciones,2026-02-24 11:31:00.000000,maccanch@gmail.com,+541166057369,C.A.B.A,Formulario Web
4531,Marina Ariana,Isarelli,No contesta,asignaciones,2026-02-19 10:40:54.000000,missmarineblue@gmail.com,+541161721515,C.A.B.A,Formulario Web
4539,Jesica Andrea,Siri,No contesta,asignaciones,2025-12-19 16:18:51.000000,jesicasiricp@gmail.com,+541159589939,C.A.B.A,Formulario Web
4543,Braian,Garcia,No contesta,asignaciones,2025-12-23 11:54:52.000000,agustinabautista197@gmail.com,+541122581892,Lanús,Formulario Web
4550,Florencia,Fuentes,No contesta,asignaciones,2026-02-12 13:40:31.000000,florfuenttes@gmail.com,+541126927412,San Isidro,Formulario Web
4551,Facundo,Molina,No contesta,asignaciones,2025-12-30 17:35:23.000000,molinafacundo.s@hotmail.com,+5492914495795,C.A.B.A,Formulario Web
4559,Gabriel alejandro,rodriguez,No contesta,asignaciones,2026-01-28 17:28:49.000000,brezza07@gmail.com,+541154572567,C.A.B.A,Formulario Web
4565,guadalue,paladino,No contesta,asignaciones,2025-12-24 13:04:47.000000,guadalupepaladino6@gmail.com,+541126105150,C.A.B.A,Formulario Web
4585,Lucio,Aquino Benítez,No contesta,asignaciones,2025-12-22 11:11:41.000000,aquinolucio460@gmail.com,+5490022862830,Berazategui,Formulario Web
4586,Micaela,Bortolato,No contesta,asignaciones,2026-03-05 13:29:13.000000,bortolattomicaela1@gmail.com,+543471339409,Quilmes,Formulario Web
4587,Maria luz,Tolosa,No contesta,asignaciones,2026-01-28 17:31:12.000000,luztolosa1989@gmail.com,+541159633159,C.A.B.A,Formulario Web
4591,Carina,Almiron,No contesta,asignaciones,2026-07-24 12:18:40.000000,tobiascabjs@gmail.com,+541156091717,Berazategui,Formulario Web
4592,Vanesa,Barrientos,No contesta,asignaciones,2025-12-22 12:17:54.000000,vanesabarrientosgpg@gmail.com,+541130220235,La Matanza,Formulario Web
4594,AGUSTINA BELEN,ACUÑA MOLINA,No contesta,asignaciones,2026-02-19 10:41:05.000000,agustinabelen23@gmail.com,+541165123128,C.A.B.A,Formulario Web
4595,Soledad,Ragona,No contesta,asignaciones,2026-02-24 11:22:03.000000,soledadragona@gmail.com,+541156240806,Tres de Febrero,Formulario Web
4605,Matías Alfredo,Amundarain,No contesta,asignaciones,2026-02-19 10:41:18.000000,amundarainmatias1@gmail.com,+542281364778,Otra,Formulario Web
4611,Juan esteban,Paniagua,No contesta,asignaciones,2026-03-06 14:14:16.000000,agustinpaniagu@gmail.com,+541150061718,Berazategui,Formulario Web
4616,guillermo adrian,duckardt,No contesta,asignaciones,2025-12-23 11:54:57.000000,guillermoduckardt@hotmail.com,+541150045381,Berazategui,Formulario Web
4619,Diego,Ruiz,No contesta,asignaciones,2026-03-05 10:18:45.000000,macarena.straniero@bue.edu.ar,+541134762610,Lanús,Formulario Web
4624,Esteban,Leonis,No contesta,asignaciones,2025-12-30 17:35:26.000000,estebanleonis@hotmail.com,+541141895455,Esteban Echeverría,Formulario Web
4625,Javier,Suárez,No contesta,asignaciones,2025-12-22 12:22:48.000000,j9042749@gmail.com,+543758484924,Ituzaingó,Formulario Web
4627,Julieta,Muñoz Quintana,No contesta,asignaciones,2026-02-19 10:41:27.000000,julietamquintana27@gmail.com,+543487646455,Zárate,Formulario Web
4637,Pablo,Anton,No contesta,asignaciones,2026-03-06 14:14:11.000000,pabloantond@gmail.com,+541131908497,C.A.B.A,Formulario Web
4641,Nicolas,Leguizamon,No contesta,asignaciones,2026-02-20 14:26:57.000000,nicolas_2117@outlook.com,+541138987082,Merlo,Formulario Web
4647,Marisol,Golato,No contesta,asignaciones,2026-03-05 10:15:50.000000,golatomarisol@gmail.com,+541150524267,Lomas de Zamora,Formulario Web
4652,Manuel,Olavarría,No contesta,asignaciones,2026-02-19 10:41:41.000000,manuelolavarria80@gmail.com,+541151430204,C.A.B.A,Formulario Web
4653,Dayana,Pucheta,No contesta,asignaciones,2025-12-23 11:54:56.000000,puchetadayanayael@gmail.com,+541157456411,Quilmes,Formulario Web
4655,Facundo,Perez ferreyra,No contesta,asignaciones,2026-01-30 16:57:43.000000,facundoperez203@hotmail.com,+541167344764,Lomas de Zamora,Formulario Web
4656,Macarena,Suppa,No contesta,asignaciones,2026-03-05 10:15:44.000000,macarenasuppa@gmail.com,+541131921852,C.A.B.A,Formulario Web
4659,José Esteban,Cuevas,No contesta,asignaciones,2026-05-28 15:44:46.000000,cuevasjose1129@gmail.com,+543517581410,C.A.B.A,Formulario Web
4660,Milagros,Britez,No contesta,asignaciones,2025-12-22 12:35:37.000000,millybritez1815@gmail.com,+541150377422,C.A.B.A,Formulario Web
4666,Facundo,Sosi,No contesta,asignaciones,2026-01-30 16:58:29.000000,facundososi7@gmail.com,+543482535902,Avellaneda,Formulario Web
4670,Ignacio,Dowgaluk,No contesta,asignaciones,2025-12-22 09:35:43.000000,szampella@hotmail.com,+541151051432,C.A.B.A,Formulario Web
4676,Ariel,Gatica,No contesta,asignaciones,2026-02-27 12:06:04.000000,arielgatica1985@gmail.com,+541137642102,Gral. San Martín,Formulario Web
4677,Alejandro david,Acevedo,No contesta,asignaciones,2026-01-30 17:03:27.000000,maidanaemilia137@gmail.com,+541162761929,Lanús,Formulario Web
4680,Maximiliano,Bustamante,No contesta,asignaciones,2025-12-26 13:29:36.000000,bustamante.meb@hotmail.com,+541168647495,La Matanza,Formulario Web
4681,Emilce,Rivero,No contesta,asignaciones,2026-03-27 11:23:13.000000,emilcerivero256@gmail.com,+543834260110,San Fernando,Formulario Web
4682,Florenxia,Jimenez,No contesta,asignaciones,2025-12-22 12:41:04.000000,mariaflorenciajimenez@gmail.com,+541133333828,C.A.B.A,Formulario Web
4688,Camila Nicole,Santana,No contesta,asignaciones,2026-01-14 14:52:50.000000,santanacamilanicole@gmail.com,+541170618026,Avellaneda,Formulario Web
4693,Lorena Elisabet,Rodríguez,No contesta,asignaciones,2026-05-05 15:52:25.000000,lorenarodri2011@gmail.com,+541166631166,Berazategui,Formulario Web
4695,Eduart,Villamizar,No contesta,asignaciones,2025-12-22 09:34:47.000000,caile2591@gmail.com,+541166295196,C.A.B.A,Formulario Web
4697,Sandra,Di sario,No contesta,asignaciones,2025-12-22 12:42:44.000000,sandradisario@hotmail.com,+541165482037,C.A.B.A,Formulario Web
4708,Candela,Veliz,No contesta,asignaciones,2025-12-22 12:48:52.000000,sofiariverol021@gmail.com,+541136396344,Lanús,Formulario Web
4721,Maria Fatima,Rivas,No contesta,asignaciones,2026-03-06 14:14:05.000000,marulopezrivas@gmail.com,+541123552654,Berazategui,Formulario Web
4727,Ezequiel,Cheleri,No contesta,asignaciones,2025-12-22 13:24:17.000000,martinasoledad593@gmail.com,+541162767467,C.A.B.A,Formulario Web
4731,Julieta,Silva,No contesta,asignaciones,2025-12-23 12:05:21.000000,faarisilva@gmail.com,+541123467712,Lanús,Formulario Web
4735,Marcos,Righi,No contesta,asignaciones,2026-02-13 15:24:42.000000,marcosrighi@hotmail.com,+541128677876,Lanús,Formulario Web
4739,Juan Nicolás,Rodríguez Suárez,No contesta,asignaciones,2026-07-24 12:18:48.000000,nicolasrodriguezsuarez24562@gmail.com,+541137678588,Avellaneda,Formulario Web
4747,Maria Rosa,Brito,No contesta,asignaciones,2025-12-29 12:17:57.000000,bautibritobrito@gmail.com,+541131880966,La Matanza,Formulario Web
4749,Matías,Catalano,No contesta,asignaciones,2026-02-10 11:22:21.000000,catalanomati2580@hotmal.com,+543516182380,C.A.B.A,Formulario Web
4752,Olga,Araujo,No contesta,asignaciones,2025-12-24 13:03:41.000000,olgaaraujo587@gmail.com,+542213092070,Florencio Varela,Formulario Web
4753,Rubén Alberto,Godoy,No contesta,asignaciones,2025-12-22 09:30:05.000000,gr6453450@gmail.com,+543625245861,Otra,Formulario Web
4756,Yamila,Folchi,No contesta,asignaciones,2026-03-05 10:15:41.000000,yamilaosvaldo22@gmail.com,+541121759586,Merlo,Formulario Web
4761,Jonathan Agustín,Ferreyra,No contesta,asignaciones,2026-02-19 10:41:54.000000,ferreyraagustin58@gmail.com,+541131171037,Avellaneda,Formulario Web
4783,Nelson,Alvez,No contesta,asignaciones,2025-12-22 13:29:13.000000,soledadbrizola@gmail.com,+541168783620,Moreno,Formulario Web
4785,Estanislao,Allende,No contesta,asignaciones,2025-12-22 12:23:52.000000,eallendegalluccio@gmail.com,+542291466775,Otra,Formulario Web
4789,Esteban,Navarro,No contesta,asignaciones,2026-02-10 11:25:31.000000,estebannavarromia@gmail.com,+542966217351,Almirante Brown,Formulario Web
4791,Osvaldo Daniel,Céspedes Benitez,No contesta,asignaciones,2025-12-22 13:32:56.000000,cepilleitor@hotmail.com,+541122601659,Lomas de Zamora,Formulario Web
4793,Stefanni,Ruiz,No contesta,asignaciones,2025-12-23 12:52:27.000000,dsrp0528@gmail.com,+541122519770,C.A.B.A,Formulario Web
4798,Lucía,Uribe Espinoza,No contesta,asignaciones,2026-02-10 11:27:09.000000,luuribeespinoza@gmail.com,+541127051405,C.A.B.A,Formulario Web
4800,Laura,Vibas,No contesta,asignaciones,2026-03-06 16:54:21.000000,vibaslaurav@gmail.com,+541137816144,José C. Paz,Formulario Web
4802,Hernan,Yamone,No contesta,asignaciones,2026-02-12 15:55:49.000000,hernan.yamone@hotmail.com,+541131410294,C.A.B.A,Formulario Web
4803,Maria yanet,Rodriguez,No contesta,asignaciones,2025-12-22 13:59:16.000000,yanettrodriguez95@gmail.com,+541137055863,C.A.B.A,Formulario Web
4807,Florencia,Ocampo,No contesta,asignaciones,2026-02-11 12:58:49.000000,witchtender@gmail.com,+541122457135,C.A.B.A,Formulario Web
4809,María Sol,Cavaliere,No contesta,asignaciones,2026-02-24 11:20:53.000000,editdelvillar@hotmail.com,+541163657206,C.A.B.A,Formulario Web
4811,Leonel,Mora,No contesta,asignaciones,2026-03-05 10:19:09.000000,moraleonel2608@gmail.com,+541149373169,C.A.B.A,Formulario Web
4813,Bianca,Arruzzo,No contesta,asignaciones,2026-03-05 10:19:03.000000,arruzzobianca@gmail.com,+541156338224,Gral. San Martín,Formulario Web
4814,Maria Carla,Dexhixo,No contesta,asignaciones,2025-12-23 16:32:22.000000,carladechico@yahoo.com.ar,+541167831910,Moreno,Formulario Web
4815,Giuliana,Bernaschi,No contesta,asignaciones,2025-12-22 16:11:50.000000,giubernaschi@gmail.com,+541133319980,C.A.B.A,Formulario Web
4817,María Ester,Gularte,No contesta,asignaciones,2026-02-24 10:17:04.000000,mmarigu1973@gmail.com,+541130803934,Moreno,Formulario Web
4823,Juan Carlos,Campillay,No contesta,asignaciones,2026-02-27 12:06:58.000000,j99327963@gmail.com,+542616969152,Otra,Formulario Web
4827,Exequiel,Avanses,No contesta,asignaciones,2025-12-26 14:44:05.000000,epa948@gmail.com,+541164274176,C.A.B.A,Formulario Web
4830,Vanesa,Larbeigt,No contesta,asignaciones,2026-04-17 12:11:41.000000,vanelarbeigt@yahoo.com.ar,+541138777073,C.A.B.A,Formulario Web
4831,Nicolas,Arias,No contesta,asignaciones,2026-02-10 11:37:55.000000,nicolasariascbc@gmail.com,+541154799577,Tigre,Formulario Web
4834,Angel,Brocos,No contesta,asignaciones,2026-02-25 12:22:37.000000,gabigabriel94@hotmail.es,+541159399209,Tres de Febrero,Formulario Web
4836,María,Alí,No contesta,asignaciones,2025-12-23 10:47:49.000000,mariasoledadali@gmail.com,+541165437752,C.A.B.A,Formulario Web
4847,Macarena,Alegre,No contesta,asignaciones,2025-12-26 15:27:08.000000,macarenaalegre501@icloud.com,+541132058899,Lanús,Formulario Web
4848,Matías,Zignago,No contesta,asignaciones,2025-12-30 10:16:24.000000,matiaszignago@gmail.com,+541155135130,Morón,Formulario Web
4849,Valeria,Vieiro,No contesta,asignaciones,2025-12-30 17:35:32.000000,valeriavieiroo@gamail.com,+5491151525722,C.A.B.A,Formulario Web
4850,Samanta,Sotelo trobat,No contesta,asignaciones,2025-12-23 10:51:12.000000,sotelotrobatsamanta@gmail.com,+541124556387,Lomas de Zamora,Formulario Web
4854,Daniel,Contrera,No contesta,asignaciones,2026-03-06 16:55:01.000000,danielcontrera731@gmail.com,+541154632523,Hurlingham,Formulario Web
4858,leonardo,De biaggi,No contesta,asignaciones,2026-01-02 11:10:54.000000,debiaggileonardo7@gmil.com,+541138609204,San Miguel,Formulario Web
4859,Lautaro Jose Maria,Fernandez,No contesta,asignaciones,2026-02-10 11:42:34.000000,lautifernandez955@gmail.com,+541122592791,La Matanza,Formulario Web
4863,Oscar,Baigorria,No contesta,asignaciones,2025-12-23 10:54:17.000000,baigorriaoscar548@gmail.com,+541131489277,La Matanza,Formulario Web
4869,Norberto martin,Gallardo,No contesta,asignaciones,2026-02-18 15:04:52.000000,joshuaambarangelina@gmail.com,+542974148077,Malvinas Argentinas,Formulario Web
4870,Cristian fabian,Miranda,No contesta,asignaciones,2026-02-10 11:48:01.000000,bmichaelde@gmail.com,+542235576740,Berazategui,Formulario Web
4879,VIVIANA LORENA,García,No contesta,asignaciones,2025-12-23 10:57:43.000000,vivianagarcia0578@gmail.com,+541164703540,C.A.B.A,Formulario Web
4885,Guadalupe,Vera,No contesta,asignaciones,2025-12-26 10:36:50.000000,pupe8vd@gmail.com,+542645449086,C.A.B.A,Formulario Web
4887,sebastiana,famoso,No contesta,asignaciones,2026-02-10 11:49:24.000000,sebastianafamoso@gimeil.com,+541125744216,C.A.B.A,Formulario Web
4888,Mariana,Peña,No contesta,asignaciones,2026-02-11 15:47:53.000000,cataleya1234alexandrapela123@gmail.com,+542622380442,Esteban Echeverría,Formulario Web
4890,Valeria,Voeffray,No contesta,asignaciones,2025-12-29 16:44:22.000000,dianamirtabustamante@hotmail.com,+541161802138,C.A.B.A,Formulario Web
4893,Veronica,Jimenez,No contesta,asignaciones,2025-12-23 15:06:42.000000,jimenezvero077@gomail.com,+541141958198,Quilmes,Formulario Web
4895,marianella,santoro,No contesta,asignaciones,2026-08-21 11:05:36.000000,santoromaru@hotmail.com,+541131602453,La Matanza,Formulario Web
4898,Agustina,Razetti,No contesta,asignaciones,2026-05-28 15:46:18.000000,arazetti@gmail.com,+541163066444,San Isidro,Formulario Web
4901,AYLEN MAGALI,Almanno,No contesta,asignaciones,2026-02-23 14:19:43.000000,ayluumagalii@hotmail.com,+541133438937,C.A.B.A,Formulario Web
4903,gabriel,capolupo,No contesta,asignaciones,2025-12-23 15:09:02.000000,gabrielcapolupo0@gmail.com,+541126105983,La Matanza,Formulario Web
4906,Noelia,Caraballo,No contesta,asignaciones,2026-01-06 14:34:02.000000,cumelenarg@gmail.com,+541124884179,C.A.B.A,Formulario Web
4908,Miguel,Aguirre,No contesta,asignaciones,2026-03-05 10:16:02.000000,joh.annapereyra@hotmail.com,+541159051139,La Matanza,Formulario Web
4912,Paola,Vallazza,No contesta,asignaciones,2026-01-08 15:49:04.000000,pocha2611@hotmail.com,+541137053230,C.A.B.A,Formulario Web
4926,Natalia,Barcia,No contesta,asignaciones,2026-01-05 14:10:04.000000,natiflo0507@gmail.com,+541167542600,C.A.B.A,Formulario Web
4927,Cristhian anthony,Arteaga sandoval,No contesta,asignaciones,2025-12-24 11:20:51.000000,arteagasandoval1991@gmail.com,+541127195322,C.A.B.A,Formulario Web
4931,Florencia,Salgado,No contesta,asignaciones,2026-03-06 16:56:48.000000,fsalgadosarria@gmail.com,+541133668263,C.A.B.A,Formulario Web
4932,Jorge,Zavala,No contesta,asignaciones,2025-12-30 17:35:38.000000,chafin43@hotmail.com,+541156991618,Gral. San Martín,Formulario Web
4936,Cesar,Borjas Colmenares,No contesta,asignaciones,2025-12-24 11:22:22.000000,ceborjas2@gmail.com,+541121791616,Tres de Febrero,Formulario Web
4939,Angeles Marianela,Mora,No contesta,asignaciones,2025-12-26 14:33:53.000000,angelesmoraam8@gmail.com,+541161993137,Hurlingham,Formulario Web
4943,Jesica,Lescano,No contesta,asignaciones,2026-02-10 11:50:54.000000,jesicalescano557@gmail.com,+541171475679,La Matanza,Formulario Web
4950,Gianella eliana,Goano,No contesta,asignaciones,2025-12-24 11:24:55.000000,gianegoano@gmail.com,+541128579050,C.A.B.A,Formulario Web
4959,Carlos,Ogas,No contesta,asignaciones,2026-02-27 13:45:04.000000,ogasdaniel999@gmail.com,+541123335350,Avellaneda,Formulario Web
4967,Leoncio,Ortiz,No contesta,asignaciones,2025-12-27 14:21:49.000000,leoncioortiz60@gmail.com,+541131426118,Gral. San Martín,Formulario Web
4983,Juan Ramón,Paez,No contesta,asignaciones,2025-12-26 14:28:04.000000,juanramonpaez01@gmail.com,+543718692874,Otra,Formulario Web
4991,Joana belen,Chavez,No contesta,asignaciones,2025-12-29 16:45:13.000000,chavezbelen400@gmail.com,+541126737094,La Matanza,Formulario Web
4995,Bruno,Ceballos,No contesta,asignaciones,2026-02-25 17:25:55.000000,brunoceballos333@gmail.com,+541138748280,Malvinas Argentinas,Formulario Web
4996,Matias,Martinez,No contesta,asignaciones,2026-02-10 12:11:12.000000,matias14martinez4@gmail.com,+541126952751,Avellaneda,Formulario Web
4999,Cristian Julian,Saavedra,No contesta,asignaciones,2026-02-19 10:44:03.000000,juliandeyt@gmail.com,+541138405632,Florencio Varela,Formulario Web
5008,Gerardo,delgado,No contesta,asignaciones,2025-12-26 11:17:45.000000,gerasantygd8@gmail.com,+541137981643,Merlo,Formulario Web
5014,Ramón david,Navrro,No contesta,asignaciones,2025-12-29 16:47:03.000000,davidelloconavarro@gmail.com,+543834761598,Otra,Formulario Web
5016,Nerea,Aguirre,No contesta,asignaciones,2026-01-06 14:34:16.000000,nereaaguirresr@gmail.com,+541161232990,C.A.B.A,Formulario Web
5020,Roco,Zanazzi,No contesta,asignaciones,2026-02-10 12:12:48.000000,liczanazzirocio@gmail.com,+542323367748,C.A.B.A,Formulario Web
5022,MAXIMILIANO,Medina,No contesta,asignaciones,2026-03-05 10:16:43.000000,medinamaxi800@gmail.com,+541140281563,Malvinas Argentinas,Formulario Web
5048,Celeste Ainara,Garnica,No contesta,asignaciones,2025-12-30 17:35:41.000000,celegarnica2003@gmail.com,+541159004488,Lomas de Zamora,Formulario Web
5049,Ramon,Rot,No contesta,asignaciones,2026-02-10 12:14:22.000000,rotela.construcciones@hotmail.com,+541159115566,C.A.B.A,Formulario Web
5050,Jose maria,Letieri,No contesta,asignaciones,2026-02-10 14:15:48.000000,joseletieri@gmail.com,+542233426890,José C. Paz,Formulario Web
5054,Daniela,Lazarte,No contesta,asignaciones,2026-01-02 11:11:12.000000,danielalazarte522@gmail.com,+542216980913,C.A.B.A,Formulario Web
5057,Marcos,Cabrera,No contesta,asignaciones,2026-02-03 16:28:02.000000,marquitos20115@gmail.com,+541123927525,Tigre,Formulario Web
5059,Jessica,Fernandez,No contesta,asignaciones,2025-12-29 16:49:51.000000,yf126723@gmail.com,+543804258173,Otra,Formulario Web
5065,Nicolas,Piazza,No contesta,asignaciones,2025-12-26 17:19:23.000000,nicolaspiazzachavez@gmail.com,+541138703401,Lanús,Formulario Web
5069,Narella Belen,Aguirre,No contesta,asignaciones,2025-12-26 12:21:40.000000,nataliapanissutti@gmail.com,+541135566650,Quilmes,Formulario Web
5076,Matías,Tolcachier,No contesta,asignaciones,2025-12-26 17:26:32.000000,matiastolcachier@gmail.com,+5491126973826,Pilar,Formulario Web
5080,Magia,antifil,No contesta,asignaciones,2025-12-29 16:52:19.000000,mariantifil30@gmail.com,+542995865857,Zárate,Formulario Web
5083,Nahir,Rojas,No contesta,asignaciones,2026-05-28 15:47:03.000000,juliojasro@gmail.com,+541168843625,C.A.B.A,Formulario Web
5086,Belen,Palacios,No contesta,asignaciones,2026-02-20 14:24:56.000000,mbpalacios@buenosaires.gob.ar,+541132681940,C.A.B.A,Formulario Web
5103,Florencia,Fernandez,No contesta,asignaciones,2025-12-29 16:54:20.000000,florenciafernandezlucia@gmail.com,+541149140682,Berazategui,Formulario Web
5105,Cynthia,Coutinho,No contesta,asignaciones,2026-01-07 15:37:18.000000,cyncoutinho96@gmail.com,+541130032071,C.A.B.A,Formulario Web
5111,Braian,Viñlalba,No contesta,asignaciones,2025-12-30 17:35:46.000000,villalbabraian58@gmail.com,+541138890274,C.A.B.A,Formulario Web
5113,Celeste,CAMPOS,No contesta,asignaciones,2026-02-26 10:50:40.000000,celescampos0705@hotmail.com,+541168664353,Tres de Febrero,Formulario Web
5114,STEFANIA BELEN,CASTELLINI,No contesta,asignaciones,2025-12-26 17:32:13.000000,dra.scastellini@hotmail.com,+541162493731,La Matanza,Formulario Web
5117,LEANDRO EZEQUIEL,LOPEZ,No contesta,asignaciones,2025-12-29 16:58:21.000000,choferleandrolopez@gmail.com,+541167213974,Tres de Febrero,Formulario Web
5119,gabriela,giarratana,No contesta,asignaciones,2026-01-02 11:11:19.000000,gabriela_giarratana@hotmail.com,+541131926707,La Matanza,Formulario Web
5122,Jose Miguel,Wisnieski,No contesta,asignaciones,2026-02-26 10:50:54.000000,jmwisnieskijmw@gmail.com,+541126887640,Zárate,Formulario Web
5125,Ylde,Matto,No contesta,asignaciones,2026-02-26 09:30:10.000000,myalmendro@gmail.com,+541121920766,Avellaneda,Formulario Web
5128,Milagros,Julia,No contesta,asignaciones,2026-02-18 15:03:52.000000,mila@wearekiseki.com,+541163032335,San Isidro,Formulario Web
5129,Lucia,Gurrado,No contesta,asignaciones,2025-12-26 17:35:09.000000,luciagurrado0017@gmail.com,+541169834898,C.A.B.A,Formulario Web
5132,Bruno,Suffogrosso,No contesta,asignaciones,2025-12-28 14:08:25.000000,brusuffo11@gmail.com,+541170068441,Gral. San Martín,Formulario Web
5137,Vanesa,Brusella,No contesta,asignaciones,2025-12-29 16:58:59.000000,vanesabrusella@gmail.com,+541158914770,Tres de Febrero,Formulario Web
5149,Camila,Irigoyen,No contesta,asignaciones,2025-12-28 14:06:59.000000,camilacirigoyen@gmail.com,+541134061077,Avellaneda,Formulario Web
5154,Agustina,Alavila,No contesta,asignaciones,2026-02-10 14:35:46.000000,agustinaalavila@hotmail.com,+541130701555,Tres de Febrero,Formulario Web
5164,Alberto Nicolás,Sosa,No contesta,asignaciones,2026-02-27 12:08:54.000000,alsosa@senasa.gob.ar,+541169027313,Ituzaingó,Formulario Web
5167,Mailen,Defina,No contesta,asignaciones,2026-01-09 15:19:24.000000,mai.defina@hotmail.com,+541157002288,La Matanza,Formulario Web
5170,Mati,Kupferberg,No contesta,asignaciones,2025-12-27 14:50:23.000000,natarazi@yahoo.com,+541140335041,C.A.B.A,Formulario Web
5182,Sergio,Cejas,No contesta,asignaciones,2026-02-20 13:59:09.000000,cejassergio16@gmail.com,+541168727951,Malvinas Argentinas,Formulario Web
5185,Pedro,Arguello,No contesta,asignaciones,2025-12-27 14:52:02.000000,pedroar74@gmail.com,+543456556234,San Fernando,Formulario Web
5188,Joaquín Ezequiel,Hermoso,No contesta,asignaciones,2025-12-29 17:16:31.000000,hermosojoaquin1@gmail.com,+543444440543,Otra,Formulario Web
5189,Esteban abel,Amparan,No contesta,asignaciones,2025-12-30 17:35:49.000000,gaelamparan91@gmail.com,+542617566786,Almirante Brown,Formulario Web
5193,Juan Pablo,Jara Leiva,No contesta,asignaciones,2026-02-10 12:24:52.000000,jaraleivajuanpablo@gmail.com,+541136641541,C.A.B.A,Formulario Web
5194,GUILLERMO MANUEL,BALADO,No contesta,asignaciones,2026-02-19 10:44:53.000000,manuuu746@gmail.com,+541151157098,Berazategui,Formulario Web
5198,Laura del Carmen,Montero,No contesta,asignaciones,2026-01-05 10:16:53.000000,lauramonterodc@gmail.com,+543777728530,Ituzaingó,Formulario Web
5200,Florencia,Tapia,No contesta,asignaciones,2025-12-27 16:23:47.000000,miriametorres@hotmail.com,+5491165859822,Pilar,Formulario Web
5212,Claudia Liliana,Fleitas González,No contesta,asignaciones,2026-02-24 11:12:32.000000,liliyuriel2017@gmail.com,+541126398454,La Matanza,Formulario Web
5213,Gisela soledad,Coronel,No contesta,asignaciones,2025-12-29 17:16:38.000000,giselacoronel39@gmail.com,+542216124431,Otra,Formulario Web
5215,Sofia,Antorena,No contesta,asignaciones,2026-01-02 12:11:51.000000,antorenasofia12@gmail.com,+541123888902,Lanús,Formulario Web
5217,Rosalina,Santillán,No contesta,asignaciones,2025-12-27 14:55:53.000000,rosalinasantillan2327@gmail.com,+543873100292,C.A.B.A,Formulario Web
5227,Fernando,Torrilla,No contesta,asignaciones,2026-02-24 11:14:44.000000,fernandotorrilla42@gmail.com,+541128958058,Lanús,Formulario Web
5228,Gleiser Marisol,Usquiano valdiviezo,No contesta,asignaciones,2025-12-28 13:59:18.000000,usquianomarisol@gmail.com,+541138841856,C.A.B.A,Formulario Web
5233,Claudia Elizabeth,Rolon,No contesta,asignaciones,2025-12-27 14:57:15.000000,claudiaelizabethrolon18538@gmail.com,+543704858393,C.A.B.A,Formulario Web
5239,Rubi,Di Giorno,No contesta,asignaciones,2026-05-28 15:48:14.000000,rubidigiorno8@gmail.com,+541122595499,C.A.B.A,Formulario Web
5245,Ulises,Guerra,No contesta,asignaciones,2025-12-28 13:57:54.000000,uli671997@gmail.com,+541166813153,Avellaneda,Formulario Web
5248,Julián,Stoops,No contesta,asignaciones,2025-12-27 16:59:51.000000,julistoops@outlook.es,+541159190564,Lomas de Zamora,Formulario Web
5254,lisandro,torres,No contesta,asignaciones,2026-01-05 14:22:35.000000,lpereyra1994@gmail.com,+543804171573,C.A.B.A,Formulario Web
5256,Martin,Gonzalez,No contesta,asignaciones,2026-02-10 12:39:25.000000,martinjeo1@hotmail.com,+542664847024,Almirante Brown,Formulario Web
5261,Karina,Diaz,No contesta,asignaciones,2026-02-10 16:26:26.000000,ciberfer79@hotmail.com,+541164675080,Tres de Febrero,Formulario Web
5264,Daiana,Borgna,No contesta,asignaciones,2025-12-28 13:56:04.000000,hernanjeritier@gmail.com,+541159088128,Lomas de Zamora,Formulario Web
5266,Maria Jose,Avancini Nuñez,No contesta,asignaciones,2026-01-07 15:34:16.000000,majoavancini@gmail.com,+541134626965,Vicente López,Formulario Web
5270,Monica,Baldoni,No contesta,asignaciones,2026-02-03 16:29:03.000000,baldonirom@gmail.com,+541157170607,Gral. San Martín,Formulario Web
5274,Damian,Perez,No contesta,asignaciones,2025-12-30 17:35:53.000000,elpeka2282@gmail.com,+542323551277,Otra,Formulario Web
5276,José emanuel,Heredia,No contesta,asignaciones,2026-03-05 10:18:59.000000,herediaema491@gmail.com,+542657558395,Ezeiza,Formulario Web
5277,Nathália,Dornellas,No contesta,asignaciones,2025-12-28 12:16:20.000000,nathalia_dornellas@hotmail.com,+541133743721,C.A.B.A,Formulario Web
5280,Cristian Nahuel,Yutronic Reyes,No contesta,asignaciones,2025-12-28 13:54:03.000000,yutronicreyescristiannahuel@gmail.com,+543875531079,C.A.B.A,Formulario Web
5281,Andrea,Martinez,No contesta,asignaciones,2026-01-05 10:17:02.000000,andrumartinez130983@gmail.com,+541137781085,La Matanza,Formulario Web
5284,Fernando,Nuñez,No contesta,asignaciones,2026-02-10 12:42:33.000000,fernandomanuelnunez702@gmail.com,+541169699912,Ezeiza,Formulario Web
5285,Fábio,Dosantos,No contesta,asignaciones,2026-02-19 10:45:08.000000,dosantosleandro@gmail.com,+543755237229,Otra,Formulario Web
5296,Pablo Rubén,Guzman,No contesta,asignaciones,2026-01-02 12:11:55.000000,paz169293@gmail.com,+542622672980,Otra,Formulario Web
5302,Santiago david,Esain herrlein,No contesta,asignaciones,2026-01-08 16:20:13.000000,guinazuaye07@gmail.com,+542216382018,La Matanza,Formulario Web
5304,Claudia Daniela Agustina,Diaz,No contesta,asignaciones,2025-12-28 13:19:58.000000,ad572838@gmail.com,+541125880792,Pilar,Formulario Web
5316,valentina,marino,No contesta,asignaciones,2026-05-28 15:48:50.000000,valenmarino80@gmail.com,+541161786497,C.A.B.A,Formulario Web
5326,Irina,Pakciarz,No contesta,asignaciones,2026-02-03 16:33:24.000000,pakciarzirina@gmail.com,+541158079283,Vicente López,Formulario Web
5334,CARINA,BARRIOS,No contesta,asignaciones,2025-12-29 09:34:01.000000,carinabarrios77@yahoo.com.ar,+541166734084,C.A.B.A,Formulario Web
5336,Florencia,Giménez,No contesta,asignaciones,2026-02-18 14:20:02.000000,florenciagivana@gmail.com,+541126525661,C.A.B.A,Formulario Web
5340,Nadia,Robin,No contesta,asignaciones,2026-02-10 12:45:46.000000,nadiarobin@16.con,+5490035511155,Gral. San Martín,Formulario Web
5352,Aymara,Farfan,No contesta,asignaciones,2026-02-24 11:18:52.000000,sagitittieshoe@gmail.com,+543518551204,C.A.B.A,Formulario Web
5353,Daniel,Narbae,No contesta,asignaciones,2025-12-30 17:35:57.000000,dnarbae97@gmail.com,+541156151207,Avellaneda,Formulario Web
5355,Jose Manuel,Jiménez,No contesta,asignaciones,2026-02-10 12:48:07.000000,soledadencalada8@gmail.com,+541125200751,Gral. San Martín,Formulario Web
5363,Noelia,Lencina,No contesta,asignaciones,2025-12-29 09:35:20.000000,noelialencina16@gmail.com,+541140945479,Florencio Varela,Formulario Web
5374,Evelyn Ayelen,Mendoza,No contesta,asignaciones,2025-12-29 11:06:06.000000,ayelenmendoza3195@gmail.com,+541123129264,Avellaneda,Formulario Web
5377,valentina,gamerreo,No contesta,asignaciones,2026-01-02 12:12:02.000000,valegamerro@hotmail.com,+543406401498,C.A.B.A,Formulario Web
5380,AlejandraMarlen,Meza,No contesta,asignaciones,2025-12-29 11:32:42.000000,alejandrameza549@gmail.com,+543624693369,San Fernando,Formulario Web
5385,Orlando,Vidal,No contesta,asignaciones,2025-12-31 10:14:37.000000,vidalorlando08@gmail.com,+541123669579,Avellaneda,Formulario Web
5386,Giovanna,Cortes,No contesta,asignaciones,2026-02-19 10:45:21.000000,gioestefaniacortes@icloud.com,+541127543538,C.A.B.A,Formulario Web
5389,Yanina,Cavallo,No contesta,asignaciones,2026-02-11 11:00:50.000000,yaninacavallo82@gmail.com,+541161311284,Avellaneda,Formulario Web
5390,Augusto,Villarruel,No contesta,asignaciones,2026-01-05 15:45:05.000000,augustovillarruel98@gmail.com,+541134846210,Moreno,Formulario Web
5391,DIANA,FERNANDEZ,No contesta,asignaciones,2026-02-24 11:17:11.000000,dianafer2806@gmail.com,+541126495670,Morón,Formulario Web
5399,Claudio Ariel,brignole,No contesta,asignaciones,2026-07-24 12:19:13.000000,romitolli@gmail.com,+541133392832,La Matanza,Formulario Web
5409,Walter,GALLARDO,No contesta,asignaciones,2026-02-18 14:19:00.000000,gallardowally33@gmail.com,+541164898139,Lanús,Formulario Web
5410,Lisandro,Kokuba,No contesta,asignaciones,2025-12-29 13:57:27.000000,lisandrokokuba@gmail.com,+5491128744341,Lomas de Zamora,Formulario Web
5413,Sonia,Coria,No contesta,asignaciones,2026-02-23 17:12:31.000000,sgabicoria@gmail.com,+541135872853,C.A.B.A,Formulario Web
5416,Melina,Torra,No contesta,asignaciones,2026-02-09 17:34:21.000000,melinaaatorra@gmail.com,+541168865395,C.A.B.A,Formulario Web
5418,Antonella,Aguirre,No contesta,asignaciones,2026-02-23 15:51:41.000000,antoaguiirre18@gmail.com,+543483525660,Moreno,Formulario Web
5425,Santiago,Vergara,No contesta,asignaciones,2025-12-29 15:10:59.000000,saantivergara@gmail.com,+5491158947268,San Isidro,Formulario Web
5426,NURIA,ALCARAZ,No contesta,asignaciones,2026-02-11 15:44:40.000000,alcaraznuria50@gmail.com,+541124789675,Berazategui,Formulario Web
5429,Lucio,Zapata,No contesta,asignaciones,2026-01-06 11:13:37.000000,zapatalucio13@gmail.com,+541176346493,Tigre,Formulario Web
5431,Violeta,Santillan,No contesta,asignaciones,2026-02-19 10:45:34.000000,violetassantillan804@gmail.com,+541161125598,Malvinas Argentinas,Formulario Web
5432,Gabriel,Martinez,No contesta,asignaciones,2025-12-29 15:14:44.000000,gabrielmartinez116939@gimail.com,+541176068848,Gral. San Martín,Formulario Web
5435,Rodolfo,Pennini,No contesta,asignaciones,2025-12-29 14:47:31.000000,rodolfopennini@gmail.com,+541123917344,Lomas de Zamora,Formulario Web
5439,Martina,Mingroni,No contesta,asignaciones,2026-03-05 10:16:05.000000,mmartinammingroni@gmail.com,+542227480786,C.A.B.A,Formulario Web
5445,Ezequiel,Massi,No contesta,asignaciones,2025-12-30 17:36:02.000000,ezequielmassi@hotmail.com.ar,+541141938914,C.A.B.A,Formulario Web
5446,Lucas,Villada,No contesta,asignaciones,2025-12-29 17:00:07.000000,lucas.flight956@yahoo.com,+541164869200,Tres de Febrero,Formulario Web
5452,Jesica,Vairo,No contesta,asignaciones,2026-02-09 14:27:54.000000,vairojesica@gmail.com,+541130573266,C.A.B.A,Formulario Web
5453,AYLEN,Dominelli,No contesta,asignaciones,2025-12-29 17:26:11.000000,aylenlinkinp@gmail.com,+541139133716,Gral. San Martín,Formulario Web
5454,Alejandra,Casella,No contesta,asignaciones,2026-03-05 10:19:22.000000,alejandracasella@gmail.com,+541144472235,C.A.B.A,Formulario Web
5456,Juan,Aivar,No contesta,asignaciones,2026-02-11 15:43:40.000000,yaraaivar99@gmail.com,+541169731074,San Isidro,Formulario Web
5459,Ezequiel,Neuach,No contesta,asignaciones,2026-02-19 10:45:53.000000,neuah10@gmail.com,+541160446241,C.A.B.A,Formulario Web
5461,Sofía milena,Alfocea,No contesta,asignaciones,2026-02-23 17:12:59.000000,alfoceasofia@gmail.com,+541134221648,Lomas de Zamora,Formulario Web
5463,Cecilia,Balhas,No contesta,asignaciones,2026-01-02 12:12:05.000000,balhace@gmail.com,+5491139072348,C.A.B.A,Formulario Web
5465,Natasha,Helbert,No contesta,asignaciones,2026-04-14 12:43:11.000000,natashahelbert@gmail.con,+541168700664,C.A.B.A,Formulario Web
5466,Alejandro Pablo,Tamanini,No contesta,asignaciones,2026-02-12 11:46:40.000000,alejandrotamanini@gmail.com,+541166250882,C.A.B.A,Formulario Web
5470,Candela,Gonzalez Oliva,No contesta,asignaciones,2025-12-29 20:58:57.000000,candelagonzalezoliva@gmail.com,+541160073929,C.A.B.A,Formulario Web
5472,Florencia,Yagueddu,No contesta,asignaciones,2026-02-12 15:21:29.000000,yagueddumariaflorencia@gmail.com,+541161856608,C.A.B.A,Formulario Web
5476,Camila,Bairo,No contesta,asignaciones,2026-05-29 11:06:56.000000,bairocamila97@gmail.com,+542233067192,Morón,Formulario Web
5478,Cecilia,Mendez,No contesta,asignaciones,2025-12-29 21:08:33.000000,mendezcecilia312@gmail.com,+541158849347,La Matanza,Formulario Web
5481,Florencia,Franco,No contesta,asignaciones,2026-01-21 14:22:43.000000,florailinfranco@gmail.com,+541134750096,C.A.B.A,Formulario Web
5484,Nicole Emilia,Villalba,No contesta,asignaciones,2026-04-16 10:43:42.000000,nicolemilia76@gmail.com,+541155274896,C.A.B.A,Formulario Web
5485,Antonio,RUIZDIAZ,No contesta,asignaciones,2025-12-30 08:19:34.000000,tonufaq@gmail.com,+541121781272,Pilar,Formulario Web
5488,Lucila Belén,Fernández,No contesta,asignaciones,2026-02-25 17:25:44.000000,lucilabelenfernandez01@gmail.com,+541160179802,Esteban Echeverría,Formulario Web
5498,francisco,chover,No contesta,asignaciones,2026-02-10 12:50:04.000000,franciscochover97@gmail.com,+541140717567,Quilmes,Formulario Web
5501,Gladys,Villalba,No contesta,asignaciones,2026-01-06 11:11:19.000000,gladysvillalbaster@gmail.com,+541135616997,Lanús,Formulario Web
5511,Gabriela,Popolizio,No contesta,asignaciones,2025-12-30 10:59:18.000000,gabiymeme@gmail.com,+5491132904561,Morón,Formulario Web
5515,Ariel Martin,QUARCHIONI,No contesta,asignaciones,2025-12-30 17:36:07.000000,amquarchioni@gmail.com,+541154994623,Ituzaingó,Formulario Web
5520,Antonioandres,Martínez,No contesta,asignaciones,2026-02-10 12:55:04.000000,antoniomartineez9090@gmail.com,+543471524776,Otra,Formulario Web
5521,TAHINA,DA SILVA,No contesta,asignaciones,2026-01-16 12:19:25.000000,tahinast@gmail.com,+541125687440,C.A.B.A,Formulario Web
5527,Anabela,Gerli,No contesta,asignaciones,2026-01-21 14:18:37.000000,anabeladenisse@gmail.com,+541130021117,Merlo,Formulario Web
5535,Ariadna Jael,Maricchiolo Robles,No contesta,asignaciones,2026-01-02 12:12:08.000000,ariadnajaelmr@gmail.com,+541136116589,Quilmes,Formulario Web
5539,Tamara,Borda,No contesta,asignaciones,2025-12-30 12:53:22.000000,tamaraborda12@gmail.com,+541154782911,Avellaneda,Formulario Web
5547,Baez,Belen,No contesta,asignaciones,2026-02-10 12:53:13.000000,baezortizbelen@gmail.com,+541172088556,Avellaneda,Formulario Web
5550,Alejandra,Flores,No contesta,asignaciones,2026-07-24 12:20:57.000000,aleeecflores@gmail.com,+541165975617,C.A.B.A,Formulario Web
5553,Rene francisco,Teceira,No contesta,asignaciones,2026-02-25 10:57:30.000000,teceirarenefrancisco@gmil.com,+5490038785540,San Miguel,Formulario Web
5555,veronica,bonavitta,No contesta,asignaciones,2025-12-31 10:08:04.000000,veronicabonavitta26@gmail.com,+542392557416,Otra,Formulario Web
5558,Rocío Belén,Cieri,No contesta,asignaciones,2026-02-19 10:46:23.000000,rociobelencieri12@gmail.com,+541127999134,Vicente López,Formulario Web
5559,Yamila,Barone,No contesta,asignaciones,2025-12-30 14:34:21.000000,yamikabau@gmail.com,+541164598860,Hurlingham,Formulario Web
5560,NATALIA,Mendoza,No contesta,asignaciones,2026-02-19 10:46:36.000000,natymendoza01@icloud.com,+541122674777,San Miguel,Formulario Web
5570,marcelo hernan,Saavedra,No contesta,asignaciones,2026-02-03 16:35:17.000000,marcelosaavedra1989@gmail.com,+541155886211,C.A.B.A,Formulario Web
5574,Magali,Ninin,No contesta,asignaciones,2026-02-25 12:23:45.000000,nininmagali@gmail.com,+541168123936,Ituzaingó,Formulario Web
5577,Alejandra,Carabajal,No contesta,asignaciones,2026-01-06 11:09:23.000000,alejandracarabajal46@gmail.com,+541124606242,Lanús,Formulario Web
5578,Melody,Juarez,No contesta,asignaciones,2025-12-31 10:33:59.000000,juancruzbarrionuevo14@gmail.com,+541136410632,Lomas de Zamora,Formulario Web
5586,Ivan martin,Vieites,No contesta,asignaciones,2025-12-31 10:41:19.000000,ivanvieites9@gmail.com,+541157627178,Lomas de Zamora,Formulario Web
5587,Jennifer,Arias,No contesta,asignaciones,2026-02-18 14:08:52.000000,jenny_lohe@hotmail.com,+541138430994,C.A.B.A,Formulario Web
5589,Betina,Lava,No contesta,asignaciones,2026-02-10 12:55:08.000000,c.maccarone@hotmail.com,+541168008358,C.A.B.A,Formulario Web
5591,Micaela,Fortes,No contesta,asignaciones,2026-02-18 14:27:27.000000,fortesvallejos@gmail.com,+541159269966,Lanús,Formulario Web
5599,Axel,Rios,No contesta,asignaciones,2026-02-23 15:52:16.000000,ar234156342@gmail.com,+541125239465,Berazategui,Formulario Web
5600,Julieta,Paz Romano,No contesta,asignaciones,2026-02-19 10:46:47.000000,julietaromano7@gmail.com,+541139201211,Florencio Varela,Formulario Web
5601,Alejandra,De la fuente,No contesta,asignaciones,2026-02-19 10:46:58.000000,alejandra-97@hotmail.com,+541151485886,C.A.B.A,Formulario Web
5606,Yonatan,Cano,No contesta,asignaciones,2026-01-16 12:19:30.000000,yonacano29@gmail.com,+543426314767,Avellaneda,Formulario Web
5607,Veronica,Arenas,No contesta,asignaciones,2025-12-31 10:52:33.000000,veronicaarena121@gmail.com,+542604114993,Gral. San Martín,Formulario Web
5613,Lastenia,Gonzalez,No contesta,asignaciones,2026-02-18 14:25:39.000000,lasteniagonzalez12@gmail.com,+541121783755,C.A.B.A,Formulario Web
5614,Isaac,Mora,No contesta,asignaciones,2025-12-31 11:05:48.000000,maykelmora95@gmail.com,+541122530123,C.A.B.A,Formulario Web
5622,Carolina,Amadei,No contesta,asignaciones,2026-01-02 12:12:13.000000,caroamadei83@gmail.com,+541140544718,Gral. San Martín,Formulario Web
5624,Gonzalo,Arcone,No contesta,asignaciones,2026-02-19 10:47:17.000000,gonarc35@gmail.com,+541166663948,Lomas de Zamora,Formulario Web
5625,Braian,Caballer,No contesta,asignaciones,2026-03-05 10:19:32.000000,braiancaballero2267@gmail.com,+541139508482,C.A.B.A,Formulario Web
5639,Maria Victoria,Mata,No contesta,asignaciones,2026-01-05 17:25:50.000000,victoriamata2312@gmail.com,+541123911392,La Matanza,Formulario Web
5645,Camila Sol,Amitrano,No contesta,asignaciones,2026-02-10 12:57:32.000000,camisolamitrano@gmail.com,+542235371467,Otra,Formulario Web
5658,Miriam Lorena,Diaz,No contesta,asignaciones,2026-01-02 12:07:22.000000,miriamlorenadiaz93@gmail.com,+543438607568,Otra,Formulario Web
5668,BRIAN,SANCHEZ,No contesta,asignaciones,2026-01-02 12:12:41.000000,bs2533853@gmail.com,+541136244531,Pilar,Formulario Web
5673,Juan,Formigo,No contesta,asignaciones,2026-01-06 14:34:25.000000,juanmanuel@gimail.com,+542216702242,C.A.B.A,Formulario Web
5677,Lautaro,Velez,No contesta,asignaciones,2026-02-24 10:17:41.000000,velezlautaro574@gmail.com,+541166771366,Malvinas Argentinas,Formulario Web
5681,PAGLIANI,LUCIANO,No contesta,asignaciones,2026-01-29 16:22:23.000000,guidopagliani30@gmail.com,+541135088402,Gral. San Martín,Formulario Web
5684,Ana,Gorostiaga,No contesta,asignaciones,2026-01-02 12:15:03.000000,anagorostiaga21@gmail.com,+541132886760,San Isidro,Formulario Web
5686,Hector,Carrasco,No contesta,asignaciones,2026-02-20 12:40:25.000000,cachuhector13@gmail.com,+543875043837,Otra,Formulario Web
5690,Mayra,Ojuez,No contesta,asignaciones,2026-02-24 10:17:54.000000,omayraayelen@gmail.como,+543489682868,Campana,Formulario Web
5701,Viviana,Meling,No contesta,asignaciones,2026-02-25 17:25:39.000000,ivanacejas@gmail.com,+541140332277,Pilar,Formulario Web
5702,Agostina,Vega,No contesta,asignaciones,2026-03-05 10:19:29.000000,m.agostina1999@gmail.vom,+541165644257,Vicente López,Formulario Web
5703,Lautaro,Torres,No contesta,asignaciones,2026-01-02 12:17:16.000000,lautarontorres2016@gmail.com,+541163065077,Quilmes,Formulario Web
5704,juan manuel,cnochaert,No contesta,asignaciones,2026-02-23 17:12:01.000000,juanmanuelcnochaert55@gmail.com,+541138734361,Lomas de Zamora,Formulario Web
5710,Enzo,Ciccotosto,No contesta,asignaciones,2026-03-05 10:19:25.000000,enzodanilo3105@gmail.com,+541135370615,Lanús,Formulario Web
5716,Melina,Ochoaizpur,No contesta,asignaciones,2026-04-23 15:22:24.000000,melochoaizpur@gmail.com,+542273433085,C.A.B.A,Formulario Web
5718,Lautaro,Lezcano,No contesta,asignaciones,2026-02-10 12:58:40.000000,guadatapia531@gmail.com,+543886452037,Otra,Formulario Web
5719,Mayra,Oyola,No contesta,asignaciones,2026-01-02 12:12:16.000000,mayraoyola789@gmail.com,+542645602140,Otra,Formulario Web
5720,Sofia,oviedo,No contesta,asignaciones,2026-02-24 10:18:09.000000,sofiaoviedo417@gmail.com,+543417793538,Ezeiza,Formulario Web
5722,Diego Alejandro,Dure,No contesta,asignaciones,2026-02-23 16:05:26.000000,diegoalejandrodure94@gmail.com,+543329383355,Campana,Formulario Web
5726,Facundo,Martin,No contesta,asignaciones,2026-02-12 15:50:46.000000,martinfacundo486@gmail.com,+541133081633,La Matanza,Formulario Web
5729,Natalia,Medina,No contesta,asignaciones,2026-02-11 15:42:33.000000,natis0095natis@gmail.com,+541159599495,C.A.B.A,Formulario Web
5733,Franco,Negri,No contesta,asignaciones,2026-01-05 16:27:06.000000,micaachiozza1221@gmail.com,+541158737822,Almirante Brown,Formulario Web
5734,Micaela,Muñoz,No contesta,asignaciones,2026-02-23 12:32:46.000000,aldanazarate6@gmail.com,+541122472590,San Isidro,Formulario Web
5739,Valeria,Boyd,No contesta,asignaciones,2026-05-28 16:00:04.000000,valeriaboyd7@gmail.com,+541165262220,Vicente López,Formulario Web
5740,Jose,Montana,No contesta,asignaciones,2026-01-02 12:23:24.000000,josemontana22@icloud.com,+541135067969,C.A.B.A,Formulario Web
5743,Claudio ivan,Terranova,No contesta,asignaciones,2026-01-21 16:46:53.000000,clavan-terranova@outlook.com,+541126815935,Berazategui,Formulario Web
5747,Nehuen,Cordoba,No contesta,asignaciones,2026-01-02 12:26:39.000000,nehuenefic98@hotmail.com,+541140244350,Gral. San Martín,Formulario Web
5751,David Matías,Giorgiovich,No contesta,asignaciones,2026-01-06 14:34:29.000000,giorgiovichdavid259@gmail.com,+541122740298,Almirante Brown,Formulario Web
5752,Jorge alberto,Tula,No contesta,asignaciones,2026-02-25 10:57:23.000000,jorgetula41@gmail.com,+543834036123,C.A.B.A,Formulario Web
5754,Aisha,Briki,No contesta,asignaciones,2026-01-02 12:28:37.000000,aishabriki00@gmail.com,+541124552946,C.A.B.A,Formulario Web
5757,Abel Edgardo,Villarrubia,No contesta,asignaciones,2026-01-06 16:05:18.000000,abeledgardovillarrubia42@gmail.com,+541128351253,Moreno,Formulario Web
5761,Tatiana aimara,Galasso,No contesta,asignaciones,2026-02-24 11:11:00.000000,tatianaaimaragalasso@gmail.com,+541163360321,Quilmes,Formulario Web
5771,Romina,Santana,No contesta,asignaciones,2026-01-02 12:32:03.000000,whomis9396@gmail.com,+541124909204,La Matanza,Formulario Web
5778,Claudia,Mancini,No contesta,asignaciones,2026-04-17 12:18:56.000000,claumancini93@live.com,+541123534891,La Matanza,Formulario Web
5787,Rocio,Mazas,No contesta,asignaciones,2026-02-19 11:06:14.000000,rocimazas@gmail.com,+541149483923,Ituzaingó,Formulario Web
5791,Pablo,Mena,No contesta,asignaciones,2026-01-02 12:34:03.000000,rogice20@gmail.com,+541140505897,Berazategui,Formulario Web
5807,Osvaldo,Ledesma,No contesta,asignaciones,2026-02-19 11:06:30.000000,osvaldoledesma906@gmail.com,+543856145737,Almirante Brown,Formulario Web
5817,Ayelen Natalia,Romero,No contesta,asignaciones,2026-01-02 14:13:04.000000,ayenataliar@gmail.com,+542964657659,Morón,Formulario Web
5824,CYNTHIA DANIELA,FERREIRO,No contesta,asignaciones,2026-05-28 16:00:44.000000,cynda2780@yahoo.com.ar,+541166927936,Otra,Formulario Web
5833,Sebastian,Luraghi,No contesta,asignaciones,2026-01-02 16:31:45.000000,sebastianluraghi@gmail.com,+541168985862,Vicente López,Formulario Web
5836,Gimena Florencia,Hernandez,No contesta,asignaciones,2026-02-13 17:15:01.000000,gfhernandezg@yahoo.com.ar,+541132403310,San Isidro,Formulario Web
5839,Daniela,Fermin,No contesta,asignaciones,2026-01-08 15:04:14.000000,dani_bea11@hotmail.com,+541165804697,C.A.B.A,Formulario Web
5841,Ivana,Velozo,No contesta,asignaciones,2026-01-03 13:53:00.000000,ivivelozo7@hotmail.com,+541125639617,Lanús,Formulario Web
5845,Sonia,Arevalos,No contesta,asignaciones,2026-01-08 15:39:21.000000,wsarevalos17@gmail.com,+541138724577,Almirante Brown,Formulario Web
5849,Candela,Gonzalez,No contesta,asignaciones,2026-02-10 13:06:30.000000,candelag554@gmail.com,+541169382678,Lanús,Formulario Web
5854,ignacio,blanco,No contesta,asignaciones,2026-02-19 11:06:43.000000,morenicol07@gmail.com,+541124644419,La Matanza,Formulario Web
5858,Agustin,Cerquetti,No contesta,asignaciones,2026-01-03 13:54:32.000000,agustincerquetti14@gmail.com,+541150021486,Morón,Formulario Web
5865,Natali,Kupchik,No contesta,asignaciones,2026-01-03 13:55:47.000000,natikup@hotmail.com,+5491153116086,C.A.B.A,Formulario Web
5872,Dilan,Manfrini,No contesta,asignaciones,2026-01-03 13:57:06.000000,dylanfeta1@gmail.com,+542252515762,C.A.B.A,Formulario Web
5875,Nicolás Fabián,Schiariti,No contesta,asignaciones,2026-01-05 11:25:03.000000,nicolasschiariti9@gmail.com,+541162294513,Moreno,Formulario Web
5878,Pablito,Fuentes,No contesta,asignaciones,2026-02-19 11:06:58.000000,pablitoezequielfuentes@gmail.com,+541123856222,Moreno,Formulario Web
5881,Carlos,Castro,No contesta,asignaciones,2026-01-05 10:16:36.000000,carlosfabiancastro502@gmail.com,+543834779452,San Isidro,Formulario Web
5883,Daniela,Martínez,No contesta,asignaciones,2026-01-03 13:58:27.000000,monserratirala78@gmail.com,+542213629872,C.A.B.A,Formulario Web
5891,Víctor Hugo,Pitura,No contesta,asignaciones,2026-03-09 14:00:13.000000,victorpitura538@gmail.com,+543758566269,C.A.B.A,Formulario Web
5894,Guillermina,Pacheco,No contesta,asignaciones,2026-05-28 16:10:57.000000,pachecoguillermina30@gmail.com,+541133819647,C.A.B.A,Formulario Web
5897,Micaela,Tortorelli,No contesta,asignaciones,2026-01-03 15:49:10.000000,micaela_tortorelli@hotmail.com,+541140903415,Lomas de Zamora,Formulario Web
5898,Cecilia,Farkas,No contesta,asignaciones,2026-01-05 10:12:14.000000,farkasceciliab@gmail.com,+541161430545,San Isidro,Formulario Web
5902,Betiana soledad,Perez,No contesta,asignaciones,2026-03-09 14:00:16.000000,bettianaperez443@gmail.com,+542255535378,C.A.B.A,Formulario Web
5904,Noelia Tatiana,Quiroz Arguello,No contesta,asignaciones,2026-02-24 10:18:28.000000,noeliatatianatq@gmail.com,+541131366783,Tigre,Formulario Web
5908,Emily,Janampa,No contesta,asignaciones,2026-01-05 11:21:51.000000,emilyjanampa@gmail.com,+541151636211,C.A.B.A,Formulario Web
5909,Agostina,Kalb,No contesta,asignaciones,2026-03-05 10:19:37.000000,agostinakalb@hotmail.com,+541163638613,Tres de Febrero,Formulario Web
5920,Geraldine,Celaya,No contesta,asignaciones,2026-01-12 12:09:41.000000,celayageral79@gmail.com,+543402554127,Malvinas Argentinas,Formulario Web
5926,Marcela,Alejandra Aguilar,No contesta,asignaciones,2026-02-10 13:08:37.000000,aguilarmarcela196@gmail.com,+542954578089,Otra,Formulario Web
5934,Sol,Gulisano,No contesta,asignaciones,2026-01-05 11:29:23.000000,solgulisano@gmail.com,+541124657151,Morón,Formulario Web
5942,Romina,Escobar,No contesta,asignaciones,2026-01-05 11:33:42.000000,romi.esc@hotmail.com,+541138231551,C.A.B.A,Formulario Web
5951,Nora,Sciombra,No contesta,asignaciones,2026-01-05 11:35:06.000000,nsciombra@gmail.com,+541164669274,La Matanza,Formulario Web
5962,Gustavo,Da rosa,No contesta,asignaciones,2026-01-05 11:37:35.000000,darosag407@gmail.com,+543755236162,Ituzaingó,Formulario Web
5964,Luca,Sanchez,No contesta,asignaciones,2026-03-05 10:19:52.000000,lucasanchez9898@hotmail.con,+541123002121,C.A.B.A,Formulario Web
5967,Sofia,Velazquez,No contesta,asignaciones,2026-05-29 11:07:14.000000,svelazquez682@gmail.com,+541144309050,Gral. San Martín,Formulario Web
5974,Adriana,Alvarez,No contesta,asignaciones,2026-03-05 10:19:47.000000,adrianamalvarez@gmail.com,+541121601404,Tigre,Formulario Web
5976,Enzo,Maidana,No contesta,asignaciones,2026-01-05 11:43:11.000000,jacq@live.com.ar,+541155149787,Quilmes,Formulario Web
5977,Estefanía,Marzik,No contesta,asignaciones,2026-02-03 16:35:57.000000,estefaniamarzik@gmail.com,+541157509415,C.A.B.A,Formulario Web
5979,Brenda,Gaudio,No contesta,asignaciones,2026-01-08 15:15:27.000000,brendagaudio11@gmail.com,+541169983812,Moreno,Formulario Web
5981,claudio,diaz,No contesta,asignaciones,2026-02-18 14:07:49.000000,claudiodiaz18@hotmail.com,+541122725094,Gral. San Martín,Formulario Web
6006,María Florencia,Minguillón,No contesta,asignaciones,2026-01-21 16:56:32.000000,florenciaminguillon_2@hotmail.com,+541138154469,Morón,Formulario Web
6013,Enrique Alfredo,Franco,No contesta,asignaciones,2026-02-10 13:12:30.000000,frankoenrique234@gmail.com,+543751228812,Otra,Formulario Web
6016,Ezequiel,Bianchi,No contesta,asignaciones,2026-01-05 11:47:13.000000,florgur@gmail.com,+541164597729,La Matanza,Formulario Web
6037,Marisa,Albe,No contesta,asignaciones,2026-02-19 11:07:22.000000,marualbe73@hotmail.com,+541144718711,La Matanza,Formulario Web
6041,Mary Karolina,Quispe espiritu,No contesta,asignaciones,2026-07-24 12:21:29.000000,karolinaespiritu@gmail.com,+541149467065,C.A.B.A,Formulario Web
6042,Nicolás,Cruceli,No contesta,asignaciones,2026-01-05 15:51:09.000000,renuteamopapa@gmail.com,+541123928721,Gral. San Martín,Formulario Web
6043,Soraya,Piedrabuena,No contesta,asignaciones,2026-02-09 21:51:57.000000,piedrabuenasoraya35@gmail.com,+541138259019,Lanús,Formulario Web
6045,MARIANO,CRESPO,No contesta,asignaciones,2026-02-03 16:37:29.000000,mcrespo@norden.com.ar,+541163742012,San Isidro,Formulario Web
6052,Patricia belen,Cárdenas,No contesta,asignaciones,2026-01-27 11:06:01.000000,belucardenas22@gmail.com,+541134542939,C.A.B.A,Formulario Web
6053,Martin alejandro,Arriola,No contesta,asignaciones,2026-02-25 17:25:31.000000,arriolaalejandro1988@gmail.com,+541124963184,C.A.B.A,Formulario Web
6054,Micaela,Alonso,No contesta,asignaciones,2026-03-05 10:19:41.000000,alonsomicaela1988@gmail.com,+541162087253,C.A.B.A,Formulario Web
6057,Sol,Suhajda,No contesta,asignaciones,2026-01-06 11:41:55.000000,solangesuhajda93@gmail.com,+541164121352,Morón,Formulario Web
6059,Belen,Romero,No contesta,asignaciones,2026-02-10 13:13:40.000000,romerobelen44@gmail.com,+541128820224,Lomas de Zamora,Formulario Web
6061,Karina Jesica,Karina Rojas,No contesta,asignaciones,2026-07-24 12:22:18.000000,karina.j.rojas@hotmail.com,+541154951399,Lanús,Formulario Web
6066,Liliana Veronica,Gomez,No contesta,asignaciones,2026-01-06 10:39:32.000000,lilianaveronica_g@hotmail.com,+541156160833,La Matanza,Formulario Web
6067,Noelia Agostina,Diez Moran,No contesta,asignaciones,2026-01-06 11:46:05.000000,noediezmoran@gmail.com,+541150290996,C.A.B.A,Formulario Web
6068,Cristian,Yadevito,No contesta,asignaciones,2026-02-19 11:07:39.000000,solperez116@gmail.com,+541158806767,C.A.B.A,Formulario Web
6072,Gonzalo,Ojeda,No contesta,asignaciones,2026-07-21 12:42:14.000000,ojedagonzalo24@gmail.com,+541169375115,Merlo,Formulario Web
6078,Valeria,Alarco,No contesta,asignaciones,2026-02-10 15:52:18.000000,alarcovaleria@yahoo.es,+541168350851,C.A.B.A,Formulario Web
6079,Maria de los ángeles,Gomez dominguez,No contesta,asignaciones,2026-02-19 11:08:03.000000,maritagomezdominguez06@gmail.com,+541140704553,Quilmes,Formulario Web
6080,Enzo,Pinolli,No contesta,asignaciones,2026-01-12 12:04:03.000000,enzopinolli3@gmail.com,+543777291468,Avellaneda,Formulario Web
6091,Pia,Elsner,No contesta,asignaciones,2026-02-10 15:57:25.000000,mora_9810@hotmail.com,+541173647249,C.A.B.A,Formulario Web
6093,Yara,Corro León,No contesta,asignaciones,2026-01-16 12:33:37.000000,yara.corroleon98@hotmail.com,+541165353449,Morón,Formulario Web
6100,Tomas,Rivera,No contesta,asignaciones,2026-01-16 12:33:30.000000,triveramirande@gmail.com,+541167986603,C.A.B.A,Formulario Web
6104,Augusto,Vallejos,No contesta,asignaciones,2026-01-08 11:12:01.000000,arav211@hotmail.com,+541168612715,C.A.B.A,Formulario Web
6107,Marcos,Giménez,No contesta,asignaciones,2026-01-16 12:33:24.000000,gimenezmarco2018@gmail.com,+543705105750,Avellaneda,Formulario Web
6109,Torres,Andrea,No contesta,asignaciones,2026-02-19 11:08:16.000000,rotorres2008@gmail.com,+5491167560839,San Isidro,Formulario Web
6110,Mariana,Sanabria,No contesta,asignaciones,2026-01-06 15:18:18.000000,maitenaoliviaa1109@gmail.com,+543756500989,Otra,Formulario Web
6113,Magali,Jaime Barcia,No contesta,asignaciones,2026-02-20 14:00:42.000000,magaajb@gmail.com,+5491164872342,Lomas de Zamora,Formulario Web
6118,Valeria gutierrez,Gutierrez,No contesta,asignaciones,2026-01-16 12:33:17.000000,sereir17@gmail.com,+541150399089,La Matanza,Formulario Web
6120,Pepe,gonzales,No contesta,asignaciones,2026-01-06 11:51:54.000000,pepe@gmail.com,,C.A.B.A,Vendedor-App
6121,camila,Martinez,No contesta,asignaciones,2026-02-26 10:54:41.000000,cammmma@gmail.com,+541133300122,Lomas de Zamora,Formulario Web
6124,Adriana Macarena,Santillan Rodriguez,No contesta,asignaciones,2026-05-29 11:24:13.000000,macarenasantillan570@gmail.com,+543872130191,C.A.B.A,Formulario Web
6126,Gabriela,Gimenez,No contesta,asignaciones,2026-01-16 12:33:08.000000,gabyfg_23@hotmail.com,+541163570257,Lanús,Formulario Web
6131,Rodrigo,Carrizo,No contesta,asignaciones,2026-01-08 15:04:01.000000,rc14lynch@gmail.com,+541132424339,Gral. San Martín,Formulario Web
6134,Florencia,Hamacher,No contesta,asignaciones,2026-01-16 12:33:00.000000,florenciahamacher5@gmail.com,+541173652019,C.A.B.A,Formulario Web
6137,Milagros Jazmin,Martinez,No contesta,asignaciones,2026-02-19 11:08:46.000000,milagrosjazmartinez@gmail.com,+541153886472,Vicente López,Formulario Web
6140,fabiana,benitez,No contesta,asignaciones,2026-02-19 11:08:58.000000,anaibaf@live.com.ar,+541151634093,C.A.B.A,Formulario Web
6143,Agnese,Loguercio,No contesta,asignaciones,2026-02-10 16:01:37.000000,agneseloguercio@gmail.com,+5491164956396,C.A.B.A,Formulario Web
6144,Antonela,Rapetti,No contesta,asignaciones,2026-01-07 15:00:46.000000,rapeti@hotmail.com,+541140311126,Tigre,Formulario Web
6145,Braian,Alarcón,No contesta,asignaciones,2026-01-16 12:32:52.000000,braialcon1007@gmail.com,+541134163802,Tigre,Formulario Web
6146,Mariela,Salcedo,No contesta,asignaciones,2026-01-07 09:31:33.000000,salcedoreyesangela2021@gmail.com,+541128834156,C.A.B.A,Formulario Web
6154,Luciana,Linkowiec,No contesta,asignaciones,2026-01-16 12:32:45.000000,lucianalinkowiec@gmail.com,+541141954469,Lanús,Formulario Web
6155,Claudia,Centurión,No contesta,asignaciones,2026-02-27 12:10:03.000000,cm@mail.com,+541168589824,Lanús,Formulario Web
6158,Antonio,Peralta davalos,No contesta,asignaciones,2026-01-12 12:02:37.000000,victorperalta.davalos@hotmail.com,+541126524410,Tres de Febrero,Formulario Web
6159,Candela,Galmes,No contesta,asignaciones,2026-02-11 16:12:50.000000,candegalmes@gmail.com,+541160360336,Morón,Formulario Web
6161,Camila soledad,Sanchez,No contesta,asignaciones,2026-01-16 12:32:37.000000,camilasoledadsanchez74@gmail.com,+541157194794,Moreno,Formulario Web
6164,Antonela,Britez,No contesta,asignaciones,2026-02-10 16:02:43.000000,antonelabritez84@gmail.com,+543741470619,Gral. San Martín,Formulario Web
6175,Florencia,Alegres,No contesta,asignaciones,2026-01-16 12:32:30.000000,alegresflorencia892@gmail.com,+541136228853,Moreno,Formulario Web
6178,GIOVANNA,RANDUCCI,No contesta,asignaciones,2026-02-24 10:24:53.000000,giovibva67@gmail.com,+541130510292,Avellaneda,Formulario Web
6183,Natasha,Balbo,No contesta,asignaciones,2026-01-16 12:32:22.000000,natubalboa24@gmail.com,+541172438600,C.A.B.A,Formulario Web
6190,Agustina,Monaco,No contesta,asignaciones,2026-01-16 12:32:15.000000,agustinamonaco1997@gmail.com,+541151579000,Vicente López,Formulario Web
6201,Florencia,Cabañas,No contesta,asignaciones,2026-01-16 12:32:07.000000,florcaba06@gmail.com,+541160148579,Quilmes,Formulario Web
6202,Ornella,Difilippo,No contesta,asignaciones,2026-02-19 08:58:15.000000,ornelladifilippo1@gmail.com,+542346543168,Otra,Formulario Web
6206,Jesica,Alzogaray,No contesta,asignaciones,2026-01-07 16:35:06.000000,jesicaalzogaray@gmail.com,+541134297931,Otra,Formulario Web
6208,Daira,Cardoso,No contesta,asignaciones,2026-01-16 12:31:57.000000,dairacardoso2025@gmail.com,+542213584815,Berazategui,Formulario Web
6212,natalia,marchesanon,No contesta,asignaciones,2026-01-08 15:03:57.000000,danielrmarchesano@hotmail.com,+541161301011,C.A.B.A,Formulario Web
6213,Gisela,Dure,No contesta,asignaciones,2026-02-11 15:41:16.000000,agustinasancho544@gmail.com,+541126706053,Quilmes,Formulario Web
6215,Natalia,Marchesano,No contesta,asignaciones,2026-01-16 12:31:50.000000,marchesanonatalia@gmail.com,+541132663840,C.A.B.A,Formulario Web
6223,Lucas,Lisi,No contesta,asignaciones,2026-02-10 16:03:59.000000,lucaslisi@hotmail.com,+541134692152,C.A.B.A,Formulario Web
6226,Jazmin,Barile,No contesta,asignaciones,2026-01-16 12:31:41.000000,vivi25mayo@yahoo.com.ar,+5491149350970,C.A.B.A,Formulario Web
6228,Gimena,Rodriguez,No contesta,asignaciones,2026-02-09 17:42:00.000000,mariagimenas@hotmail.com,+541150956267,C.A.B.A,Formulario Web
6231,Belen,Sasia,No contesta,asignaciones,2026-01-08 14:53:30.000000,belen.sasia@hotmail.es,+541141699147,Lomas de Zamora,Formulario Web
6233,María soledad,Gonzalez,No contesta,asignaciones,2026-07-23 16:32:58.000000,gsoledad578@gmail.com,+541172379932,Avellaneda,Formulario Web
6239,Celeste,Avila,No contesta,asignaciones,2026-02-09 17:44:39.000000,avila16celeste@gmail.com,+541121590611,Gral. San Martín,Formulario Web
6241,Tamara,Roldan,No contesta,asignaciones,2026-01-16 12:31:23.000000,tamararoldan1@hotmail.com,+541134582403,La Matanza,Formulario Web
6244,Nicole,Cariaga,No contesta,asignaciones,2026-01-21 16:56:40.000000,nicole2.7@hotmail.com,+541145631967,Vicente López,Formulario Web
6246,Solange,Bua,No contesta,asignaciones,2026-02-11 15:40:42.000000,solangebua@gmail.com,+541162641115,C.A.B.A,Formulario Web
6248,Verónica,Grieco,No contesta,asignaciones,2026-02-03 16:38:35.000000,griecoveronica025@gmail.com,+541151758861,Tres de Febrero,Formulario Web
6253,Noemí,De Carli,No contesta,asignaciones,2026-02-10 15:47:44.000000,noedecarli60@gmail.com,+541161694900,San Isidro,Formulario Web
6258,Marcelo,Ariel Castro,No contesta,asignaciones,2026-01-08 19:49:10.000000,castromarceloariel98@gmail.com,+541160321009,C.A.B.A,Formulario Web
6260,Danisa,Leguizamon,No contesta,asignaciones,2026-01-16 12:31:16.000000,danisa766@gmail.com,+541134257989,La Matanza,Formulario Web
6264,Kevin,Roldan,No contesta,asignaciones,2026-01-14 14:45:52.000000,kevinroldanlohan@gmail.com,+543425953455,Otra,Formulario Web
6270,Maria,Caballero,No contesta,asignaciones,2026-02-10 16:41:18.000000,gladyscpedrozo@gmail.com,+541164872706,Tigre,Formulario Web
6278,Wilson,Portillo,No contesta,asignaciones,2026-01-08 13:40:11.000000,wilsonjoel2603@gmail.com,+543484565881,Tigre,Formulario Web
6279,Gaston,Ramirez,No contesta,asignaciones,2026-01-16 12:31:10.000000,ramirezgaston628@gmail.com,+541138260702,Tigre,Formulario Web
6284,Delia,Ester,No contesta,asignaciones,2026-01-08 15:01:12.000000,deliavilchez677@gmail.com,+543584816627,Gral. San Martín,Formulario Web
6286,Roberth,Marquez,No contesta,asignaciones,2026-01-16 12:31:05.000000,katheu07@gmail.com,+541123867756,C.A.B.A,Formulario Web
6291,Paula,Llanes,No contesta,asignaciones,2026-02-19 11:09:10.000000,pllanes81@gmail.com,+541179058011,La Matanza,Formulario Web
6293,Cynthia,Bravo,No contesta,asignaciones,2026-01-16 12:30:57.000000,cynthialaurabravo@hotmail.com,+541144483669,C.A.B.A,Formulario Web
6301,Susana,Villar,No contesta,asignaciones,2026-06-10 14:17:00.000000,susanahvillar@hotmail.com,+541169620699,C.A.B.A,Formulario Web
6303,Samanta,Crespo,No contesta,asignaciones,2026-01-08 15:15:41.000000,cresposamanta@gmail.com,+541140368619,C.A.B.A,Formulario Web
6305,Valentina Jazmin,Fernandez,No contesta,asignaciones,2026-01-14 14:38:05.000000,fvalentinajazmin@hotmail.com,+541126485076,C.A.B.A,Formulario Web
6308,Susana Rosa,Gaspari,No contesta,asignaciones,2026-02-26 10:54:56.000000,susanagaspari08@gmail.com,+541136366343,Lomas de Zamora,Formulario Web
6312,Roxana Soledad,Pared,No contesta,asignaciones,2026-01-12 16:49:46.000000,paredroxana7@gmail.com,+541172346302,Almirante Brown,Formulario Web
6314,Celeste,Casas,No contesta,asignaciones,2026-01-16 12:30:44.000000,celestecasas2802@gmail.com,+541139204258,Lomas de Zamora,Formulario Web
6318,Maria Anabel,Heredia,No contesta,asignaciones,2026-02-10 16:48:22.000000,anabelher2001@gmail.com,+541137924012,C.A.B.A,Formulario Web
6322,Ignacio Emilio,Chirieleison,No contesta,asignaciones,2026-01-16 12:30:35.000000,chiri400@hotmail.com,+541146738042,C.A.B.A,Formulario Web
6324,Jenny,Espinosa,No contesta,asignaciones,2026-01-08 15:56:06.000000,jennny_1226@hotmail.com,+541131238202,C.A.B.A,Formulario Web
6334,Laura,Rodriguez,No contesta,asignaciones,2026-01-16 12:30:25.000000,lauracrodri@gmail.com,+541165067482,C.A.B.A,Formulario Web
6342,Patricia,Capurro,No contesta,asignaciones,2026-01-12 14:24:36.000000,patriciancapurro2@gmail.com,+541165433092,C.A.B.A,Formulario Web
6344,Antonio,Monzon,No contesta,asignaciones,2026-01-16 12:30:17.000000,gisevz01@gmail.com,+541123080719,Lanús,Formulario Web
6347,Diego Fernando,Toledo,No contesta,asignaciones,2026-02-10 16:59:32.000000,diegonalon62@gmail.com,+541151347855,Tres de Febrero,Formulario Web
6350,Pilar,Bustamante,No contesta,asignaciones,2026-02-27 12:11:49.000000,bustamantepilar317@gmail.com,+541128426396,San Isidro,Formulario Web
6354,Juan,Martín,No contesta,asignaciones,2026-01-16 12:30:10.000000,mojitoviajero@gmail.com,+541168725300,C.A.B.A,Formulario Web
6368,camila,rios,No contesta,asignaciones,2026-02-10 17:00:30.000000,kamiiriosokk018@gmail.com,+542324478471,Moreno,Formulario Web
6372,Lautaro,Martino,No contesta,asignaciones,2026-01-16 12:29:57.000000,martinolautaro01@gmail.com,+541128627260,C.A.B.A,Formulario Web
6377,Aneley,Luna,No contesta,asignaciones,2026-02-13 14:35:06.000000,aneleyluna850@gmail.com,+543417484153,Avellaneda,Formulario Web
6394,Leandro,Lozar,No contesta,asignaciones,2026-02-10 17:01:33.000000,lozarleandro7@gmail.com,+541171143791,Almirante Brown,Formulario Web
6398,Andrea Natalia,Herrera,No contesta,asignaciones,2026-01-16 12:29:07.000000,andrea1987_herrera@hotmail.com,+541164380472,Morón,Formulario Web
6405,Veronica,Grosso,No contesta,asignaciones,2026-01-16 12:29:00.000000,verogrosso40@gmail.com,+541122640673,C.A.B.A,Formulario Web
6406,Sofía,Delucchi,No contesta,asignaciones,2026-01-13 13:12:03.000000,sodelucchi@gmail.com,+541134081312,C.A.B.A,Formulario Web
6417,Marcela,Albonico,No contesta,asignaciones,2026-01-16 12:28:51.000000,malbo17@hotmail.com,+541153692222,Quilmes,Formulario Web
6418,Sofia,Rillos,No contesta,asignaciones,2026-02-11 16:09:08.000000,sofiarillos4@gmail.com,+541133287929,Otra,Formulario Web
6421,Alejandro,Martins,No contesta,asignaciones,2026-01-12 11:59:26.000000,alejandromartins13@gmail.com,+541169117701,Tres de Febrero,Formulario Web
6426,Nadia,Tempone,No contesta,asignaciones,2026-01-16 12:28:42.000000,nadiabtempone@gmail.com,+541132954276,C.A.B.A,Formulario Web
6429,Maria gabriela,Bertoli,No contesta,asignaciones,2026-01-13 13:12:05.000000,mgbertoli@hotmail.com,+541159357783,San Isidro,Formulario Web
6430,Daniel,Naselli,No contesta,asignaciones,2026-05-29 11:26:47.000000,nasellidaniel039@gmail.com,+541141592593,Almirante Brown,Formulario Web
6434,Camila,Torres,No contesta,asignaciones,2026-01-16 12:28:33.000000,camilayaeltorress@gmail.com,+541157492535,Tigre,Formulario Web
6437,Mariana,Zadikian,No contesta,asignaciones,2026-01-13 14:33:59.000000,marianazadikian@yahoo.com.ar,+541157812750,Lanús,Formulario Web
6441,Fiorella,Pablovich,No contesta,asignaciones,2026-02-11 13:08:11.000000,pablovichfiore@gmail.com,+542804357090,Quilmes,Formulario Web
6442,Angeles,Beurnel,No contesta,asignaciones,2026-03-06 16:58:45.000000,angelesbeurnel@gmail.com,+541173619909,C.A.B.A,Formulario Web
6445,Dafne,Toledo,No contesta,asignaciones,2026-02-11 15:40:12.000000,toledodafne0@gmail.com,+541135769819,Lomas de Zamora,Formulario Web
6450,Analia Beatriz,Ruiz de Galarreta,No contesta,asignaciones,2026-01-12 16:09:30.000000,contacto@desdeana.com.ar,+541138250908,Gral. San Martín,Formulario Web
6456,Analia,Pintos,No contesta,asignaciones,2026-01-12 15:19:11.000000,anitapintos26@gmail.com,+541140907503,Esteban Echeverría,Formulario Web
6458,Soledad,Cepeda,No contesta,asignaciones,2026-02-19 11:09:24.000000,solcepeda@gmail.com,+541130189898,C.A.B.A,Formulario Web
6461,Denise,Reverendo,No contesta,asignaciones,2026-01-16 12:28:21.000000,licdenisereverendo@gmail.com,+541138943007,La Matanza,Formulario Web
6464,Silvina,Ruiz,No contesta,asignaciones,2026-01-15 14:18:50.000000,sruizperez@live.com.ar,+541165824805,Avellaneda,Formulario Web
6466,Matias,Gabur,No contesta,asignaciones,2026-02-10 15:47:38.000000,gaburmatias9@gmail.com,+543751235748,Ituzaingó,Formulario Web
6470,Irina,Ledesm,No contesta,asignaciones,2026-03-06 17:09:07.000000,ledesmairina@gmail.com,+541159900749,La Matanza,Formulario Web
6472,Marcela,Lopez,No contesta,asignaciones,2026-02-18 10:27:20.000000,mamulopez18@gmail.com,+543704344043,Otra,Formulario Web
6482,Guadalupe,lugo,No contesta,asignaciones,2026-01-16 12:27:56.000000,guadalug984@gmail.com,+542974160320,C.A.B.A,Formulario Web
6490,Magali,Arribalzaga,No contesta,asignaciones,2026-01-16 12:27:49.000000,arribamagaok@gmail.com,+541122557778,C.A.B.A,Formulario Web
6495,Franco,Mastantuono,No contesta,asignaciones,2026-08-06 10:38:18.000000,franco1999mastantuono@gmail.com,+541132480738,C.A.B.A,Formulario Web
6497,Daniela,Moggia,No contesta,asignaciones,2026-01-13 11:01:31.000000,danielamoggia@gmail.com,+5491169011612,Otra,Formulario Web
6500,Melany,Villalba,No contesta,asignaciones,2026-01-16 12:27:42.000000,melany.v98@outlook.com,+541151414593,Lanús,Formulario Web
6503,Milagros Marina,Gularte,No contesta,asignaciones,2026-01-13 13:12:12.000000,luisgularte@yahoo.com.ar,+541132452616,Otra,Formulario Web
6505,Rosa,Ferreyra,No contesta,asignaciones,2026-05-29 11:27:12.000000,aldo2004@live.com.ar,+541157212595,Lomas de Zamora,Formulario Web
6507,Jaquelina,Rojas,No contesta,asignaciones,2026-01-16 12:27:30.000000,jaquyrojas5@gmail.com,+541169607597,San Fernando,Formulario Web
6511,Antony,Altamirano,No contesta,asignaciones,2026-01-13 14:32:03.000000,altamiranop691@gmail.com,+541131884780,Almirante Brown,Formulario Web
6513,Gaston,Cubas,No contesta,asignaciones,2026-02-09 17:36:27.000000,gastoncubas7@gmail.com,+541157534907,San Isidro,Formulario Web
6520,Diana Yulisa,Salvatierra,No contesta,asignaciones,2026-02-13 17:09:42.000000,dianayulisasalvatierra@gmail.com,+543644400884,Otra,Formulario Web
6522,Isabel Beatriz,Mamani,No contesta,asignaciones,2026-01-13 13:12:14.000000,isabelbeatrizmamani@gmail.com,+541176488925,La Matanza,Formulario Web
6528,Alexis nicolas,Paez,No contesta,asignaciones,2026-01-13 16:53:11.000000,paezalexis636@gmail.com,+543472555443,Otra,Formulario Web
6529,Verónica Elizabeth,Cacere,No contesta,asignaciones,2026-01-12 15:20:25.000000,ojedadanielageraldine@gmail.com,+543624717656,San Fernando,Formulario Web
6531,Romina,Vallejo,No contesta,asignaciones,2026-01-16 12:27:18.000000,vallejorominaaldana@gmail.com,+541141635658,Avellaneda,Formulario Web
6533,Tiziana,Gay,No contesta,asignaciones,2026-02-11 16:05:54.000000,gaytiziana02@gmail.com,+541154722494,C.A.B.A,Formulario Web
6536,Joaquin,Maidana,No contesta,asignaciones,2026-01-15 14:18:54.000000,joaquinmaidana@gmail.com,+543773506547,Almirante Brown,Formulario Web
6538,Juan Manuel,Ferrara,No contesta,asignaciones,2026-03-05 10:19:56.000000,juanferrara246@gmail.com,+542266531589,C.A.B.A,Formulario Web
6542,Mailen,Huaiquil,No contesta,asignaciones,2026-02-18 10:27:03.000000,huaiquilmai21@gmail.com,+542966606187,Gral. San Martín,Formulario Web
6546,Camila,Costa,No contesta,asignaciones,2026-01-13 13:12:18.000000,camiicosta94@hotmail.com,+541151107221,C.A.B.A,Formulario Web
6549,Alan,Naftali,No contesta,asignaciones,2026-01-16 12:27:08.000000,alan.nnaf@hotmail.com,+541152269020,C.A.B.A,Formulario Web
6551,Noelia,Camacho Montaño,No contesta,asignaciones,2026-02-18 14:01:52.000000,noeliacamachom6@gmail.com,+541163694541,La Matanza,Formulario Web
6552,Luis,Chaves,No contesta,asignaciones,2026-01-13 12:30:31.000000,almamelajosue2222@gmail.com,+543425767676,Zárate,Formulario Web
6553,José Alejandro,Porcelo,No contesta,asignaciones,2026-02-11 16:05:56.000000,porceloalejandro62@gmail.com,+541130671202,La Matanza,Formulario Web
6557,Gabriela,Torcatt,No contesta,asignaciones,2026-01-16 12:27:00.000000,gabrielatorcatt@gmail.com,+541121649336,C.A.B.A,Formulario Web
6559,Mariano,Catania,No contesta,asignaciones,2026-01-26 12:46:52.000000,cataniadesalto27@gmail.com,+541171059759,La Matanza,Formulario Web
6562,Ivan,Suares,No contesta,asignaciones,2026-01-16 16:59:33.000000,senaiavan123@gmail.com,+542622270847,San Fernando,Formulario Web
6564,Zeidan,Fabian alejandro,No contesta,asignaciones,2026-02-18 12:38:02.000000,alejandrozeidan@gmail.com,+541128458776,Quilmes,Formulario Web
6565,Matías Alejandro,Sosa,No contesta,asignaciones,2026-01-16 12:26:47.000000,sosamatiasalejandro5@gmail.com,+541157608345,Lomas de Zamora,Formulario Web
6568,Veronica,Miranda,No contesta,asignaciones,2026-01-12 16:26:22.000000,mirandaveronicasoledad_87@hotmail.es,+541152590630,Lanús,Formulario Web
6570,Cintia Abigail,Ojeda avila,No contesta,asignaciones,2026-01-12 11:10:22.000000,ojeda_cintia@live.com.ar,+541124797483,Moreno,Formulario Web
6579,Sharon,Glusman,No contesta,asignaciones,2026-01-16 12:26:37.000000,analianaj@hotmail.com,+541159917099,C.A.B.A,Formulario Web
6580,Adriana,Cingolani,No contesta,asignaciones,2026-01-12 14:57:08.000000,sofkatinni@gmail.com,+541144728407,La Matanza,Formulario Web
6581,Gustavo,Michur,No contesta,asignaciones,2026-02-24 10:27:56.000000,busty_1968@yahoo.com.ar,+541155066146,C.A.B.A,Formulario Web
6585,Leticia,Gil,No contesta,asignaciones,2026-02-18 14:18:32.000000,leticiagil1@hotmail.com,+541159749058,C.A.B.A,Formulario Web
6586,Maria Monserrat,Villalba Gallardo,No contesta,asignaciones,2026-01-16 12:26:30.000000,mdmonsevg@gmail.com,+543794127675,C.A.B.A,Formulario Web
6593,Azul,Martínez,No contesta,asignaciones,2026-01-16 12:26:20.000000,azulmartinezdalia@gmail.com,+541126956585,C.A.B.A,Formulario Web
6594,Analia,Parra,No contesta,asignaciones,2026-01-12 16:26:25.000000,parraanaliaet5@gmail.com,+541126520966,C.A.B.A,Formulario Web
6601,Aldana,Roschut,No contesta,asignaciones,2026-03-06 17:07:33.000000,roschut34@gmail.com,+541136606150,Lanús,Formulario Web
6602,Gabriela,Gaito,No contesta,asignaciones,2026-01-12 14:21:26.000000,gabygaito@gmail.com,+541140911605,Lomas de Zamora,Formulario Web
6618,Carlos sebastian,Bermudez,No contesta,asignaciones,2026-01-13 10:48:36.000000,sebabermudez07@gmail.com,+541160117782,Merlo,Formulario Web
6628,Julio,Vargas,No contesta,asignaciones,2026-01-14 11:41:54.000000,vargasjuliocesar2105@gmail.com,+541130537807,Otra,Formulario Web
6631,Milciades,Frutos,No contesta,asignaciones,2026-02-18 14:22:34.000000,frutosmilciades62@gmail.com,+541126901833,Avellaneda,Formulario Web
6635,Mariano Daniel,Rayment,No contesta,asignaciones,2026-02-19 11:09:40.000000,marianorayment@yahoo.com.ar,+541167959688,Merlo,Formulario Web
6636,Brenda,Soria,No contesta,asignaciones,2026-01-16 12:26:12.000000,bmlsoria19@gmail.com,+541134638203,Morón,Formulario Web
6643,Gastón,Lojo,No contesta,asignaciones,2026-03-09 14:00:25.000000,franmedina100619@gmail.com,+541158419489,Lomas de Zamora,Formulario Web
6646,Francesca,Aguero,No contesta,asignaciones,2026-02-10 17:01:28.000000,aguerofran3@gmail.com,+543512305655,C.A.B.A,Formulario Web
6647,Renata,Chilinski,No contesta,asignaciones,2026-01-16 12:26:05.000000,rchilinski603@gmail.com,+541139132592,C.A.B.A,Formulario Web
6652,Gael,Cisneros,No contesta,asignaciones,2026-01-15 16:17:40.000000,gaelcisneros20633@gmail.com,+541127398569,C.A.B.A,Formulario Web
6654,Jorge,Roca,No contesta,asignaciones,2026-02-18 14:00:17.000000,rocaj5852@gmail.com,+543873305289,Gral. San Martín,Formulario Web
6655,Florencia,Gomez,No contesta,asignaciones,2026-02-10 10:47:24.000000,mfgomez1989@gmail.com,+541128697302,C.A.B.A,Formulario Web
6660,Bono,De carlucci,No contesta,asignaciones,2026-01-20 13:08:54.000000,bonodecarlucci7@gmail.com,+541159066988,Avellaneda,Formulario Web
6665,Sebastián,Aguerre,No contesta,asignaciones,2026-03-06 17:06:58.000000,sebastianaguerre7@gmail.com,+541164210078,Pilar,Formulario Web
6667,Omar Horacio,Loria,No contesta,asignaciones,2026-02-09 17:39:05.000000,omarloria22@gmail.com,+541171072601,C.A.B.A,Formulario Web
6680,natalia,ramirerere,No contesta,asignaciones,2026-01-14 11:43:05.000000,sdfrsgerg@gmail.com,+541154523234,Lanús,Vendedor-App
6682,Joaquín,Pariz,No contesta,asignaciones,2026-01-16 12:25:56.000000,majosiviero@gmail.com,+541140860398,Lomas de Zamora,Formulario Web
6690,Gonzalo,Tiesi,No contesta,asignaciones,2026-07-24 12:23:52.000000,gonzalotiesi@gmail.com,+541168447159,San Isidro,Formulario Web
6691,Jessica,Perez,No contesta,asignaciones,2026-01-16 12:25:48.000000,jessica_perez@live.com.ar,+541139194185,Berazategui,Formulario Web
6699,brisa micaela,conde,No contesta,asignaciones,2026-02-19 11:09:50.000000,condebrisam@gmail.com,+541158528579,Gral. San Martín,Formulario Web
6703,Ana,Aguilar,No contesta,asignaciones,2026-01-14 11:42:37.000000,devadiksha@gmail.com,+5491159587194,C.A.B.A,Formulario Web
6705,Anna Tiziana,Aguilar,No contesta,asignaciones,2026-02-18 14:03:32.000000,annatizianaa@gmail.com,+541154046443,Lanús,Formulario Web
6725,Valentina,Sousa,No contesta,asignaciones,2026-01-16 12:25:38.000000,valensousa@hotmail.com,+542213048416,C.A.B.A,Formulario Web
6726,Solana,Noziglia,No contesta,asignaciones,2026-01-13 21:08:36.000000,solananoziglia@gmail.com,+541161418899,C.A.B.A,Formulario Web
6731,Tiago,Riod,No contesta,asignaciones,2026-02-11 16:07:11.000000,riost5064@gmail.com,+543835554700,Almirante Brown,Formulario Web
6734,Agustín,Rombolá,No contesta,asignaciones,2026-01-16 12:25:31.000000,agustindrombola@gmail.com,+541124866722,C.A.B.A,Formulario Web
6738,Federico,Vazquez,No contesta,asignaciones,2026-01-15 16:18:03.000000,federicovazzquez2023@gmail.com,+542323351405,José C. Paz,Formulario Web
6745,Silvana,Aramoni,No contesta,asignaciones,2026-01-28 16:44:52.000000,silaramoni@hotmail.com,+541135257337,C.A.B.A,Formulario Web
6747,Tamara,Almiron,No contesta,asignaciones,2026-01-16 12:25:23.000000,tamialmiron18@gmail.com,+541166877200,Moreno,Formulario Web
6758,Ariana,Toledo,No contesta,asignaciones,2026-01-16 12:25:12.000000,arianapaulat@gmail.com,+541140730348,C.A.B.A,Formulario Web
6761,Juan,Tibaut,No contesta,asignaciones,2026-02-19 11:10:18.000000,juantibaut6@gmail.com,+541167544799,C.A.B.A,Formulario Web
6766,Silvia,Figueredo,No contesta,asignaciones,2026-01-16 12:25:03.000000,silviafigueredo20@gmail.com,+541136003678,La Matanza,Formulario Web
6769,MELANY,TIFNER,No contesta,asignaciones,2026-02-18 10:26:12.000000,tifnermelany@gmail.com,+5490022592934,C.A.B.A,Formulario Web
6776,Gerardo Abel,Delvalle,No contesta,asignaciones,2026-02-19 11:10:28.000000,gerardodelvalle@gmail.com,+541132797765,Merlo,Formulario Web
6778,Paula,Villafañe,No contesta,asignaciones,2026-02-24 11:17:27.000000,v2980219@gmail.com,+541159040162,Gral. San Martín,Formulario Web
6783,Belen,Aragno,No contesta,asignaciones,2026-01-16 12:24:53.000000,belenaragnob@gmail.com,+541140826620,C.A.B.A,Formulario Web
6789,Tomas,Gomez,No contesta,asignaciones,2026-02-11 11:04:55.000000,tomas.g.2000@hotmail.com,+541167800751,C.A.B.A,Formulario Web
6790,Romina,Baiz,No contesta,asignaciones,2026-03-12 17:07:35.000000,rominaabaiz@gmail.com,+541122879365,Quilmes,Formulario Web
6806,Sara huergo,Huergo,No contesta,asignaciones,2026-01-16 12:24:32.000000,sarahuergo@gmail.com,+541166152922,Vicente López,Formulario Web
6813,Elio,Vega,No contesta,asignaciones,2026-01-15 11:14:55.000000,eliogabriel.97@hotmail.com,+541125583527,Tres de Febrero,Formulario Web
6816,Marisol,Navia,No contesta,asignaciones,2026-05-29 11:30:17.000000,naviamarisol@hotmail.com,+541133339091,Avellaneda,Formulario Web
6817,CIELO,VILLELLA,No contesta,asignaciones,2026-02-11 11:04:59.000000,cielovillella@gmail.com,+541122438106,C.A.B.A,Formulario Web
6818,Franco,Fiasconaro,No contesta,asignaciones,2026-01-16 12:24:24.000000,fiasconarofranco8@gmail.com,+541122684686,Lanús,Formulario Web
6823,Martina,Velasquez,No contesta,asignaciones,2026-02-25 17:25:24.000000,martinavelasquez53@gmail.com,+541126829118,C.A.B.A,Formulario Web
6827,Irene,Galante,No contesta,asignaciones,2026-02-11 15:22:32.000000,marianagalantem@gmail.com,+541122747043,Almirante Brown,Formulario Web
6829,Aldana,Pacheco,No contesta,asignaciones,2026-01-15 11:14:58.000000,camialdapache@gmail.com,+541126468383,Almirante Brown,Formulario Web
6831,Andres,Gonzalez,No contesta,asignaciones,2026-01-16 12:24:16.000000,nel92rodriguez@gmail.com,+541162287613,La Matanza,Formulario Web
6834,Camila Florencia,Siccardi,No contesta,asignaciones,2026-01-27 11:42:53.000000,camisicca545@gmail.com,+541123210522,C.A.B.A,Formulario Web
6836,Amalia Beatriz,Carrizo,No contesta,asignaciones,2026-01-16 11:05:02.000000,amaliaenartes@gmail.com,+541120993806,C.A.B.A,Formulario Web
6837,Cynthia,Basilotto,No contesta,asignaciones,2026-02-24 11:16:47.000000,santiagomuzzu99@gmail.com,+541124563998,C.A.B.A,Formulario Web
6842,Mariel,Albarracin,No contesta,asignaciones,2026-01-15 10:09:10.000000,marielalbarracin@hotmail.com.ar,+541171203629,Avellaneda,Formulario Web
6847,Marianela,Salguero Bonino,No contesta,asignaciones,2026-01-15 11:15:16.000000,mariansbonino@gmail.com,+543537667558,C.A.B.A,Formulario Web
6849,Cielo,Hernández,No contesta,asignaciones,2026-01-20 15:35:39.000000,cielodenise1@gmail.com,+541125972716,Malvinas Argentinas,Formulario Web
6851,Jose Miguel,Gomez,No contesta,asignaciones,2026-01-16 12:23:38.000000,josemgs1996@gmail.com,+541155987037,Lanús,Formulario Web
6865,Camila,Bis,No contesta,asignaciones,2026-02-09 12:54:41.000000,britcam@hotmail.com,+541124076864,Vicente López,Formulario Web
6867,Julio,Vicente,No contesta,asignaciones,2026-01-16 12:23:32.000000,vicentejuliofabian@gmail.com,+5491144117369,C.A.B.A,Formulario Web
6871,Priscila,altamiranda,No contesta,asignaciones,2026-01-27 11:41:27.000000,altamirandapr@gmail.com,+541140764195,Almirante Brown,Formulario Web
6877,Micol,Andrada,No contesta,asignaciones,2026-05-29 11:36:29.000000,micol.andrada@hotmail.com,+541154598141,San Isidro,Formulario Web
6880,nathalia,bogafo,No contesta,asignaciones,2026-01-20 15:35:35.000000,bogado_nathy@hotmail.com,+541150277067,Avellaneda,Formulario Web
6881,Graciela,Saravia,No contesta,asignaciones,2026-01-16 12:23:19.000000,graciesaravia@gmail.com,+541152595953,Lomas de Zamora,Formulario Web
6885,Mariano,Vivas,No contesta,asignaciones,2026-02-11 16:07:57.000000,marianovivas00@gmail.com,+541159289172,Berazategui,Formulario Web
6889,Lucas Gabriel,Elias,No contesta,asignaciones,2026-02-19 11:10:42.000000,luckylucaselias@gmail.com,+541150147629,Avellaneda,Formulario Web
6892,Carla,Di Francesco,No contesta,asignaciones,2026-05-29 11:43:07.000000,carladifran@hotmail.com,+541137836245,Gral. San Martín,Formulario Web
6895,Nicolas,Mercado,No contesta,asignaciones,2026-01-16 12:52:11.000000,nicolasezequiel919@gmail.com,+541124836917,Lomas de Zamora,Formulario Web
6903,Matias ezequiel,Mosquera,No contesta,asignaciones,2026-02-25 12:23:07.000000,matiasemosquera@gmail.com,+541135640311,Vicente López,Formulario Web
6904,martina,preis abastey,No contesta,asignaciones,2026-02-23 12:32:05.000000,mabastey@hotmail.com,+541164596020,Esteban Echeverría,Formulario Web
6911,William Iván,Vasiloffvalchincoff,No contesta,asignaciones,2026-01-16 12:23:07.000000,bribelenlaz@gmail.com,+541167945631,Pilar,Formulario Web
6914,Nahuel,Riusech,No contesta,asignaciones,2026-01-27 11:46:58.000000,riusechnahuel@gmail.com,+541131509091,C.A.B.A,Formulario Web
6917,florencia,monteros,No contesta,asignaciones,2026-02-25 17:25:16.000000,montflorencia00@gmail.com,+541168409462,Avellaneda,Formulario Web
6918,Ailin,Alza,No contesta,asignaciones,2026-02-18 13:59:08.000000,alzaailinn@gmail.com,+541170601978,Gral. San Martín,Formulario Web
6925,Florencia,Cuervo getino,No contesta,asignaciones,2026-01-16 14:24:00.000000,florenciacuervo6@gmail.com,+541161551298,C.A.B.A,Formulario Web
6938,Jesica,Chaile,No contesta,asignaciones,2026-01-16 11:45:32.000000,jessicachaile1@gmail.com,+541169325749,C.A.B.A,Formulario Web
6946,Nicole,Alvarez,No contesta,asignaciones,2026-01-20 15:35:31.000000,nicoleemiliana@gmail.com,+541151642820,C.A.B.A,Formulario Web
6949,DELFINA,CELANO,No contesta,asignaciones,2026-03-12 17:05:32.000000,susumik@hotmail.com,+541168644518,C.A.B.A,Formulario Web
6951,Maximiliano,Sosa,No contesta,asignaciones,2026-02-19 11:11:01.000000,maxi227986@gmail.com,+541163617183,Malvinas Argentinas,Formulario Web
6952,Julieta,Delvalle,No contesta,asignaciones,2026-02-18 10:26:36.000000,julietabelendelvalle@gmail.com,+541124009603,C.A.B.A,Formulario Web
6956,Fabiana,Pajon,No contesta,asignaciones,2026-01-19 11:43:02.000000,fabianapajon001@gmail.com,+541158086647,Morón,Formulario Web
6959,Federico,Misenta,No contesta,asignaciones,2026-01-20 12:42:38.000000,zypce73@gmail.com,+541167011832,C.A.B.A,Formulario Web
6963,Luna,Ponce,No contesta,asignaciones,2026-02-12 15:28:01.000000,lunitaponce2005@gmail.com,+541131135315,Lomas de Zamora,Formulario Web
6964,Carlos,Gallardo,No contesta,asignaciones,2026-01-19 11:43:23.000000,gallardocarlos46@gmail.com,+5491169948635,Otra,Formulario Web
6970,Morena,Calderon,No contesta,asignaciones,2026-02-11 15:36:47.000000,morecami390@gmail.com,+541168450611,Morón,Formulario Web
6974,Carolina,Ferreyra,No contesta,asignaciones,2026-01-19 11:54:49.000000,carolinasoledadferreyra90@gmail.com,+541170264177,Tigre,Formulario Web
6976,Melisa,Moreno,No contesta,asignaciones,2026-01-19 11:45:44.000000,morenomelisa3003@gmail.com,+541124011197,Almirante Brown,Formulario Web
6985,Luna,Secches,No contesta,asignaciones,2026-02-25 17:25:14.000000,lolyferrari3@hotmail.com,+541158309554,Otra,Formulario Web
6993,Delfina ailen,Alsina,No contesta,asignaciones,2026-05-29 11:44:25.000000,alsinadelfina@gmail.com,+541131933338,C.A.B.A,Formulario Web
6994,Iara,Biasevich,No contesta,asignaciones,2026-01-19 12:02:44.000000,iarabiasevich28@gmail.com,+5491130791054,Gral. San Martín,Formulario Web
6995,Brisa,Bernal,No contesta,asignaciones,2026-02-11 16:09:35.000000,brisaazulbernal@gmail.com,+5490022567761,Otra,Formulario Web
7003,Alejandra,Mumany,No contesta,asignaciones,2026-02-10 10:36:14.000000,alemu1985@hotmail.com,+541123435467,Otra,Formulario Web
7005,Uriel Jesús,Peralta,No contesta,asignaciones,2026-01-19 10:41:10.000000,peraltauriel940@gmail.com,+541138651465,La Matanza,Formulario Web
7012,Martin rodriguez,Martin Rodriguez,No contesta,asignaciones,2026-01-20 15:35:20.000000,marodriguez@megatlon.com.ar,+541136998448,Avellaneda,Formulario Web
7014,paula,barreto,No contesta,asignaciones,2026-05-29 11:45:03.000000,paulabarreto266@gmail.com,+541123883459,C.A.B.A,Formulario Web
7016,Juana,Gutierrez,No contesta,asignaciones,2026-01-19 11:58:42.000000,jbgutierrez897@gmail.com,+541164262023,Avellaneda,Formulario Web
7018,Valeria,Benega,No contesta,asignaciones,2026-02-18 10:26:57.000000,valeriabenega@gmail.com,+541131309528,C.A.B.A,Formulario Web
7021,Jonathan,Soria,No contesta,asignaciones,2026-04-17 12:18:21.000000,jonasoria2010@gmail.com,+541162658985,C.A.B.A,Formulario Web
7023,Paula,Sosa,No contesta,asignaciones,2026-01-19 12:03:45.000000,paula_sosa@hotmail.com,+541130915305,C.A.B.A,Formulario Web
7024,Alien,Rodriguez,No contesta,asignaciones,2026-01-20 12:42:43.000000,ailennguada@gmail.com,+541173713387,Merlo,Formulario Web
7032,Alejandra,Montolfo,No contesta,asignaciones,2026-02-10 16:11:05.000000,alejandramontolfo78@gmail.com,+541141754874,Gral. San Martín,Formulario Web
7033,rocio,Castro,No contesta,asignaciones,2026-05-29 11:45:21.000000,rousterilli89@gmail.com,+541156227655,La Matanza,Formulario Web
7034,Julieta,Castillo,No contesta,asignaciones,2026-01-19 12:07:22.000000,julietarcastillo@hotmail.com,+541136338287,San Isidro,Formulario Web
7041,Borja,Rodriguez,No contesta,asignaciones,2026-02-20 14:01:49.000000,bimbialoisi09@gmail.com,+541122946246,Otra,Formulario Web
7042,Ariadna,Gallardo,No contesta,asignaciones,2026-01-19 13:30:35.000000,amgallardo2014@gmail.com,+541164763390,C.A.B.A,Formulario Web
7051,Merllen,Ursini,No contesta,asignaciones,2026-07-24 12:24:31.000000,merllenursini777@gmail.com,+541128179401,C.A.B.A,Formulario Web
7052,Micaela,Ayarzabal,No contesta,asignaciones,2026-01-19 13:22:46.000000,micaelaayarzabal@hotmail.com.ar,+542236330374,C.A.B.A,Formulario Web
7053,Andreina,Arenas,No contesta,asignaciones,2026-01-19 13:30:33.000000,soyrevenga@gmail.com,+541128321497,C.A.B.A,Formulario Web
7055,Agustina,Peñaflor,No contesta,asignaciones,2026-02-19 11:11:08.000000,agustinapenaflor14@gmail.com,+541127583659,Ituzaingó,Formulario Web
7060,macarena,falero,No contesta,asignaciones,2026-02-03 10:42:25.000000,mfalerogutierrez@outlook.es,+541159675943,C.A.B.A,Formulario Web
7061,Patricia Viviana,URBANI,No contesta,asignaciones,2026-02-10 10:34:48.000000,patriciaurbani@gmail.com,+541165636237,Tres de Febrero,Formulario Web
7068,Fiorella,Sisro,No contesta,asignaciones,2026-02-11 11:04:43.000000,fiorellasisro@hotmail.com,+5491167403445,C.A.B.A,Formulario Web
7071,Katherine,Villarroel,No contesta,asignaciones,2026-02-18 12:35:28.000000,kathylkvs2609@gmail.com,+541164189309,C.A.B.A,Formulario Web
7072,Nestor Fabian,Demarco,No contesta,asignaciones,2026-01-19 12:08:57.000000,fabiandemarco@gmail.com,+541127954472,C.A.B.A,Formulario Web
7076,micaela,belmonte,No contesta,asignaciones,2026-01-19 13:15:40.000000,micaelabelmonte99@gmail.com,+541156237856,Tres de Febrero,Formulario Web
7078,Belen,Peña,No contesta,asignaciones,2026-01-20 15:35:24.000000,bel.pena1984@icloud.com,+541141621448,C.A.B.A,Formulario Web
7082,Luciana,Vergara,No contesta,asignaciones,2026-02-18 13:57:29.000000,luu.vergara@live.com,+541168768422,Quilmes,Formulario Web
7084,Romina,Spano,No contesta,asignaciones,2026-02-18 10:26:31.000000,rominavspano@gmail.com,+541167650975,C.A.B.A,Formulario Web
7090,Isabel,Tapia,No contesta,asignaciones,2026-01-20 12:42:45.000000,isajuyanatapia@gmail.com,+541155952439,Otra,Formulario Web
7091,Valentina,Macias,No contesta,asignaciones,2026-02-19 11:11:24.000000,valentinamacias0719@gmail.com,+541156639415,C.A.B.A,Formulario Web
7092,Gabriel,Fiore,No contesta,asignaciones,2026-05-29 11:50:35.000000,gabrielfiore1985@gmail.com,+541164517056,San Isidro,Formulario Web
7094,Luis Enrique,Rodriguez Serrano,No contesta,asignaciones,2026-01-19 15:35:21.000000,luisrdrz02@gmail.com,+541125758171,C.A.B.A,Formulario Web
7101,Matias,Loggia,No contesta,asignaciones,2026-01-27 12:08:17.000000,loggiamatias@gmail.com,+541130387569,Moreno,Formulario Web
7102,Melanie,Tulian,No contesta,asignaciones,2026-02-19 11:11:58.000000,melanietulian42@gmail.com,+541123941496,C.A.B.A,Formulario Web
7103,Joaquin,Belando,No contesta,asignaciones,2026-01-19 16:03:30.000000,joaquinbelando0@gmail.com,+542983522319,Otra,Formulario Web
7110,Mirna,Balbuena,No contesta,asignaciones,2026-02-19 11:12:13.000000,mirnabalbuena2012@gmail.com,+541167992778,Almirante Brown,Formulario Web
7114,Mieuel,Miller,No contesta,asignaciones,2026-05-29 11:52:27.000000,almadaermelinda7@gmail.com,+541154828515,C.A.B.A,Formulario Web
7115,Miguel,Gomez,No contesta,asignaciones,2026-01-19 17:52:28.000000,miguelgomez2124@gmail.com,+541131465358,C.A.B.A,Formulario Web
7124,Ivana,Alvarez,No contesta,asignaciones,2026-09-11 12:37:58.000000,ivana_alvarez@hotmail.com,+541135583033,La Matanza,Formulario Web
7125,Lorena,Mayuri,No contesta,asignaciones,2026-02-20 14:02:03.000000,mundomueblebanfield@hotmail.com,+5491166436661,Lomas de Zamora,Formulario Web
7126,Vanesa,Saucedo,No contesta,asignaciones,2026-02-11 16:11:20.000000,vsaucedo82@hotmail.com,+541128340388,Pilar,Formulario Web
7127,FACUNDO,LOPEZ,No contesta,asignaciones,2026-01-30 10:56:28.000000,facundodlopezz@gmail.com,+541167665572,C.A.B.A,Formulario Web
7133,Valeria cecilia,Druginski,No contesta,asignaciones,2026-02-18 13:57:56.000000,druginskivaleria@gmail.com,+543755726470,Otra,Formulario Web
7134,Ignacio,Brenta,No contesta,asignaciones,2026-02-02 14:57:40.000000,bateronacho@gmail.com,+541138833024,C.A.B.A,Formulario Web
7135,Macarena,De Martino,No contesta,asignaciones,2026-02-12 15:28:43.000000,maca-dm@hotmail.com,+541161279128,Lomas de Zamora,Formulario Web
7137,Victoria,Pereira,No contesta,asignaciones,2026-07-24 12:24:53.000000,pereiravictorialucia@hotmail.com,+541126818586,C.A.B.A,Formulario Web
7138,Miguel Angel,Romero Sanchez,No contesta,asignaciones,2026-01-20 11:53:00.000000,mars2013arg@gmail.com,+541165866056,Quilmes,Formulario Web
7141,Lara,Toledo,No contesta,asignaciones,2026-01-30 11:38:14.000000,laratoledo1d@gmail.com,+541169404286,C.A.B.A,Formulario Web
7145,Cristina Beatriz,Pereyra,No contesta,asignaciones,2026-02-19 11:12:34.000000,leonela_pereyra@hotmail.com,+541125372444,Lanús,Formulario Web
7146,Brenda ilumina,Fernandez,No contesta,asignaciones,2026-01-20 13:33:24.000000,brendailuminafernandezz@gmail.com,+541124797608,La Matanza,Formulario Web
7147,Angélica,Vera,No contesta,asignaciones,2026-01-20 10:21:24.000000,verangel985@gmail.com,+541157172969,Lomas de Zamora,Formulario Web
7150,Noelia,Capay,No contesta,asignaciones,2026-02-23 12:26:03.000000,noeliacapay@hotmail.com,+541138195638,Florencio Varela,Formulario Web
7155,Lucas Alejandro,Arroyo,No contesta,asignaciones,2026-01-26 15:31:39.000000,larroyogx@gmail.com,+541166753040,C.A.B.A,Formulario Web
7172,valentina,salcedo,No contesta,asignaciones,2026-01-20 13:36:44.000000,valenmartinez529@gmail.com,+541127188797,Gral. San Martín,Formulario Web
7173,Guillermina,Castagnola,No contesta,asignaciones,2026-01-26 10:55:50.000000,gcastagnolaguille@gmail.com,+541154576081,Avellaneda,Formulario Web
7181,Marcela,Tapia,No contesta,asignaciones,2026-02-12 14:49:09.000000,martapia22@gmail.com,+541176418593,Gral. San Martín,Formulario Web
7182,Celia,Negrin,No contesta,asignaciones,2026-01-20 13:52:07.000000,celianegringarcia@gmail.com,+542804006473,Otra,Formulario Web
7185,Pablo,Gimenez,No contesta,asignaciones,2026-01-20 16:01:06.000000,pabloezequielg743@gmail.com,+541124006559,Avellaneda,Formulario Web
7192,Dario,Romer,No contesta,asignaciones,2026-02-03 10:51:25.000000,darioromer@hotmail.com,+541160555899,Tres de Febrero,Formulario Web
7194,Bianca,Vizcarra,No contesta,asignaciones,2026-01-20 16:01:01.000000,biancavizcarra1704@gmail.com,+541176104011,Tigre,Formulario Web
7201,Emanuel Alejandro,Suarez,No contesta,asignaciones,2026-01-21 15:37:54.000000,emanuelalejandrosuarez@hotmail.com,+541173568911,Avellaneda,Formulario Web
7204,Claudia,Farina,No contesta,asignaciones,2026-02-19 11:12:44.000000,cclauchi@gmail.com,+541162564055,C.A.B.A,Formulario Web
7206,sabrina,piantanida,No contesta,asignaciones,2026-01-21 11:44:36.000000,sabrialipiantanida@gmail.com,+541153324916,San Fernando,Formulario Web
7213,Lucas Ariel,Romeo,No contesta,asignaciones,2026-02-09 17:12:05.000000,lucasromeo001@gmail.com,+541169467820,C.A.B.A,Formulario Web
7225,Antonio,Marin,No contesta,asignaciones,2026-02-12 11:36:41.000000,rojasmontalvopiren@gmail.com,+541167834444,Quilmes,Formulario Web
7226,Camila,Sanche,No contesta,asignaciones,2026-07-24 12:25:22.000000,diegootalora@gmail.com,+541134760002,Tigre,Formulario Web
7229,Silvina,Garcia,No contesta,asignaciones,2026-01-21 10:32:26.000000,silvilgarcia@yahoo.com.ar,+541166193178,C.A.B.A,Formulario Web
7230,Marysol,Miquel,No contesta,asignaciones,2026-01-21 15:14:00.000000,marysol.miquel@bue.edu.ar,+543489511685,C.A.B.A,Formulario Web
7235,Jonatan,Lemos,No contesta,asignaciones,2026-01-26 12:43:00.000000,jonatanmlemos@gmail.com,+541136389523,Berazategui,Formulario Web
7236,Carolina,Marco del Pont,No contesta,asignaciones,2026-01-29 14:33:46.000000,caromdp@gmail.com,+541161822836,San Fernando,Formulario Web
7241,AGUSTINA,SANDOVAL,No contesta,asignaciones,2026-01-26 12:46:26.000000,agustinasandoval100@gmail.com,+541123086438,C.A.B.A,Formulario Web
7245,Tiara Jazmín,Sotelo Martinez,No contesta,asignaciones,2026-02-24 11:17:43.000000,tiaramartinez889@gmail.com,+541150246776,C.A.B.A,Formulario Web
7249,Micaela,ribas,No contesta,asignaciones,2026-01-26 10:55:41.000000,miqaelaribas2253@gmail.com,+541154005324,C.A.B.A,Formulario Web
7250,Micaela,Marzullo,No contesta,asignaciones,2026-07-24 12:25:19.000000,micaela.marzullom@hotmail.com,+541166410792,C.A.B.A,Formulario Web
7254,KEVIN,BOSATTA,No contesta,asignaciones,2026-02-11 16:13:51.000000,almaarz2016@gmail.com,+541126151416,Esteban Echeverría,Formulario Web
7262,Alejandra,Cáceres Esquivel,No contesta,asignaciones,2026-01-27 11:48:18.000000,dralejandrace@gmail.com,+541156984644,C.A.B.A,Formulario Web
7266,Jonathan,Villalba,No contesta,asignaciones,2026-01-21 17:32:47.000000,mancuellojimena8@gmail.com,+541127999179,Quilmes,Formulario Web
7270,DIEGO FERNANDO,CARDANI,No contesta,asignaciones,2026-02-11 15:16:40.000000,diegocardani@hotmail.com,+541166793840,Gral. San Martín,Formulario Web
7274,Federico,visca,No contesta,asignaciones,2026-02-19 11:13:06.000000,marketingjuliponce@gmail.com,+541132757283,C.A.B.A,Formulario Web
7275,Valeria,Baldino Mayer,No contesta,asignaciones,2026-07-24 12:25:39.000000,valeriabaldinomayer@hotmail.com,+541137619359,San Isidro,Formulario Web
7276,Nahuel,Ferreyra,No contesta,asignaciones,2026-01-21 14:20:17.000000,nahuelferreyra120898@gmail.com,+541157000090,San Isidro,Formulario Web
7284,Pablo,Sorio,No contesta,asignaciones,2026-02-23 16:08:56.000000,pasorio78@gmail.com,+541164989880,C.A.B.A,Formulario Web
7286,Mirella,Honorio,No contesta,asignaciones,2026-01-21 17:18:44.000000,gaabiicabjswd@hotmail.com,+541137054908,La Matanza,Formulario Web
7287,Pablo Sebastian,Pires Rando,No contesta,asignaciones,2026-02-25 17:25:08.000000,pablosebastianpires@gmail.com,+541150616713,Vicente López,Formulario Web
7288,Agostina,Muscillo,No contesta,asignaciones,2026-01-27 11:49:05.000000,agostinapaulamuscillo@gmail.com,+541166122694,Gral. San Martín,Formulario Web
7293,Satin,Bo,No contesta,asignaciones,2026-02-27 13:46:41.000000,sboarias@gmail.com,+541134001004,Ituzaingó,Formulario Web
7294,Tomas Agustin,Acosta,No contesta,asignaciones,2026-02-24 11:17:54.000000,tomacosta1@icloud.com,+541140428879,Almirante Brown,Formulario Web
7295,Sofia,Arce,No contesta,asignaciones,2026-02-11 15:12:25.000000,arcesofia651@gmail.com,+542235586351,C.A.B.A,Formulario Web
7298,Mariana,Arzamendia,No contesta,asignaciones,2026-05-29 11:55:15.000000,marianaarzamendia99@gmail.com,+541156662776,Lomas de Zamora,Formulario Web
7300,Benicio,Rodriguez,No contesta,asignaciones,2026-02-09 14:58:28.000000,benicioralonso@gmail.com,+5491138645561,C.A.B.A,Formulario Web
7301,Roman,Pacheco,No contesta,asignaciones,2026-01-30 11:37:45.000000,romanalep@gmail.com,+541159089986,C.A.B.A,Formulario Web
7302,Mariana,Debevec,No contesta,asignaciones,2026-01-23 13:28:18.000000,marianalucila10@gmail.com,+541168638231,Morón,Formulario Web
7313,Rodrigo,Luna,No contesta,asignaciones,2026-01-22 16:37:43.000000,rodoluna84@gmail.com,+541173737844,Morón,Formulario Web
7314,Gabriel Hugo,Moralli,No contesta,asignaciones,2026-01-29 14:34:05.000000,gabriel@argenplas.net,+541165561649,Lomas de Zamora,Formulario Web
7319,Antonella,Quiroga,No contesta,asignaciones,2026-01-22 16:41:25.000000,antonellamquiroga@gmail.com,+541164236226,C.A.B.A,Formulario Web
7322,Sandra,Landgrebe,No contesta,asignaciones,2026-05-29 11:56:10.000000,dsan8793@gmail.com,+541169593936,Vicente López,Formulario Web
7328,julianny,jimenez,No contesta,asignaciones,2026-02-11 15:27:36.000000,juliannyjimenez71@gmail.com,+541124010770,C.A.B.A,Formulario Web
7333,DAIANA ELIZABETH,GEISLER,No contesta,asignaciones,2026-01-22 16:47:02.000000,daiageisler@hotmail.com,+541167472925,Berazategui,Formulario Web
7337,Ruth Elizabeth,Gonzalez,No contesta,asignaciones,2026-02-18 13:56:12.000000,rg13072005@gmail.com,+5491140918006,Quilmes,Formulario Web
7339,María jose,García,No contesta,asignaciones,2026-01-22 16:47:58.000000,majogarcia76@gmail.com,+541166384372,Quilmes,Formulario Web
7344,Sofia Jazmin,Rodriguez,No contesta,asignaciones,2026-01-23 13:31:39.000000,jazmiinrodriiguez3@gmail.com,+541144931362,C.A.B.A,Formulario Web
7352,Ana Sofia,Blanco,No contesta,asignaciones,2026-01-22 17:45:43.000000,anablanco299@gmail.com,+541168708113,C.A.B.A,Formulario Web
7354,Alejandro,Brugnone,No contesta,asignaciones,2026-01-27 11:56:36.000000,alebrugno03@hotmail.com,+541161302245,Ituzaingó,Formulario Web
7358,Tamara abril,Risso,No contesta,asignaciones,2026-01-22 17:48:50.000000,tamypsicope@gmail.com,+541138407077,San Isidro,Formulario Web
7364,JENNIFER,DIAZ,No contesta,asignaciones,2026-05-29 11:56:46.000000,jenniferdiaz0791@gmail.com,+541158819439,Lomas de Zamora,Formulario Web
7366,sofia,ortiz,No contesta,asignaciones,2026-01-22 17:49:56.000000,sofiia_martinez@live.com,+541130970724,Vicente López,Formulario Web
7369,Pablo,Rodriguez,No contesta,asignaciones,2026-01-23 13:33:16.000000,blitoo_e2@outlook.es,+541128151069,Quilmes,Formulario Web
7375,Mariel,Gomez,No contesta,asignaciones,2026-01-22 17:51:41.000000,noemi2734@hotmail.com,+541161432089,Malvinas Argentinas,Formulario Web
7376,Edgardo,Rodríguez alagastino,No contesta,asignaciones,2026-01-30 11:37:29.000000,rodriguezalagastino@gmail.com,+542224510015,Otra,Formulario Web
7377,Cristian,ALONSO,No contesta,asignaciones,2026-03-09 14:00:27.000000,kissalonso15@gmail.com,+541162484491,Almirante Brown,Formulario Web
7378,Micaela,Vitello,No contesta,asignaciones,2026-01-27 11:55:59.000000,vitellomicaela@gmail.com,+5491158051750,C.A.B.A,Formulario Web
7382,Elias,Ramirez,No contesta,asignaciones,2026-01-23 11:43:27.000000,ramirezelias1341@gmail.com,+541172441703,Quilmes,Formulario Web
7385,Megan,de la Riva,No contesta,asignaciones,2026-02-24 11:18:04.000000,meganmichelle334@gmail.com,+541128547993,Lomas de Zamora,Formulario Web
7387,serena,Ronchini,No contesta,asignaciones,2026-02-24 10:20:42.000000,sereronchini@gmail.com,+541162922983,C.A.B.A,Formulario Web
7389,melanie,keegan,No contesta,asignaciones,2026-01-23 11:43:39.000000,memeekeeganjb@gmail.com,+541140850150,San Isidro,Formulario Web
7390,Humbert,Vargass,No contesta,asignaciones,2026-01-29 14:34:11.000000,uvertto099@gmail.com,+541163572961,C.A.B.A,Formulario Web
7391,Federico,Bruno Saravia,No contesta,asignaciones,2026-01-23 10:55:54.000000,nogueramarisa@gmail.com,+541140728150,Malvinas Argentinas,Formulario Web
7392,Bruna,Peres Rodrigues da Silva,No contesta,asignaciones,2026-01-23 13:34:56.000000,brunaperesjaj@gmail.com,+541164005625,C.A.B.A,Formulario Web
7395,Gabriela L,ELUSANSE,No contesta,asignaciones,2026-01-23 11:43:33.000000,gabrielaluisaelusanse@hotmail.com,+541156020300,C.A.B.A,Formulario Web
7396,Fauzy,Da Silva Araujo,No contesta,asignaciones,2026-02-18 10:29:11.000000,fauzyaraujo@hotmail.com,+541171006386,C.A.B.A,Formulario Web
7400,lourdes,benitez,No contesta,asignaciones,2026-01-27 11:55:11.000000,lourdesbbenitez@outlook.com,+541123688734,Tigre,Formulario Web
7402,Zamira,Poblete,No contesta,asignaciones,2026-01-23 11:48:34.000000,zamiralove@hotmail.com,+541169989663,La Matanza,Formulario Web
7410,Ludmila,Riveros,No contesta,asignaciones,2026-02-09 15:04:50.000000,luddaiana02@gmail.com,+541168180016,Tigre,Formulario Web
7412,Victoria Ayelen,Perezlindo,No contesta,asignaciones,2026-02-23 16:10:34.000000,perezlindo1996@gmail.com,+541133442009,C.A.B.A,Formulario Web
7415,Axel,Vargas,No contesta,asignaciones,2026-05-29 11:58:32.000000,axel61392@gmail.com,+543777298373,C.A.B.A,Formulario Web
7416,Nora,Caracciolo,No contesta,asignaciones,2026-01-23 13:36:28.000000,caracciolonora@gmail.com,+541159385797,C.A.B.A,Formulario Web
7418,Natalia,Meyer,No contesta,asignaciones,2026-01-23 11:54:42.000000,nataliameyer023@gmail.com,+541166431480,Malvinas Argentinas,Formulario Web
7427,Marsol,Almada,No contesta,asignaciones,2026-01-23 13:25:34.000000,marialmada10@gmail.com,+541164954114,Tres de Febrero,Formulario Web
7433,Brisa,Marcos,No contesta,asignaciones,2026-01-23 15:28:27.000000,brisamarcos804@gmail.com,+541136505020,C.A.B.A,Formulario Web
7437,Valeria,Dumont,No contesta,asignaciones,2026-05-29 11:59:05.000000,verijemovich@gmail.com,+541131497278,C.A.B.A,Formulario Web
7441,Candela,Bock,No contesta,asignaciones,2026-01-30 10:56:38.000000,bockcande@gmail.com,+541132131310,San Miguel,Formulario Web
7442,Judit,Salas,No contesta,asignaciones,2026-01-23 16:40:21.000000,juditsalascharo@gmail.com,+541153159623,Quilmes,Formulario Web
7447,Laura,Osorio,No contesta,asignaciones,2026-01-26 19:09:38.000000,osoriocande21@gmail.com,+541133245712,Gral. San Martín,Formulario Web
7452,Yoleida,Gámez,No contesta,asignaciones,2026-01-27 12:06:29.000000,adieloy1591@gmail.com,+541173624735,C.A.B.A,Formulario Web
7456,Jesus,Suarez,No contesta,asignaciones,2026-01-30 11:37:19.000000,coronelssra84@gmail.com,+541131218280,Merlo,Formulario Web
7459,Barbara,Lopes,No contesta,asignaciones,2026-02-23 12:31:31.000000,lopessbarbi@gmail.com,+541162814803,C.A.B.A,Formulario Web
7464,Natanael,Capriles,No contesta,asignaciones,2026-01-26 14:19:49.000000,caprilesnatanael2@gmail.com,+541151254157,C.A.B.A,Formulario Web
7475,Gloudina,Salomon,No contesta,asignaciones,2026-04-01 12:30:33.000000,elizabeth017ponce@gmail.com,+5491137033930,Vicente López,Formulario Web
7481,Fernando Alan,Rivas Bejarano,No contesta,asignaciones,2026-01-26 16:10:07.000000,alanarg64@gmail.com,+541128948542,Lomas de Zamora,Formulario Web
7485,Emanuel,Cantero Santos,No contesta,asignaciones,2026-01-26 14:21:54.000000,emanuelcanterosantos@gmail.com,+541171312551,Pilar,Formulario Web
7487,Juan Francisco,Meza Longa,No contesta,asignaciones,2026-01-26 16:16:12.000000,franciscoxview@gmail.com,+541131291807,C.A.B.A,Formulario Web
7495,Matias nicolas,Oliva,No contesta,asignaciones,2026-01-26 10:34:33.000000,rochi98frias@hotmail.com,+541136226954,Tigre,Formulario Web
7497,Camila Belen,Rodriguez,No contesta,asignaciones,2026-01-27 12:09:28.000000,camirodruguezzz284@gmail.com,+541168360507,Gral. San Martín,Formulario Web
7501,Paula karina,Albino huanca,No contesta,asignaciones,2026-01-26 16:22:08.000000,paulaalbino417@gmail.com,+541128795992,La Matanza,Formulario Web
7505,Valentina,Viera,No contesta,asignaciones,2026-05-29 12:13:16.000000,valuuviera12@gmail.com,+541164268424,La Matanza,Formulario Web
7515,Violeta,Ruiz,No contesta,asignaciones,2026-02-25 17:25:03.000000,ruizvioleta2003@gmail.com,+541169681049,Quilmes,Formulario Web
7519,Nadia,Arena,No contesta,asignaciones,2026-04-29 17:12:51.000000,nadia_micaela_arena@hotmail.com,+541169449646,La Matanza,Formulario Web
7521,Analia Veronica,GONZALEZ,No contesta,asignaciones,2026-02-02 15:08:05.000000,anaverogonazalez@hotmail.com,+541154559738,Berazategui,Formulario Web
7524,BELEN,GONZALEZ,No contesta,asignaciones,2026-05-29 12:14:14.000000,belengonzalez037@hotmail.com,+541155733643,Avellaneda,Formulario Web
7526,Alan,Wainer,No contesta,asignaciones,2026-02-11 16:19:16.000000,waineralankurt@gmail.com,+541122705265,C.A.B.A,Formulario Web
7541,Ramiro,Della Scorciosa,No contesta,asignaciones,2026-01-26 17:24:39.000000,ramirodella05@gmail.com,+541149283001,Gral. San Martín,Formulario Web
7543,Griselda,Tello,No contesta,asignaciones,2026-02-20 10:15:28.000000,fsalem@gmail.com,+541156650164,C.A.B.A,Formulario Web
7549,Sabrina,Garcia,No contesta,asignaciones,2026-01-29 16:25:05.000000,sabrinaaldana1234@gmail.com,+541134037064,C.A.B.A,Formulario Web
7560,sergio,montemagno,No contesta,asignaciones,2026-02-20 14:02:56.000000,tomasmontemagno7@gmail.com,+541154264061,C.A.B.A,Formulario Web
7561,Maria Celeste,Bugli,No contesta,asignaciones,2026-01-26 17:26:42.000000,mcelestebugli@gmail.com,+541168625285,Lanús,Formulario Web
7563,Antonela,Ferrante,No contesta,asignaciones,2026-04-06 12:08:19.000000,antonela_ferrante@hotmail.com,+541144488609,Avellaneda,Formulario Web
7565,Abigail Ruth,Lopez,No contesta,asignaciones,2026-01-26 17:14:12.000000,abigaillopezr22@gmail.com,+541160394819,Morón,Formulario Web
7573,Magdalena,Evans,No contesta,asignaciones,2026-02-19 11:13:56.000000,malenitaevans@gmail.com,+541160441971,C.A.B.A,Formulario Web
7584,Mariano,Isla Casares,No contesta,asignaciones,2026-01-27 11:57:59.000000,mislacasares@hotmail.com,+541138120556,C.A.B.A,Formulario Web
7586,Luz,Acosta,No contesta,asignaciones,2026-05-29 12:14:37.000000,acostaluz1997@gmail.com,+541159938700,Gral. San Martín,Formulario Web
7590,Fredy Marcelo,Riet,No contesta,asignaciones,2026-02-03 10:58:18.000000,fredyriet@hotmail.com,+541160367462,C.A.B.A,Formulario Web
7599,Orianna,Gioia,No contesta,asignaciones,2026-02-25 17:24:55.000000,oriannaf2002@hotmail.com,+541153394222,C.A.B.A,Formulario Web
7600,Morena,Adamo,No contesta,asignaciones,2026-01-27 14:51:19.000000,adamomorena10@gmail.com,+541153172738,C.A.B.A,Formulario Web
7603,Eliana,Lopez,No contesta,asignaciones,2026-01-27 12:02:32.000000,elianalopez601@gmail.com,+541135708986,Gral. San Martín,Formulario Web
7608,Renata,Crea,No contesta,asignaciones,2026-03-05 10:17:25.000000,creavalentina818@gmail.com,+541126222840,C.A.B.A,Formulario Web
7611,Luciano,Pascua Brahim,No contesta,asignaciones,2026-01-27 12:04:11.000000,lucianopascuabrahim@gmail.com,+541128668928,La Matanza,Formulario Web
7613,Vanesa,Torres,No contesta,asignaciones,2026-02-13 17:13:03.000000,juanheredia@gmail.com,+541150392194,La Matanza,Formulario Web
7620,Esteban,Smiraglia,No contesta,asignaciones,2026-01-30 14:06:03.000000,esmiraglia@gmail.com,+541166404011,C.A.B.A,Formulario Web
7624,Vivi,Meneses,No contesta,asignaciones,2026-04-06 17:15:23.000000,vdmr94@gmail.com,+541166529755,Tigre,Formulario Web
7627,Silvia,Chort,No contesta,asignaciones,2026-02-19 11:14:07.000000,schort@gmail.com,+541161795417,C.A.B.A,Formulario Web
7629,Hernan,Rodriguez,No contesta,asignaciones,2026-02-19 11:14:21.000000,vane@gmail.com,+541132553927,C.A.B.A,Vendedor-App
7630,Maia,Alvarez,No contesta,asignaciones,2026-01-27 14:53:13.000000,maiiiaalvarezzz@gmail.com,+541131776909,Lanús,Formulario Web
7640,Yorgelis Thaidee,Chourio Tovila,No contesta,asignaciones,2026-02-18 10:28:55.000000,yorgelisthaydee2@gmail.com,+541166245409,C.A.B.A,Formulario Web
7642,Milena,Dioca,No contesta,asignaciones,2026-02-18 13:53:08.000000,milenadioca@hotmail.com,+541138471125,San Isidro,Formulario Web
7643,Cecilia,Ferreghini,No contesta,asignaciones,2026-02-20 14:03:20.000000,cferreghini@gmail.com,+541150112318,C.A.B.A,Formulario Web
7646,Elizabeth,Giuffre,No contesta,asignaciones,2026-01-29 16:25:07.000000,damacia_ely@hotmail.com,+541134966281,Malvinas Argentinas,Formulario Web
7647,Federico,Singlar,No contesta,asignaciones,2026-01-27 14:54:37.000000,federicosinglar@hotmail.com,+541136342149,C.A.B.A,Formulario Web
7651,Gabriela,Suarez,No contesta,asignaciones,2026-02-11 16:21:24.000000,gabysuarez86@gmail.com,+541171025295,C.A.B.A,Formulario Web
7657,Marcelo,Pazos,No contesta,asignaciones,2026-02-10 15:03:26.000000,marcepazos79@gmail.com,+541155791617,C.A.B.A,Formulario Web
7662,Matias Francisco,Mehl,No contesta,asignaciones,2026-02-09 17:26:58.000000,matiasfmehl@gmail.com,+541131586461,Tigre,Formulario Web
7675,Antonella,Bertolini,No contesta,asignaciones,2026-05-29 12:23:11.000000,antonellaluciab@gmail.com,+541169586215,Lanús,Formulario Web
7676,Aldana,Bastiani,No contesta,asignaciones,2026-02-13 11:03:27.000000,bastianialdana@gmail.com,+541139375465,Quilmes,Formulario Web
7685,Marcelo,Barat,No contesta,asignaciones,2026-02-03 10:58:03.000000,baratmarcelo691@gmail.com,+541125622628,Lomas de Zamora,Formulario Web
7688,Jacqueline,Lucich,No contesta,asignaciones,2026-02-25 17:24:57.000000,lucicha7nahibasty@gmail.com,+541132132146,Avellaneda,Formulario Web
7696,Aldo Osvaldo,Monge,No contesta,asignaciones,2026-01-28 17:33:27.000000,danielatorrico36@gmail.com,+541131782741,La Matanza,Formulario Web
7698,Mercedes,Piñon,No contesta,asignaciones,2026-01-28 11:46:19.000000,mercedespinon@gmail.com,+541151811930,Hurlingham,Formulario Web
7703,Alejandro,Szpin,No contesta,asignaciones,2026-01-29 15:46:46.000000,alejandroszpin786@gmail.com,+541170091984,C.A.B.A,Formulario Web
7706,jonathan ezequiel,santa maria,No contesta,asignaciones,2026-02-24 11:18:25.000000,santamariayonathan978@gmail.com,+541136362891,Lanús,Formulario Web
7713,MATIAS,FLEITAS,No contesta,asignaciones,2026-01-28 11:48:13.000000,romiranda0503@gmail.com,+541133693961,Tres de Febrero,Formulario Web
7719,Jorge,Liendo,No contesta,asignaciones,2026-01-28 17:35:05.000000,liendomoiraa63@gmail.com,+541155178036,La Matanza,Formulario Web
7733,Santiago,Novoa,No contesta,asignaciones,2026-01-28 17:24:57.000000,novoajorge60@gmail.com,+542964611885,C.A.B.A,Formulario Web
7735,Viviana,Plez,No contesta,asignaciones,2026-02-02 10:44:15.000000,vivimplez@hotmail.com,+541131963606,Berazategui,Formulario Web
7743,SILVANA,ESCUDERO,No contesta,asignaciones,2026-02-10 10:29:03.000000,eli28_sil@hotmail.com,+541159451516,Quilmes,Formulario Web
7749,Julieta,Agazzi,No contesta,asignaciones,2026-01-29 11:04:39.000000,julietaagazzi6@gmail.com,+541140295351,La Matanza,Formulario Web
7754,Agostina,Diaz,No contesta,asignaciones,2026-01-30 14:07:53.000000,agostinamdiaz10@gmail.com,+541162348142,Lomas de Zamora,Formulario Web
7761,fiorella,pasetto,No contesta,asignaciones,2026-02-11 16:23:55.000000,fiorepasetto@gmail.com,+541159459611,Vicente López,Formulario Web
7763,Angelica maria,Lezameta,No contesta,asignaciones,2026-05-29 12:23:46.000000,angelicalezameta@gmail.com,+541164744491,Avellaneda,Formulario Web
7770,Brenda,Pinto,No contesta,asignaciones,2026-01-30 16:01:02.000000,brendalucianapinto01@gmail.com,+541133199930,Esteban Echeverría,Formulario Web
7779,Danna,Bianco,No contesta,asignaciones,2026-02-25 17:24:59.000000,dannabianco98@gmail.com,+541138633796,Avellaneda,Formulario Web
7786,Nicole,Rojas,No contesta,asignaciones,2026-01-30 15:59:45.000000,nicoleerojaas20@gmail.com,+541133902859,Tres de Febrero,Formulario Web
7794,Sebastian Victor,Olea,No contesta,asignaciones,2026-01-30 17:10:45.000000,oleasebav8@gmail.com,+541138345615,San Isidro,Formulario Web
7799,Belén rocio,Aguilera,No contesta,asignaciones,2026-02-02 17:41:18.000000,belenaguilera523@gmail.com,+541150407154,C.A.B.A,Formulario Web
7800,Alberta ladislaa,Cabrera,No contesta,asignaciones,2026-03-05 10:17:33.000000,ortizlararliana@gmail.com,+541130717256,Lomas de Zamora,Formulario Web
7802,Marcos Ariel,Ayala,No contesta,asignaciones,2026-01-30 11:33:50.000000,ayalamarcosariel@gmail.com,+541158073279,C.A.B.A,Formulario Web
7809,Geremias,Pesce,No contesta,asignaciones,2026-02-04 13:44:26.000000,jonaspesce310@gmail.com,+541168531271,Ezeiza,Formulario Web
7816,Salome,Vignaud,No contesta,asignaciones,2026-02-18 09:45:24.000000,vigkaryna@gmail.com,+541128775771,Hurlingham,Formulario Web
7834,Agostina,Caraballo,No contesta,asignaciones,2026-02-03 14:56:44.000000,agoscaraballo1@gmail.com,+541138524456,Otra,Formulario Web
7853,Mariana,Pantoja,No contesta,asignaciones,2026-02-25 17:24:51.000000,mariananpantoja@gmail.com,+541125039056,C.A.B.A,Formulario Web
7857,Maria paz,Valerga,No contesta,asignaciones,2026-02-20 14:03:38.000000,mariapazvalerga@gmail.com,+542324517490,C.A.B.A,Formulario Web
7860,Angel,Toledo,No contesta,asignaciones,2026-02-06 10:36:15.000000,angeltoletole01@gmail.com,+541133754528,San Miguel,Formulario Web
7863,Gabriel,Ferre,No contesta,asignaciones,2026-05-29 12:24:25.000000,vferre358@gmail.com,+541176257433,Lomas de Zamora,Formulario Web
7864,Karen,Castrillo,No contesta,asignaciones,2026-02-02 12:29:24.000000,karenjcastrillo@hotmail.com,+541122700332,Gral. San Martín,Formulario Web
7868,Sebastian,alegres,No contesta,asignaciones,2026-02-02 11:33:04.000000,bravoalegressebastian@gmail.com,+541153868083,C.A.B.A,Formulario Web
7875,Santiago Edgar gabriel,Reyes,No contesta,asignaciones,2026-02-02 14:17:48.000000,gr459957@gmail.com,+541168493423,Esteban Echeverría,Formulario Web
7876,Martina,Salamanca Acosta,No contesta,asignaciones,2026-06-23 16:11:10.000000,salamancaamartina@gmail.com,+5491133752960,Tigre,Formulario Web
7879,Walter,Evangelista,No contesta,asignaciones,2026-02-02 12:32:07.000000,walter23evangelista@gmail.com,+541131415823,C.A.B.A,Formulario Web
7897,Maxi,Dan martin,No contesta,asignaciones,2026-02-19 14:12:29.000000,araceli@271.com.ar,+542984184503,Almirante Brown,Formulario Web
7899,Lautaro,Matti,No contesta,asignaciones,2026-02-02 12:34:24.000000,jjmatti@hotmail.com.ar,+541144731171,C.A.B.A,Formulario Web
7900,Johanna,Fluck,No contesta,asignaciones,2026-02-06 10:36:51.000000,hanna.f@msn.com,+541155942204,C.A.B.A,Formulario Web
7902,Cristina,Benitez,No contesta,asignaciones,2026-02-04 13:44:13.000000,clothingcristina@gmail.com,+541130293881,San Miguel,Formulario Web
7908,Stefania,Altavilla,No contesta,asignaciones,2026-02-02 11:37:14.000000,stefialtavilla2@gmail.com,+541168505466,C.A.B.A,Formulario Web
7910,Leandro Ivan,Vega,No contesta,asignaciones,2026-02-11 14:56:51.000000,leandroivanvega7@gmail.com,+541122731782,Quilmes,Formulario Web
7913,Adara,Saldivar,No contesta,asignaciones,2026-02-19 11:15:14.000000,saldivaradara@gmail.com,+541151523437,C.A.B.A,Formulario Web
7914,María Teresa,Selva,No contesta,asignaciones,2026-02-04 11:29:28.000000,tereselva56@gmail.com,+541136410351,Florencio Varela,Formulario Web
7916,Astor,Godoy,No contesta,asignaciones,2026-02-09 12:45:48.000000,godoyastor@gmail.com,+541164557528,C.A.B.A,Formulario Web
7917,Ana,Jimenezzamora,No contesta,asignaciones,2026-02-02 12:37:47.000000,analjimenezzamora@gmail.com,+543874433251,C.A.B.A,Formulario Web
7930,Thomas,Fedyszyn,No contesta,asignaciones,2026-02-25 17:24:43.000000,fedyszynthomas418@gmail.com,+541123068799,La Matanza,Formulario Web
7932,Milagros,Mendoza,No contesta,asignaciones,2026-02-19 11:15:25.000000,bymilimendoza@icloud.com,+541163742187,Berazategui,Formulario Web
7933,Maria Rosa,Femia,No contesta,asignaciones,2026-02-02 12:40:58.000000,ke_junior@yahoo.com.ar,+541156964960,Quilmes,Formulario Web
7935,Andrea lidia,Schiaffino,No contesta,asignaciones,2026-02-06 10:38:30.000000,alschiaffino@gmail.com,+541144157322,C.A.B.A,Formulario Web
7943,Tomas,Di bacco,No contesta,asignaciones,2026-02-02 11:57:13.000000,tomasdibacco@gmail.com,+541166637192,C.A.B.A,Formulario Web
7944,Sandy Cristina,Aulestia Ortiz,No contesta,asignaciones,2026-05-29 12:25:40.000000,sandy_aulestia@hotmail.com,+541123984858,C.A.B.A,Formulario Web
7947,Abril,Aristiqui,No contesta,asignaciones,2026-02-13 15:11:26.000000,abrilludmila11@gmail.com,+5491168664920,Lomas de Zamora,Formulario Web
7948,alejandro raul,COCHA,No contesta,asignaciones,2026-02-02 12:44:57.000000,aleraul281966@gmail.com,+541164101165,La Matanza,Formulario Web
7949,Ana luz,Martinez,No contesta,asignaciones,2026-02-25 17:24:45.000000,animartinez969@gmail.com,+541163611453,Quilmes,Formulario Web
7950,Thomas,Cruz,No contesta,asignaciones,2026-02-06 11:08:38.000000,thomycruzz34@gmail.com,+541132347871,C.A.B.A,Formulario Web
7959,Nayla priscila aylen,Corpo,No contesta,asignaciones,2026-02-23 12:30:24.000000,aylen024777@gmail.com,+541124576043,Almirante Brown,Formulario Web
7962,Ariana,Gervasoni,No contesta,asignaciones,2026-02-25 17:24:47.000000,arigervasoni471@gmail.com,+541166262275,Hurlingham,Formulario Web
7965,Sebastian,Maciel,No contesta,asignaciones,2026-02-02 12:46:44.000000,sebaasmaciel@gmail.com,+541133531138,Tigre,Formulario Web
7968,Ian Uriel,Actis,No contesta,asignaciones,2026-02-06 11:11:45.000000,actisian29@gmail.com,+541128681408,Quilmes,Formulario Web
7979,Josias,Cervini,No contesta,asignaciones,2026-07-28 14:41:49.000000,alondra2017gaitan@gmail.com,+542302636056,Otra,Formulario Web
7980,Mara,Bogomolni,No contesta,asignaciones,2026-02-02 12:48:29.000000,mara_bogomolni@hotmail.com,+541133077182,San Isidro,Formulario Web
7983,Leonardo,Cerrizuela,No contesta,asignaciones,2026-02-25 17:24:39.000000,backupleonardo@gmail.com,+541158303143,C.A.B.A,Formulario Web
8003,Aylen,borysiuk,No contesta,asignaciones,2026-02-03 11:45:45.000000,micaborysiuk@hotmail.com,+541169266175,Otra,Formulario Web
8010,Thiago,Reschigna,No contesta,asignaciones,2026-02-25 17:24:35.000000,perezvergaraluna@gmail.com,+541168359613,C.A.B.A,Formulario Web
8016,Laura Angelica,Haddad,No contesta,asignaciones,2026-07-28 14:44:10.000000,haddadlau@gmail.com,+541165838555,Vicente López,Formulario Web
8021,Pablo Hernan,Nicotera,No contesta,asignaciones,2026-05-29 12:26:11.000000,nicoterama@gmail.com,+541151777859,C.A.B.A,Formulario Web
8032,Agustina Aylen,Fernández,No contesta,asignaciones,2026-02-25 17:24:37.000000,aguscatfernandez@gmail.com,+541133031509,Lanús,Formulario Web
8033,yasmiria,reyes,No contesta,asignaciones,2026-04-17 12:30:51.000000,yasmiriareyes@gmail.com,+542974033728,C.A.B.A,Formulario Web
8036,Eduardo,Vila,No contesta,asignaciones,2026-07-28 14:44:31.000000,eduardovila9@gmail.com,+541167839756,Avellaneda,Formulario Web
8040,Jorge Manuel alejando,Flores,No contesta,asignaciones,2026-02-04 10:32:57.000000,flaviasolillo152@gmail.com,+541128897198,Merlo,Formulario Web
8042,Carlos,Campallo,No contesta,asignaciones,2026-02-03 12:22:52.000000,carloscampallo47@gmail.com,+542645127914,Gral. San Martín,Formulario Web
8046,Patricia,Gainza,No contesta,asignaciones,2026-02-03 13:12:01.000000,pgainza@ippdh.mercosur.int,+5491132412741,C.A.B.A,Formulario Web
8053,Jessica,Ojeda,No contesta,asignaciones,2026-02-19 11:15:38.000000,carolinaojeda2020@gmail.com,+541159084274,Gral. San Martín,Formulario Web
8059,Nahir,Garabedian,No contesta,asignaciones,2026-04-17 11:45:08.000000,nahirluciana1@gmail.com,+541123062376,C.A.B.A,Formulario Web
8062,Fabricio,Ramirez,No contesta,asignaciones,2026-02-25 10:57:11.000000,fabriramirez224@gmail.com,+541151153094,Lanús,Formulario Web
8078,Mora,De paulo,No contesta,asignaciones,2026-05-29 12:26:36.000000,depaulo111@gmail.com,+542281467451,C.A.B.A,Formulario Web
8081,Maria Gabriela,Festino,No contesta,asignaciones,2026-02-03 12:36:39.000000,magafes@hotmail.com,+541156650590,Tigre,Formulario Web
8090,Damian,Sosa,No contesta,asignaciones,2026-02-25 17:24:30.000000,silvinaotero3@gmail.com,+541126242664,Lanús,Formulario Web
8091,Tamara,Veron,No contesta,asignaciones,2026-09-11 12:39:47.000000,tamaraveron1707@gmail.com,+541136330196,Avellaneda,Formulario Web
8094,Sofia,Moreira,No contesta,asignaciones,2026-02-03 20:25:12.000000,moreirasofia2005@gmail.com,+541157386357,Lomas de Zamora,Formulario Web
8107,camila,diez,No contesta,asignaciones,2026-02-11 16:27:13.000000,camiladiezgarrido@gmail.com,+541122741669,C.A.B.A,Formulario Web
8110,Rocío Lihuen,Alarcón,No contesta,asignaciones,2026-02-03 20:40:38.000000,rocioalarcon64@gmail.com,+541122517115,Tres de Febrero,Formulario Web
8115,Camila,Vera,No contesta,asignaciones,2026-02-05 14:27:35.000000,camila.a.vera@hotmail.com,+541176491962,Lomas de Zamora,Formulario Web
8125,nelly,caero,No contesta,asignaciones,2026-02-03 20:54:34.000000,nelly7virgo@gmail.com,+541132679889,C.A.B.A,Formulario Web
8128,daniela,hurtado,No contesta,asignaciones,2026-04-01 13:53:02.000000,alejolopez1897@gmail.com,+541176393461,C.A.B.A,Formulario Web
8133,Emanuel,diaz,No contesta,asignaciones,2026-02-25 17:24:26.000000,emanueldiaz93@hotmail.com,+541159950992,Moreno,Formulario Web
8134,Viviana,Cohen,No contesta,asignaciones,2026-02-23 14:27:01.000000,gimenezclara425@gmail.com,+541150161273,C.A.B.A,Formulario Web
8138,Aylen,Alvarez,No contesta,asignaciones,2026-02-03 21:49:10.000000,aylenalvarez20@gmail.com,+541165634658,Lanús,Formulario Web
8150,Gustavo,Aranda,No contesta,asignaciones,2026-02-04 09:59:09.000000,aylenaranda011@gmail.com,+541162657000,C.A.B.A,Formulario Web
8154,Jonathan,López,No contesta,asignaciones,2026-02-19 11:16:06.000000,aithannaineslopez@gmail.com,+541135744902,Merlo,Formulario Web
8162,Florencia,Velazquez,No contesta,asignaciones,2026-02-04 10:21:18.000000,velazqueflorencia@icloud.com,+541124946602,Lomas de Zamora,Formulario Web
8184,Vanesa Belén,Garin,No contesta,asignaciones,2026-02-23 11:19:17.000000,quimey86@hotmail.com,+541156256746,Avellaneda,Formulario Web
8196,Maria de los Angeles,Quinteiro,No contesta,asignaciones,2026-02-11 16:31:21.000000,quinteiroangeles@gmail.com,+542323446440,Otra,Formulario Web
8202,Nicolás,Borrajo,No contesta,asignaciones,2026-02-09 17:42:35.000000,nborrajo2000@gmail.com,+541166846786,C.A.B.A,Formulario Web
8205,Griselda,Martínez,No contesta,asignaciones,2026-02-19 11:16:27.000000,griseldamara2020@gmail.com,+541154976165,C.A.B.A,Formulario Web
8207,Monica,Alarcon,No contesta,asignaciones,2026-02-05 15:29:46.000000,monikalrkon@gmail.com,+541160272626,Vicente López,Formulario Web
8210,Leonardo,Fernandez,No contesta,asignaciones,2026-02-05 09:29:59.000000,fernandezleonardo1989@gmail.com,+541155799370,C.A.B.A,Formulario Web
8214,Carolina,Ricciardelli,No contesta,asignaciones,2026-02-10 15:06:37.000000,carolinaricciardelli1986@gmail.com,+541123004814,C.A.B.A,Formulario Web
8221,Laura veronica,Edreira,No contesta,asignaciones,2026-02-05 15:37:30.000000,lauraedreira@hotmail.com,+541131440326,Tres de Febrero,Formulario Web
8225,Diego Jose,Di Francesco,No contesta,asignaciones,2026-02-05 13:46:33.000000,diegojdifrancesco@gmail.com,+541169838697,Vicente López,Formulario Web
8228,Renata,Vas quez,No contesta,asignaciones,2026-07-30 14:56:24.000000,leilamaruf4@gmail.com,+541138890290,Moreno,Formulario Web
8230,Armando,Santander,No contesta,asignaciones,2026-02-05 15:10:33.000000,marioalfredoboca79@gmail.com,+541138754309,Gral. San Martín,Formulario Web
8235,Alexis,Baez,No contesta,asignaciones,2026-02-05 18:41:41.000000,martincabral386@gmail.com,+541141609484,Quilmes,Formulario Web
8237,Sofia,Beggi,No contesta,asignaciones,2026-02-05 10:57:17.000000,agueromartin267@gmail.com,+542634631348,Otra,Formulario Web
8240,Juan,Estereo,No contesta,asignaciones,2026-02-05 17:30:23.000000,hernan@726.yate.mp,+5491127101892,San Miguel,Formulario Web
8249,Noelia,Tagliarino,No contesta,asignaciones,2026-02-05 18:42:50.000000,noepatag@gmail.com,+541163637171,Tres de Febrero,Formulario Web
8253,Darkis,Gil,No contesta,asignaciones,2026-02-19 11:16:34.000000,darkisgil@gmail.com,+541125358603,Ituzaingó,Formulario Web
8255,Maria Virginia,Mancini,No contesta,asignaciones,2026-07-30 15:09:02.000000,viirmancini@gmail.com,+541134396929,Pilar,Formulario Web
8256,Natalia soledad,Fernández,No contesta,asignaciones,2026-02-19 09:46:41.000000,natty2476@gmail.com,+541135997522,Tres de Febrero,Formulario Web
8257,Ever,Gonzalez,No contesta,asignaciones,2026-02-25 17:24:22.000000,med-ever.gonzalez@outlook.com,+541136013435,C.A.B.A,Formulario Web
8259,Luciano,Ingrassia,No contesta,asignaciones,2026-02-23 11:18:34.000000,luchin.vb@hotmail.com,+541130425857,C.A.B.A,Formulario Web
8275,Sandra,Bleicher,No contesta,asignaciones,2026-02-05 18:44:41.000000,bleichersandra@gmail.com,+541132312813,C.A.B.A,Formulario Web
8278,Gustavo,López,No contesta,asignaciones,2026-02-05 15:15:30.000000,sabrilopez04@gmail.com,+541151744990,C.A.B.A,Formulario Web
8284,Magdalena,No es para mi,No contesta,asignaciones,2026-02-23 14:21:23.000000,magdalenasantiago@mofa.or.kr,+541141724454,C.A.B.A,Formulario Web
8285,Silvina Vanesa,Vallejo,No contesta,asignaciones,2026-02-05 17:30:15.000000,vane110278@hotmail.com,+541168702374,Tres de Febrero,Formulario Web
8287,Pablo,Martinsroque,No contesta,asignaciones,2026-02-05 18:46:13.000000,pablomartinsroque2@gmail.com,+541163378651,Quilmes,Formulario Web
8289,Agustina,Rodriguez,No contesta,asignaciones,2026-02-06 14:03:50.000000,agus_ro_28@hotmail.com,+541165541371,Ezeiza,Formulario Web
8292,Mariano Pablo,Retrivi,No contesta,asignaciones,2026-03-05 10:17:29.000000,marianoretrivi@gmail.com,+541131756681,Quilmes,Formulario Web
8306,Analia,Acuña,No contesta,asignaciones,2026-02-05 18:47:40.000000,abaliav.acuna@bue.edu.ar,+541166626332,C.A.B.A,Formulario Web
8309,Giuliana,Arrua,No contesta,asignaciones,2026-02-06 12:54:12.000000,adrianalaniz97@hotmail.com,+541164132983,Tigre,Formulario Web
8314,Gustavo Adrian,Fojo,No contesta,asignaciones,2026-02-25 17:24:19.000000,adrian77ciro@gmail.com,+541168642682,Lanús,Formulario Web
8315,Abigail,Majluf,No contesta,asignaciones,2026-02-23 14:19:48.000000,aby_dorrego@hotmail.com,+542914709597,Otra,Formulario Web
8332,Maia,Chimenti,No contesta,asignaciones,2026-02-07 15:15:30.000000,maiuschimentimussa@gmail.com,+541132953960,C.A.B.A,Formulario Web
8335,Daiara,Vallejos,No contesta,asignaciones,2026-02-06 13:17:49.000000,daiaradmv9@gmail.com,+5491123856975,La Matanza,Formulario Web
8340,Nara,Toulze,No contesta,asignaciones,2026-02-25 17:24:15.000000,naraanabellatoulzerodas@gmail.com,+542954201932,José C. Paz,Formulario Web
8342,Mia Zoe eugenia,Lara farias,No contesta,asignaciones,2026-02-25 11:04:00.000000,mialarafarias220913@gmail.com,+541132700444,Almirante Brown,Formulario Web
8351,Yanina Paola,Vega,No contesta,asignaciones,2026-04-17 11:34:15.000000,vegapaola882@gmail.com,+541131890182,San Fernando,Formulario Web
8357,Ramón,Zuloaga Llacua,No contesta,asignaciones,2026-02-24 11:18:43.000000,zuloagaramon998@gmail.com,+541131671120,C.A.B.A,Formulario Web
8358,sabrina,ibañez,No contesta,asignaciones,2026-02-10 13:28:49.000000,sabrinanibanez@gmail.com,+541120496198,Tres de Febrero,Formulario Web
8363,Rocio,Barreto,No contesta,asignaciones,2026-02-07 15:19:02.000000,barretocelia0@gmail.com,+541169285692,La Matanza,Formulario Web
8368,Sofia,Defelippis,No contesta,asignaciones,2026-02-09 11:46:10.000000,sofia.defelippis@icloud.com,+541162127155,La Matanza,Formulario Web
8375,JUAN IGNACIO,HAIQUEL,No contesta,asignaciones,2026-02-25 17:24:13.000000,juanignaciohaiquel@gmail.com,+541166669462,C.A.B.A,Formulario Web
8378,Rodrigo,Malvaso,No contesta,asignaciones,2026-04-17 11:32:42.000000,agoro2@yahoo.com.ar,+541150004548,Tres de Febrero,Formulario Web
8382,Valeria,Larregain,No contesta,asignaciones,2026-04-17 11:20:56.000000,valerialarregain@gmail.com,+541167810433,C.A.B.A,Formulario Web
8388,Maria ailen,Merlani,No contesta,asignaciones,2026-02-11 14:50:25.000000,ailenmerlani25@gmail.com,+541150448373,Avellaneda,Formulario Web
8393,Fabian,Jaime,No contesta,asignaciones,2026-02-07 15:22:21.000000,ericascholtz@hotmail.com,+541154161938,Gral. San Martín,Formulario Web
8397,jhonathan,carreño,No contesta,asignaciones,2026-07-13 16:18:41.000000,carreno.jhonathan@cazafugas.com.ar,+541135117002,C.A.B.A,Formulario Web
8403,Elizabeth,Baez,No contesta,asignaciones,2026-02-25 17:24:11.000000,elizabethbaez108@gmail.com,+541137790514,Avellaneda,Formulario Web
8405,Fernando Elías,Scigliano,No contesta,asignaciones,2026-02-19 11:17:03.000000,scifernando@hotmail.com,+541132850085,C.A.B.A,Formulario Web
8408,Mariel,Gaspar,No contesta,asignaciones,2026-02-07 15:24:38.000000,ayelenmariel@gmail.com,+541138895609,C.A.B.A,Formulario Web
8411,gabriela,alejandra Garcia,No contesta,asignaciones,2026-02-11 13:57:09.000000,afgt92787@gmail.com,+541156363345,C.A.B.A,Formulario Web
8412,Joel,Visiconte,No contesta,asignaciones,2026-02-09 17:39:25.000000,visicontejoeld@gmail.com,+541167992510,Gral. San Martín,Formulario Web
8414,Tamara,Miño,No contesta,asignaciones,2026-02-09 17:35:33.000000,tamaraminotm@gmail.com,+541141985055,C.A.B.A,Formulario Web
8416,HORACIO,MIRAS RODRi,No contesta,asignaciones,2026-02-20 15:31:04.000000,adrianmiras@hotmail.com,+541141955987,C.A.B.A,Formulario Web
8417,Nadia,Coronel,No contesta,asignaciones,2026-02-09 17:34:04.000000,nadiasoledadcoronel@hotmail.com,+541161779592,C.A.B.A,Formulario Web
8428,belen,vargas,No contesta,asignaciones,2026-02-07 16:14:05.000000,belenrociovargas5@gmail.com,+541123904802,Merlo,Formulario Web
8430,Helly,Velasquez,No contesta,asignaciones,2026-02-19 11:17:09.000000,hellyviiv@gmail.com,+541161250785,La Matanza,Formulario Web
8431,Nicolas,Soria,No contesta,asignaciones,2026-02-10 13:21:46.000000,nicolassoria94@gmail.com,+541156134950,San Isidro,Formulario Web
8433,Mariela,Panozo,No contesta,asignaciones,2026-02-10 13:20:16.000000,mariepanozo@gmail.com,+541156654131,La Matanza,Formulario Web
8436,Tomas,Trillo,No contesta,asignaciones,2026-02-09 15:15:20.000000,tomastrillo7@gmail.com,+541122886614,Quilmes,Formulario Web
8438,Nicole,Valverde,No contesta,asignaciones,2026-02-09 10:39:32.000000,nicolevalverde149@gmail.com,+541122516173,Otra,Formulario Web
8440,Vanesa Micaela,Costilla,No contesta,asignaciones,2026-02-07 16:12:04.000000,vcostilla64@gmail.com,+541167964042,Gral. San Martín,Formulario Web
8441,Elizabeth,Valdés,No contesta,asignaciones,2026-02-13 11:00:05.000000,elii33ev@gmail.com,+541165849070,Gral. San Martín,Formulario Web
8445,Anibal,Luporini,No contesta,asignaciones,2026-02-19 11:17:21.000000,aniballupo@gmail.com,+541159089664,Lanús,Formulario Web
8450,Melanie,Monteros,No contesta,asignaciones,2026-02-19 11:17:30.000000,nnlanie@gmail.com,+541157413203,Lomas de Zamora,Formulario Web
8457,victoria,gonzález dengra,No contesta,asignaciones,2026-02-19 11:17:52.000000,victoriagonzalezdengra@gmail.com,+541167035581,Gral. San Martín,Formulario Web
8459,NIni,Pomaleque,No contesta,asignaciones,2026-02-09 17:32:16.000000,gianellachero19@gmail.com,+541122972795,C.A.B.A,Formulario Web
8461,Paola,Franqueira,No contesta,asignaciones,2026-02-19 11:18:11.000000,paofranqueira@gmail.com,+541126944239,Hurlingham,Formulario Web
8466,Luna,Orduña,No contesta,asignaciones,2026-02-09 15:17:44.000000,delfinaluna2001@gmail.com,+543774431123,C.A.B.A,Formulario Web
8472,Ramon,Kubitz,No contesta,asignaciones,2026-02-10 15:04:45.000000,kubitz6ramon@gmail.com,+541170639827,Moreno,Formulario Web
8473,alai,Castiglia,No contesta,asignaciones,2026-02-24 11:18:56.000000,castigliaalai@gmail.com,+541140480224,C.A.B.A,Formulario Web
8479,Uma,Arenales,No contesta,asignaciones,2026-02-13 15:04:57.000000,loserx541@gmail.com,+543435315535,C.A.B.A,Formulario Web
8483,Loriel,Aguirre,No contesta,asignaciones,2026-02-27 13:48:35.000000,benitezdeaguirre@gmail.com,+543794283886,Ezeiza,Formulario Web
8486,Valentina,Coneja,No contesta,asignaciones,2026-02-19 11:18:23.000000,gallardomuneco184@gmail.com,+541124896979,Gral. San Martín,Formulario Web
8488,Cecilia,Pacheco,No contesta,asignaciones,2026-02-09 10:39:30.000000,pachecoceciliaro@gmail.com,+541121902994,Lomas de Zamora,Formulario Web
8490,Analia Paula,zuppi,No contesta,asignaciones,2026-02-11 13:57:07.000000,analiazuppi87@gmail.com,+541163542354,Morón,Formulario Web
8493,Jose,Juarez,No contesta,asignaciones,2026-02-09 15:19:35.000000,lalala@gmail.com,+541131426678,La Matanza,Formulario Web
8507,Yago,Palacios,No contesta,asignaciones,2026-02-09 15:22:48.000000,yagopalacioscepeda@icloud.com,+541167639006,C.A.B.A,Formulario Web
8510,Patricia Isabel,Roldan,No contesta,asignaciones,2026-02-11 13:57:28.000000,patritkd64@gmail.com,+541124620957,C.A.B.A,Formulario Web
8515,zoe,albornoz,No contesta,asignaciones,2026-02-23 09:48:57.000000,albornozzoe420@gmail.com,+541138749150,La Matanza,Formulario Web
8521,micaela,medina,No contesta,asignaciones,2026-02-09 21:46:20.000000,medinamicaela0511@gmail.com,+541122773481,C.A.B.A,Formulario Web
8524,Morena,Pereyra,No contesta,asignaciones,2026-02-27 15:38:32.000000,pereyramorena670@gmail.com,+543489556451,Campana,Formulario Web
8528,Quimey,Villaola,No contesta,asignaciones,2026-02-11 13:57:30.000000,villaolaquimey8@gmail.com,+542234467539,Malvinas Argentinas,Formulario Web
8531,Aida,De Gutierrez,No contesta,asignaciones,2026-04-06 17:14:40.000000,gsairg1984@gmail.com,+541127233813,Lomas de Zamora,Formulario Web
8536,Karina,Acevedo,No contesta,asignaciones,2026-02-11 13:57:37.000000,karinainesacevedo@gmail.com,+541163651731,C.A.B.A,Formulario Web
8537,Vanina Gabriela,Rodriguez,No contesta,asignaciones,2026-02-11 13:57:39.000000,vaninarod@gmail.com,+541167520917,C.A.B.A,Formulario Web
8538,Walter Miguel,Ortega,No contesta,asignaciones,2026-02-09 10:39:28.000000,ortegamiguel985@gmail.com,+541164492627,Merlo,Formulario Web
8539,Patrivia Adriana Gonzalez,Gonzalez,No contesta,asignaciones,2026-02-19 11:19:27.000000,pagoadrigonza@gmail.com,+541168392993,La Matanza,Formulario Web
8540,victor Sebastian,Bonazzola,No contesta,asignaciones,2026-02-09 15:28:30.000000,bonazzolavictor@gmail.com,+541176040562,Quilmes,Formulario Web
8542,maria fernanda,yanni,No contesta,asignaciones,2026-02-11 13:57:41.000000,fernanda-1577@hotmail.com,+541122542617,Lanús,Formulario Web
8548,Carolina,Bertini,No contesta,asignaciones,2026-02-19 11:19:39.000000,vanessarita9@gmail.com,+541135921423,C.A.B.A,Vendedor-App
8553,Eugenia,Rodriguez,No contesta,asignaciones,2026-02-19 11:20:18.000000,euge1212@gmail.com,+541162221436,C.A.B.A,Formulario Web
8554,Ornella,Pianciola,No contesta,asignaciones,2026-02-11 16:01:49.000000,pianciolao@gmail.com,+541123378126,Florencio Varela,Formulario Web
8557,Belén,Torrents,No contesta,asignaciones,2026-02-27 16:03:09.000000,beltorrents@gmail.com,+541141755865,C.A.B.A,Formulario Web
8558,Diosnel,Bogado Garay,No contesta,asignaciones,2026-02-09 15:30:19.000000,bogadodiosnel1122@gmail.com,+541121638510,Merlo,Formulario Web
8561,Luciano,Briones,No contesta,asignaciones,2026-02-11 10:30:03.000000,luchobriones@outlook.com,+541121666524,Avellaneda,Formulario Web
8564,Iván,Lacanics,No contesta,asignaciones,2026-02-19 11:21:02.000000,ivaanalac@gmail.com,+541162418148,Quilmes,Formulario Web
8565,joan,martinez,No contesta,asignaciones,2026-02-09 16:13:00.000000,joanmartinez737@gmail.com,+541149455184,Lanús,Formulario Web
8568,Facundo,Marunczak,No contesta,asignaciones,2026-02-09 15:31:55.000000,marunczak@gmail.com,+541167107894,C.A.B.A,Formulario Web
8570,Carlos,Capriotti,No contesta,asignaciones,2026-02-11 14:39:36.000000,caredith2010@gmail.com,+541154221338,C.A.B.A,Formulario Web
8579,Nazareno Nicolás,Reyes,No contesta,asignaciones,2026-02-10 16:39:43.000000,nazarenonicolasreyes@gmail.com,+542224498356,Otra,Formulario Web
8583,Maria Belen,Hirigoyen,No contesta,asignaciones,2026-02-10 14:11:33.000000,mariabelenhirigoyen17@gmail.com,+5492914718772,C.A.B.A,Formulario Web
8585,María Laura,García,No contesta,asignaciones,2026-02-18 13:49:24.000000,mlauragarciapal@gmail.com,+541155258341,C.A.B.A,Formulario Web
8592,lucia,martin,No contesta,asignaciones,2026-02-27 16:04:43.000000,luciaamartin10@gmail.com,+542262350905,Otra,Formulario Web
8594,María Victoria,Coronel,No contesta,asignaciones,2026-02-11 14:44:46.000000,victoriacoronel28@gmail.com,+541126531958,Lomas de Zamora,Formulario Web
8596,Karina,Schvartz,No contesta,asignaciones,2026-02-09 17:30:45.000000,karinaschvartz@gmail.com,+541160215651,C.A.B.A,Formulario Web
8600,Rosana,Mendez,No contesta,asignaciones,2026-02-20 14:04:14.000000,roxanalmendez@gmail.com,+541131783292,C.A.B.A,Formulario Web
8608,Marcela,Oviedo,No contesta,asignaciones,2026-02-09 20:13:59.000000,oviedo-marcela@hotmail.com,+541171233368,Morón,Formulario Web
8615,Flor,Aralda,No contesta,asignaciones,2026-02-10 10:23:48.000000,floraralda@gmail.com,+541164669330,Hurlingham,Formulario Web
8626,Abril,Casenave,No contesta,asignaciones,2026-02-10 13:06:20.000000,marincasenave@gmail.com,+542216026833,C.A.B.A,Formulario Web
8627,Franco,Paredes,No contesta,asignaciones,2026-02-10 14:00:08.000000,16naylaledesmap@gmail.com,+541139230755,Avellaneda,Formulario Web
8632,Francesca aliana,Franceschini,No contesta,asignaciones,2026-02-12 15:01:02.000000,franfranc74@gmail.com,+541122843402,San Fernando,Formulario Web
8647,Martina,Quintero,No contesta,asignaciones,2026-02-27 16:46:26.000000,fd952481@gmail.com,+543827403998,Avellaneda,Formulario Web
8649,Vanessa,Mendoza,No contesta,asignaciones,2026-02-20 10:28:27.000000,vmendoza1880@gmail.com,+541134128787,C.A.B.A,Formulario Web
8652,Pablo Américo,Paz,No contesta,asignaciones,2026-02-25 17:23:56.000000,pazamericopablo39@gmail.com,+541159329347,C.A.B.A,Formulario Web
8656,Nataly,Silvero,No contesta,asignaciones,2026-02-10 13:07:58.000000,regueraamalia@gmail.com,+541154606410,Vicente López,Formulario Web
8662,catalina,dischner,No contesta,asignaciones,2026-02-10 14:00:00.000000,catydischnermg@gmail.com,+541123878717,Esteban Echeverría,Formulario Web
8671,lesly,benitez,No contesta,asignaciones,2026-02-10 13:10:03.000000,leslyjbenitez@gmail.com,+541123951700,C.A.B.A,Formulario Web
8677,Julieta,Vallejos,No contesta,asignaciones,2026-02-26 10:56:24.000000,vjulietamacarena@gmail.com,+541122345717,Lomas de Zamora,Formulario Web
8678,Geraldine,Nieto,No contesta,asignaciones,2026-02-19 11:22:14.000000,danteoriana1520@gmail.com,+541138970623,José C. Paz,Formulario Web
8680,Polo,Atta,No contesta,asignaciones,2026-02-10 14:56:32.000000,polo@poloatt.com,+541173673396,Avellaneda,Formulario Web
8692,Maricristy,Abreu,No contesta,asignaciones,2026-02-12 12:13:46.000000,maricristycanario@hotmail.com,+541137900565,Vicente López,Formulario Web
8698,Manuel,arturo,No contesta,asignaciones,2026-02-25 17:23:50.000000,manoytambor@gmail.com,+541152592285,Gral. San Martín,Formulario Web
8699,Guillermo,Nardi,No contesta,asignaciones,2026-02-20 14:56:18.000000,licnardi@gmail.com,+541153208041,Gral. San Martín,Formulario Web
8700,RAUL FERNANDO,Bravo,No contesta,asignaciones,2026-02-11 10:22:44.000000,raulfernandobravo@gmail.com,+541164874505,C.A.B.A,Formulario Web
8702,Gabriel,Rios,No contesta,asignaciones,2026-02-12 16:18:07.000000,elchipi1983@gmail.com,+541151119139,C.A.B.A,Formulario Web
8710,Sharon,Gomez,No contesta,asignaciones,2026-02-12 10:54:54.000000,18sharongomez18@gmail.com,+541127867616,Lomas de Zamora,Formulario Web
8714,noelia,dagostino,No contesta,asignaciones,2026-02-19 11:22:27.000000,yaeldagos13@gmail.com,+541151581005,Morón,Formulario Web
8719,Agustina,Diaz,No contesta,asignaciones,2026-02-11 15:37:40.000000,mercedesmendez@live.com.ar,+541136719755,Morón,Formulario Web
8720,Gabriela,Ortiz,No contesta,asignaciones,2026-02-12 14:46:35.000000,gabrieladaiana1912@gmail.com,+541130503022,Tres de Febrero,Formulario Web
8721,Julio cesar,Bueno Castrejon,No contesta,asignaciones,2026-02-12 16:18:37.000000,julcebue@gmail.com,+541162908314,C.A.B.A,Formulario Web
8729,Noelia,Hermosilla,No contesta,asignaciones,2026-02-11 15:39:10.000000,noebelenhermosilla@gmail.com,+541155130187,Lomas de Zamora,Formulario Web
8736,Carlos Gabriel,Cabirol,No contesta,asignaciones,2026-02-11 11:34:47.000000,gabriel_cabirol@hotmail.com.ar,+541128845606,Lanús,Formulario Web
8740,camila belen,rey,No contesta,asignaciones,2026-02-12 14:46:29.000000,reycamilabelen@gmail.com,+541161921500,Tres de Febrero,Formulario Web
8746,Sebastian,Cinalli,No contesta,asignaciones,2026-02-11 13:51:41.000000,cscinalli@gmail.com,+541123863319,La Matanza,Formulario Web
8747,Natalia,Tarchini,No contesta,asignaciones,2026-02-24 11:19:19.000000,nattarchini@gmail.com,+541131754528,Ituzaingó,Formulario Web
8753,Tamara,Gamazo,No contesta,asignaciones,2026-02-11 15:42:21.000000,vamazotamara@gmail.com,+541162674082,Morón,Formulario Web
8759,Celeste,Uñates,No contesta,asignaciones,2026-02-11 15:44:20.000000,unatesceleste57@gmail.com,+543855864147,Almirante Brown,Formulario Web
8764,Luna,Bertozzi,No contesta,asignaciones,2026-02-24 13:01:22.000000,lunabertozzi3@gmail.com,+541130434535,La Matanza,Formulario Web
8765,Yael,Meliá,No contesta,asignaciones,2026-02-12 11:08:53.000000,meliayael24@gmail.com,+541171398288,Gral. San Martín,Formulario Web
8770,Emiliano Gaston,Zelaya,No contesta,asignaciones,2026-02-12 10:49:03.000000,emilianogastonz12@gmail.com,+541135182284,San Miguel,Formulario Web
8779,lidia,Ravallo,No contesta,asignaciones,2026-02-12 10:47:35.000000,lidia_lobito@yahoo.com.ar,+541156992022,La Matanza,Formulario Web
8781,Noelia,Palladino,No contesta,asignaciones,2026-02-12 14:50:54.000000,noeliapalladino@hotmail.com,+541130485937,C.A.B.A,Formulario Web
8782,Juan Ignacio Antonio,Caputto,No contesta,asignaciones,2026-02-24 11:19:29.000000,juanycaputto@gmail.com,+541123460104,Avellaneda,Formulario Web
8785,Manuela,Balbuena,No contesta,asignaciones,2026-02-12 11:15:55.000000,manocha.-@hotmail.com,+541125451625,Lanús,Formulario Web
8788,Florencia,Peluso,No contesta,asignaciones,2026-02-20 14:04:28.000000,flopy0312@gmail.com,+541130962759,Lomas de Zamora,Formulario Web
8797,Loana,GATICA,No contesta,asignaciones,2026-02-13 12:38:25.000000,loana_1002@hotmail.com,+541168018794,C.A.B.A,Formulario Web
8799,Giuliana,Todeschi,No contesta,asignaciones,2026-02-12 11:22:06.000000,giulianatodeschi04@gmail.com,+541173692601,C.A.B.A,Formulario Web
8804,Beki,Mano ayala,No contesta,asignaciones,2026-02-13 13:13:21.000000,bethsabem217@alu.bue.edu.ar,+5491126112721,C.A.B.A,Formulario Web
8805,Santiago,Zunino,No contesta,asignaciones,2026-02-12 10:36:04.000000,santiagozunino97@gmail.com,+543442506064,Malvinas Argentinas,Formulario Web
8813,Tatiana,MartineZ,No contesta,asignaciones,2026-02-20 10:26:42.000000,tatianamartinhhez434@gmail.com,+541139311337,José C. Paz,Formulario Web
8816,Maria,Gomez barinaga,No contesta,asignaciones,2026-04-16 11:53:50.000000,claragb74@gmail.com,+541154553007,C.A.B.A,Formulario Web
8819,Adrian,Provera,No contesta,asignaciones,2026-02-12 11:27:32.000000,adrianprovera@gmail.com,+541164037951,Gral. San Martín,Formulario Web
8821,Gustavo,Fes,No contesta,asignaciones,2026-02-12 14:53:07.000000,gustiirrom@gmail.com,+541124752023,Vicente López,Formulario Web
8822,Gaston,Raimondo,No contesta,asignaciones,2026-02-19 11:22:56.000000,gastonrmd@hotmail.com,+541135837322,C.A.B.A,Formulario Web
8825,Perla,Defina Perez,No contesta,asignaciones,2026-02-12 10:38:46.000000,perezdefina94@gmail.com,+543487551819,Malvinas Argentinas,Formulario Web
8826,Priscila,Ruiz,No contesta,asignaciones,2026-02-12 16:58:36.000000,priscilaruiz132@gmail.com,+541158429435,Ezeiza,Formulario Web
8834,Silvia,Portaluppi,No contesta,asignaciones,2026-02-12 17:00:54.000000,portaluppisilvia@gmail.com,+541134814015,Esteban Echeverría,Formulario Web
8838,Milagros,Azame,No contesta,asignaciones,2026-02-20 10:25:06.000000,milagrosazame@gmail.com,+541151120645,Quilmes,Formulario Web
8846,Roberto,Mosqueira,No contesta,asignaciones,2026-02-12 14:52:50.000000,mosqueiraagustin87@gmail.com,+543492392101,Avellaneda,Formulario Web
8848,Romina,García,No contesta,asignaciones,2026-02-12 13:53:18.000000,rominagarciaa774@gmail.com,+541136525678,Quilmes,Formulario Web
8853,María alina,Rodrigo rojas,No contesta,asignaciones,2026-02-12 12:42:34.000000,alinarodrigo73@gmail.com,+541154505456,C.A.B.A,Formulario Web
8862,Daiana,Tomei,No contesta,asignaciones,2026-02-12 14:02:27.000000,daianatomei3@gmail.com,+541155283320,San Isidro,Formulario Web
8872,JORGE,OSORIO,No contesta,asignaciones,2026-02-12 14:52:02.000000,johanovproducciones@gmail.com,+541123900635,C.A.B.A,Formulario Web
8876,Natalia,Correa,No contesta,asignaciones,2026-02-12 15:37:00.000000,correanataliadelcarmen@gmail.com,+541137845026,C.A.B.A,Formulario Web
8879,Fernanda,Sotelo,No contesta,asignaciones,2026-02-19 14:01:59.000000,sotelofernandaveronica@gmail.com,+541166570019,C.A.B.A,Formulario Web
8887,Marcio,Kanemann,No contesta,asignaciones,2026-02-20 14:04:53.000000,marciokanemann2003@gmail.com,+541164155385,Vicente López,Formulario Web
8890,Matias,Campos,No contesta,asignaciones,2026-02-13 10:57:08.000000,mati_cabj@hotmail.com,+541135771805,Merlo,Formulario Web
8892,Roxana,Perez,No contesta,asignaciones,2026-02-25 17:23:37.000000,roxana12121994@gmail.com,+541125811850,Almirante Brown,Formulario Web
8900,Cristina,Nardini,No contesta,asignaciones,2026-02-13 12:41:01.000000,nardinitirsa01@gmail.com,+541123996173,La Matanza,Formulario Web
8916,John,Marcano,No contesta,asignaciones,2026-02-13 13:13:11.000000,johnmarcanot@gmail.com,+541132064854,C.A.B.A,Formulario Web
8917,Alejandra,Mendoza,No contesta,asignaciones,2026-02-25 17:23:41.000000,alemendez@gmail.com,+541103994663,Avellaneda,Formulario Web
8919,Lourdes,Flores García,No contesta,asignaciones,2026-02-19 11:24:10.000000,floresgarcialourdes12@gmail.com,+543872195425,Otra,Formulario Web
8924,Guillermina,Rojas,No contesta,asignaciones,2026-02-20 10:49:40.000000,garciarojasdavidnahuel@gmail.com,+541122743522,La Matanza,Formulario Web
8925,Milagros Micaela,Yunes,No contesta,asignaciones,2026-02-13 12:42:59.000000,milagrosyunes@hotmail.com,+541130033342,C.A.B.A,Formulario Web
8927,Silvia,Borrone,No contesta,asignaciones,2026-02-23 14:47:40.000000,silvianoemiborrone@gmail.com,+5491140281285,Quilmes,Formulario Web
8932,Federico,Reiman,No contesta,asignaciones,2026-02-19 11:24:41.000000,federicoreiman81@gmail.com,+541162369356,Merlo,Formulario Web
9054,Julio,Fernandez,No contesta,asignaciones,2026-03-10 16:54:33.000000,,+541159530325,Bs. As. Zona Oeste,Refrito - Campaña
9067,Alba,varela,No contesta,asignaciones,2026-03-10 16:54:33.000000,,+541530437250,Bs. As. Zona Sur,Refrito - Campaña
9247,Matias,valderrama,No contesta,asignaciones,2026-03-10 16:54:33.000000,,+541540303277,Bs. As. Zona Sur,Refrito - Campaña
9414,viviana martinez,mendez,No contesta,asignaciones,2026-03-10 16:54:33.000000,,+541136034687,C.A.B.A.,Refrito - Campaña
9486,Jorge,melferber,No contesta,asignaciones,2026-03-10 16:54:33.000000,,+541561769965,C.A.B.A.,Refrito - Campaña
9594,Carolina,Otranto,No contesta,asignaciones,2026-03-10 16:54:33.000000,,+541121939038,Bs. As. Zona Oeste,Refrito - Campaña
9607,Melina,Gomez,No contesta,asignaciones,2026-03-10 16:54:33.000000,,+541134278574,Bs. As. Zona Oeste,Refrito - Campaña
9655,Zapata,sabrina,No contesta,asignaciones,2026-03-10 16:54:33.000000,,+541564904359,Bs. As. Zona Norte,Refrito - Campaña
9667,Lourdes,Cardozo,No contesta,asignaciones,2026-03-10 16:54:33.000000,,+541127612513,Bs. As. Zona Norte,Refrito - Campaña
9836,daniel,geuna,No contesta,asignaciones,2026-03-10 16:54:33.000000,,+541160144444,Bs. As. Zona Norte,Refrito - Campaña
10073,Alba Luz,Ragone,No contesta,asignaciones,2026-03-10 16:54:33.000000,,+541131702172,Bs. As. Zona Norte,Refrito - Campaña
15226,Guillermo Ramón,Posada,No contesta,asignaciones,2026-07-21 12:43:17.000000,astucuervo@gmail.com,+541144294166,C.A.B.A,Formulario Web
15237,Luna,Martines,No contesta,asignaciones,2026-02-26 15:13:27.000000,susananoemi650@gmail.com,+542345513576,Zárate,Formulario Web
15247,Antonella Rocio,Sosa,No contesta,asignaciones,2026-04-17 11:47:16.000000,antososa674@gmail.com,+541130014694,C.A.B.A,Formulario Web
15250,Facundo,Barrios,No contesta,asignaciones,2026-03-05 10:49:46.000000,facundobarrios91@gmail.com,+541166496746,San Fernando,Formulario Web
15252,MARIA SOL,ROMERO,No contesta,asignaciones,2026-03-02 11:46:31.000000,sol197_@hotmail.com,+541153437875,C.A.B.A,Formulario Web
15253,FRANCO,SALEMME,No contesta,asignaciones,2026-02-27 13:37:46.000000,oscarbrass@hotmail.com,+541134424636,C.A.B.A,Formulario Web
15257,Damian,García,No contesta,asignaciones,2026-03-19 16:24:59.000000,damigarciadamian@gmail.com,+541134611741,C.A.B.A,Formulario Web
15258,Juana,Mortula,No contesta,asignaciones,2026-03-05 10:17:21.000000,juamortula91@gmail.com,+541138985379,C.A.B.A,Formulario Web
15261,Ivana,Martinez,No contesta,asignaciones,2026-08-26 10:52:57.000000,ivygi85@gmail.com,+541151555944,Lanús,Formulario Web
15268,Ingrid Belén,Espinoza Esquivel,No contesta,asignaciones,2026-03-04 16:49:39.000000,ingridespinozaesquivel1@gmail.com,+541125444887,Quilmes,Formulario Web
15271,Julio cesar,Nacazone,No contesta,asignaciones,2026-03-14 12:13:51.000000,marta.aquino@hotmail.com.ar,+541125346818,Florencio Varela,Formulario Web
15275,Ivan,Gonzalez,No contesta,asignaciones,2026-02-27 15:48:36.000000,ivangonzalezgonzalez19@gmail.com,+541173597092,Berazategui,Formulario Web
15284,Tomás,Sassaro,No contesta,asignaciones,2026-02-27 15:42:21.000000,gsassaro@hotmail.com,+541141807366,Tres de Febrero,Formulario Web
15286,Janeth,Huarachi Mendoza,No contesta,asignaciones,2026-07-21 12:52:26.000000,janethhuarachimendoza225@gmail.com,+541144174766,Otra,Formulario Web
15287,Juan,Tricariche,No contesta,asignaciones,2026-02-27 15:40:49.000000,tricarichejuan@gmail.com,+541176336077,C.A.B.A,Formulario Web
15294,florencia,garnica,No contesta,asignaciones,2026-03-14 12:08:37.000000,florvaleriagarnica@gmail.com,+541156972201,C.A.B.A,Formulario Web
15300,Narella,Zarate,No contesta,asignaciones,2026-03-02 11:33:32.000000,narellazarate12@gmail.com,+5491168935328,Avellaneda,Formulario Web
15310,Bejamin,Pombo,No contesta,asignaciones,2026-02-27 15:56:36.000000,92elianasantinobenjamin3@gmail.com,+5492477654665,Avellaneda,Formulario Web
15314,Micaela,Jara,No contesta,asignaciones,2026-03-09 15:29:25.000000,jaramica2001@icloud.com,+541133691265,Florencio Varela,Formulario Web
15317,Sandra,ortiz,No contesta,asignaciones,2026-03-14 12:04:22.000000,s4ndraortizl789@gmail.com,+541165658981,Almirante Brown,Formulario Web
15331,Stefano,Rossomando,No contesta,asignaciones,2026-03-14 12:02:48.000000,stefanorossomando11@gmail.com,+541169819659,Berazategui,Formulario Web
15334,Enrique,Suarez,No contesta,asignaciones,2026-07-02 15:50:35.000000,enrikesuarez93@gmail.com,+541123506270,La Matanza,Formulario Web
15341,williams,aguero ramos,No contesta,asignaciones,2026-03-09 15:29:57.000000,williamsagueroramos@gmail.com,+541169066774,Quilmes,Formulario Web
15361,Nicolas,Mastantuono,No contesta,asignaciones,2026-03-02 11:20:58.000000,nico_fatima2@hotmail.com,+541127690613,La Matanza,Formulario Web
15362,Laura Liliana,Vazquez,No contesta,asignaciones,2026-03-09 15:31:30.000000,laliva@yahoo.com,+541140458540,Vicente López,Formulario Web
15372,sandra,giani,No contesta,asignaciones,2026-02-27 16:11:52.000000,sigperez@icloud.com,+541158841848,C.A.B.A,Formulario Web
15373,Romina,Barreiro,No contesta,asignaciones,2026-03-05 12:57:06.000000,rominambarreiro@gmail.com,+541166501119,Avellaneda,Formulario Web
15382,Tomas,Hume,No contesta,asignaciones,2026-03-11 14:00:59.000000,catahuerta@hotmail.com,+541144451453,Pilar,Formulario Web
15383,Martín Ramiro,Peralta,No contesta,asignaciones,2026-03-02 11:20:59.000000,martinramiro2006@hotmail.com,+542302516706,Otra,Formulario Web
15385,miriam,franco,No contesta,asignaciones,2026-07-08 11:31:03.000000,miriamnfranco@gmail.com,+541165056017,Esteban Echeverría,Formulario Web
15388,Karina,Paz,No contesta,asignaciones,2026-03-09 15:32:38.000000,karinandreapaz70@gmail.com,+541160329692,Lomas de Zamora,Formulario Web
15398,eduardo,montiel,No contesta,asignaciones,2026-03-05 14:51:54.000000,muraloerm@gmail.com,+541121881340,Tres de Febrero,Formulario Web
15401,Martina,Amaya,No contesta,asignaciones,2026-06-11 12:43:54.000000,martu13amaya@gmail.com,+542224544283,Avellaneda,Formulario Web
15420,Maria Pia,Vera,No contesta,asignaciones,2026-03-05 10:40:34.000000,mariapiaaveraa754@gmail.com,+541134191388,C.A.B.A,Formulario Web
15433,Guillermina,Rosales,No contesta,asignaciones,2026-03-02 11:20:51.000000,whygta@yahoo.com,+541151059208,C.A.B.A,Formulario Web
15438,Eliana,Lera,No contesta,asignaciones,2026-03-09 15:33:09.000000,eliytipun@gmail.com,+541156551083,La Matanza,Formulario Web
15449,Guillermo,Giarmana,No contesta,asignaciones,2026-03-13 12:45:25.000000,guillermogiarmana@gmail.com,+541133763611,C.A.B.A,Formulario Web
15451,Ana,Carranza,No contesta,asignaciones,2026-03-02 16:01:57.000000,carranzanabelen@gmail.com,+541138940974,C.A.B.A,Formulario Web
15455,Stella,Rodríguez,No contesta,asignaciones,2026-03-09 14:00:34.000000,stellarodriguez398@gmail.com,+541166197151,Gral. San Martín,Formulario Web
15473,Morena,Albornoz,No contesta,asignaciones,2026-03-02 11:33:11.000000,albornozmorena42@icloud.com,+541126981093,Tres de Febrero,Formulario Web
15481,Uma,Manriquez,No contesta,asignaciones,2026-03-02 11:38:45.000000,umanahiaracaceres@gmail.com,+541162525611,Berazategui,Formulario Web
15503,Maria,Arenas,No contesta,asignaciones,2026-03-05 13:02:10.000000,maferan212@gmail.com,+541128510522,C.A.B.A,Formulario Web
15505,Agustina,Martinez,No contesta,asignaciones,2026-03-09 15:33:52.000000,agusmartinez965@gmail.com,+541140893280,C.A.B.A,Formulario Web
15515,Esperanza,Monzon,No contesta,asignaciones,2026-03-05 10:36:19.000000,ainaramonzon10@gmail.com,+541150294728,Moreno,Formulario Web
15516,Raul,Polo,No contesta,asignaciones,2026-03-02 12:25:02.000000,claudiarpolo@yahoo.com.ar,+541159538161,C.A.B.A,Formulario Web
15522,Jessica,Pogonza,No contesta,asignaciones,2026-03-05 16:27:11.000000,jessica.pogonza@live.com.ar,+541125484928,La Matanza,Formulario Web
15523,ruben,garcia,No contesta,asignaciones,2026-03-03 17:18:51.000000,flogarcia2005@gmail.com,+541162021876,Lomas de Zamora,Formulario Web
15526,Agustina,Peruski,No contesta,asignaciones,2026-03-03 13:01:17.000000,agustinaperuski@gmail.com,+541128445293,San Miguel,Formulario Web
15531,Antonella,Angulo,No contesta,asignaciones,2026-03-09 15:35:02.000000,angulonoelia56@gmail.com,+541136205557,C.A.B.A,Formulario Web
15549,Lautaro,Pereyra,No contesta,asignaciones,2026-03-03 16:49:35.000000,lautipereyra2016@gmail.com,+542284615415,C.A.B.A,Formulario Web
15550,Lopez,Juan Ignacio,No contesta,asignaciones,2026-03-09 14:00:48.000000,carlaverboven1@gmail.com,+541155672158,Vicente López,Formulario Web
15554,Gerardo,Santos,No contesta,asignaciones,2026-03-02 11:46:34.000000,gerarsm26@gmail.com,+541127275194,C.A.B.A,Formulario Web
15555,Morena,Calderón,No contesta,asignaciones,2026-03-09 15:34:15.000000,calderonmorena971@gmail.com,+542213596919,Florencio Varela,Formulario Web
15556,Carlos Ezequiel,Lujan,No contesta,asignaciones,2026-03-11 15:27:26.000000,nazarenalujam@gmail.com,+541122694821,La Matanza,Formulario Web
15559,Keila,Cuti,No contesta,asignaciones,2026-03-06 14:31:28.000000,cutikeila@gmail.com,+541153885708,Lomas de Zamora,Formulario Web
15575,Blanca mabel,bianchi,No contesta,asignaciones,2026-03-05 16:25:28.000000,bianchiblanca@hotmail.com,+541133831177,La Matanza,Formulario Web
15577,Diana,aquino,No contesta,asignaciones,2026-03-02 11:49:13.000000,dianaquino@gmail.com,+541160380204,Pilar,Formulario Web
15585,Ivan,Villalba,No contesta,asignaciones,2026-03-05 12:56:40.000000,ivanvillalba46@gmail.com,+541138704749,Florencio Varela,Formulario Web
15594,Ema,González,No contesta,asignaciones,2026-03-05 14:21:38.000000,lurdesgomezluna123@gmail.com,+542645683250,Ezeiza,Formulario Web
15601,Francisco,Villarreal,No contesta,asignaciones,2026-03-06 12:05:44.000000,villarealr242@gmail.com,+543854095094,Ezeiza,Formulario Web
15602,Denis,Goro,No contesta,asignaciones,2026-03-02 16:42:30.000000,gorodenis12@gmail.com,+543435430778,San Isidro,Formulario Web
15606,Maria,Gonsalez,No contesta,asignaciones,2026-03-11 15:24:46.000000,sofiamorelgonzalez@gmail.com,+541157296325,Almirante Brown,Formulario Web
15621,Valeria,Davalos Arias,No contesta,asignaciones,2026-03-03 12:41:59.000000,valeriadavalos05@gmail.com,+541162681184,Malvinas Argentinas,Formulario Web
15632,Mateo,Brellis,No contesta,asignaciones,2026-03-09 15:35:28.000000,mateojesusbrellis@gmail.com,+543444545316,Florencio Varela,Formulario Web
15636,Benjamin,Davila,No contesta,asignaciones,2026-03-03 11:00:05.000000,hugodavila4545@gmail.com,+542227580203,C.A.B.A,Formulario Web
15648,Enzo,Estrada,No contesta,asignaciones,2026-03-05 12:58:48.000000,w6579444@gmail.com,+541130907618,Pilar,Formulario Web
15654,Federico,Gauto,No contesta,asignaciones,2026-03-03 11:00:02.000000,federicogauto22@gmail.com,+543705438893,Florencio Varela,Formulario Web
15655,Morena,Juarez,No contesta,asignaciones,2026-03-03 13:01:06.000000,jhugo2860@gmail.com,+5490038232252,Moreno,Formulario Web
15657,Fernando,Lagos,No contesta,asignaciones,2026-03-05 10:20:03.000000,fernandolagos705@gmail.com,+542396576824,Almirante Brown,Formulario Web
15680,Marcela,Cerochi,No contesta,asignaciones,2026-03-03 15:08:14.000000,marcela.cerochi@hotmail.com,+541138837808,Tigre,Formulario Web
15705,sofia,del puerto,No contesta,asignaciones,2026-03-12 13:04:59.000000,sofidelpuerto85@gmail.com,+541166617095,C.A.B.A,Formulario Web
15711,Mario Federico,Coria,No contesta,asignaciones,2026-07-01 17:20:34.000000,mariocoria425@gmail.com,+541130473214,C.A.B.A,Formulario Web
15715,Priscila,Molina,No contesta,asignaciones,2026-03-14 11:20:06.000000,priscilamol00@gmail.com,+541166588452,San Isidro,Formulario Web
15718,Florencia,Montoya,No contesta,asignaciones,2026-03-05 10:12:30.000000,florenciabmontoya@gmail.com,+541134155277,San Isidro,Formulario Web
15719,Carlos,Arcaya,No contesta,asignaciones,2026-03-04 11:04:57.000000,vinces2012@gmail.com,+541122766133,C.A.B.A,Formulario Web
15722,Julian,Maldonado,No contesta,asignaciones,2026-03-12 16:35:20.000000,maldonadojulian633@gmail.com,+541135580179,Almirante Brown,Formulario Web
15724,Irina,Arrua,No contesta,asignaciones,2026-03-04 16:43:07.000000,irinaarrua892@gmail.com,+542284683588,Almirante Brown,Formulario Web
15731,Fatima,Ledesma,No contesta,asignaciones,2026-03-14 13:41:14.000000,fattimaledesma@gmail.com,+541160261639,José C. Paz,Formulario Web
15740,Julieta,Zilli,No contesta,asignaciones,2026-03-05 10:38:56.000000,zilli.julieta@hotmail.com,+541138877985,Vicente López,Formulario Web
15749,Abel,micheli,No contesta,asignaciones,2026-07-01 17:21:08.000000,abel.micheli@tecnorayos.com,+541131813240,C.A.B.A,Formulario Web
15750,LUCIA,SANCHEZ,No contesta,asignaciones,2026-03-05 09:59:16.000000,luciasanches777@gmail.com,+541130153022,Berazategui,Formulario Web
15767,Caridad,Velasco,No contesta,asignaciones,2026-05-07 15:47:53.000000,carive30@gmail.com,+541176050581,C.A.B.A,Formulario Web
15770,Julieta,Vallejo,No contesta,asignaciones,2026-03-11 16:37:28.000000,julietavallejo@yahoo.com.ar,+541156422382,C.A.B.A,Formulario Web
15792,Cristian,Portillo,No contesta,asignaciones,2026-05-07 10:46:22.000000,rosajasintaibarra@gmail.com,+543853025295,Almirante Brown,Formulario Web
15795,Daniela,Trillo,No contesta,asignaciones,2026-03-05 16:21:30.000000,danielatrillo1198@gmail.com,+541168686554,Tres de Febrero,Formulario Web
15797,MARINA,Pomares,No contesta,asignaciones,2026-03-05 10:20:55.000000,mpomares69@gmail.com,+541169636999,San Isidro,Formulario Web
15798,Maria Eugenia,Basso,No contesta,asignaciones,2026-03-05 17:44:00.000000,bassomariaeugenia@gmail.com,+541137012256,Malvinas Argentinas,Formulario Web
15802,Karin,Ljungberg,No contesta,asignaciones,2026-03-05 16:19:50.000000,karinz@gmail.com,+541131802090,C.A.B.A,Formulario Web
15803,Carla,Castelluccio,No contesta,asignaciones,2026-03-05 16:18:02.000000,cdcastellucciopotenza@gmail.com,+541165347824,C.A.B.A,Formulario Web
15804,Maria Belen,Retta,No contesta,asignaciones,2026-03-05 16:16:17.000000,rettabel@gmail.com,+541161344525,Morón,Formulario Web
15821,Atuel,Ferrari,No contesta,asignaciones,2026-03-05 17:44:02.000000,atuelferrari019@gmail.com,+543827411813,Malvinas Argentinas,Formulario Web
15822,KAREN,SALINA,No contesta,asignaciones,2026-07-16 18:58:24.000000,salinakaren93@gmail.com,+541127788905,C.A.B.A,Formulario Web
15829,Debora Daniela,Sarco,No contesta,asignaciones,2026-03-06 13:34:43.000000,sarcodebora40@gmail.com,+541157285353,Tigre,Formulario Web
15830,Camila,Pirán,No contesta,asignaciones,2026-03-06 12:38:03.000000,camipiran@hotmail.com,+541173679325,C.A.B.A,Formulario Web
15831,gicela,cabrera,No contesta,asignaciones,2026-05-08 12:16:35.000000,gigiicabrera2012@gmail.com,+5491140552257,Gral. San Martín,Formulario Web
15843,luna,stoler,No contesta,asignaciones,2026-03-12 16:43:25.000000,lunastoler@gmail.com,+541144341549,C.A.B.A,Formulario Web
15845,Constanza belen,Martinez corso,No contesta,asignaciones,2026-03-06 12:09:45.000000,martinezcorsoc@gmail.com,+541168091125,C.A.B.A,Formulario Web
15847,Sheila,Rodriguez,No contesta,asignaciones,2026-03-06 17:19:23.000000,sheila_05.02@hotmail.com.ar,+542355488863,C.A.B.A,Formulario Web
15848,Ayelen,Giovinazzo,No contesta,asignaciones,2026-03-06 10:30:57.000000,giovinazzoayelenf@gmail.com,+541157688381,C.A.B.A,Formulario Web
15849,ailin,segovia,No contesta,asignaciones,2026-03-06 17:41:48.000000,ailusegovia0@gmail.com,+541151175391,Tres de Febrero,Formulario Web
15855,Alejandro,Torres,No contesta,asignaciones,2026-03-06 16:41:28.000000,steakhousevegan@gmail.com,+541123189030,Ituzaingó,Formulario Web
15861,Lucrecia,Fontana,No contesta,asignaciones,2026-03-10 10:29:05.000000,lucreciafontana@hotmail.com,+541161986809,Avellaneda,Formulario Web
15864,Fiamma Ailin,Giorgio,No contesta,asignaciones,2026-03-06 17:16:19.000000,fiammagiorgio00@gmail.com,+541169047571,C.A.B.A,Formulario Web
15866,Melany Aracely,Congo Mejía,No contesta,asignaciones,2026-04-06 12:24:56.000000,obras@estudioarqsa.com,+541125072643,C.A.B.A,Formulario Web
15870,Julieta,Moreno,No contesta,asignaciones,2026-03-11 16:37:21.000000,julietamoreno031105@gmail.com,+541164479351,La Matanza,Formulario Web
15876,Maria celeste,Menna,No contesta,asignaciones,2026-03-10 14:17:33.000000,mariaceleste.menna@bbva.com,+541162459604,San Miguel,Formulario Web
15884,Luis,Cristaldo,No contesta,asignaciones,2026-04-07 16:29:51.000000,guerreroely210@gmail.com,+541123464670,Berazategui,Formulario Web
15888,Francisco,Mongiello,No contesta,asignaciones,2026-03-13 15:15:12.000000,sstorino@x-28.com,+541151048929,Lomas de Zamora,Formulario Web
15889,Jorge,Romero,No contesta,asignaciones,2026-03-10 14:15:23.000000,jorgenicolasromero15@gmail.com,+541160139186,Berazategui,Formulario Web
15893,Selena,Espinosa,No contesta,asignaciones,2026-03-12 16:32:03.000000,espinosaselena132@gmail.com,+543873571096,C.A.B.A,Formulario Web
15894,Claudio hernan,Sandes,No contesta,asignaciones,2026-03-10 14:13:49.000000,sol_lamejor30@hotmail.com,+541162816431,Quilmes,Formulario Web
15896,Sharon,Gómez,No contesta,asignaciones,2026-03-27 17:02:12.000000,sharongomezpacheco@gmail.com,+542478506806,Avellaneda,Formulario Web
15905,daniela,leal,No contesta,asignaciones,2026-04-06 11:19:31.000000,danielaleal020605@gmail.com,+541165842280,C.A.B.A,Formulario Web
15906,ezequiel,mena,No contesta,asignaciones,2026-07-17 10:17:45.000000,lawyermena@hotmail.com,+542216028446,C.A.B.A,Formulario Web
15910,Martina,Dargains,No contesta,asignaciones,2026-04-07 16:27:25.000000,mardargains22@outlook.com,+541159288213,Quilmes,Formulario Web
15911,Lautaro,Segovia,No contesta,asignaciones,2026-04-07 16:25:27.000000,usolibre231452@gmail.com,+543435434711,Gral. San Martín,Formulario Web
15912,Paula,Otiñano,No contesta,asignaciones,2026-03-12 16:43:08.000000,paulaotinano599@gmail.com,+542644801402,Otra,Formulario Web
15922,Lety,Ramirez,No contesta,asignaciones,2026-07-16 18:58:18.000000,alejandrajazramirez@gmail.com,+543704808998,Gral. San Martín,Formulario Web
15926,Sabrina,Galleguillo,No contesta,asignaciones,2026-03-12 16:28:32.000000,sabrinagalleguillo81@gmail.com,+543484310713,Otra,Formulario Web
15928,Yasmin,Silva gamboa,No contesta,asignaciones,2026-03-25 16:45:20.000000,yasminicsg23@gmail.com,+541122668241,José C. Paz,Formulario Web
15937,Nataly,Albornoz,No contesta,asignaciones,2026-03-27 17:02:25.000000,natyalbornoz1981@icloud.com,+541163215619,Avellaneda,Formulario Web
15938,Dante,Basili,No contesta,asignaciones,2026-03-11 15:21:57.000000,lucianaferro@gmail.com,+541151379529,San Isidro,Formulario Web
15941,Romina,Arias,No contesta,asignaciones,2026-04-07 17:33:56.000000,amarutaroterapia@gmail.com,+541144758251,C.A.B.A,Formulario Web
15949,Giana,Martinez,No contesta,asignaciones,2026-03-11 15:16:50.000000,gianamartinez843@gmail.com,+543364353575,Almirante Brown,Formulario Web
15952,Celeste,Ruiz,No contesta,asignaciones,2026-06-05 16:46:04.000000,celesteruiz3611@gmail.com,+543446377842,José C. Paz,Formulario Web
15964,Rafael,Gimenez,No contesta,asignaciones,2026-03-11 13:57:38.000000,rafaelgimenez074@gmail.com,+541132950076,La Matanza,Formulario Web
15970,Alvaro Joquin,Ladner,No contesta,asignaciones,2026-05-08 12:08:57.000000,alvaro.ladner@protonmail.com,+541126076435,C.A.B.A,Formulario Web
15973,Ariel,Benitez,No contesta,asignaciones,2026-03-12 16:05:43.000000,arielbenitezokey@gmail.com,+541132130766,Lanús,Formulario Web
15975,Federico,Cattó,No contesta,asignaciones,2026-04-13 11:43:09.000000,federicocatto90@gmail.com,+541140580297,Morón,Formulario Web
15977,Jose,Morales,No contesta,asignaciones,2026-05-07 15:58:07.000000,jm1943110@gmail.com,+542613677958,Gral. San Martín,Formulario Web
15979,Yesica,Lombardo,No contesta,asignaciones,2026-07-13 16:18:05.000000,yesicalombardo364@gmail.com,+541126819500,Almirante Brown,Formulario Web
15983,Esteban,Luque,No contesta,asignaciones,2026-03-09 14:36:51.000000,luqueetebandavid@gmail.com,+543782562289,Florencio Varela,Formulario Web
15986,Juana,Ramírez,No contesta,asignaciones,2026-03-10 14:00:19.000000,juanabeatrizramires01@gmail.com,+543705413322,Malvinas Argentinas,Formulario Web
15988,Diego,Losada,No contesta,asignaciones,2026-03-31 15:32:20.000000,carinalosada@hotmail.com,+541135653977,Lanús,Formulario Web
15991,Maribel,Arnez,No contesta,asignaciones,2026-03-10 13:54:47.000000,maribelbera2025@gmail.com,+541125915231,Berazategui,Formulario Web
15999,Natalia,Portales,No contesta,asignaciones,2026-06-30 12:25:52.000000,naty_p66@hotmail.com,+541156256126,San Fernando,Formulario Web
16000,Natali,Nuñez,No contesta,asignaciones,2026-05-08 12:10:53.000000,natalinunez18@gmail.com,+541131159399,Almirante Brown,Formulario Web
16011,Maxi,Leiva,No contesta,asignaciones,2026-03-09 14:48:48.000000,maxi2026leiva@gmail.com,+541168764005,Berazategui,Formulario Web
16014,renata,sanchez,No contesta,asignaciones,2026-03-27 17:02:33.000000,marcelosanchezcasbas@gmail.com,+542923635882,Tres de Febrero,Formulario Web
16025,Gonzalez,Gonzalez,No contesta,asignaciones,2026-03-09 15:40:02.000000,gonzalezkarilin@gmail.com,+541132386441,Lanús,Formulario Web
16027,Karina,Santamaria,No contesta,asignaciones,2026-03-09 14:50:01.000000,sebyteamo27@gmail.com,+541128670966,C.A.B.A,Formulario Web
16040,Brian,Gutierrez,No contesta,asignaciones,2026-03-09 11:29:54.000000,brianmiguelgutierrez@gmail.com,+541136103880,Malvinas Argentinas,Formulario Web
16046,Lucas,Farias,No contesta,asignaciones,2026-03-12 10:03:44.000000,lucasfariasbf632@gmail.com,+541132971088,Almirante Brown,Formulario Web
16061,Eliana,Montenegro,No contesta,asignaciones,2026-03-09 14:24:00.000000,elianadmontenegro@gmail.com,+541164649603,Esteban Echeverría,Formulario Web
16064,Emilia,Capra,No contesta,asignaciones,2026-03-09 12:23:09.000000,memiliacapra@gmail.com,+542342548464,C.A.B.A,Formulario Web
16066,valeria,bizzozero,No contesta,asignaciones,2026-03-09 12:23:15.000000,changasfeias@gmail.com,+541159099906,C.A.B.A,Formulario Web
16067,Celeste,Ruiz,No contesta,asignaciones,2026-03-09 12:23:21.000000,celesteruiz020502@gmail.com,+541168088846,Gral. San Martín,Formulario Web
16082,Timoteo,Soto,No contesta,asignaciones,2026-03-12 16:03:30.000000,sototimoteo098@gmail.com,+542213535703,Avellaneda,Formulario Web
16083,Tatiana,Segovia,No contesta,asignaciones,2026-05-07 15:44:29.000000,segoviatati57@gmail.com,+541123556230,Gral. San Martín,Formulario Web
16088,Marina,García,No contesta,asignaciones,2026-03-23 17:30:10.000000,marinaabigail2026@gmail.com,+543854206385,Almirante Brown,Formulario Web
16091,Abril,Osorio,No contesta,asignaciones,2026-03-09 14:25:35.000000,abruluisana0601@gmail.com,+541133473288,Florencio Varela,Formulario Web
16106,Alejandro,Caballero,No contesta,asignaciones,2026-03-10 14:11:31.000000,alejandrofabiancaballero@hotmail.com,+541133832340,Almirante Brown,Formulario Web
16109,Luciano,Delgado,No contesta,asignaciones,2026-03-10 13:57:57.000000,delgadoluciano113@gmail.com,+542974750692,Avellaneda,Formulario Web
16112,Viviana,sarlinga,No contesta,asignaciones,2026-03-09 14:20:03.000000,sarlingavivi@empresa.com,+541158148655,Malvinas Argentinas,Formulario Web
16121,Sabrina,Cuculich,No contesta,asignaciones,2026-03-10 13:56:29.000000,sabrinacuculich@gmail.com,+541153121190,Lomas de Zamora,Formulario Web
16124,Mia,Molina,No contesta,asignaciones,2026-03-10 13:52:01.000000,molinanatanaelmoises@gmail.com,+5491166455134,Moreno,Formulario Web
16137,Agostina,Lutri,No contesta,asignaciones,2026-03-09 14:49:01.000000,agoslutri@gmail.com,+541155735954,C.A.B.A,Formulario Web
16141,Luan,Caballero,No contesta,asignaciones,2026-07-01 17:22:51.000000,llucaballeroo@gmail.com,+541162986314,Quilmes,Formulario Web
16142,Pedro,Salina,No contesta,asignaciones,2026-03-12 12:02:44.000000,lordpedry@gmail.com,+541169628802,Otra,Formulario Web
16149,Mercedes,Caeiro,No contesta,asignaciones,2026-03-12 16:11:40.000000,mechicaeiro@gmail.com,+541160310417,C.A.B.A,Formulario Web
16159,Aldana,Romano,No contesta,asignaciones,2026-03-09 17:38:17.000000,aldiiromano96@gmail.com,+541121662765,Avellaneda,Formulario Web
16163,Silvina,Kemelman,No contesta,asignaciones,2026-03-11 17:35:10.000000,silvinakemelman@gmail.con,+541136750291,San Isidro,Formulario Web
16164,cristian martin,Nieto,No contesta,asignaciones,2026-03-12 12:06:31.000000,ferchunieto83@gmail.com,+541131452631,Merlo,Formulario Web
16172,Ludmila,Guerra,No contesta,asignaciones,2026-03-12 16:00:12.000000,luhguerrasj@gmail.com,+541165794548,La Matanza,Formulario Web
16173,Nancy,Chaves,No contesta,asignaciones,2026-03-10 10:06:47.000000,chavesnancy705@gmail.com,+541163544899,C.A.B.A,Formulario Web
16180,Roxana,Gauna,No contesta,asignaciones,2026-03-11 17:03:04.000000,brianagauna1983@gmail.com,+541128607479,Almirante Brown,Formulario Web
16183,Marians,Uhart,No contesta,asignaciones,2026-03-10 12:05:51.000000,muhart@argentumconsulting.com.ar,+541162563155,Tigre,Formulario Web
16184,Mariel Elizabeth,Barbuzzi,No contesta,asignaciones,2026-03-11 16:58:44.000000,marielbarbuzzi@gmail.com,+541154691456,C.A.B.A,Formulario Web
16187,Evamaria,Dalponte,No contesta,asignaciones,2026-03-11 17:09:35.000000,evamariadalponte9@gmail.com,+541166076073,Tigre,Formulario Web
16188,Yonatan,Schaller,No contesta,asignaciones,2026-03-10 10:04:47.000000,schalleryonatan2@gmail.com,+543491541913,Avellaneda,Formulario Web
16192,Milagros del carmen,Salto,No contesta,asignaciones,2026-03-11 17:32:26.000000,sestheragustina@gmail.com,+543855431595,Quilmes,Formulario Web
16195,Jona,Pretto,No contesta,asignaciones,2026-03-11 16:56:57.000000,jonthanpretto@gmail.com,+543773522911,Gral. San Martín,Formulario Web
16206,Vanesa Elisabet,Benitez,No contesta,asignaciones,2026-03-10 10:03:09.000000,benitezvanesaelizabet052@gmail.com,+543704830543,Otra,Formulario Web
16221,Daniela,Guaita,No contesta,asignaciones,2026-03-10 15:34:56.000000,danielaguaita3@gmail.com,+541155236214,Hurlingham,Formulario Web
16224,blanca,Pirela,No contesta,asignaciones,2026-04-07 16:10:12.000000,blancapirela1504@gmail.com,+541176449623,C.A.B.A,Formulario Web
16231,Evelyn,Muñoz,No contesta,asignaciones,2026-03-10 12:15:55.000000,evelync.m@hotmail.com,+541141650544,Quilmes,Formulario Web
16235,Lisbeth,Avila,No contesta,asignaciones,2026-03-10 13:53:33.000000,lisbethadrianaavilalondo@gmail.com,+541173713410,C.A.B.A,Formulario Web
16238,Patricia,Enrique,No contesta,asignaciones,2026-03-31 15:29:42.000000,patoenrique88@gmail.com,+541157696550,Moreno,Formulario Web
16243,Natalia Melisa,Savelli,No contesta,asignaciones,2026-05-07 15:43:54.000000,namesavelli@hotmail.com,+541164255998,C.A.B.A,Formulario Web
16250,Ana,Centurion,No contesta,asignaciones,2026-03-11 15:41:53.000000,annycenturion196@gmail.com,+541158925511,Avellaneda,Formulario Web
16251,Marriana,Liñan,No contesta,asignaciones,2026-03-11 13:26:48.000000,connyandco22@gmail.com,+5491159594086,Esteban Echeverría,Formulario Web
16253,Agustina,Giardelli,No contesta,asignaciones,2026-03-10 17:09:04.000000,agusgiardeag@gmail.com,+5491166404278,Gral. San Martín,Formulario Web
16262,Mario Alberto,Alcaraz,No contesta,asignaciones,2026-03-20 10:38:24.000000,marioaalcaraz10@yahoo.com.ar,+543794778479,Otra,Formulario Web
16264,neki,benedetti,No contesta,asignaciones,2026-03-13 14:50:13.000000,okene2003@gmail.com,+542944533199,C.A.B.A,Formulario Web
16267,Avril,Gonzalez,No contesta,asignaciones,2026-05-08 12:11:24.000000,aviceleste20@gmail.com,+541168507068,C.A.B.A,Formulario Web
16268,Pablo,Rosello,No contesta,asignaciones,2026-03-11 10:00:11.000000,pablomami@hotmail.com,+541152289192,La Matanza,Formulario Web
16270,Sandra,Lopiano,No contesta,asignaciones,2026-03-11 13:31:01.000000,claudiosuarez804@gmail.com,+541145582402,C.A.B.A,Formulario Web
16273,Flor,Morales,No contesta,asignaciones,2026-03-12 12:59:20.000000,moralestairon324@gmail.com,+543875378381,Florencio Varela,Formulario Web
16275,TOBIAS,Tobi Gutiérrez,No contesta,asignaciones,2026-03-19 16:55:25.000000,tobigutierrez95@gmail.com,+543855169065,Merlo,Formulario Web
16282,Benjamin,Climent,No contesta,asignaciones,2026-03-11 16:46:43.000000,climentbenjamin49@gmail.com,+543853010001,Ezeiza,Formulario Web
16283,Candela,Jiménez,No contesta,asignaciones,2026-03-11 15:40:49.000000,candejimenez16@gmail.com,+543442604733,C.A.B.A,Formulario Web
16297,Elvis,Perez,No contesta,asignaciones,2026-03-13 10:21:39.000000,kevintap62@gmail.com,+541169388475,C.A.B.A,Formulario Web
16300,Chiara,Sandez,No contesta,asignaciones,2026-03-11 15:39:14.000000,chiarasandez31@gmail.com,+541138471849,Tres de Febrero,Formulario Web
16301,Brenda,Suarez,No contesta,asignaciones,2026-03-14 11:18:32.000000,brendasuarez98@outlook.com,+541150470429,Tres de Febrero,Formulario Web
16305,Yerik,Matias Rodriguez,No contesta,asignaciones,2026-03-11 13:24:17.000000,1matrodriguez1@gmail.com,+542945637134,Florencio Varela,Formulario Web
16309,Mika,Roger,No contesta,asignaciones,2026-03-12 16:05:14.000000,pbenik@yahoo.com.ar,+541134427307,C.A.B.A,Formulario Web
16337,Facu,Gentile,No contesta,asignaciones,2026-05-07 15:36:26.000000,facug0560@gmail.com,+542604091938,Berazategui,Formulario Web
16339,Nelson,Guaymas,No contesta,asignaciones,2026-03-11 15:36:59.000000,guaymasnelson03@gmail.com,+543875352477,San Isidro,Formulario Web
16341,Katherin,Padilla,No contesta,asignaciones,2026-03-19 16:53:58.000000,katypadilla13@gmail.com,+541133234290,C.A.B.A,Formulario Web
16342,mau,mani,No contesta,asignaciones,2026-03-11 15:44:35.000000,juanhernandez20102011@gmail.com,+542920255262,Tigre,Formulario Web
16348,Myriam,Toledo,No contesta,asignaciones,2026-03-19 16:49:03.000000,myriamtoledo@icloud.com,+5491162384087,C.A.B.A,Formulario Web
16357,Nicol,Cardozo,No contesta,asignaciones,2026-03-12 11:10:52.000000,nicolecardozo888@gmail.com,+541138854845,Quilmes,Formulario Web
16362,Geraldine,Hamawi,No contesta,asignaciones,2026-03-18 17:32:32.000000,silviarofe54@gmail.com,+5491161523901,C.A.B.A,Formulario Web
16369,Teo,Carmona,No contesta,asignaciones,2026-05-07 15:58:01.000000,teo26carmona@gmail.com,+542804861787,La Matanza,Formulario Web
16372,Mayte,Sandoval,No contesta,asignaciones,2026-03-19 14:54:37.000000,angelorellana2024x@gmail.com,+543853159285,Malvinas Argentinas,Formulario Web
16395,Claudia,Amarilla,No contesta,asignaciones,2026-05-11 17:00:41.000000,nbaez573@gmail.com,+541125699337,La Matanza,Formulario Web
16406,gonzalo,bresciani,No contesta,asignaciones,2026-03-12 12:33:48.000000,gonzalonbresciani@gmail.com,+541124002567,Gral. San Martín,Formulario Web
16407,Carlos daniel,Lamonico,No contesta,asignaciones,2026-07-02 15:55:30.000000,cdlamonico@gmail.com,+541153472771,Almirante Brown,Formulario Web
16418,Luciano Horacio,Iglesias,No contesta,asignaciones,2026-03-12 16:00:49.000000,lhigles@gmail.com,+541141637585,C.A.B.A,Formulario Web
16435,Eva,Pérez,No contesta,asignaciones,2026-03-12 16:34:41.000000,evaaperez87@gmail.com,+543482753606,Quilmes,Formulario Web
16438,Diego,mendoza,No contesta,asignaciones,2026-05-07 15:24:58.000000,nh4460446@gmail.com,+541135656177,Gral. San Martín,Formulario Web
16443,Ximena,Diaz,No contesta,asignaciones,2026-05-07 15:24:37.000000,ximereales6@gmail.com,+541138507793,Almirante Brown,Formulario Web
16448,Desil,Uno,No contesta,asignaciones,2026-03-13 10:24:30.000000,fgl870130@gmail.com,+543876578101,C.A.B.A,Formulario Web
16452,Agustin,Chavez,No contesta,asignaciones,2026-05-07 15:42:25.000000,aguschavez0108@gmail.com,+541156684669,Moreno,Formulario Web
16456,Tania,Galeano,No contesta,asignaciones,2026-05-07 15:50:27.000000,galeanotania4@gmail.com,+541161454113,Lomas de Zamora,Formulario Web
16457,Gian lukas,Leggi,No contesta,asignaciones,2026-05-07 15:58:03.000000,leggigianluka@gmail.com,+541123427331,Lanús,Formulario Web
16461,Enzo,Jara,No contesta,asignaciones,2026-05-07 15:21:26.000000,mariaromero4228@gmail.com,+543705033062,Ezeiza,Formulario Web
16473,Caren,Orozco,No contesta,asignaciones,2026-03-13 14:50:09.000000,orozcokaren218@gmail.com,+542657774928,Otra,Formulario Web
16476,Emanuel,Rojas,No contesta,asignaciones,2026-03-13 10:23:06.000000,romeroerica1995@gmail.com,+543873577437,San Miguel,Formulario Web
16483,Guada,Carabajal,No contesta,asignaciones,2026-05-07 15:54:18.000000,guadalupecarabajal347@gmail.com,+543854841424,La Matanza,Formulario Web
16485,Gonzalo ismael,Ruiz,No contesta,asignaciones,2026-05-07 15:01:33.000000,gonzaloismael89@gmail.com,+541156385738,C.A.B.A,Formulario Web
16496,Agus,Robles,No contesta,asignaciones,2026-03-13 17:31:47.000000,santinocintia3539@gmail.com,+541165746755,José C. Paz,Formulario Web
16498,Rocio,Molina,No contesta,asignaciones,2026-05-07 15:52:46.000000,belenchita99@gmail.com,+541166067038,Quilmes,Formulario Web
16499,Blanca,Ramirez,No contesta,asignaciones,2026-03-16 12:19:46.000000,rblancaestela847@gmail.com,+541141954886,C.A.B.A,Formulario Web
16500,Juan Cruz,Soaje,No contesta,asignaciones,2026-05-07 10:45:36.000000,juancruzsoaje11@gmail.com,+541132753895,San Isidro,Formulario Web
16521,Julieta,Duca,No contesta,asignaciones,2026-03-20 12:13:36.000000,julietadica@gmal.com,+541136901289,Tigre,Formulario Web
16527,Alexis,Balladares,No contesta,asignaciones,2026-03-17 14:39:13.000000,moiracalvo1@gmail.com,+541159453775,Lanús,Formulario Web
16531,Iago Lautaro,Rodriguez,No contesta,asignaciones,2026-03-17 14:37:06.000000,iagolrodriguez@gmail.com,+541138152072,Gral. San Martín,Formulario Web
16532,Juan,Palavecino,No contesta,asignaciones,2026-05-07 14:52:45.000000,juanpalavecino137@gmail.com,+541158167608,C.A.B.A,Formulario Web
16535,Milagro,Ruiz,No contesta,asignaciones,2026-03-13 17:20:35.000000,ruthmilagrosruiz740@gmail.com,+5493846445143,Moreno,Formulario Web
16547,Carola,Rapetti,No contesta,asignaciones,2026-05-07 14:59:11.000000,carolaarapetti@gmail.com,+541134570437,Vicente López,Formulario Web
16550,Leila,Furtado,No contesta,asignaciones,2026-05-07 14:57:20.000000,furtadoleilar@gmail.com,+541139033845,C.A.B.A,Formulario Web
16552,Kevin,Rojas,No contesta,asignaciones,2026-05-07 15:51:12.000000,kevinrojasss03@gmail.com,+541172447934,C.A.B.A,Formulario Web
16555,Felipe,Mamani,No contesta,asignaciones,2026-05-07 14:56:03.000000,felipemamani756@gmail.com,+543835590198,San Fernando,Formulario Web
16558,Ramón,Antunez,No contesta,asignaciones,2026-05-07 14:56:25.000000,jeicyantunez10@gmail.com,+541154555903,Esteban Echeverría,Formulario Web
16559,Alexis,Caro,No contesta,asignaciones,2026-05-07 15:50:36.000000,alexis13caro@gmail.com,+541131924692,Ituzaingó,Formulario Web
16563,Iara,Avalos,No contesta,asignaciones,2026-06-11 12:12:19.000000,avalossludmila634@gmail.com,+541149697843,Almirante Brown,Formulario Web
16564,Luz carla,Luna,No contesta,asignaciones,2026-05-07 11:26:50.000000,luzcarlaluna5@gmail.com,+543872252903,C.A.B.A,Formulario Web
16567,Brian Alexis,Cabeza,No contesta,asignaciones,2026-03-17 14:00:48.000000,elkbds@gmail.com,+541176087183,C.A.B.A,Formulario Web
16569,Valentina,Castellanos,No contesta,asignaciones,2026-03-22 10:44:52.000000,valentinacastellanos760@gmail.com,+541157518428,José C. Paz,Formulario Web
16572,Natalia,Caceres,No contesta,asignaciones,2026-07-02 15:57:09.000000,caceresnataliaad@gmail.com,+541165642697,Quilmes,Formulario Web
16573,Carlos,Cordero,No contesta,asignaciones,2026-03-16 15:45:40.000000,car_corder@hotmail.com,+542235623188,C.A.B.A,Formulario Web
16575,Brian,Esteche,No contesta,asignaciones,2026-03-20 12:11:00.000000,estechebrian15@gmail.com,+542954816678,Malvinas Argentinas,Formulario Web
16586,Leocadia epifania,Avalos,No contesta,asignaciones,2026-03-16 14:18:03.000000,leocadiaavalos39@gmail.com,+541151317756,Pilar,Formulario Web
16588,Nahuel,Gonzalez Piat,No contesta,asignaciones,2026-03-16 15:36:40.000000,nahuelgonzalezpiat00@gmail.com,+541169703416,C.A.B.A,Formulario Web
16591,Elias,Bareiro,No contesta,asignaciones,2026-05-07 11:24:01.000000,eliaasbareiroo@gmail.com,+541168447142,Merlo,Formulario Web
16592,Rocio,Romano,No contesta,asignaciones,2026-03-16 15:34:09.000000,romanorocios@gmail.com,+541130486263,Quilmes,Formulario Web
16593,jonathan,kremser,No contesta,asignaciones,2026-03-17 13:56:24.000000,jonathankremser@gmail.com,+541171555800,Lanús,Formulario Web
16600,Lautaro,Velasquez,No contesta,asignaciones,2026-03-17 13:58:28.000000,lautarovelasquez999@gmail.com,+543885437263,Florencio Varela,Formulario Web
16607,Cristian,Paniagua,No contesta,asignaciones,2026-03-17 13:53:57.000000,cristianpaniagua126@gmail.com,+541176005603,Gral. San Martín,Formulario Web
16608,Liz,Olmedo,No contesta,asignaciones,2026-03-15 12:47:22.000000,yamila@olmdo.com,+541170958311,Berazategui,Formulario Web
16609,Carlos Leandro,Mendoza,No contesta,asignaciones,2026-05-07 11:25:14.000000,leandrocm669@gmail.com,+543825613386,Otra,Formulario Web
16618,Santino,Bertotto,No contesta,asignaciones,2026-03-17 11:33:22.000000,santinobertotto005@gmail.com,+541137034254,C.A.B.A,Formulario Web
16620,Mariela,Quires,No contesta,asignaciones,2026-03-16 10:39:06.000000,marielaequires@gmail.com,+541150137996,Gral. San Martín,Formulario Web
16624,Emilia,Zavala,No contesta,asignaciones,2026-05-07 11:21:43.000000,emi2502002@gmail.com,+541171018305,C.A.B.A,Formulario Web
16625,Giuliana denisse,Alvarez,No contesta,asignaciones,2026-03-17 14:34:29.000000,giulidenisse2004@gmail.com,+541124973251,Tres de Febrero,Formulario Web
16627,Laura,Delcantare,No contesta,asignaciones,2026-03-17 13:51:45.000000,lauradelcantare1992@gmail.com,+541138077660,Almirante Brown,Formulario Web
16631,Milagros,Goncalves,No contesta,asignaciones,2026-03-16 10:30:50.000000,milagrosgoncalves23@gmail.com,+541161509575,C.A.B.A,Formulario Web
16633,Kevin Luis,Turri,No contesta,asignaciones,2026-05-07 11:20:04.000000,kevinturri@gmail.com,+541166126991,Lanús,Formulario Web
16634,María José,Beltran,No contesta,asignaciones,2026-03-17 13:38:57.000000,beltranmariajose96@gmail.com,+541156417815,La Matanza,Formulario Web
16637,David,Jofre,No contesta,asignaciones,2026-05-07 11:19:18.000000,davidjofre066@gmail.com,+542612144635,Esteban Echeverría,Formulario Web
16638,Noe,avila,No contesta,asignaciones,2026-03-17 13:36:54.000000,noe_avila16@hotmail.com,+541133243232,Esteban Echeverría,Formulario Web
16639,Daniel,oscar Fernández,No contesta,asignaciones,2026-03-16 11:00:57.000000,danieloscarfernandez78@gmail.com,+541127920993,Berazategui,Formulario Web
16644,Axel Obregón,Obregón,No contesta,asignaciones,2026-03-17 13:34:50.000000,obregong770@gmail.com,+543718461671,Tres de Febrero,Formulario Web
16648,Jonathan Aguirre,Aguirre,No contesta,asignaciones,2026-05-07 11:17:23.000000,joonaaguirre123@gmail.com,+543456556163,C.A.B.A,Formulario Web
16649,Matías,Mendez,No contesta,asignaciones,2026-05-07 11:16:29.000000,matiadmendez09@gmail.com,+541171411156,C.A.B.A,Formulario Web
16650,Alexander,Castillo,No contesta,asignaciones,2026-03-16 10:58:06.000000,a3713631@gmail.com,+543705107086,Quilmes,Formulario Web
16655,Giselle yanina,Ramos,No contesta,asignaciones,2026-05-07 11:14:35.000000,gisell1522@hotmail.com,+541170320740,Lomas de Zamora,Formulario Web
16656,Eugenio Fernando,Lamas,No contesta,asignaciones,2026-05-07 11:12:41.000000,lamas974ale@gmail.com,+541162771028,San Miguel,Formulario Web
16657,Juan,Maidana,No contesta,asignaciones,2026-05-07 11:12:05.000000,juanmaidana388@gmail.com,+541162731730,Florencio Varela,Formulario Web
16660,Laura Inés,Llorens,No contesta,asignaciones,2026-04-10 13:43:39.000000,lauralloren6@gmail.com,+541150537592,La Matanza,Formulario Web
16663,Milagros Agustíná,Gamarra,No contesta,asignaciones,2026-05-07 11:10:26.000000,roni907813@gmail.com,+541165608954,José C. Paz,Formulario Web
16667,Cristian,Villarreal,No contesta,asignaciones,2026-05-07 10:44:54.000000,villarrealcristian788@gmail.com,+543513531309,C.A.B.A,Formulario Web
16672,Nicolas,Guaraz,No contesta,asignaciones,2026-03-22 10:32:32.000000,isabellaguaraz22@gmail.com,+541168334832,Morón,Formulario Web
16681,Celina,Fortete,No contesta,asignaciones,2026-05-07 10:29:54.000000,celitete1210@gmail.com,+541135889859,Merlo,Formulario Web
16687,elizabet,molfese,No contesta,asignaciones,2026-05-07 10:58:57.000000,elimolfese15@gmail.com,+541137555967,Morón,Formulario Web
16688,Leonardo,Santillan,No contesta,asignaciones,2026-03-18 11:26:12.000000,leonardosantillan2408@gmail.com,+541123989807,Quilmes,Formulario Web
16692,Néstor Osvaldo,Catallo,No contesta,asignaciones,2026-03-18 15:21:59.000000,ncatallo95@gmail.com,+541155278557,Quilmes,Formulario Web
16694,Sergio Andres,Sergio Rodriguez,No contesta,asignaciones,2026-03-16 15:32:30.000000,srodriguezunq@gmail.com,+541133752610,Lanús,Formulario Web
16701,María celeste,Jelicie,No contesta,asignaciones,2026-03-18 15:20:04.000000,maitejelicie@hotmail.com,+5491149272038,La Matanza,Formulario Web
16707,Ana,Caviglia,No contesta,asignaciones,2026-03-17 11:37:18.000000,anicaviglia@gmail.com,+542216416817,C.A.B.A,Formulario Web
16709,Martin Gabriel,Losinno,No contesta,asignaciones,2026-04-30 11:56:54.000000,losinnofrancia@gmail.com,+541153752168,San Isidro,Vendedor-App
16714,Agustin,Carrizo,No contesta,asignaciones,2026-03-18 11:33:47.000000,aguscai2@gmail.com,+541164632392,Quilmes,Formulario Web
16718,delfina,robles,No contesta,asignaciones,2026-05-07 10:27:12.000000,delfinarobles06@gmail.com,+541156697328,Gral. San Martín,Formulario Web
16720,Gabriel,Vilte,No contesta,asignaciones,2026-05-05 11:35:04.000000,gabrielmaximiliano01@gmail.com,+541137645856,Ezeiza,Formulario Web
16722,Michelle,Nolte,No contesta,asignaciones,2026-03-18 11:33:37.000000,michelleanahinolte@gmail.com,+541130110637,La Matanza,Formulario Web
16726,Rodrigo,Fernández,No contesta,asignaciones,2026-03-17 12:39:35.000000,rodro10077@gmail.com,+541162853382,Quilmes,Formulario Web
16732,Murilo,Maia,No contesta,asignaciones,2026-05-05 10:21:29.000000,murimmaia@gmail.com,+541125848669,C.A.B.A,Formulario Web
16734,Andrea,Larocca,No contesta,asignaciones,2026-05-07 10:53:47.000000,andrea.larroca@bue.edu.ar,+541157593841,C.A.B.A,Formulario Web
16742,Ludmila,Debonis,No contesta,asignaciones,2026-03-17 11:36:02.000000,debonis071107@gmail.com,+541165927067,C.A.B.A,Formulario Web
16745,Fabiana,Castaño,No contesta,asignaciones,2026-03-18 11:31:41.000000,castanofabiana198@gmail.com,+541135190364,Otra,Formulario Web
16747,Fabiana Vanesa,Martinez,No contesta,asignaciones,2026-05-05 11:32:37.000000,vm0949188@gmail.com,+542975019691,Otra,Formulario Web
16754,Marilin,Gomez,No contesta,asignaciones,2026-03-18 13:47:17.000000,marilinagomez844@gmail.com,+542477220665,Almirante Brown,Formulario Web
16756,Sebastián,González,No contesta,asignaciones,2026-05-05 10:13:49.000000,gonzalezeugenio914@gmail.com,+5493454091157,Otra,Formulario Web
16758,María,Caiguara,No contesta,asignaciones,2026-03-18 11:32:06.000000,caiguaravero@gmail.com,+541166293799,Gral. San Martín,Formulario Web
16767,Lucia,Gordillo,No contesta,asignaciones,2026-03-18 11:30:41.000000,gordillolucia84@gmail.com,+541155729753,Almirante Brown,Formulario Web
16768,Nancy,Parra,No contesta,asignaciones,2026-03-20 10:40:04.000000,nancyparra2005@gmail.com,+542477317571,Otra,Formulario Web
16770,María Alejandra,Fornes,No contesta,asignaciones,2026-05-05 10:13:19.000000,alejandrafornes921@gmail.com,+541125746394,Tigre,Formulario Web
16775,Claudio,Martino,No contesta,asignaciones,2026-03-18 12:31:45.000000,martinoclaudio515@gmail.com,+541149278712,San Isidro,Formulario Web
16782,Juan,Lopez,No contesta,asignaciones,2026-03-18 12:25:38.000000,lopezjuanchomax@gmail.com,+541136481897,Avellaneda,Formulario Web
16783,Yorch,Tacuri,No contesta,asignaciones,2026-03-17 16:24:08.000000,jorge96-k-po@hotmail.com,+541136376933,C.A.B.A,Formulario Web
16790,Monica,Villar,No contesta,asignaciones,2026-03-18 11:30:30.000000,monivillar@hotmail.com,+541151572039,Pilar,Formulario Web
16792,Yésica Anabel,Piñeiro,No contesta,asignaciones,2026-05-05 10:09:23.000000,yesicaanabelpineiro04@gmail.com,+541136515574,Moreno,Formulario Web
16797,Federico,Alvarez,No contesta,asignaciones,2026-03-18 12:27:32.000000,danimesple@gmail.com,+541136999487,C.A.B.A,Formulario Web
16801,Maximiliano,Freyre,No contesta,asignaciones,2026-03-18 11:29:49.000000,joaquinfreyre55@gmail.com,+543716425668,Tigre,Formulario Web
16803,Gaby andres,Juarez,No contesta,asignaciones,2026-03-17 11:28:22.000000,gabrielandresjuarez44@gmail.com,+543858597016,Gral. San Martín,Formulario Web
16808,Debora,Debogorski,No contesta,asignaciones,2026-03-18 12:23:46.000000,debogorskki@gmail.com,+541178291888,Gral. San Martín,Formulario Web
16812,Maria Eduarda,Machado,No contesta,asignaciones,2026-03-19 12:28:58.000000,maducmachado@gmail.com,+541159126561,C.A.B.A,Formulario Web
16829,Soledad Itati,Figueredo,No contesta,asignaciones,2026-03-19 12:28:28.000000,soledaditatifigueredo@gmail.com,+541132166044,Avellaneda,Formulario Web
16833,Maximilinao nahuel,Balbi,No contesta,asignaciones,2026-04-04 17:57:53.000000,balbimaximilianonahuel@gmail.com,+541168080700,Gral. San Martín,Formulario Web
16837,sarai,santana,No contesta,asignaciones,2026-03-19 12:27:04.000000,saraisantana0014@gmail.com,+541158308484,C.A.B.A,Formulario Web
16840,verónica,piteo,No contesta,asignaciones,2026-03-18 21:10:14.000000,veronicapiteo@gmail.com,+541163304142,Morón,Formulario Web
16850,Gianluca,Rizzo,No contesta,asignaciones,2026-03-18 13:05:57.000000,gianlucarizzo1997gr@gmail.com,+541140438829,C.A.B.A,Formulario Web
16857,Bautista,Arce,No contesta,asignaciones,2026-03-19 12:21:32.000000,arcebautista74@gmail.com,+543329327467,C.A.B.A,Formulario Web
16876,Vanina,Pasternak,No contesta,asignaciones,2026-04-30 16:14:36.000000,vanipasternak@hotmail.com,+541133533235,Avellaneda,Formulario Web
16881,Romina,Fernandez,No contesta,asignaciones,2026-06-25 10:32:20.000000,romifer_20@hotmail.com,+541124579797,Lomas de Zamora,Formulario Web
16886,Estefania,Zelaya,No contesta,asignaciones,2026-03-18 11:30:50.000000,estefaniazelaya33@gmail.com,+541122730345,C.A.B.A,Formulario Web
16909,Claribel,Balsano,No contesta,asignaciones,2026-03-18 15:14:11.000000,claribelbalsano@gmail.com,+541123930158,Quilmes,Formulario Web
16913,Mariana,Onofri,No contesta,asignaciones,2026-03-19 15:22:56.000000,mariana_onofri@hotmail.com,+541132591534,Quilmes,Formulario Web
16915,Tobias,Arnedo,No contesta,asignaciones,2026-03-27 15:59:17.000000,tobiasarnedo2002@gmail.com,+541126975358,Lanús,Formulario Web
16918,Rocio,Libertini,No contesta,asignaciones,2026-03-19 12:01:37.000000,rociolibertini99@gmail.com,+541122948801,San Isidro,Formulario Web
16927,Roberto Alejandro,Rossi,No contesta,asignaciones,2026-04-30 15:08:27.000000,rossirobertoalejandro@gmail.com,+541130465045,Gral. San Martín,Formulario Web
16930,Ivana,Pua,No contesta,asignaciones,2026-04-30 14:42:36.000000,iviizdbf150410@gmail.com,+541138261209,C.A.B.A,Formulario Web
16932,Verónica,Lopez,No contesta,asignaciones,2026-03-19 11:58:15.000000,ve19_82@hotmail.com,+541134481258,Vicente López,Formulario Web
16944,Cindy,Guevara,No contesta,asignaciones,2026-04-15 17:10:30.000000,cindylu24mulan@gmail.com,+541158496082,C.A.B.A,Formulario Web
16948,Celeste,Lugo,No contesta,asignaciones,2026-03-19 16:34:30.000000,lugoelisandra80@gmail.com,+541166027024,Campana,Formulario Web
16949,Daniela anahi,Care,No contesta,asignaciones,2026-03-20 07:50:20.000000,danielacare156@gmail.com,+542974710284,José C. Paz,Formulario Web
16953,Laureano,Lescano,No contesta,asignaciones,2026-04-24 15:12:04.000000,lescanolaureano03@gmail.com,+543445576732,Moreno,Formulario Web
16956,Yoel,Saracho,No contesta,asignaciones,2026-04-24 15:11:18.000000,yoelsaracho8@gmail.com,+541128755922,San Fernando,Formulario Web
16959,Briseida,Segovia,No contesta,asignaciones,2026-04-15 17:06:52.000000,segoviabriseida025@gmail.com,+541164191920,Florencio Varela,Formulario Web
16962,Sol,Timus,No contesta,asignaciones,2026-04-15 17:06:10.000000,benitezfaildes@gmail.com,+541165340367,Otra,Formulario Web
16969,Mauricio,Alvarez,No contesta,asignaciones,2026-03-19 14:21:15.000000,zavalanorma292@gmail.com,+542494211078,Vicente López,Formulario Web
16974,Sandra,Lo priore,No contesta,asignaciones,2026-04-15 17:06:01.000000,inilopriore@hotmail.com,+541163782422,C.A.B.A,Formulario Web
16975,José Luis,Medina,No contesta,asignaciones,2026-03-19 16:54:52.000000,josemedina3395@gmail.com,+541151559527,Almirante Brown,Formulario Web
16976,Naara,Acosta,No contesta,asignaciones,2026-03-19 10:27:09.000000,naaravalen@gmail.com,+541151404816,Lomas de Zamora,Formulario Web
16984,Ender,Leon,No contesta,asignaciones,2026-03-23 14:43:35.000000,eg1053602@gmail.com,+541136506939,C.A.B.A,Formulario Web
16992,Lara Sofía,Toscano,No contesta,asignaciones,2026-04-24 15:08:54.000000,lara1205sofia@gmail.com,+541125707015,Lomas de Zamora,Formulario Web
16996,Miguel angel,López,No contesta,asignaciones,2026-06-11 12:52:33.000000,miguelitolopez160@gmail.com,+541136516455,Otra,Formulario Web
16997,jennifer aldana,Luna,No contesta,asignaciones,2026-04-07 15:44:40.000000,jennlunaruidiaz@gmail.com,+541136084302,Pilar,Formulario Web
17000,Leidy,Martin,No contesta,asignaciones,2026-03-21 16:38:58.000000,leiddynahiara@gmail.com,+541138617682,Pilar,Formulario Web
17006,andrea,ruger,No contesta,asignaciones,2026-04-10 12:33:17.000000,andrea_ruger@hotmail.com,+541168796164,Lanús,Formulario Web
17014,Martin,Faragasso,No contesta,asignaciones,2026-03-21 16:39:11.000000,faragassom@gmail.com,+541161016923,C.A.B.A,Formulario Web
17036,Miguel angel,Lazarte,No contesta,asignaciones,2026-03-21 16:39:28.000000,lencinapriscila185@gmail.com,+541162113967,C.A.B.A,Formulario Web
17042,Román,Roman Lopez,No contesta,asignaciones,2026-04-24 15:09:41.000000,romanlopezmuro02@gmail.com,+543874445694,Otra,Formulario Web
17046,Matias nahuel,Aguirre,No contesta,asignaciones,2026-06-12 12:23:42.000000,nahuelaguirre0107@gmail.com,+541123166247,Lomas de Zamora,Formulario Web
17056,rita,jara,No contesta,asignaciones,2026-04-10 12:27:52.000000,kunrita2@gmail.com,+541128294759,C.A.B.A,Formulario Web
17058,Francisco,Spada,No contesta,asignaciones,2026-03-25 15:46:42.000000,franspada11@gmail.com,+541135857488,Gral. San Martín,Formulario Web
17065,Guillermo,Ramírez,No contesta,asignaciones,2026-03-21 16:39:46.000000,br0634177@gmail.com,+542622571376,Berazategui,Formulario Web
17066,ALLAN,MAYA,No contesta,asignaciones,2026-07-13 16:19:53.000000,allanmaya2207@gmail.com,+541138083951,C.A.B.A,Formulario Web
17077,Martina,Reissing,No contesta,asignaciones,2026-03-25 15:44:38.000000,martinareissing7@gmail.com,+542995193521,San Isidro,Formulario Web
17085,Lucia,Robles,No contesta,asignaciones,2026-06-18 11:53:50.000000,luurobles99@gmail.com,+541138934437,C.A.B.A,Formulario Web
17087,Belen,Porco,No contesta,asignaciones,2026-03-23 12:07:21.000000,belenrosarioporco@gmail.com,+541127003657,Vicente López,Formulario Web
17089,Gabriela ruth,Iusem,No contesta,asignaciones,2026-03-23 16:34:32.000000,matilotocki@hotmail.com,+541166777749,C.A.B.A,Formulario Web
17090,Yaneth,Gómez,No contesta,asignaciones,2026-03-23 16:25:33.000000,yanethgomez@cemic.edu.ar,+541176423333,C.A.B.A,Formulario Web
17095,Karen,Rocha,No contesta,asignaciones,2026-03-21 14:58:16.000000,karennoeliarocha4@gmail.com,+541167321024,C.A.B.A,Formulario Web
17098,Nahuel Ivan,Canova,No contesta,asignaciones,2026-03-25 15:42:58.000000,nahuelivancanova@gmail.com,+541133138607,C.A.B.A,Formulario Web
17101,Maria eva,Sosa,No contesta,asignaciones,2026-03-23 16:18:15.000000,ingmesosa@gmail.com,+542214360295,C.A.B.A,Formulario Web
17104,zoe,meza,No contesta,asignaciones,2026-04-07 17:35:40.000000,zoemeza49@gmail.com,+541159429958,Gral. San Martín,Formulario Web
17119,Nicolás,Gomez,No contesta,asignaciones,2026-06-12 16:57:40.000000,gomeznicolasagustin805@gmail.com,+543456409047,Zárate,Formulario Web
17120,Jonathan,Gonzalez,No contesta,asignaciones,2026-03-23 15:43:58.000000,jg8754234@gmail.com,+542622535467,Almirante Brown,Formulario Web
17121,Patricia,Poblete,No contesta,asignaciones,2026-03-23 15:38:40.000000,patriciapoblete809@gmail.com,+542612634195,Otra,Formulario Web
17123,tobi,monson,No contesta,asignaciones,2026-04-23 16:18:48.000000,florenciasoledadromero03@gmail.com,+541128444197,Almirante Brown,Formulario Web
17124,Elizabeth,Oros,No contesta,asignaciones,2026-03-23 16:39:48.000000,elizabethoros364@gmail.com,+541128642014,Merlo,Formulario Web
17135,Mateo,Rodrigo,No contesta,asignaciones,2026-04-14 14:31:33.000000,rodrigomateo633@gmail.com,+543812087865,Otra,Formulario Web
17139,Bautista,Retamoso,No contesta,asignaciones,2026-03-23 16:41:56.000000,bautistaretamoso98@gmail.com,+541149600297,Ezeiza,Formulario Web
17140,Victor,Maciel,No contesta,asignaciones,2026-04-10 12:26:29.000000,victorpozze13@gmail.com,+541156141781,Esteban Echeverría,Formulario Web
17145,Yanina Belén,Salinas Mondadori,No contesta,asignaciones,2026-03-25 15:41:54.000000,yainasalinasm@gmail.com,+541134887790,Avellaneda,Formulario Web
17151,Soledad,Saluzzi,No contesta,asignaciones,2026-06-11 13:06:00.000000,brisasaluzzi99@gmail.com,+541156577467,Quilmes,Formulario Web
17156,Nahiara,Nuñez,No contesta,asignaciones,2026-04-14 14:30:38.000000,almadamilagros802@gmail.com,+541156374119,Merlo,Formulario Web
17161,Gisel,Zalazar,No contesta,asignaciones,2026-03-23 14:13:57.000000,zalazargisel0@gmail.com,+543704073274,Lanús,Formulario Web
17164,Luis,Olivera,No contesta,asignaciones,2026-03-23 14:10:33.000000,ludaolivera071212@gmail.com,+541139147750,Avellaneda,Formulario Web
17170,Walter,Gauto,No contesta,asignaciones,2026-03-23 14:08:53.000000,wgauto836@gmail.com,+541151215660,Florencio Varela,Formulario Web
17172,Teo,Alvarenga,No contesta,asignaciones,2026-06-11 13:07:24.000000,matinoearidanteteo@gmail.com,+543442588358,Lanús,Formulario Web
17177,Leo,Miño,No contesta,asignaciones,2026-03-23 15:40:08.000000,silvinasalinas083@gmail.com,+543704970899,José C. Paz,Formulario Web
17182,Jesus,Quinteros,No contesta,asignaciones,2026-03-23 14:07:24.000000,quinterosjesus520@gmail.com,+542646763642,San Miguel,Formulario Web
17183,Roberto,Pintos,No contesta,asignaciones,2026-03-23 14:05:36.000000,robertoezequielpintos6@gmail.com,+541164723951,Almirante Brown,Formulario Web
17185,Fernando,Althausss,No contesta,asignaciones,2026-04-14 14:27:01.000000,fernandomaxi1204@gmail.com,+543751339429,La Matanza,Formulario Web
17189,Rodrigo emiliano,Bustos,No contesta,asignaciones,2026-04-14 14:25:55.000000,rodrigorb1981@gmail.com,+542304302462,Pilar,Formulario Web
17200,Candela,Sarmiento,No contesta,asignaciones,2026-03-23 14:04:18.000000,candelasarmiento2012@gmail.com,+541168186860,Berazategui,Formulario Web
17201,Tomas,Garatti,No contesta,asignaciones,2026-03-23 15:42:36.000000,vsm33@hotmail.com,+541165684743,C.A.B.A,Formulario Web
17202,Maria Agustina,Ventura,No contesta,asignaciones,2026-03-25 15:40:08.000000,agussventura@gmail.com,+543772441443,C.A.B.A,Formulario Web
17205,Ludmila,Dobler,No contesta,asignaciones,2026-03-23 13:35:08.000000,ludmiladobler@gmail.com,+541125184423,Avellaneda,Formulario Web
17208,Candela Nahír,Cabello,No contesta,asignaciones,2026-04-14 13:31:20.000000,candelacabello74@gmail.com,+541123859056,Gral. San Martín,Formulario Web
17214,Jimena,Andreu,No contesta,asignaciones,2026-04-10 11:56:51.000000,jimenandreu23@gmail.com,+542901618099,Otra,Formulario Web
17217,Mariela,Sommerfeld,No contesta,asignaciones,2026-04-14 14:33:11.000000,sommerfeldmariela@gmail.com,+543484306657,Campana,Formulario Web
17220,Joel matias,Galeano,No contesta,asignaciones,2026-03-23 15:45:37.000000,matiasgj85@gmail.com,+541125393944,Tres de Febrero,Formulario Web
17222,Maggy,Dantur,No contesta,asignaciones,2026-04-10 11:56:04.000000,lohandantur7@gmail.com,+541156949631,C.A.B.A,Formulario Web
17232,Nahuel Agustín,Martinez,No contesta,asignaciones,2026-03-23 14:36:11.000000,agustin111vargas@gmail.com,+541130674819,Quilmes,Formulario Web
17240,Adrián,Escalada,No contesta,asignaciones,2026-03-23 14:49:24.000000,aescalada77@gmail.com,+543743596193,Avellaneda,Formulario Web
17247,Damián,Vallejos,No contesta,asignaciones,2026-06-11 13:08:45.000000,vallejosdamian909@gmail.com,+543644285364,Almirante Brown,Formulario Web
17252,Maria,Cardoso,No contesta,asignaciones,2026-03-25 15:35:40.000000,mariacardoso75@hotmail.com,+541163366377,Malvinas Argentinas,Formulario Web
17256,Carlos,velasco,No contesta,asignaciones,2026-04-30 12:43:35.000000,carlosvelasco@gmail.com,+541122976409,C.A.B.A,Formulario Web
17272,MONICA,MOLTENI,No contesta,asignaciones,2026-03-25 15:35:36.000000,moni-66@hotmail.com.ar,+541144088453,Lanús,Formulario Web
17280,Lucia,Donatti,No contesta,asignaciones,2026-06-11 13:10:58.000000,luciadonatti@campus.fmed.uba.ar,+543487610987,C.A.B.A,Formulario Web
17296,Emiliano,Vidal,No contesta,asignaciones,2026-06-11 13:30:30.000000,vidalemiliano@yahoo.com,+541166146091,La Matanza,Formulario Web
17304,Maximiliano,Coceres,No contesta,asignaciones,2026-04-04 17:57:10.000000,coceresmaximiliano22@gmail.com,+542255601268,Otra,Formulario Web
17316,Agustín,Romero,No contesta,asignaciones,2026-04-10 11:32:51.000000,cazenaveyesi8@gmail.com,+542302520070,Otra,Formulario Web
17325,Matías,Oviedo,No contesta,asignaciones,2026-03-25 11:41:59.000000,matiasaguerooviedo8@gmail.com,+543821432054,Otra,Formulario Web
17326,Agustín,Agustín Flores,No contesta,asignaciones,2026-03-28 11:46:10.000000,afagustinflores312@gmail.com,+541138330907,Merlo,Formulario Web
17327,Guadalupe,Taborda,No contesta,asignaciones,2026-03-28 11:45:41.000000,tabordaerica76@gmail.com,+541163073400,Avellaneda,Formulario Web
17333,Benja,Benja Garcia,No contesta,asignaciones,2026-06-11 13:31:34.000000,bg2648271@gmail.com,+543412548882,Florencio Varela,Formulario Web
17334,Maximiliano,Maidana,No contesta,asignaciones,2026-04-04 17:57:32.000000,eliomaximilianomaidana6@gmail.com,+541138985650,Quilmes,Formulario Web
17337,Johanna,Bitterbo,No contesta,asignaciones,2026-04-10 11:30:11.000000,johannabitterbo41@gmail.com,+541164490178,Pilar,Formulario Web
17339,Milena,Pessini,No contesta,asignaciones,2026-04-13 17:22:34.000000,milenapessini123@gmail.com,+543755294584,La Matanza,Formulario Web
17348,Rocío,Maturano,No contesta,asignaciones,2026-03-25 10:23:15.000000,rociomaturano28@gmail.com,+542995554927,C.A.B.A,Formulario Web
17350,Samanta,Zotta,No contesta,asignaciones,2026-03-25 15:08:35.000000,samypzotta@gmail.com,+541150414623,Morón,Formulario Web
17351,Angel,Roble,No contesta,asignaciones,2026-03-25 10:18:57.000000,angel12calibar@gmail.com,+542644569733,Otra,Formulario Web
17353,natalia,garcia,No contesta,asignaciones,2026-03-25 16:24:43.000000,nataliasgarcia76@gmail.com,+541153569488,C.A.B.A,Formulario Web
17357,Guadalupe,Diaz,No contesta,asignaciones,2026-04-10 11:39:42.000000,guadalupediazzz14@gmail.com,+541125543512,Tigre,Formulario Web
17358,Joaquin,Duarte,No contesta,asignaciones,2026-03-25 11:56:16.000000,duartejoaquin707@gmail.com,+541166966970,Quilmes,Formulario Web
17369,Carla,Aiello,No contesta,asignaciones,2026-03-25 16:35:53.000000,carla.aiello@live.com.ar,+541154224785,Avellaneda,Formulario Web
17373,Lucía Berenice,Delía Gregory,No contesta,asignaciones,2026-04-10 10:17:09.000000,luciadelia42@gmail.com,+542944902685,C.A.B.A,Formulario Web
17374,Camila,Alfonzo,No contesta,asignaciones,2026-03-25 10:16:58.000000,camilaalfonzo2021@gmail.com,+541169272373,Lomas de Zamora,Formulario Web
17375,Raúl Eugenio,Lezcano,No contesta,asignaciones,2026-04-07 14:22:28.000000,ignacioraullezcano2019@gmail.com,+541130505530,C.A.B.A,Formulario Web
17380,Marcos,Kuike,No contesta,asignaciones,2026-04-10 11:28:02.000000,marcoskuike66@gmail.com,+541128807461,C.A.B.A,Formulario Web
17383,Ariel,Guzmán,No contesta,asignaciones,2026-03-25 14:00:48.000000,arielguz310@gmail.com,+542645790095,Malvinas Argentinas,Formulario Web
17385,Noeliamercedesrosa,Arriola,No contesta,asignaciones,2026-04-09 17:30:28.000000,noeliamercedesrosaarriola@gmail.com,+541159469777,San Isidro,Formulario Web
17387,Lenna josefa,Toledo,No contesta,asignaciones,2026-04-09 17:29:27.000000,lenat0958@gmail.com,+543704841502,Gral. San Martín,Formulario Web
17396,Alfredo,Fernández,No contesta,asignaciones,2026-03-26 12:05:47.000000,alfredofernandez2058@gmail.com,+541148704087,Avellaneda,Formulario Web
17424,Milagros,Espinosa,No contesta,asignaciones,2026-04-09 17:16:50.000000,milagrosbespinosa21@gmail.com,+541140476426,Lomas de Zamora,Formulario Web
17425,MARIA,LANDONI,No contesta,asignaciones,2026-06-11 13:32:35.000000,chantilandia22@gmail.com,+541169811024,C.A.B.A,Formulario Web
17431,Micaela,Cortón,No contesta,asignaciones,2026-04-09 10:42:48.000000,mnahircorton@gmail.com,+541130440952,La Matanza,Formulario Web
17435,Gustavo,Val,No contesta,asignaciones,2026-03-27 10:17:52.000000,gustavomval@gmail.com,+541151531578,C.A.B.A,Formulario Web
17457,Yamy,Juarez,No contesta,asignaciones,2026-04-09 16:42:10.000000,yamilajuarez566@gmail.com,+543873642110,Gral. San Martín,Formulario Web
17458,Jsksj,Lao,No contesta,asignaciones,2026-03-27 09:35:46.000000,vanesa@mail.con,+542644720844,Malvinas Argentinas,Formulario Web
17465,Romina,Godoy,No contesta,asignaciones,2026-04-09 17:02:45.000000,rominagodoy117@gmail.com,+541123246697,Lomas de Zamora,Formulario Web
17469,Alexander,Lucero,No contesta,asignaciones,2026-04-09 12:42:32.000000,luceroalexander475@gmail.com,+5490026916872,Berazategui,Formulario Web
17473,Jonathan,Ortiz,No contesta,asignaciones,2026-04-09 12:07:47.000000,jonathanimanol443@gmail.com,+543873637181,C.A.B.A,Formulario Web
17474,Juan pablo,Carra,No contesta,asignaciones,2026-04-09 11:47:35.000000,juanpablocarra@gmail.com,+541167183632,C.A.B.A,Formulario Web
17477,German,Lopez,No contesta,asignaciones,2026-04-14 11:37:36.000000,maritasuarez780@gmail.com,+541168614670,Berazategui,Formulario Web
17484,maria,caceres,No contesta,asignaciones,2026-03-27 09:44:14.000000,mariaemictandil@gmail.com,+542494570668,C.A.B.A,Formulario Web
17492,Micaela,Garcia,No contesta,asignaciones,2026-04-17 15:58:26.000000,garciamicaela.cata@icloud.com,+541170384917,C.A.B.A,Formulario Web
17498,Noelia,Frigerio,No contesta,asignaciones,2026-06-11 13:41:24.000000,noeliabfrigerio@gmail.com,+541132709236,Morón,Formulario Web
17499,Cristian Kerps,Bermudez,No contesta,asignaciones,2026-04-09 11:46:58.000000,cristiankerps@hotmail.com,+541138680081,Malvinas Argentinas,Formulario Web
17509,Orlando luis angel,Acosta,No contesta,asignaciones,2026-04-09 11:45:38.000000,orlandoluisacosta123@gmail.com,+541166632423,C.A.B.A,Formulario Web
17518,Paola,Gauna,No contesta,asignaciones,2026-03-30 16:12:04.000000,paoezemora1313@gmail.com,+541154702912,Moreno,Formulario Web
17524,Daniel,Villani,No contesta,asignaciones,2026-04-09 11:34:35.000000,nuevopack@gmail.com,+541139327709,Ezeiza,Formulario Web
17525,Arian,Prieto,No contesta,asignaciones,2026-03-26 15:10:36.000000,ariaanp21@gmail.com,+541124592418,Vicente López,Formulario Web
17532,Natali,Gonzalez,No contesta,asignaciones,2026-06-11 13:44:44.000000,nagonzalezayala@gmail.com,+541130565544,La Matanza,Formulario Web
17533,Alejandro emanuel,Acevedo,No contesta,asignaciones,2026-04-29 16:35:58.000000,priscilayasminr05@gmail.com,+541144084923,Almirante Brown,Formulario Web
17535,Karina,Casco,No contesta,asignaciones,2026-03-30 16:12:33.000000,laricasco@hotmail.com,+541131478510,Gral. San Martín,Formulario Web
17537,Juana,Acosta,No contesta,asignaciones,2026-04-09 11:36:48.000000,juanasofiaacosta@gmail.com,+541161446222,Campana,Formulario Web
17539,camila belen,rodriguez,No contesta,asignaciones,2026-04-09 11:32:14.000000,cami_rodriguez_00@hotmail.com,+541122466308,Lanús,Formulario Web
17551,Analia,Biavaschi,No contesta,asignaciones,2026-03-30 15:07:00.000000,aldereteanto06@gmail.com,+541121720953,Tres de Febrero,Formulario Web
17554,Gerardo,Centurion,No contesta,asignaciones,2026-03-30 16:13:11.000000,geriiel22@gmail.com,+543705106353,C.A.B.A,Formulario Web
17560,Ruth,Montaña,No contesta,asignaciones,2026-04-09 11:31:24.000000,ruthmontana536@gmail.com,+542644115927,Florencio Varela,Formulario Web
17572,Jorge hernan,Langiano,No contesta,asignaciones,2026-06-11 13:45:43.000000,jorgelangiano2@gmail.com,+541139055360,Lomas de Zamora,Formulario Web
17573,Juan Carlos,Cataldo,No contesta,asignaciones,2026-04-07 12:06:27.000000,juancarloscataldo4@gmail.com,+542614726884,San Miguel,Formulario Web
17575,Torcuato Luis Gabriel,Torres Martínez,No contesta,asignaciones,2026-04-09 11:26:16.000000,torcuato3003@gmail.com,+543874144567,Avellaneda,Formulario Web
17577,Demecia noemi,Avalos figueredo,No contesta,asignaciones,2026-04-09 11:24:39.000000,noemiavalosriverplateboca1234@gmail.com,+541167060336,C.A.B.A,Formulario Web
17578,Luz Mila angeles,Alvarez Aranda,No contesta,asignaciones,2026-04-09 11:23:52.000000,solealice78@gmail.com,+541126047701,Berazategui,Formulario Web
17580,Priscila,jazmin,No contesta,asignaciones,2026-03-28 11:38:47.000000,leivapriscilajazmin@gmail.com,+541138214999,Florencio Varela,Formulario Web
17592,Ana Maria,Acuña,No contesta,asignaciones,2026-04-09 11:21:46.000000,anamariaa365@gmail.com,+541132607934,Pilar,Formulario Web
17593,Hernán,igle,No contesta,asignaciones,2026-04-09 11:19:29.000000,hernanigle@hotmail.com,+541166632776,Otra,Formulario Web
17597,Dylan,Arroyo,No contesta,asignaciones,2026-04-09 11:22:39.000000,arroyodylan517@gmail.com,+542616275003,Gral. San Martín,Formulario Web
17602,Melanie,Tassistro,No contesta,asignaciones,2026-03-31 12:25:28.000000,melanietassistro2016@gmail.com,+541168909001,C.A.B.A,Formulario Web
17604,Franco,marin,No contesta,asignaciones,2026-03-30 16:13:38.000000,marincito1998marin@gmail.com,+541135784337,Morón,Formulario Web
17619,Andrés,Brucke,No contesta,asignaciones,2026-03-30 16:15:10.000000,andresritual@gmail.com,+541167564616,Tigre,Formulario Web
17636,Timoteo emanuel,Galeano,No contesta,asignaciones,2026-03-31 12:07:43.000000,ng9361626@gmail.com,+543844549680,Avellaneda,Formulario Web
17647,Evelin,Vaccaro,No contesta,asignaciones,2026-04-07 11:57:58.000000,vacaroeve@gmail.com,+541168090375,Moreno,Formulario Web
17653,Renata,Klein,No contesta,asignaciones,2026-04-09 11:13:06.000000,renataklein808@gmail.com,+542995935881,Otra,Formulario Web
17673,Julieta,Romagnoli,No contesta,asignaciones,2026-08-03 11:13:41.000000,julietaromagnoli2009@hotmail.com,+542254424882,Gral. San Martín,Formulario Web
17676,Romina,Pinedo,No contesta,asignaciones,2026-03-31 11:18:13.000000,rominapinedo24@gmail.com,+541122673691,La Matanza,Formulario Web
17703,Bianca soledad,Santillan,No contesta,asignaciones,2026-04-09 11:11:16.000000,santillanbiancasoledad@gmail.com,+543865534488,Avellaneda,Formulario Web
17707,Modestacrus,Modesta Cruz,No contesta,asignaciones,2026-03-31 12:08:06.000000,modestacruz099@gmail.com,+543885160016,Almirante Brown,Formulario Web
17721,Eduardo,Rodriguez,No contesta,asignaciones,2026-06-11 13:48:45.000000,eduvelez21@gmail.com,+542612754424,Otra,Formulario Web
17732,Jesus,Gegena,No contesta,asignaciones,2026-04-07 11:36:14.000000,jesusgegena@gmail.com,+542241584032,San Miguel,Formulario Web
17748,Federico,Behrens,No contesta,asignaciones,2026-06-12 12:23:19.000000,federicobehrensnahuel@gmail.com,+541123336699,Quilmes,Formulario Web
17757,Florencia,Amarilla,No contesta,asignaciones,2026-04-01 11:48:15.000000,floppyamarilla04@gmail.com,+541136531195,San Miguel,Formulario Web
17759,Eduardo Ramón,Acosta,No contesta,asignaciones,2026-08-04 10:55:05.000000,eduardoacosta23carp@gmail.com,+542612639488,Otra,Formulario Web
17770,Tiziano,Morales,No contesta,asignaciones,2026-03-30 16:37:21.000000,moralestiziano54@gmail.com,+542604594104,Berazategui,Formulario Web
17775,Gustavo,Ascona,No contesta,asignaciones,2026-04-09 10:54:43.000000,asconagustavo9@gmail.com,+541126356114,Almirante Brown,Formulario Web
17778,Nicolás,Sanagua,No contesta,asignaciones,2026-06-12 16:58:44.000000,nicolassanagua2@gmail.com,+541123392464,Merlo,Formulario Web
17782,Santino,Fernandez,No contesta,asignaciones,2026-04-07 11:27:04.000000,santinofernandez@gmail.com,+543455528073,José C. Paz,Formulario Web
17790,Liz Carolina,Nuñez rodas,No contesta,asignaciones,2026-04-09 10:54:11.000000,lizrodas046@gmail.com,+541171353102,Pilar,Formulario Web
17811,Araceli,Armoa,No contesta,asignaciones,2026-06-12 16:59:46.000000,yamilearmoa@gmail.com,+541130602595,C.A.B.A,Formulario Web
17835,Valentina,Novillo,No contesta,asignaciones,2026-03-30 16:34:32.000000,valentinanovillo975@gmail.com,+541124797806,C.A.B.A,Formulario Web
17841,alan,prieto,No contesta,asignaciones,2026-04-07 11:23:32.000000,alan.prieto@bue.edu.ar,+541168631858,C.A.B.A,Formulario Web
17846,Cristian,Sabina,No contesta,asignaciones,2026-03-31 18:49:41.000000,cristiansabina551@gmail.com,+542995095354,Otra,Formulario Web
17847,Florencia,Flugel,No contesta,asignaciones,2026-04-14 17:05:35.000000,florenciaflugel@gmail.com,+541161913417,C.A.B.A,Formulario Web
17850,Jhony Daniel,Ortega Mamani,No contesta,asignaciones,2026-04-09 11:09:38.000000,jhonyortega34@gmail.com,+541160141274,C.A.B.A,Formulario Web
17860,Manuela,Martin,No contesta,asignaciones,2026-04-01 14:22:38.000000,martinmanuela22@gmail.com,+542344542867,C.A.B.A,Formulario Web
17864,Emilia,Valderrey,No contesta,asignaciones,2026-04-09 10:58:12.000000,emilia.valderrey@hotmail.com,+5491141725334,Lomas de Zamora,Formulario Web
17870,Antonio,Milloc,No contesta,asignaciones,2026-03-31 10:59:29.000000,millocagustin5@gmail.com,+541140444887,Quilmes,Formulario Web
17885,Danila,Stortini,No contesta,asignaciones,2026-04-01 14:21:53.000000,danila_stortini@hotmail.com,+541130998358,C.A.B.A,Formulario Web
17886,Ileana,Olivera,No contesta,asignaciones,2026-04-09 10:47:12.000000,nahirolivera741@gmail.com,+541131164822,C.A.B.A,Formulario Web
17904,Ayme,González,No contesta,asignaciones,2026-03-31 15:02:06.000000,emilceaimegonzalez@gmail.com,+543884617257,José C. Paz,Formulario Web
17905,Thiago,Ruiz cataldo,No contesta,asignaciones,2026-03-31 15:34:17.000000,ruizcataldothiago@gmail.com,+543873645568,C.A.B.A,Formulario Web
17919,Pablo Emanuel,Otero,No contesta,asignaciones,2026-03-31 18:49:23.000000,pablo-otero97@hotmail.com,+541150948928,C.A.B.A,Formulario Web
17925,Luisan,Oviedo,No contesta,asignaciones,2026-04-11 14:49:41.000000,luisanaoviedo23@gmail.com,+541166699582,San Fernando,Formulario Web
17933,Agustin,Gómez,No contesta,asignaciones,2026-04-09 10:33:53.000000,agussgomezz04@gmail.com,+541167893384,Berazategui,Formulario Web
17939,Guillermo,Soria,No contesta,asignaciones,2026-04-01 12:13:17.000000,guillermofranciscosoria123@gmail.com,+5493834016512,San Fernando,Formulario Web
17945,Pablo leonardo,Bruno,No contesta,asignaciones,2026-06-18 12:12:15.000000,pablobruno98@hotmail.con,+541141961668,Lanús,Formulario Web
17973,Natalia,Carabajal,No contesta,asignaciones,2026-06-12 17:05:05.000000,carabajalnatalia86@gmail.com,+541164533952,Gral. San Martín,Formulario Web
17984,Maria,Rivadeneira,No contesta,asignaciones,2026-04-11 14:45:45.000000,mariadanielarivadeneira31@gmail.com,+541136509046,La Matanza,Formulario Web
17988,Araceli,Zapata,No contesta,asignaciones,2026-04-06 14:16:00.000000,aracelisonia3@gmail.com,+541150623392,San Miguel,Formulario Web
17994,Ariana,Alles,No contesta,asignaciones,2026-04-01 11:31:25.000000,arianaalles039@gmail.com,+541141933812,Quilmes,Formulario Web
17995,Rocio,Figueroa,No contesta,asignaciones,2026-04-01 12:14:50.000000,rofigueroa605@gmail.com,+541140649201,Almirante Brown,Formulario Web
18010,Héctor andres,Sanchez,No contesta,asignaciones,2026-04-02 13:00:35.000000,hercorsanchez33@gmail.com,+541171573222,Moreno,Formulario Web
18013,Lucia,Decima,No contesta,asignaciones,2026-04-06 11:42:32.000000,decimalucia107@gmail.com,+543858478814,San Miguel,Formulario Web
18017,Gustavo,Biazzi,No contesta,asignaciones,2026-04-13 12:28:31.000000,gbiazzi@yahoo.com,+541152590655,C.A.B.A,Formulario Web
18022,Jonas,Aguilar,No contesta,asignaciones,2026-04-06 14:14:36.000000,aguilarjonas791@gmail.com,+541130916241,La Matanza,Formulario Web
18053,Franco,Cerdan,No contesta,asignaciones,2026-04-09 16:36:34.000000,francocerdan1991@gmail.com,+541122815304,Ituzaingó,Formulario Web
18056,MARCELO NESTOR,TRINIDAD,No contesta,asignaciones,2026-04-09 16:39:15.000000,trinidadabog@yahoo.com.ar,+541161885635,Lanús,Formulario Web
18057,Prisicila,Gómez,No contesta,asignaciones,2026-04-09 16:46:47.000000,humereznestor72@gmail.com,+541125010378,Campana,Formulario Web
18058,Lizet,Gomez,No contesta,asignaciones,2026-04-09 16:50:35.000000,gomezlizet981@gmail.com,+543875819400,Otra,Formulario Web
18061,Arjen,Paredes,No contesta,asignaciones,2026-04-09 17:05:43.000000,arjenparedes878@gmail.com,+542214385741,José C. Paz,Formulario Web
18062,Thiago,Carabajal,No contesta,asignaciones,2026-04-09 17:08:06.000000,carabajalt972@gmail.com,+541167942743,Gral. San Martín,Formulario Web
18093,Yanina,Valenzuela,No contesta,asignaciones,2026-04-09 17:40:47.000000,yaninavalenzuela257@gmail.com,+541123327102,Moreno,Formulario Web
18094,Yanina,Verdun,No contesta,asignaciones,2026-04-09 17:43:15.000000,verdunyanina725@gmail.com,+542475419120,Campana,Formulario Web
18096,Claudia,Tarcaya,No contesta,asignaciones,2026-04-09 17:45:58.000000,tarcayaclaudia96@gmail.com,+543885914166,C.A.B.A,Formulario Web
18098,Benicio,Lopez,No contesta,asignaciones,2026-04-10 11:33:12.000000,alejandrapane85@gmail.com,+543704976836,Almirante Brown,Formulario Web
18099,Efraín,Jugo,No contesta,asignaciones,2026-04-10 11:36:09.000000,inesmoises@gmail.com,+543855724541,Almirante Brown,Formulario Web
18100,Lian,Coria,No contesta,asignaciones,2026-04-10 11:38:16.000000,corialian8@gmail.com,+541128050614,Otra,Formulario Web
18101,Ian,Masciotta,No contesta,asignaciones,2026-04-10 11:40:25.000000,ianjoelmasciotta@gmail.com,+542326465221,Pilar,Formulario Web
18105,Axel,Andrada,No contesta,asignaciones,2026-04-10 11:41:56.000000,axelandrada599@gmail.com,+542644750263,Malvinas Argentinas,Formulario Web
18113,Carlos Mariano,Nuñez,No contesta,asignaciones,2026-04-10 11:47:57.000000,carlosmarianonunez@gmail.com,+541159272620,Quilmes,Formulario Web
18284,Kevin,Lopez,No contesta,asignaciones,2026-04-10 11:51:20.000000,aronlopez010708@gmail.com,+541154711060,Florencio Varela,Formulario Web
18290,Vanesa soledad,Dorador,No contesta,asignaciones,2026-04-10 15:15:18.000000,doradorvanesa27@gmail.com,+541128259005,Esteban Echeverría,Formulario Web
18307,Azariel,Bobillo,No contesta,asignaciones,2026-04-10 16:56:39.000000,bobilloflavia4@gmail.com,+543435433923,Almirante Brown,Formulario Web
18312,Ramiro,Santander,No contesta,asignaciones,2026-04-10 17:19:12.000000,santanderramiro49@gmail.com,+541137018340,C.A.B.A,Formulario Web
18314,Eduardo Silvestre,Hernandez,No contesta,asignaciones,2026-04-10 17:21:04.000000,eduhernandez171989@gmail.com,+542966586503,Avellaneda,Formulario Web
18316,Héctor,Saldaña,No contesta,asignaciones,2026-04-13 16:07:31.000000,damianhectorsaldana@gmail.com,+542323482624,Merlo,Formulario Web
18325,Flabia,Pedraza,No contesta,asignaciones,2026-04-13 16:09:58.000000,pedrazaflabia2@gmail.com,+542324612755,Almirante Brown,Formulario Web
18338,Daniel,Pereyra,No contesta,asignaciones,2026-04-13 16:59:52.000000,pereyradani783@gmail.com,+541125096807,Campana,Formulario Web
18343,Abril,Alonso,No contesta,asignaciones,2026-04-13 17:05:58.000000,alonsoaylen78@gmail.com,+541159708125,Florencio Varela,Formulario Web
18347,Carolina,Torres,No contesta,asignaciones,2026-04-17 11:51:22.000000,torreskarol286@gmail.com,+541156926465,C.A.B.A,Formulario Web
18356,Leyla,Céspedes,No contesta,asignaciones,2026-04-17 11:52:08.000000,cespedesleyla15@gmail.com,+541176168203,San Miguel,Formulario Web
18375,Yésica Daniela,Piorelle,No contesta,asignaciones,2026-04-14 17:19:30.000000,ypiorelle@gmail.com,+541153772768,Tres de Febrero,Formulario Web
18392,Tamara,Sobothe,No contesta,asignaciones,2026-04-14 17:21:29.000000,tamara.nerea.sobothe2@hotmail.com,+541164793161,La Matanza,Formulario Web
18394,Julian,Ferraiolo,No contesta,asignaciones,2026-04-07 10:54:22.000000,julianferraiolo29@gmail.com,+541121683962,C.A.B.A,Formulario Web
18405,Isaac,Dichi,No contesta,asignaciones,2026-04-28 13:07:25.000000,sakidichi13@gmail.com,+541173636182,C.A.B.A,Formulario Web
18423,Claudia,Pasculli,No contesta,asignaciones,2026-04-07 10:32:09.000000,claudiapasculli777@gmail.com,+541149719602,C.A.B.A,Formulario Web
18446,Roxana,Wolf,No contesta,asignaciones,2026-04-10 12:58:32.000000,wolfpaola6@gmail.com,+541162674092,Tres de Febrero,Formulario Web
18449,UBALDO,ACUNA,No contesta,asignaciones,2026-06-12 17:07:45.000000,acunaosbaldo@gmail.com,+541173699281,La Matanza,Formulario Web
18451,Aldana,Alonso,No contesta,asignaciones,2026-04-07 11:21:50.000000,aldanaalonso155@gmail.com,+542974702306,Otra,Formulario Web
18457,Nahuel,Canavedio,No contesta,asignaciones,2026-04-10 15:44:06.000000,nahuelcanavesio90@gmail.com,+542326463976,C.A.B.A,Formulario Web
18481,Lourdes,Mingolo,No contesta,asignaciones,2026-04-07 12:40:07.000000,lmingoloheredia@gmail.com,+543534270505,C.A.B.A,Formulario Web
18504,Rocio,Arredondo,No contesta,asignaciones,2026-04-14 17:25:45.000000,a.rocioyasmin@icloud.com,+541125401988,Quilmes,Formulario Web
18508,Ismael,Bergallo,No contesta,asignaciones,2026-04-09 13:36:04.000000,celebergallo15@gmail.com,+541168583335,Almirante Brown,Formulario Web
18513,Braian,Ramos,No contesta,asignaciones,2026-04-08 15:13:49.000000,braianramos152@gmail.com,+541124943228,Moreno,Formulario Web
18530,Maria,Lares,No contesta,asignaciones,2026-04-10 17:03:01.000000,rubybaezg@gmail.com,+5491135013658,C.A.B.A,Formulario Web
18535,Melisa,Rodríguez,No contesta,asignaciones,2026-04-10 15:22:07.000000,aylenmelisarodriguez2026@gmail.com,+541126220626,Merlo,Formulario Web
18547,Maria bernarda,Cipolla,No contesta,asignaciones,2026-04-09 10:25:26.000000,bernicipolla@gmail.com,+541140234024,Vicente López,Formulario Web
18550,Rocio,Bruno,No contesta,asignaciones,2026-04-13 14:33:04.000000,rociobruno8@gmail.com,+542235046251,Tres de Febrero,Formulario Web
18552,Andrea,Romiti,No contesta,asignaciones,2026-04-10 15:16:25.000000,eugerestovich@gmail.com,+541169052401,Quilmes,Formulario Web
18562,Jorge,Antonio,No contesta,asignaciones,2026-04-10 15:14:34.000000,nombre@ejemplo.com,+543716425706,Esteban Echeverría,Formulario Web
18573,Nicolas,Fiorito,No contesta,asignaciones,2026-04-14 17:40:29.000000,nicolas.46@hotmail.com,+541154617570,C.A.B.A,Formulario Web
18574,Melo,Trans,No contesta,asignaciones,2026-04-10 17:02:27.000000,transmelo14@gmail.com,+543704336158,Esteban Echeverría,Formulario Web
18595,Camila,Oyhanart,No contesta,asignaciones,2026-04-16 13:33:13.000000,camila.oyhanart@yahoo.com,+5491131155299,Otra,Formulario Web
18626,Malena,Cortez,No contesta,asignaciones,2026-04-10 12:34:42.000000,malecortez1520@gmail.com,+543825662694,Avellaneda,Formulario Web
18654,bautista,benitez,No contesta,asignaciones,2026-04-10 12:33:45.000000,bautistabeni874@gmail.com,+542975283698,Otra,Formulario Web
18657,Lucas,Rojas,No contesta,asignaciones,2026-04-11 14:31:17.000000,lr2432329@gmail.com,+543364634483,Otra,Formulario Web
18661,Soledad,Cabezas,No contesta,asignaciones,2026-04-21 16:09:13.000000,solcafre@gmail.com,+541155750343,Gral. San Martín,Formulario Web
18668,Julio,Veron,No contesta,asignaciones,2026-04-17 13:00:12.000000,veronj097@gmail.com,+541140684479,Florencio Varela,Formulario Web
18670,Lautaro,Perez,No contesta,asignaciones,2026-04-11 14:31:56.000000,perezlauti95@gmail.com,+541171878103,José C. Paz,Formulario Web
18674,Luciano,Betancur,No contesta,asignaciones,2026-04-11 14:32:32.000000,betancurluciano24@gmail.com,+543884079431,Otra,Formulario Web
18678,Luis German,Pititto,No contesta,asignaciones,2026-04-10 12:27:08.000000,glp00004@gmail.com,+541136874579,Almirante Brown,Formulario Web
18679,Florencia,Dalfonso,No contesta,asignaciones,2026-04-10 10:56:33.000000,florenciadalfonso24@gmail.com,+541141908707,Merlo,Formulario Web
18683,Bianca,Prado,No contesta,asignaciones,2026-04-11 10:09:50.000000,nvd_2674@hotmail.com,+541132136760,La Matanza,Formulario Web
18688,Romina Gisele,Correa,No contesta,asignaciones,2026-04-17 17:01:39.000000,rominacorrea635@gmail.com,+541154948403,Quilmes,Formulario Web
18703,Félix,Godoy,No contesta,asignaciones,2026-04-10 12:19:51.000000,ismaeldavidfelix145@gmail.com,+541158688680,Pilar,Formulario Web
18729,rodrigo,fernandeZ,No contesta,asignaciones,2026-04-21 16:09:35.000000,mariaev4salazar@gmail.com,+541170628812,La Matanza,Formulario Web
18741,Cecilia,Appezzato,No contesta,asignaciones,2026-04-10 12:16:37.000000,ceciappezzato1985@gmail.com,+541121631336,Tres de Febrero,Formulario Web
18758,Karen,González,No contesta,asignaciones,2026-04-15 14:44:17.000000,karuchagonzalez22@gmail.com,+541138788165,Almirante Brown,Formulario Web
18790,Nicole,Soberon,No contesta,asignaciones,2026-04-15 14:45:20.000000,cristalnicolegallagher@gmail.com,+541134488002,La Matanza,Formulario Web
18792,Florencia,Leguizamon,No contesta,asignaciones,2026-04-21 16:11:28.000000,florlegui9@hotmail.com,+541144158670,C.A.B.A,Formulario Web
18798,Valentina,Ojeda,No contesta,asignaciones,2026-04-12 10:15:22.000000,vo696400@gmail.com,+543886419427,Gral. San Martín,Formulario Web
18806,Soledad,Braña,No contesta,asignaciones,2026-05-06 12:43:50.000000,soledadbrana@icloud.com,+541144248251,C.A.B.A,Formulario Web
18809,Javier,Cordary,No contesta,asignaciones,2026-05-04 17:35:54.000000,jacordary@gmail.com,+541130934919,Morón,Formulario Web
18812,Florencia,Crespo,No contesta,asignaciones,2026-04-17 16:59:14.000000,flopybc@live.com.ar,+541160174391,La Matanza,Formulario Web
18824,Aylen,Miche,No contesta,asignaciones,2026-04-11 10:42:40.000000,aylenmiche260@gmail.com,+541127437872,Almirante Brown,Formulario Web
18826,Selene,Piñero,No contesta,asignaciones,2026-04-13 11:39:12.000000,selepinero9@gmail.com,+543435407180,Almirante Brown,Formulario Web
18851,Eitan,Guerrero,No contesta,asignaciones,2026-04-13 11:33:43.000000,eitanguerrero4@gmail.com,+542804001041,Lanús,Formulario Web
18869,Nicolson,Meligeni,No contesta,asignaciones,2026-04-15 14:46:30.000000,nicolsonmeligeni@gmail.com,+541141974600,C.A.B.A,Formulario Web
18872,Augusto herrera,Sosa,No contesta,asignaciones,2026-04-13 11:33:10.000000,lh9309491@gmail.com,+543834335149,Florencio Varela,Formulario Web
18884,Jasmin,Andreotti,No contesta,asignaciones,2026-04-21 16:13:12.000000,jasminandreotti6@gmail.com,+5491154629238,San Isidro,Formulario Web
18894,Ramon,Maldonado,No contesta,asignaciones,2026-04-13 11:31:25.000000,maldonadonano41@gmail.com,+541138579338,Vicente López,Formulario Web
18904,Vanina,Arenas,No contesta,asignaciones,2026-04-15 14:48:35.000000,palomavanina.73@gmal.com,+542634934553,Esteban Echeverría,Formulario Web
18915,Sergio,Alderete,No contesta,asignaciones,2026-04-13 11:28:39.000000,sergioaljandroalderete85@gmail.com,+541127903543,La Matanza,Formulario Web
18932,cristian,Amarilla,No contesta,asignaciones,2026-04-27 15:59:39.000000,cristianjavieramarilla94@gmail.com,+541139476201,Tigre,Formulario Web
18941,Sol,Castro,No contesta,asignaciones,2026-04-13 11:28:02.000000,castropasteleria@gmail.com,+543885926764,Lanús,Formulario Web
18943,Lucia,Vajdq,No contesta,asignaciones,2026-04-14 11:34:13.000000,27abrilvajda@gmail.com,+541162087926,C.A.B.A,Formulario Web
18961,Agustin,Duarte,No contesta,asignaciones,2026-04-13 11:25:09.000000,aguusduarte02@gmail.com,+541161841180,La Matanza,Formulario Web
18982,Betiana,Quiroz,No contesta,asignaciones,2026-04-13 11:23:39.000000,betianaquiroz219@gmail.com,+543364698082,C.A.B.A,Formulario Web
18985,Rocio Anahi,Gallardo,No contesta,asignaciones,2026-05-04 17:43:20.000000,rociogallardo642@gmail.com,+541127195552,José C. Paz,Formulario Web
19009,Waldo,Casal,No contesta,asignaciones,2026-04-13 11:39:08.000000,waldocasal@hotmail.com,+541144440198,C.A.B.A,Formulario Web
19010,EDGAR,CENTURION,No contesta,asignaciones,2026-07-13 16:53:49.000000,edgarcennn@gmail.com,+541164444995,Tres de Febrero,Vendedor-App
19011,Araí,Quevedo,No contesta,asignaciones,2026-04-14 11:37:10.000000,araiquevedo@gmail.com,+541157225954,C.A.B.A,Formulario Web
19021,Néstor,Cativa,No contesta,asignaciones,2026-04-13 15:12:45.000000,nestorcat64@gmail.com,+541156221277,Avellaneda,Formulario Web
19036,Héctor,López,No contesta,asignaciones,2026-04-17 16:55:28.000000,hectormanuellopez1993@gmail.com,+541126707168,Gral. San Martín,Formulario Web
19046,Pablo,Garcia,No contesta,asignaciones,2026-04-21 16:16:11.000000,pabloadgarcia@gmail.com,+541131848201,Lomas de Zamora,Formulario Web
19049,Maia,Grasa,No contesta,asignaciones,2026-04-14 11:30:11.000000,maiagrasa@hotmail.com,+541166627348,C.A.B.A,Formulario Web
19052,Esteban,Cubillas,No contesta,asignaciones,2026-05-11 14:29:13.000000,cubillasesteban757@gmail.com,+541168200227,Tigre,Formulario Web
19063,JEIMY,OBREDOR,No contesta,asignaciones,2026-07-13 16:52:49.000000,jeimyobrede2000@gmail.com,+541138491149,C.A.B.A,Vendedor-App
19089,Grisel,Domínguez,No contesta,asignaciones,2026-04-21 16:18:25.000000,grisel1765@outlook.com,+541141419146,C.A.B.A,Formulario Web
19092,Tomas,Guzman,No contesta,asignaciones,2026-04-16 10:47:41.000000,guzmantomas874@gmail.com,+541128268682,Otra,Formulario Web
19096,micaela,morel,No contesta,asignaciones,2026-04-17 14:38:02.000000,mica55384@gmail.com,+541168762286,Lomas de Zamora,Formulario Web
19101,Juan Carlos,Macías,No contesta,asignaciones,2026-09-02 16:31:43.000000,maciasjc625@gmail.com,+542974248792,San Miguel,Formulario Web
19120,Facundo,Oliverio,No contesta,asignaciones,2026-04-14 10:54:47.000000,antonellasantilliok@gmail.com,+541127789774,C.A.B.A,Formulario Web
19123,estefania,arias,No contesta,asignaciones,2026-04-15 11:14:26.000000,estefiarias444@gmail.com,+541125037747,C.A.B.A,Formulario Web
19142,ABRIL,ALEGRE,No contesta,asignaciones,2026-06-08 12:35:22.000000,alegreabril017@gmail.com,+541154606307,Avellaneda,Formulario Web
19165,Claudia,Corominas,No contesta,asignaciones,2026-04-16 20:28:54.000000,claudiacorominas@hotmail.com,+541149748984,Quilmes,Formulario Web
19172,Silvia,Garcia,No contesta,asignaciones,2026-06-25 12:38:34.000000,sgrebon@hotmail.com,+541135746674,Gral. San Martín,Formulario Web
19178,tobias leonel,fernandez,No contesta,asignaciones,2026-04-17 14:52:28.000000,tobyfernandez03@gmail.com,+541123902933,Esteban Echeverría,Formulario Web
19183,Maria Laura,Castillo,No contesta,asignaciones,2026-04-15 10:20:00.000000,nacastillo@hotmail.com,+541136069141,C.A.B.A,Formulario Web
19188,Agustina Denise,Candeloro,No contesta,asignaciones,2026-04-21 16:21:43.000000,agustinacandeloro@icloud.com,+541122438866,C.A.B.A,Formulario Web
19196,Monserrath,Villalba,No contesta,asignaciones,2026-04-21 16:37:00.000000,monserrathvillalba@gmail.com,+541176384585,La Matanza,Formulario Web
19212,Victoria,Bejarano,No contesta,asignaciones,2026-05-12 11:27:19.000000,vickybejarano233@gmail.com,+543491464391,C.A.B.A,Formulario Web
19221,Luna,Chaild,No contesta,asignaciones,2026-04-15 17:07:00.000000,lunachaile3@gmail.com,+541164983874,Almirante Brown,Formulario Web
19247,Anahi,Alegre,No contesta,asignaciones,2026-06-25 15:26:54.000000,anahialegre71@gmail.com,+541162462265,Gral. San Martín,Formulario Web
19280,María del Carmen,Ortiz,No contesta,asignaciones,2026-04-16 15:07:57.000000,ortizmariadelcarmen589@gmail.com,+542664631579,Otra,Formulario Web
19314,Junior Giovanni,Pereira Silvero,No contesta,asignaciones,2026-04-21 16:38:58.000000,juniorpereira2000tf@gmail.com,+541128610047,Lomas de Zamora,Formulario Web
19322,Luci,Tejerina,No contesta,asignaciones,2026-04-16 10:41:19.000000,lucit5687@gmail.com,+543878324584,Avellaneda,Formulario Web
19326,Daniel,Villalovos,No contesta,asignaciones,2026-06-08 12:36:36.000000,danielvillalovos42@gmail.com,+542657239291,Otra,Formulario Web
19356,Naty,Haedo,No contesta,asignaciones,2026-04-16 15:28:36.000000,haedonatalia73@gmail.com,+542262533305,Quilmes,Formulario Web
19382,Ariana Elin,Delgado,No contesta,asignaciones,2026-04-16 15:28:26.000000,elinddlgado@gmail.com,+541134087708,C.A.B.A,Formulario Web
19408,Janneth,Chavez,No contesta,asignaciones,2026-04-21 16:53:19.000000,jannethchavez17@gmail.com,+541164605064,C.A.B.A,Formulario Web
19409,milagros,araya,No contesta,asignaciones,2026-06-25 15:26:33.000000,pilararaya05@icloud.com,+541124700640,Quilmes,Formulario Web
19442,Elias,Nogueira,No contesta,asignaciones,2026-04-17 15:29:17.000000,elias102n@hotmail.come,+543484510697,Otra,Formulario Web
19478,Thiago,Machado,No contesta,asignaciones,2026-04-22 14:10:49.000000,machadothiago671@gmail.com,+541158575397,Lomas de Zamora,Formulario Web
19484,Noemi,Montenegro,No contesta,asignaciones,2026-04-20 12:45:06.000000,mendezema895@gmail.com,+541160555548,Florencio Varela,Formulario Web
19487,ludmila,Bazan,No contesta,asignaciones,2026-04-23 14:40:19.000000,ludmilabazan567@gmail.com,+542216974037,Moreno,Formulario Web
19501,Samuel,Lima,No contesta,asignaciones,2026-04-20 12:41:13.000000,limathiagosamuel@gmail.com,+541172411541,Florencio Varela,Formulario Web
19516,Anabella,Veliz,No contesta,asignaciones,2026-04-20 12:39:27.000000,anavepe2012@gmail.com,+541170587802,San Miguel,Formulario Web
19520,Victor,Orellana,No contesta,asignaciones,2026-04-22 11:01:00.000000,orellana777770@gmail.com,+541122609391,Moreno,Formulario Web
19531,Samantha,Strong,No contesta,asignaciones,2026-04-22 14:19:53.000000,samistrong05@gmail.com,+541159793250,C.A.B.A,Formulario Web
19546,Evelin,Fresco,No contesta,asignaciones,2026-04-20 12:38:07.000000,evelinfresco77@gmail.com,+542227560250,Malvinas Argentinas,Formulario Web
19551,Facundo,Gardi,No contesta,asignaciones,2026-04-22 12:58:13.000000,dng2004@hotmail.com,+541124834070,Gral. San Martín,Formulario Web
19593,Ariel,battaglini,No contesta,asignaciones,2026-04-22 13:01:04.000000,battaglinileonardo@gmail.com,+541137750110,Gral. San Martín,Formulario Web
19623,Silvana,Quiñones,No contesta,asignaciones,2026-04-22 13:03:13.000000,silvanainesqns@gmail.com,+541156099833,Vicente López,Formulario Web
19631,Milagros,Galiano,No contesta,asignaciones,2026-04-20 12:31:28.000000,miligaliano0@gmail.com,+543804131621,Otra,Formulario Web
19649,Raul Héctor,Herrera,No contesta,asignaciones,2026-04-22 14:05:55.000000,herreraraulhector086@gmail.com,+541130371107,Tres de Febrero,Formulario Web
19650,Mateo,Gismondi,No contesta,asignaciones,2026-04-22 14:06:51.000000,estebangis@gmail.com,+542944912983,Otra,Formulario Web
19683,Victoria,Balaguer,No contesta,asignaciones,2026-06-25 13:54:43.000000,victoriabalaguer2017@gmail.com,+541150054475,Vicente López,Vendedor-App
19692,Matias,Cespedes,No contesta,asignaciones,2026-04-22 14:37:56.000000,mjcespedescanteiro@gmail.com,+541141698458,C.A.B.A,Formulario Web
19707,Maria florencia,Rassori,No contesta,asignaciones,2026-05-04 11:44:22.000000,florrassori@hotmail.com,+5491161937692,C.A.B.A,Formulario Web
19709,Guillermo,Balanzat,No contesta,asignaciones,2026-04-23 11:40:21.000000,guiller9922@gmail.com,+541153380369,Gral. San Martín,Formulario Web
19710,Valentina,Prato,No contesta,asignaciones,2026-04-22 14:47:29.000000,valentinaprato667@gmail.com,+541165692327,Quilmes,Formulario Web
19717,Dddd,Dddd,No contesta,asignaciones,2026-04-22 14:48:28.000000,jdjdjd@gmail.com,+541142389876,C.A.B.A,Formulario Web
19720,Yesica,Martin,No contesta,asignaciones,2026-04-21 14:27:03.000000,yesicamar_55@hotmail.com,+542254610094,Otra,Formulario Web
19751,Rodrigo,Rodriguez,No contesta,asignaciones,2026-05-04 11:47:56.000000,rodrigolmds32@gmail.com,+541123062766,Malvinas Argentinas,Formulario Web
19753,Juan,Zaracho,No contesta,asignaciones,2026-05-04 11:52:52.000000,jzaracho138@gmail.com,+541168918179,Florencio Varela,Formulario Web
19755,Luciano,Rojas,No contesta,asignaciones,2026-04-21 14:26:37.000000,luchorojaspr@gmail.com,+541141574388,Almirante Brown,Formulario Web
19770,Federico,Marinovich,No contesta,asignaciones,2026-05-04 11:55:13.000000,fedemarinovich@hotmail.com,+541158564932,Quilmes,Formulario Web
19839,KAREN ANTONELLA,petrina,No contesta,asignaciones,2026-04-24 12:04:11.000000,karen.petrina@outlook.com,+541166923654,Avellaneda,Formulario Web
19863,Ximena Alejandra,Cortes Briones,No contesta,asignaciones,2026-05-04 16:08:46.000000,rosasmelanny1@gmail.com,+541166478928,La Matanza,Formulario Web
19867,Jean,Bautista,No contesta,asignaciones,2026-04-24 12:03:47.000000,jeanbautistaflores14@gmail.com,+541155139523,C.A.B.A,Formulario Web
19897,Daniela,Andrade,No contesta,asignaciones,2026-06-24 16:32:26.000000,danielaandrade34@gmail.com,+541123981501,C.A.B.A,Formulario Web
19905,Vanesa,Sunahua Avila,No contesta,asignaciones,2026-05-12 11:43:53.000000,vanesunahua@gmail.com,+541150487317,C.A.B.A,Formulario Web
19912,Jonatan,Petulla,No contesta,asignaciones,2026-06-24 16:33:38.000000,emanuel.petulla@hotmail.com.ar,+541125867793,Gral. San Martín,Formulario Web
19948,Benjamin,Villar,No contesta,asignaciones,2026-04-24 12:05:02.000000,benjaminvillar380@gmail.com,+541158275197,Gral. San Martín,Formulario Web
19950,Santiago,Montero,No contesta,asignaciones,2026-05-04 16:24:27.000000,smonteroediciononline@gmail.com,+541162826154,C.A.B.A,Formulario Web
19966,Diego,Mandarino,No contesta,asignaciones,2026-06-25 13:12:58.000000,mandarinodiego@gmail.com,+541121635300,San Fernando,Vendedor-App
19997,Nancy,Coronel,No contesta,asignaciones,2026-05-04 16:34:41.000000,nancycoro1617@gmail.com,+541172170469,Tigre,Formulario Web
20006,Ale jandro,Diaz,No contesta,asignaciones,2026-06-30 11:49:44.000000,chacodiaz938@gimail.com,+541135779705,Avellaneda,Formulario Web
20007,Lautaro,Ovejero,No contesta,asignaciones,2026-07-16 18:58:38.000000,lautaroovejro@gmail.com,+541132556368,La Matanza,Formulario Web
20012,Yuleidy,Lino,No contesta,asignaciones,2026-04-30 12:37:03.000000,yuleidynicollinoburgos@gmail.com,+541125771978,C.A.B.A,Formulario Web
20022,Milo,Podriguez,No contesta,asignaciones,2026-04-27 17:35:13.000000,milorod015@gmail.com,+541125926900,C.A.B.A,Formulario Web
20038,Silvia Alejandra,Popovich,No contesta,asignaciones,2026-04-30 14:28:01.000000,spovich@hotmail.com,+541149454339,San Isidro,Vendedor-App
20039,Francesca,Saltor Facciolo,No contesta,asignaciones,2026-06-30 11:49:10.000000,francescasf05@gmail.com,+543484312607,C.A.B.A,Formulario Web
20062,Mariana,Larrondo,No contesta,asignaciones,2026-05-13 15:59:32.000000,marularrondo@hotmail.com,+541162226408,C.A.B.A,Formulario Web
20070,Carlos,Pavon,No contesta,asignaciones,2026-06-25 13:37:32.000000,fabian-carlos@live.com,+541160430036,San Fernando,Vendedor-App
20112,Micaela,Gallardo,No contesta,asignaciones,2026-04-30 14:41:50.000000,micagallardo298@gmail.com,+541137673456,Tres de Febrero,Formulario Web
20128,Patricia,Gauna,No contesta,asignaciones,2026-05-06 11:38:06.000000,yaninamiglia@gmail.com,+541169585268,La Matanza,Formulario Web
20132,Paulina,Carretta,No contesta,asignaciones,2026-04-30 12:33:44.000000,paulinacarretta@gmail.com,+542984240320,C.A.B.A,Formulario Web
20144,Martin,Ledesma,No contesta,asignaciones,2026-04-29 12:32:13.000000,martiinledesma0@gmail.com,+541153161182,Lomas de Zamora,Formulario Web
20158,Azul,Molina,No contesta,asignaciones,2026-04-30 10:34:53.000000,ferreyralorena955@gmail.com,+543444449942,Almirante Brown,Formulario Web
20170,Angie,Acosta,No contesta,asignaciones,2026-05-06 11:34:23.000000,alexandraacostaw@gmail.com,+541166771354,C.A.B.A,Formulario Web
20175,leslie,gamarra,No contesta,asignaciones,2026-04-29 15:50:07.000000,l_gamarra@yahoo.com,+541156556798,Lomas de Zamora,Formulario Web
20187,Jose,Marquina,No contesta,asignaciones,2026-04-30 12:33:01.000000,josevargas@hotmail.com,+541153419833,Merlo,Formulario Web
20231,Mery,Di Palmo,No contesta,asignaciones,2026-05-13 14:51:07.000000,melenadipalmo@gmail.com,+541153830942,C.A.B.A,Formulario Web
20271,Marina azul,Martinez sofia,No contesta,asignaciones,2026-05-13 15:59:57.000000,maarazuul196@gmail.com,+541136967910,Tigre,Formulario Web
20284,Isabel,Larramendi samudio,No contesta,asignaciones,2026-04-28 10:42:37.000000,larramendisamudioisabel@gmail.com,+541169812457,Gral. San Martín,Formulario Web
20302,Sonia,Impa,No contesta,asignaciones,2026-06-30 11:55:57.000000,ayee_01@live.com,+541125152015,Ituzaingó,Formulario Web
20353,Javier,Sosa,No contesta,asignaciones,2026-04-30 09:37:59.000000,js7482451@gmail.com,+543832418968,C.A.B.A,Formulario Web
20372,jonathan,quispe,No contesta,asignaciones,2026-05-13 15:59:03.000000,jona89xtz@gmail.com,+541133956330,C.A.B.A,Formulario Web
20378,Tiziano,Gal,No contesta,asignaciones,2026-04-30 09:45:20.000000,tizianogal949@gmail.com,+541159439637,Vicente López,Formulario Web
20381,Noelia,Monte,No contesta,asignaciones,2026-04-29 12:28:24.000000,noeliamonte35@gmail.com,+541164468676,San Miguel,Formulario Web
20401,LUCIA ALICIA,GALLAY,No contesta,asignaciones,2026-07-13 16:53:58.000000,lualgall@yahoo.com.ar,+541155938172,La Matanza,Vendedor-App
20426,Emmanuel Ivan,Terranova,No contesta,asignaciones,2026-06-25 12:09:01.000000,emanuel.terranova@live.com,+541132283380,La Matanza,Vendedor-App
20435,Julian Alejandro,Aragon,No contesta,asignaciones,2026-05-18 15:56:49.000000,julianaragon3232@gmail.com,+541158709394,Tres de Febrero,Formulario Web
20457,María victoria,Errazquin,No contesta,asignaciones,2026-05-13 15:58:02.000000,nildaceliac@gmail.com,+541136316800,C.A.B.A,Formulario Web
20499,Lucas Matias,Nuñez,No contesta,asignaciones,2026-06-25 13:04:06.000000,sabores2008@gmail.com,+541158215327,C.A.B.A,Vendedor-App
20506,Amaia,Salerno,No contesta,asignaciones,2026-05-18 10:57:04.000000,salernoamaia57@gmail.com,+541132092028,Ituzaingó,Formulario Web
20549,Zaira,Castro,No contesta,asignaciones,2026-05-18 10:57:21.000000,zairacastro221211@gmail.com,+541165753583,Esteban Echeverría,Formulario Web
20574,Alejandro,Rova,No contesta,asignaciones,2026-05-18 16:17:28.000000,amrdelfv@gmail.com,+541130327653,Florencio Varela,Formulario Web
20618,Carlos,Piñel,No contesta,asignaciones,2026-08-31 11:16:37.000000,carlosmpinel@gmail.com,+541156165111,Moreno,Formulario Web
20644,Roberto,De vicenzo,No contesta,asignaciones,2026-07-22 15:21:15.000000,bebeto293@hotmail.com,+541140513860,C.A.B.A,Formulario Web
20706,Barbara,Zelaya,No contesta,asignaciones,2026-05-05 13:02:30.000000,zelayaflore20@gmail.com,+5491133776627,Malvinas Argentinas,Formulario Web
20731,Melanie anahi,Morales,No contesta,asignaciones,2026-05-18 16:18:08.000000,moralesmelanieanahi@gmail.com,+541128990362,Lanús,Formulario Web
20771,Lautaro,Gonzalez,No contesta,asignaciones,2026-05-18 16:18:43.000000,lautarogonzalez096892@gmail.com,+541155012913,Lanús,Formulario Web
20779,Maria laura,Soto,No contesta,asignaciones,2026-07-16 18:57:36.000000,marsoto4@abc.gob.ar,+541135566417,Lanús,Formulario Web
20802,Juan Gabriel,Flores,No contesta,asignaciones,2026-06-25 13:04:23.000000,facuyavril2@gmail.com,+541150149016,Otra,Vendedor-App
20832,Sabrina,Rodriguez,No contesta,asignaciones,2026-05-19 11:37:51.000000,sabri.rodriguez@hotmail.com.ar,+541168712333,C.A.B.A,Formulario Web
20876,Norma Beatriz,Manes,No contesta,asignaciones,2026-06-25 11:52:27.000000,bkoschel@hotmail.com,+541141941310,Lanús,Vendedor-App
20890,Diego,Montenegro,No contesta,asignaciones,2026-06-25 12:39:18.000000,hernanmontenegro10k@gmail.com,+541137603235,Tigre,Formulario Web
20900,Cintia,Chavez,No contesta,asignaciones,2026-05-19 11:38:19.000000,cintialilianachavez3@gmail.com,+541138637469,Esteban Echeverría,Formulario Web
20963,Celeste,Martinez,No contesta,asignaciones,2026-06-25 11:40:37.000000,celestemartinez_7@hotmail.com,+541162596524,San Isidro,Vendedor-App
20994,Martin,De leone,No contesta,asignaciones,2026-06-18 18:01:38.000000,martindeleoneel10@gmail.com,+541141686092,Florencio Varela,Formulario Web
21031,Yulit,Gerez,No contesta,asignaciones,2026-09-02 16:02:28.000000,yulitgerez@gmail.com,+541125265666,Lanús,Formulario Web
21033,Vanina,Vanina Pérez,No contesta,asignaciones,2026-06-18 18:03:58.000000,vaninaperez457@gmail.com,+543704305508,Gral. San Martín,Formulario Web
21037,Raul,marai,No contesta,asignaciones,2026-05-18 16:47:05.000000,marairaul10@gmail.com,+541158929690,Quilmes,Formulario Web
21072,Lucas,Verdura,No contesta,asignaciones,2026-05-12 15:52:48.000000,lucasverdura1@gmail.com,+541138739283,Lanús,Formulario Web
21094,Florencia,Diaz,No contesta,asignaciones,2026-05-19 11:38:53.000000,florenciamalenad25@gmail.com,+541176402404,C.A.B.A,Formulario Web
21105,Camila,Acevedo,No contesta,asignaciones,2026-05-21 14:45:37.000000,acevedocamila003@gmail.com,+541159151886,La Matanza,Formulario Web
21145,Maria,Angeles,No contesta,asignaciones,2026-08-13 16:13:26.000000,angelesmussosoler@gmail.com,+541160257338,Vicente López,Formulario Web
21147,MARIANO,ARAGON,No contesta,asignaciones,2026-05-13 11:37:39.000000,maschierano@gmail.com,+541140891796,Vicente López,Formulario Web
21153,Zaida,Rios,No contesta,asignaciones,2026-07-27 15:58:34.000000,elifaranibarrios@gmail.com,+541124912862,C.A.B.A,Formulario Web
21167,Adalit,Alejo Rojas,No contesta,asignaciones,2026-05-13 11:39:17.000000,natividadalejorojas@gmail.com,+541172295136,La Matanza,Formulario Web
21191,Leandro Eduardo,Arce,No contesta,asignaciones,2026-08-13 16:11:14.000000,leandroarce110@gmail.com,+541132612565,C.A.B.A,Vendedor-App
21199,Camila Luciana,Valdatta,No contesta,asignaciones,2026-06-25 11:26:11.000000,servuelo@hotmail.com,+541169323898,San Isidro,Vendedor-App
21244,Franco,Bellido,No contesta,asignaciones,2026-05-19 11:39:30.000000,ezequielbellido20@gmail.com,+541160410337,La Matanza,Formulario Web
21260,Marcos Javier,Vargas,No contesta,asignaciones,2026-05-19 11:41:32.000000,iaraaraivatanga@gmail.com,+541171377568,Almirante Brown,Formulario Web
21266,Thomas,Micheloud,No contesta,asignaciones,2026-05-14 12:52:50.000000,thomymicheloud@hotmail.com.ar,+542974430480,C.A.B.A,Formulario Web
21277,Rocío belen,Fuentes,No contesta,asignaciones,2026-08-13 16:57:22.000000,rocioromm1600@gmail.com,+541136056645,C.A.B.A,Formulario Web
21295,Nicolas,Arce,No contesta,asignaciones,2026-08-13 16:57:36.000000,niicoarce92@gmail.com,+541155726593,C.A.B.A,Vendedor-App
21326,Matias Sebastián,CROCCO,No contesta,asignaciones,2026-05-19 11:50:56.000000,matiasscrocco@gmail.com,+541138801104,C.A.B.A,Formulario Web
21333,Vanesa,Furlan,No contesta,asignaciones,2026-05-14 11:16:18.000000,furlanvanesa780@gmail.com,+541166580825,Hurlingham,Formulario Web
21366,Micaela Lucia,Verea,No contesta,asignaciones,2026-06-25 11:25:01.000000,micaelaverea@outlook.es,+542233453857,C.A.B.A,Vendedor-App
21368,Tomas augusto,Russo,No contesta,asignaciones,2026-05-22 12:12:11.000000,sofiadefrancisco12@gmail.com,+542325515527,C.A.B.A,Formulario Web
21399,Emanuel,Alberto,No contesta,asignaciones,2026-05-21 15:08:01.000000,albertoemanuel2090@gmail.com,+541131871520,Moreno,Formulario Web
21407,Bianca,Allende,No contesta,asignaciones,2026-05-15 11:06:02.000000,bianallende10@gmail.com,+541159517734,Almirante Brown,Formulario Web
21417,MARIA ALEJANDRA,OTERO,No contesta,asignaciones,2026-06-25 11:24:31.000000,mariaalejandraotero63@gmail.com,+541162187256,San Isidro,Vendedor-App
21462,Azariel,Sotto,No contesta,asignaciones,2026-05-28 10:00:30.000000,azarielsotto786@gmail.com,+543442625158,José C. Paz,Formulario Web
21474,Umma,Coustes,No contesta,asignaciones,2026-05-20 13:48:18.000000,ummanatashacoustes@gmail.com,+542914058284,Avellaneda,Formulario Web
21479,Macarena,Mazzoleni,No contesta,asignaciones,2026-05-18 21:19:17.000000,macamazzoleni@gmail.com,+541164841626,La Matanza,Formulario Web
21484,Noelia,Zukowski,No contesta,asignaciones,2026-06-01 10:39:22.000000,noeliazukowski@gmail.com,+541168762221,Esteban Echeverría,Formulario Web
21485,Cinthia,Kuzyszyn,No contesta,asignaciones,2026-05-21 15:16:43.000000,roxanagavi66@gmail.com,+541157818791,C.A.B.A,Formulario Web
21501,Cris,Perin,No contesta,asignaciones,2026-05-21 15:18:13.000000,mcperin@fibertel.com.ar,+5491140782914,C.A.B.A,Formulario Web
21502,Oscar rolando,Veron,No contesta,asignaciones,2026-05-21 15:20:05.000000,oskarveron1907@gmail.com,+541141650376,La Matanza,Formulario Web
21522,Albani,Chacin,No contesta,asignaciones,2026-05-22 16:29:31.000000,albanichacin@gmail.com,+541122518290,C.A.B.A,Formulario Web
21523,Adrián,Font,No contesta,asignaciones,2026-06-01 10:40:14.000000,adri_font@hotmail.com,+541136902520,Vicente López,Formulario Web
21526,Julian,Oliva,No contesta,asignaciones,2026-06-09 15:17:33.000000,julianoliva1996@gmail.com,+541139122349,Tigre,Formulario Web
21537,Mayte,Guzman,No contesta,asignaciones,2026-05-20 13:47:52.000000,maychuguzman5@gmail.com,+541127402007,San Miguel,Formulario Web
21538,Sofi,Lopez,No contesta,asignaciones,2026-06-01 10:42:37.000000,fv46477@gmail.com,+543875539132,Morón,Formulario Web
21595,alma iael,quintana schumacher,No contesta,asignaciones,2026-05-18 21:22:13.000000,schumacheralma11@gmail.com,+541168093690,San Isidro,Formulario Web
21605,agustina,sanz,No contesta,asignaciones,2026-05-20 13:47:44.000000,agustinasanz96@gmail.com,+541166687962,Lanús,Formulario Web
21628,Morena,Zabaka,No contesta,asignaciones,2026-05-20 13:47:24.000000,zabalamorena972@gmail.com,+543455481113,Malvinas Argentinas,Formulario Web
21642,Jael,Mazzucco,No contesta,asignaciones,2026-06-12 16:38:35.000000,jaelmazzuco@gmail.com,+541133502079,Otra,Vendedor-App
21656,Nahuel franco,Vilte mendoza,No contesta,asignaciones,2026-06-09 15:17:44.000000,mendozanahu98@gmail.com,+541178975440,C.A.B.A,Formulario Web
21676,Macarena,Ramos barre,No contesta,asignaciones,2026-05-20 13:46:39.000000,macarenabarreto850@gmail.com,+542262535328,C.A.B.A,Formulario Web
21689,Samirah,Arroyo,No contesta,asignaciones,2026-05-28 09:58:02.000000,samiraharroyo90@gmail.com,+541132976963,La Matanza,Formulario Web
21702,David,Vilchez,No contesta,asignaciones,2026-05-28 11:42:00.000000,vilchezin@icloud.com,+542634769334,Otra,Formulario Web
21763,Debora,Telles,No contesta,asignaciones,2026-05-22 11:34:43.000000,tellesdebora@gmail.com,+541165180321,C.A.B.A,Formulario Web
21783,ciro,maldonado,No contesta,asignaciones,2026-05-21 12:28:14.000000,cirojooel71@gmail.com,+541171317440,La Matanza,Formulario Web
21789,Fiorella,Funes,No contesta,asignaciones,2026-05-28 16:05:13.000000,funesfiorella@gmail.com,+541128674515,Merlo,Formulario Web
21794,Valeria,Di Donato,No contesta,asignaciones,2026-06-30 16:35:56.000000,didonatovaleria@gmail.com,+541152621015,Otra,Formulario Web
21798,Fernando,Pando,No contesta,asignaciones,2026-05-21 12:27:51.000000,fernandopand121206@gmail.com,+541176214712,C.A.B.A,Formulario Web
21811,Micaela,La rosa,No contesta,asignaciones,2026-05-27 10:51:03.000000,micaelayaitana214@gmail.com,+542226680044,Otra,Formulario Web
21821,Miriam,Fruchter,No contesta,asignaciones,2026-05-29 15:54:42.000000,rchorolquefruchter@gmail.com,+541121719269,Lomas de Zamora,Formulario Web
21837,Liz,Schmulowicz,No contesta,asignaciones,2026-05-27 10:40:15.000000,lizsschmulowicz@gmail.com,+541154007703,San Fernando,Formulario Web
21851,Patricia,Ares otero,No contesta,asignaciones,2026-08-03 16:01:37.000000,patriciaares_otero@hotmail.com,+541159531838,Lomas de Zamora,Formulario Web
21864,Maximiliano,Argañara,No contesta,asignaciones,2026-05-27 10:47:15.000000,maximilianoarganara3@gmail.com,+543835559142,Otra,Formulario Web
21883,Adriana,zoilan,No contesta,asignaciones,2026-05-27 10:37:41.000000,zoilanadriana6@gmail.com,+541130681051,La Matanza,Formulario Web
21886,Alejandra,Miciullo,No contesta,asignaciones,2026-07-27 15:58:55.000000,alejandra.miciullo@live.com.ar,+543425000188,C.A.B.A,Formulario Web
21944,Misael,Martel,No contesta,asignaciones,2026-06-12 17:11:26.000000,misaelmartel09@gmail.com,+543407471940,C.A.B.A,Formulario Web
21957,Xiomara,Perez,No contesta,asignaciones,2026-09-02 15:29:45.000000,xp16774@gmail.com,+541125176605,Pilar,Formulario Web
21958,Fabri,Cordoba,No contesta,asignaciones,2026-05-26 11:55:42.000000,romancasafu6@gmail.com,+541138642834,Moreno,Formulario Web
21974,Edith viviana,Garcia,No contesta,asignaciones,2026-05-27 15:06:27.000000,viviga35@gmail.com,+543884372416,C.A.B.A,Formulario Web
21975,LARISA CARMEN,SANCHEZ,No contesta,asignaciones,2026-06-09 15:18:29.000000,slara28ls@gmail.com,+541133993331,Morón,Formulario Web
21986,Emmanuel,Casas,No contesta,asignaciones,2026-06-12 17:12:37.000000,casasemmanuel1988@gmail.com,+541144752722,Lanús,Formulario Web
21993,Juan,Fernando Salazar,No contesta,asignaciones,2026-05-27 17:20:05.000000,salazarjuanfernando85@gmail.com,+542984584371,Otra,Formulario Web
21996,Karen,Albarracin,No contesta,asignaciones,2026-09-02 15:36:44.000000,albarracinkaren44@gmail.com,+541151356378,La Matanza,Formulario Web
22024,Luis,Erazo,No contesta,asignaciones,2026-05-31 14:25:09.000000,lerazo989@gmail.com,+541137975969,C.A.B.A,Formulario Web
22025,sergio,rodriguez sveven,No contesta,asignaciones,2026-06-12 17:13:23.000000,sergiorodriguezsveven@gmail.com,+5491133265325,Lanús,Formulario Web
22034,Brenda,Duran,No contesta,asignaciones,2026-06-09 16:07:06.000000,brenditaanahiduran@gmail.com,+541161285014,Quilmes,Formulario Web
22038,Angelbarros,Ortiz barros,No contesta,asignaciones,2026-05-31 14:24:48.000000,cocoreangel@gmail.com,+543804231874,Otra,Formulario Web
22069,Valentina,Rauna,No contesta,asignaciones,2026-06-24 15:45:37.000000,velentinarauna@gmail.com,+543804797655,Otra,Formulario Web
22104,tamara,pierluisi,No contesta,asignaciones,2026-05-27 15:01:34.000000,tami08pier@gmail.com,+541150326898,Almirante Brown,Vendedor-App
22133,Lucero,Viña Cabrera,No contesta,asignaciones,2026-06-03 16:47:14.000000,luvinacabrera@hotmail.com,+541161081123,C.A.B.A,Formulario Web
22135,Jessica Cecilia,Condori,No contesta,asignaciones,2026-09-02 15:45:49.000000,benjamincarrizo241@gmail.com,+543884873727,Avellaneda,Formulario Web
22143,Juana,Ruiz,No contesta,asignaciones,2026-06-29 16:55:14.000000,juannaruizz@hotmail.com,+541135254834,Vicente López,Formulario Web
22174,Eugenia,Arriola,No contesta,asignaciones,2026-06-12 17:16:00.000000,arriolaeugenia81@gmail.com,+543821495496,Gral. San Martín,Formulario Web
22175,Pedro,Alvarez,No contesta,asignaciones,2026-09-02 15:46:58.000000,alvarezmendozapedro@gmail.com,+542314480605,Otra,Formulario Web
22178,MARIELA,ARAGONES,No contesta,asignaciones,2026-06-05 20:10:47.000000,marielaaragones3@gmail.com,+541131747510,Vicente López,Vendedor-App
22185,Jesus tena,garcia,No contesta,asignaciones,2026-05-29 16:59:23.000000,jesusalbertotenagarcia@gmail.com,+541123004872,C.A.B.A,Vendedor-App
22201,Roberto,Roberto Castillo,No contesta,asignaciones,2026-05-28 15:19:59.000000,robertorcastillo019@gmail.com,+541130292744,Merlo,Formulario Web
22215,Matias,Santacruz,No contesta,asignaciones,2026-08-03 15:54:03.000000,santacruzmatias12@gmail.com,+541155879892,Moreno,Formulario Web
22238,Brian Ariel,Cuello,No contesta,asignaciones,2026-06-18 13:04:31.000000,ooconer44@gmail.com,+542473494536,Otra,Formulario Web
22240,Ludmila,Lobo,No contesta,asignaciones,2026-09-02 15:52:32.000000,lobolud80@gmail.com,+541124941626,Morón,Formulario Web
22251,Barbara,Olivar,No contesta,asignaciones,2026-05-28 15:21:14.000000,barbaraolivar47@gmail.com,+541134899731,Lomas de Zamora,Formulario Web
22263,Agustín Facundo,Caballero,No contesta,asignaciones,2026-06-18 13:05:25.000000,agustincab@gmail.com,+541130580305,Quilmes,Formulario Web
22274,Juliana,Altamirano,No contesta,asignaciones,2026-05-28 14:46:43.000000,maiafazzini@gmail.com,+541154671646,Esteban Echeverría,Formulario Web
22281,Karina,Ayala,No contesta,asignaciones,2026-07-30 15:09:07.000000,karinaayala260@gmail.com,+541159911862,C.A.B.A,Formulario Web
22321,Angelo,DArchivio,No contesta,asignaciones,2026-07-27 16:12:26.000000,darchivioangelo@gmail.con,+542975448723,C.A.B.A,Formulario Web
22323,Axel,Puma,No contesta,asignaciones,2026-06-18 13:07:03.000000,pumaaxel496@gmail.com,+541125677617,Almirante Brown,Formulario Web
22363,Hernan,Villarreal,No contesta,asignaciones,2026-06-02 11:28:33.000000,peteco_960@hotmail.com,+541167995881,C.A.B.A,Formulario Web
22378,Fabian Oscar,Rodas,No contesta,asignaciones,2026-06-09 16:09:50.000000,rodasfabian2@gmail.com,+5491134300177,C.A.B.A,Vendedor-App
22399,Daniel,Burgos,No contesta,asignaciones,2026-06-08 11:05:00.000000,danielisacburgos90@gmail.com,+543883360429,Tres de Febrero,Formulario Web
22449,Hernan,Piqueras,No contesta,asignaciones,2026-06-09 15:19:03.000000,hernanandres86@hotmail.com.ar,+541132534992,Gral. San Martín,Formulario Web
22493,Octavio,Silveyra,No contesta,asignaciones,2026-06-18 13:12:32.000000,silveiraoctavio2@gmail.com,+541153465970,Pilar,Formulario Web
22544,Leonel,delucchi,No contesta,asignaciones,2026-06-08 10:56:45.000000,delucchileonel@gmail.com,+541166913148,Berazategui,Vendedor-App
22549,Mariana,Hergert,No contesta,asignaciones,2026-06-18 13:26:46.000000,marianahergert929@gmail.com,+541158203162,Lomas de Zamora,Formulario Web
22556,Brenda,Carrizo,No contesta,asignaciones,2026-06-03 12:01:45.000000,brendacarrizo1290@hotmail.com,+541125892255,La Matanza,Formulario Web
22602,Franco,Fredes,No contesta,asignaciones,2026-06-18 13:28:38.000000,pacofredes99@hotmail.com,+5492324671596,Otra,Formulario Web
22607,Marcia,Poblete,No contesta,asignaciones,2026-06-18 13:29:42.000000,pobletemarcia0@gmail.com,+542604085756,Malvinas Argentinas,Formulario Web
22628,Cora Lilen,Piñero,No contesta,asignaciones,2026-06-08 10:56:51.000000,lilen1992@live.com,+541124695983,La Matanza,Vendedor-App
22632,Mauro Daniel,Lujan,No contesta,asignaciones,2026-06-08 11:04:44.000000,lujanmauro@hotmail.com,+541164413744,La Matanza,Formulario Web
22646,Eugenio,Almazan,No contesta,asignaciones,2026-06-24 17:10:12.000000,almazanemmanuel31@gmail.com,+541569669983,Gral. San Martín,Vendedor-App
22679,Anahi,Riquelme,No contesta,asignaciones,2026-07-15 12:36:41.000000,riquelmeanahi545@gmail.com,+541176540535,Almirante Brown,Formulario Web
22693,Micaela magali,Mangudo,No contesta,asignaciones,2026-06-03 10:46:17.000000,micamangudo20@gmail.com,+5492215677025,Berazategui,Formulario Web
22761,Evelyn,fioriti,No contesta,asignaciones,2026-06-04 12:22:45.000000,evelyndrehock@gmail.com,+541122872076,Morón,Formulario Web
22785,Marcela,Bertozzi,No contesta,asignaciones,2026-06-09 16:15:08.000000,bertozzirovegno@gmail.com,+5491125942092,C.A.B.A,Vendedor-App
22801,Facundo,Garro,No contesta,asignaciones,2026-06-18 13:33:21.000000,facundogarro43@gmail.com,+542617190529,Otra,Formulario Web
22829,Carmen,Mabel,No contesta,asignaciones,2026-06-16 12:35:05.000000,carmenmabel456@gmail.com,+541165776016,C.A.B.A,Formulario Web
22837,Alfredo,Arroyo,No contesta,asignaciones,2026-06-24 17:10:39.000000,alfree713@gmail.com,+541531796542,C.A.B.A,Vendedor-App
22844,Jennie,Lema,No contesta,asignaciones,2026-06-05 16:11:01.000000,lemajennie@gmail.com,+541168665652,C.A.B.A,Formulario Web
22862,Isabel,Finol,No contesta,asignaciones,2026-07-31 16:36:42.000000,orianamimbela@gmail.com,+541168587504,C.A.B.A,Formulario Web
22871,Pablo Damian,Gelves,No contesta,asignaciones,2026-06-24 16:41:50.000000,anasaucedo1713@gmail.com,+541564935294,San Isidro,Vendedor-App
22900,Zunilda,Jimenez,No contesta,asignaciones,2026-07-15 12:37:13.000000,jimenezzunilda35@gmail.com,+541126548081,José C. Paz,Formulario Web
22917,Valentina,Zoratti,No contesta,asignaciones,2026-06-17 16:24:57.000000,zorattivalen@gmail.com,+5492804585506,C.A.B.A,Formulario Web
22931,Ailen,Moro,No contesta,asignaciones,2026-06-29 16:54:22.000000,moroailen19@gmail.com,+541122495212,C.A.B.A,Formulario Web
22940,Hugo Leoncio,Barros,No contesta,asignaciones,2026-06-24 16:41:22.000000,analiarojas@live.com.ar,+541564883580,Gral. San Martín,Vendedor-App
22949,Nathalia,Fuentes,No contesta,asignaciones,2026-07-31 16:40:14.000000,naatfuentes11@gmail.com,+541133413584,C.A.B.A,Formulario Web
22955,Andrea,Moyano,No contesta,asignaciones,2026-08-26 15:15:38.000000,andreamoyano850@gmail.com,+541144176223,José C. Paz,Formulario Web
22973,MABEL,SEGURA,No contesta,asignaciones,2026-07-22 16:43:50.000000,sedelcarmen@gmail.com,,Avellaneda,Vendedor-App
22994,Adrian,eiguchi,No contesta,asignaciones,2026-07-15 12:44:23.000000,romi_ara@hotmail.com,+541164484847,C.A.B.A,Formulario Web
22996,Roman,Cayo,No contesta,asignaciones,2026-06-08 14:36:52.000000,cayoroman504@gmail.com,+543825433297,Otra,Formulario Web
23009,Kevin,Portillo,No contesta,asignaciones,2026-06-18 13:40:25.000000,kp1161903@gmail.com,+541158524679,Moreno,Formulario Web
23062,Sofia Belén,Marchessi,No contesta,asignaciones,2026-06-23 16:40:28.000000,marchessima02@gmail.com,+541160437149,Malvinas Argentinas,Formulario Web
23077,Lucas,Orquera,No contesta,asignaciones,2026-08-03 16:25:21.000000,lucasorquera536@gmail.com,+541162676843,C.A.B.A,Formulario Web
23081,Alan,Esquivel,No contesta,asignaciones,2026-06-18 13:42:22.000000,alanesquivelabel77@gmail.com,+541134518708,Quilmes,Formulario Web
23104,Ariel,Barrios,No contesta,asignaciones,2026-06-25 12:36:08.000000,ariel_maverick@hotmail.com,+541524618402,C.A.B.A,Vendedor-App
23106,Juan Manuel,Bandin,No contesta,asignaciones,2026-06-16 12:49:44.000000,juanbandin@hotmail.com,+541133206660,Otra,Vendedor-App
23135,Jose Carlos,Paparo,No contesta,asignaciones,2026-06-12 10:56:21.000000,condecarlos5959@gmail.com,+541169749214,C.A.B.A,Vendedor-App
23141,Stella maris,Gonzalez,No contesta,asignaciones,2026-07-16 11:33:50.000000,solechucho@gmail.com,+541138173870,Moreno,Formulario Web
23148,Liz Katherine,Vilchez Polanco,No contesta,asignaciones,2026-07-31 17:03:10.000000,liz_vulchez_@hotmail.com,+541149170554,C.A.B.A,Formulario Web
23166,Rafael,Aredes,No contesta,asignaciones,2026-06-25 12:36:10.000000,alfredoaredez@gmail.com,+541521671091,C.A.B.A,Vendedor-App
23193,Walter,Alfonzo,No contesta,asignaciones,2026-07-16 11:33:56.000000,alfonzowalter61@gmail.com,+543774551203,San Miguel,Formulario Web
23205,Ariel,Recalde,No contesta,asignaciones,2026-06-19 15:16:21.000000,recaldeariel931@gmail.com,+543489230849,Campana,Formulario Web
23212,Flavia,Olmedo,No contesta,asignaciones,2026-06-10 09:44:34.000000,andradaevelyn@gmail.com,+541155834967,Quilmes,Formulario Web
23216,Diego maximiliano,Frias,No contesta,asignaciones,2026-06-18 13:43:50.000000,friasmaximiliano52@gmail.com,+541131027597,José C. Paz,Formulario Web
23249,Jorge,Russo,No contesta,asignaciones,2026-06-24 16:35:32.000000,analia-acade74@hotmail.com,+541559747790,Gral. San Martín,Vendedor-App
23285,Felix,Ponce,No contesta,asignaciones,2026-07-17 10:56:22.000000,felizponze@gmail.com,+541146303832,Florencio Varela,Formulario Web
23290,Agustin,Olmedo,No contesta,asignaciones,2026-06-18 13:45:10.000000,olmedoagustin223@gmail.com,+541128710279,Lanús,Formulario Web
23302,Omar Ariel,Parrilla,No contesta,asignaciones,2026-06-16 12:22:33.000000,oaparrilla@hotmail.com,+541144880350,C.A.B.A,Vendedor-App
23312,Milena,Aranda,No contesta,asignaciones,2026-06-10 09:44:58.000000,arandamilenarocio@gmail.com,+541149750860,Tigre,Formulario Web
23347,Johanna,Garcia,No contesta,asignaciones,2026-06-11 11:28:06.000000,joha57159@gmail.com,+541151323209,Quilmes,Formulario Web
23352,Ana,Crapis,No contesta,asignaciones,2026-07-17 10:56:53.000000,anamariqcrapis@gmail.com,+541167006928,C.A.B.A,Formulario Web
23353,Valentina,Deville,No contesta,asignaciones,2026-06-17 16:24:00.000000,valendeville4@gmail.com,+541123042220,Gral. San Martín,Formulario Web
23354,Rocio,Cribari,No contesta,asignaciones,2026-07-07 17:14:58.000000,rociocribari@gmail.com,+541156478507,Berazategui,Formulario Web
23370,Nanci Adela,Duarte Báez,No contesta,asignaciones,2026-06-17 16:44:12.000000,nancyadela91@gmail.com,+541124929954,C.A.B.A,Formulario Web
23372,Cynthia,Lobos,No contesta,asignaciones,2026-06-11 11:37:20.000000,cynthiavallejos1259@gmail.com,+541139263666,Pilar,Formulario Web
23402,Wendy Beatriz,Meola,No contesta,asignaciones,2026-06-23 17:00:23.000000,wendymeola67@gmail.com,+541165444616,Berazategui,Formulario Web
23404,Lorena,Ramos,No contesta,asignaciones,2026-07-17 10:57:03.000000,lorenaramosramos143@gmail.com,+541164069783,Tigre,Formulario Web
23408,LUCIANO EZEQUIEL,GONZALEZ,No contesta,asignaciones,2026-07-28 10:12:34.000000,luciano@aviancontrol.com.ar,,Avellaneda,Vendedor-App
23409,Mariuxi de los angeles,Cherrez vega,No contesta,asignaciones,2026-06-11 11:26:22.000000,martingamato@gmail.com,+541164373232,Quilmes,Formulario Web
23443,Lucas,Daje,No contesta,asignaciones,2026-06-20 15:58:49.000000,lucas.rdc373@icloud.com,+541144120275,C.A.B.A,Formulario Web
23450,Estefania,Carrizo,No contesta,asignaciones,2026-06-11 11:40:49.000000,marcos_damian117@hotmail.com,+541168005626,C.A.B.A,Formulario Web
23475,Lucia,Piaggio,No contesta,asignaciones,2026-06-17 16:27:18.000000,luciapiaggiov@gmail.com,+541168597812,Quilmes,Formulario Web
23508,Lautaro,Barrioz,No contesta,asignaciones,2026-07-15 12:45:06.000000,urial373@gmail.com,+541132130835,Berazategui,Formulario Web
23510,Eliana,Lucher,No contesta,asignaciones,2026-07-17 10:57:26.000000,elianalucher43@gmail.com,+543489345847,Malvinas Argentinas,Formulario Web
23520,Josefina,Mendez,No contesta,asignaciones,2026-07-17 10:57:17.000000,josefinamendez030429@gmail.com,+543886636192,Gral. San Martín,Formulario Web
23523,Manuel,Encina,No contesta,asignaciones,2026-06-12 16:34:09.000000,daianacrespo443@gmail.com,+542213057128,Otra,Formulario Web
23533,Joaquin,Mendez,No contesta,asignaciones,2026-06-22 10:23:24.000000,ianr39714@gmail.com,+541153228442,Campana,Formulario Web
23535,Marcelo,Centola Lavagna,No contesta,asignaciones,2026-06-23 17:31:53.000000,marcelocentola@yahoo.com.ar,+541168009191,Pilar,Formulario Web
23536,Carlos,Orellana,No contesta,asignaciones,2026-06-12 16:33:55.000000,karlinnn35@gmail.com,+542625458715,Otra,Formulario Web
23545,Fabiana,Camargo,No contesta,asignaciones,2026-06-13 15:28:51.000000,fabianacamargo2006@gmail.com,+541144458773,Ituzaingó,Formulario Web
23582,DAIANA MARICEL,AREVALO,No contesta,asignaciones,2026-09-01 10:26:10.000000,daianamaricel90@gmail.com,+541133144249,Malvinas Argentinas,Vendedor-App
23584,Matias,Menniti,No contesta,asignaciones,2026-06-12 16:34:03.000000,mennitimatias@gmail.com,+541176094417,C.A.B.A,Formulario Web
23592,Kiara,Metz,No contesta,asignaciones,2026-06-17 16:25:54.000000,metzkiara58@gmail.com,+543764244881,C.A.B.A,Formulario Web
23598,Agostina,Impieri,No contesta,asignaciones,2026-06-24 16:34:56.000000,amaimpieri@gmail.com,+541533308793,C.A.B.A,Vendedor-App
23599,Rita,Nuñez,No contesta,asignaciones,2026-07-15 12:45:47.000000,ritalucilan13@gmail.com,+541127382198,Berazategui,Formulario Web
23601,Oscar ariel,Barbelli,No contesta,asignaciones,2026-06-11 17:03:14.000000,barbelliariel38@gmail.com,+541162548699,San Fernando,Formulario Web
23602,Walter leonardo,Lopez,No contesta,asignaciones,2026-06-12 16:33:49.000000,ximenafigueroa061@gmail.com,+541166205315,Avellaneda,Formulario Web
23652,Maria Lucila,Garcia,No contesta,asignaciones,2026-06-13 15:21:00.000000,mlucilagarciam@gmail.com,+541138063534,Vicente López,Formulario Web
23654,Andrea,Núñez,No contesta,asignaciones,2026-07-01 12:27:51.000000,xony_ro@hotmail.com,+541141725269,San Isidro,Formulario Web
23669,Axel,Moyano,No contesta,asignaciones,2026-06-12 16:33:14.000000,axelmoyano1989@gmail.com,+541171005103,San Miguel,Formulario Web
23671,Lucas Ezequiel,Ruiz,No contesta,asignaciones,2026-06-12 16:29:58.000000,lucasruiz202516@gmail.com,+5490038423038,Quilmes,Formulario Web
23682,Lorena,Dali,No contesta,asignaciones,2026-07-15 12:47:15.000000,lorenayaninadali528@gmail.com,+542664345585,Gral. San Martín,Formulario Web
23693,Brisa,García Aguirre,No contesta,asignaciones,2026-07-15 12:47:54.000000,brisagarciaaguirre48@gmail.com,+541144151454,C.A.B.A,Formulario Web
23709,Juan Carlos,Fernandez,No contesta,asignaciones,2026-06-24 16:34:06.000000,amy_fc20@hotmail.com,+541536055754,San Isidro,Vendedor-App
23711,Melanie,Sejas rojas,No contesta,asignaciones,2026-06-26 16:48:00.000000,melanisejas15@gmail.com,+541126788729,Lomas de Zamora,Formulario Web
23717,Nancy,Dalinger,No contesta,asignaciones,2026-06-23 17:31:01.000000,yamaraujo140@gmail.com,+541121594702,Tigre,Formulario Web
23721,Verona,Canova,No contesta,asignaciones,2026-06-17 12:03:11.000000,veronacalidad@gmail.com,+541138219822,Gral. San Martín,Formulario Web
23732,Alexia,Barrios,No contesta,asignaciones,2026-07-17 10:57:42.000000,ab9069571@gmail.com,+543878769087,Otra,Formulario Web
23734,Giuliana,Zanacchi,No contesta,asignaciones,2026-06-19 15:16:11.000000,giulizanacchi123@gmail.com,+542963403175,Morón,Formulario Web
23744,Andres,Dik,No contesta,asignaciones,2026-06-24 16:33:52.000000,andresdik1987@gmail.com,+541561247592,C.A.B.A,Vendedor-App
23756,Nathalie,Farrell,No contesta,asignaciones,2026-06-24 11:38:11.000000,natyfarrellnf@gmail.com,+541162677315,C.A.B.A,Formulario Web
23759,Laura Mariana,Carranza,No contesta,asignaciones,2026-06-19 15:16:14.000000,lauramcarranza@gmail.com,+541159119136,Gral. San Martín,Formulario Web
23773,Gimena,Ramírez,No contesta,asignaciones,2026-06-19 15:16:02.000000,gimeramirez9711@gmail.com,+543834043694,San Fernando,Formulario Web
23775,Maria,vazquez,No contesta,asignaciones,2026-07-15 12:49:01.000000,vazquezmatiana@gmail.com,+542665108400,Otra,Formulario Web
23782,Kevin,Cardozo,No contesta,asignaciones,2026-06-20 15:58:51.000000,hermanoscardozos6@gmail.com,+5491128924122,Esteban Echeverría,Formulario Web
23784,Brisa,Cabrera,No contesta,asignaciones,2026-06-19 15:15:54.000000,cabrerabrisa2018@gmail.com,+541163500055,Berazategui,Formulario Web
23787,yazmin,garcia,No contesta,asignaciones,2026-06-17 12:01:47.000000,almironmia26@gmail.com,+541138633437,Ituzaingó,Formulario Web
23804,Agustina,Niz,No contesta,asignaciones,2026-06-17 11:06:07.000000,agustinaniz@hotmail.com,+541164790767,C.A.B.A,Formulario Web
23813,Mariano,Abregu,No contesta,asignaciones,2026-06-26 11:50:13.000000,abregumariano042@gmail.com,+541150459733,Lomas de Zamora,Formulario Web
23820,Monica,Alday,No contesta,asignaciones,2026-06-20 15:36:41.000000,aldaym028@gmail.com,+542245431485,C.A.B.A,Formulario Web
23829,Clara,Cioffi,No contesta,asignaciones,2026-06-19 15:15:45.000000,claracioffi72@gmail.com,+541156229722,C.A.B.A,Formulario Web
23830,Gustavo,Ledesma,No contesta,asignaciones,2026-06-23 11:47:35.000000,gustavoledesma2141@gmail.com,+541121738373,Tres de Febrero,Formulario Web
23835,Luciana,González Fandi,No contesta,asignaciones,2026-06-19 15:15:51.000000,lucianagfandi@hotmail.com,+541125436436,C.A.B.A,Formulario Web
23837,Natalí,Nagel,No contesta,asignaciones,2026-07-15 12:49:58.000000,natynagel@live.com,+541134492906,Moreno,Formulario Web
23854,Denis,Requelme,No contesta,asignaciones,2026-06-19 15:12:37.000000,denisrequelme248@gmail.com,+543835593441,Florencio Varela,Formulario Web
23856,Natalia,Bazan,No contesta,asignaciones,2026-06-17 12:02:36.000000,nataliabazan033@gmail.com,+543832405715,Avellaneda,Formulario Web
23858,Franco,Miranda,No contesta,asignaciones,2026-07-16 11:34:23.000000,mirandalfranco26@gmail.com,+542625594849,Malvinas Argentinas,Formulario Web
23863,Lucas,Rodriguez,No contesta,asignaciones,2026-06-23 17:30:15.000000,lucasezequielrodriguez@gmal.com,+541125858591,Hurlingham,Formulario Web
23865,brian,block,No contesta,asignaciones,2026-07-15 12:52:33.000000,blockbrianagustin98@gmail.com,+541171452729,Morón,Formulario Web
23870,Carla,Ibarra,No contesta,asignaciones,2026-07-15 12:53:48.000000,carlajesicaibarra@gmail.com,+541164577136,Tigre,Formulario Web
23873,Mia,Varela,No contesta,asignaciones,2026-06-24 11:38:31.000000,miavarela546@gmail.com,+541131280506,Florencio Varela,Formulario Web
23877,Marcela,De michele,No contesta,asignaciones,2026-06-19 15:12:32.000000,demichelemarcelaanabel@gmail.com,+5490022489489,Otra,Formulario Web
23879,Candela María de los milagros,Franco,No contesta,asignaciones,2026-07-16 11:34:40.000000,candelafranco70@gmail.com,+542244468177,C.A.B.A,Formulario Web
23884,Miguel,Ramirez,No contesta,asignaciones,2026-06-17 09:49:20.000000,mr1122259@gmail.com,+541139243332,Berazategui,Formulario Web
23890,Lucas,Fernandez Gaido,No contesta,asignaciones,2026-06-20 15:58:53.000000,lufgaido@yahoo.com,+541150235857,C.A.B.A,Formulario Web
23893,Solange,Guajardo,No contesta,asignaciones,2026-06-19 15:12:10.000000,guajardosolangepaula@gmail.com,+542954441021,Malvinas Argentinas,Formulario Web
23901,Maria,Tremouilles,No contesta,asignaciones,2026-07-01 10:35:12.000000,tremouillesmariaeugenia@gmail.com,+541168115578,C.A.B.A,Formulario Web
23910,Valentina,Andrada,No contesta,asignaciones,2026-06-19 15:12:26.000000,valentia021@gmail.com,+541173595954,Esteban Echeverría,Formulario Web
23919,Pilar,Drexler,No contesta,asignaciones,2026-06-17 11:06:02.000000,drexlerpilar@hotmail.com,+541121548592,Morón,Formulario Web
23922,Daniela,Hagelin,No contesta,asignaciones,2026-06-19 15:12:04.000000,hagelindaniela@gmail.com,+541162019684,Moreno,Formulario Web
23933,Angelina,Martinez,No contesta,asignaciones,2026-06-19 15:11:57.000000,angimrtnz27@gmail.com,+543446381237,Malvinas Argentinas,Formulario Web
23943,Molina,sara abigail,No contesta,asignaciones,2026-07-11 18:29:56.000000,jesusascurra634@gmail.com,+541166015537,C.A.B.A,Formulario Web
23956,Candela,Chazarreta,No contesta,asignaciones,2026-07-15 13:01:59.000000,candechazarreta918@gmail.com,+541123023815,José C. Paz,Formulario Web
23961,Ruben,Ledesma,No contesta,asignaciones,2026-06-19 15:15:36.000000,rubenmarceloledesma801@gmail.com,+541157667069,C.A.B.A,Formulario Web
23965,Norma,Alba,No contesta,asignaciones,2026-07-16 11:34:43.000000,albanorma911@gmail.com,+541139310032,C.A.B.A,Formulario Web
23969,Angélica,Camacho,No contesta,asignaciones,2026-06-17 11:13:29.000000,gamarragonzalezangelica@gmail.com,+541128265456,C.A.B.A,Formulario Web
23972,Carlos,González,No contesta,asignaciones,2026-06-19 15:15:30.000000,pipeavecia@gmail.com,+542954618422,Otra,Formulario Web
23987,Fiorella,Bortolotto,No contesta,asignaciones,2026-06-19 15:15:26.000000,mdcspiccia@gmail.com,+541132430293,La Matanza,Formulario Web
24003,Gonzalo,Servin,No contesta,asignaciones,2026-06-19 15:11:49.000000,servingonzalo56@gmail.com,+542236771712,C.A.B.A,Formulario Web
24018,Diego,Fernandez,No contesta,asignaciones,2026-07-31 17:18:39.000000,diegoagustinnfernandez20007@gmail.com,+541123256884,Malvinas Argentinas,Formulario Web
24034,Noelia Dayana,López ramella,No contesta,asignaciones,2026-06-17 11:05:49.000000,neoliasosa@gmail.com,+542657218369,Otra,Formulario Web
24036,camila,Ortiz,No contesta,asignaciones,2026-06-19 15:13:53.000000,camortizz08@gmail.com,+541121621248,Almirante Brown,Formulario Web
24040,Marisa,Aimar,No contesta,asignaciones,2026-06-26 11:47:28.000000,marisaaimar157@gmail.com,+541158077398,La Matanza,Formulario Web
24053,Analia,Moritu,No contesta,asignaciones,2026-06-19 15:13:41.000000,morituanalia154@gmail.com,+541160298333,Hurlingham,Formulario Web
24058,Raul Alberto,Arboleda,No contesta,asignaciones,2026-06-24 16:32:37.000000,arboleda_raul@hotmail.com,+541569954586,C.A.B.A,Vendedor-App
24062,Walter,Moya,No contesta,asignaciones,2026-06-21 18:19:13.000000,waltermoya231@gmail.com,+542364341098,Otra,Formulario Web
24065,Yashif,Safa,No contesta,asignaciones,2026-06-19 15:13:28.000000,graficurban@hotmail.com,+541125665088,Avellaneda,Formulario Web
24073,CLAUDIA VALERIA,DIAZ,No contesta,asignaciones,2026-07-17 11:00:52.000000,solzoe@hotmail.com,+541130698089,La Matanza,Vendedor-App
24080,Clara,Pierro,No contesta,asignaciones,2026-06-19 15:11:28.000000,claraipierro@gmail.com,+541157270149,San Isidro,Formulario Web
24098,consuelo,alric legnazzi,No contesta,asignaciones,2026-06-19 15:11:33.000000,consualric02@gmail.com,+541124731101,San Isidro,Formulario Web
24121,Joaquin,Iglesia Perez,No contesta,asignaciones,2026-06-26 11:45:24.000000,joaquinpe@gmail.com,+541124563215,C.A.B.A,Vendedor-App
24127,Matias Miguel,Haedo,No contesta,asignaciones,2026-08-03 15:01:14.000000,matihaedo@gmail.com,+541130770283,Otra,Vendedor-App
24132,Franco Javier,Ortiz,No contesta,asignaciones,2026-06-19 15:11:26.000000,franquito77@gmail.com,+541158324294,Otra,Formulario Web
24144,Thiago,Barreto,No contesta,asignaciones,2026-06-19 15:11:23.000000,thiagokevinbarreto124@gmail.com,+5491164701926,José C. Paz,Formulario Web
24149,rocio,hoyos,No contesta,asignaciones,2026-06-19 10:17:27.000000,hoyosrocio05@gmail.com,+541161979853,Florencio Varela,Formulario Web
24151,Luna,Sarda,No contesta,asignaciones,2026-06-24 15:54:22.000000,lunasarda94@gmail.com,+541169468264,C.A.B.A,Formulario Web
24168,Romeo,Perez,No contesta,asignaciones,2026-06-19 15:11:11.000000,papeleriamar@gmail.com,+541156217144,Ituzaingó,Formulario Web
24202,Gabriel,Apallido,No contesta,asignaciones,2026-08-03 14:50:44.000000,gabril42@gmail.com,+541131571896,Otra,Vendedor-App
24203,Jessica,Acuña,No contesta,asignaciones,2026-07-01 12:29:42.000000,acunajessicaanabel@gmail.com,+541168012852,San Isidro,Formulario Web
24210,Lucas,Lencina,No contesta,asignaciones,2026-06-24 16:31:40.000000,andynicki@hotmail.com,+541525361206,C.A.B.A,Vendedor-App
24222,Micaela,Fernandez,No contesta,asignaciones,2026-07-23 10:57:12.000000,micayefernandez@gmail.com,+541160067434,Almirante Brown,Formulario Web
24239,Aylen,Pérez,No contesta,asignaciones,2026-07-15 13:10:12.000000,paylen373@gmail.com,+541125950045,Quilmes,Formulario Web
24241,Marcelo Nicolas,Molina,No contesta,asignaciones,2026-08-03 14:48:57.000000,mnmolina1@hotmail.com,+541123247193,Merlo,Formulario Web
24262,ARIEL,LANZILLOTTI,No contesta,asignaciones,2026-06-19 15:09:37.000000,tanolanz@hotmail.com,+541155802310,Gral. San Martín,Formulario Web
24268,José Luis,Herrera,No contesta,asignaciones,2026-07-15 13:11:32.000000,herrerajoseluis124@gmail.com,+542223677713,Otra,Formulario Web
24280,Camila,Bolessi,No contesta,asignaciones,2026-06-19 15:09:32.000000,bolessicamila@gmail.com,+541133987058,Tres de Febrero,Formulario Web
24281,Elida Yanina,Acevedo,No contesta,asignaciones,2026-06-20 15:59:00.000000,jeremiasdevia23@gmail.com,+542213199392,Otra,Formulario Web
24282,Robeeto marcelo,Ferreyra,No contesta,asignaciones,2026-06-19 10:55:32.000000,marceferreyra2823@gmail.com,+5490029756907,C.A.B.A,Formulario Web
24308,Mirta,Gonzalez,No contesta,asignaciones,2026-07-15 13:12:29.000000,mirtagonzalez3336@gmail.com,+541171395068,Berazategui,Formulario Web
24310,Beatriz,Moreyra,No contesta,asignaciones,2026-07-01 12:28:26.000000,moreyrabeatriz645@gmail.com,+541156576740,Almirante Brown,Formulario Web
24324,Priscila,Ricavarra,No contesta,asignaciones,2026-06-19 10:57:05.000000,priscilaaylenricavarra@gmail.com,+542284531266,C.A.B.A,Formulario Web
24333,Luis,Luis Medina,No contesta,asignaciones,2026-07-06 15:42:21.000000,elmedinaluis1988@gmail.com,+541138852649,Pilar,Formulario Web
24367,Alex,Timoteo,No contesta,asignaciones,2026-06-19 10:57:30.000000,alextimoteopa33@gmail.com,+541138631733,C.A.B.A,Formulario Web
24376,Alejandra,Aquino,No contesta,asignaciones,2026-06-19 14:40:53.000000,aleaquino2705@gmail.com,+543704258147,Lanús,Formulario Web
24382,Lady Daiana,Fernández,No contesta,asignaciones,2026-07-02 11:56:09.000000,franciscomartinez0098@gmail.com,+541172399233,C.A.B.A,Formulario Web
24386,Federico,Tirelli,No contesta,asignaciones,2026-06-19 14:41:13.000000,tirellifg@gmail.com,+5491130836985,Vicente López,Formulario Web
24388,Joaquina,Urquiola,No contesta,asignaciones,2026-07-15 13:13:39.000000,joaquinaurquiola@gmail.com,+541124044251,C.A.B.A,Formulario Web
24411,Sergio,Gomez,No contesta,asignaciones,2026-06-19 14:39:48.000000,sergiogomezemanuel@gmail.com,+541150059809,Ezeiza,Formulario Web
24419,Ezequiel,Fernandez,No contesta,asignaciones,2026-06-19 14:39:42.000000,ezequiel46520@gmail.com,+543454402850,Esteban Echeverría,Formulario Web
24433,AGUSTINA,COLE,No contesta,asignaciones,2026-07-15 13:18:30.000000,agustinacole21@gmail.com,+541161642123,Gral. San Martín,Formulario Web
24446,Cristian,Benitez,No contesta,asignaciones,2026-06-30 10:41:50.000000,crissbenitezz12@gmail.com,+5490029332158,C.A.B.A,Formulario Web
24451,Ana Paula,Ortiz,No contesta,asignaciones,2026-06-24 11:49:24.000000,anapaulaortiz62@gmail.com,+541169669332,Otra,Formulario Web
24457,Victoria,Serdán,No contesta,asignaciones,2026-06-30 11:09:38.000000,victoriaserdan@gmail.com,+543454956300,Almirante Brown,Formulario Web
24477,javier,dominguez,No contesta,asignaciones,2026-06-26 12:18:59.000000,jd6638672@gmail.com,+543546436617,Almirante Brown,Formulario Web
24491,Constanza,Pertica,No contesta,asignaciones,2026-06-20 16:34:37.000000,constanzapertica@gmail.com,+541122525812,La Matanza,Formulario Web
24505,Roxana,Borracchia,No contesta,asignaciones,2026-07-06 11:20:11.000000,roxboracchia@gmail.com,+541124781093,C.A.B.A,Formulario Web
24516,Aldana,Teves,No contesta,asignaciones,2026-07-10 14:31:49.000000,aldanatevescumler@gmail.com,+543388502887,Lanús,Formulario Web
24526,Nahuel,Gonzalez,No contesta,asignaciones,2026-06-20 15:59:02.000000,nahumaka25@gmail.com,+541133718842,Otra,Formulario Web
24544,Zaira,Alaca,No contesta,asignaciones,2026-07-01 17:16:53.000000,zairaalaca404@gmail.com,+541157070203,Florencio Varela,Formulario Web
24558,Rocio,Alan,No contesta,asignaciones,2026-06-22 16:11:51.000000,rocioalan732@gmail.com,+542920546034,Malvinas Argentinas,Formulario Web
24566,Ignacio,Dal molin,No contesta,asignaciones,2026-06-23 13:03:10.000000,liartaza@gmail.com,+541136488610,C.A.B.A,Formulario Web
24573,Luis Miguel,Dalmaso,No contesta,asignaciones,2026-06-26 11:27:41.000000,mariayluis862@gmail.com,+541165960049,Avellaneda,Formulario Web
24577,Julieth Paola,Barrios Fontalvo,No contesta,asignaciones,2026-06-21 16:20:49.000000,juliethbarriosf@hotmail.com,+541150560945,C.A.B.A,Formulario Web
24586,Maria,garcia,No contesta,asignaciones,2026-06-22 16:11:51.000000,majo.garcia@live.com.ar,+542227564941,C.A.B.A,Formulario Web
24587,Sergio,Velardez,No contesta,asignaciones,2026-06-26 11:06:25.000000,velardezsergio9@gmail.com,+541121645313,Otra,Formulario Web
24589,Fernando,Roldan,No contesta,asignaciones,2026-06-30 11:09:33.000000,roldanfernandocandido21@gmail.com,+541135673764,Florencio Varela,Formulario Web
24593,Juan,Ernesto Torres,No contesta,asignaciones,2026-06-22 16:27:57.000000,et26173@gmail.com,+541162091919,C.A.B.A,Formulario Web
24595,Gabriel,Quintana,No contesta,asignaciones,2026-06-26 13:40:38.000000,quintanagabriel1979@gmail.com,+541171707689,San Miguel,Formulario Web
24604,Sofía antonella,Ramirez,No contesta,asignaciones,2026-07-17 11:04:50.000000,sofiiaramirez969@gmail.com,+541171156892,Tigre,Formulario Web
24614,Alejandro,Ledesma,No contesta,asignaciones,2026-06-22 16:11:51.000000,ale198689@hotmail.com,+541122994686,La Matanza,Formulario Web
24626,Jorge,Szydlowski,No contesta,asignaciones,2026-06-24 14:14:37.000000,jorgeszydlowskiantonio@gmail.com,+541136622265,Lanús,Formulario Web
24637,Magali,Benítez,No contesta,asignaciones,2026-06-29 14:52:47.000000,rmagalibenitez98@gmail.com,+542932444391,C.A.B.A,Formulario Web
24642,Fernando,Buchar,No contesta,asignaciones,2026-07-01 10:37:58.000000,jyfindumentarias@gmail.com,+541138189637,Ezeiza,Formulario Web
24646,Paula,Muñoz,No contesta,asignaciones,2026-06-22 16:11:51.000000,contreragabriela70@gmail.com,+541140563136,Lanús,Formulario Web
24659,Antonio,Hidalgo,No contesta,asignaciones,2026-06-24 16:21:11.000000,higalgogabriel157@gmail.com,+541128542763,Almirante Brown,Formulario Web
24660,nicolas,rigo,No contesta,asignaciones,2026-06-22 16:26:29.000000,nicorigo_97@live.com.ar,+543329691195,C.A.B.A,Formulario Web
24670,Anahi,Arnedo,No contesta,asignaciones,2026-07-23 11:11:11.000000,arnedoanahi55@gmail.com,+541124910247,José C. Paz,Formulario Web
24672,Damian,Maldonado,No contesta,asignaciones,2026-06-22 16:28:13.000000,damianfedericobeckermaldonado@gmail.com,+543364612017,Almirante Brown,Formulario Web
24674,Santino,Giménez,No contesta,asignaciones,2026-06-30 11:09:23.000000,gon987g@gmail.com,+542657246255,José C. Paz,Formulario Web
24676,Ivan,Peri,No contesta,asignaciones,2026-06-23 17:45:08.000000,vs3555609@gmail.com,+541131671056,Florencio Varela,Formulario Web
24697,Gastón,Britez,No contesta,asignaciones,2026-08-18 15:31:57.000000,gbritez45@gmail.com,+541124598133,Tigre,Formulario Web
24699,Sol,Schulz,No contesta,asignaciones,2026-06-22 16:25:54.000000,solschulz5@gmail.com,+542257506067,Otra,Formulario Web
24711,LUCIANO,CITRACCA,No contesta,asignaciones,2026-07-16 15:26:10.000000,lucianocitracca@hotmail.com,+541161300652,C.A.B.A,Vendedor-App
24727,Ignacio,Irañeta,No contesta,asignaciones,2026-06-30 10:35:32.000000,iranetaignacio@gmail.com,+542613376064,C.A.B.A,Formulario Web
24728,SOLANGE,SERGIANI,No contesta,asignaciones,2026-07-06 11:18:52.000000,solsergiani@gmail.com,+541132611215,C.A.B.A,Vendedor-App
24729,Micaela,Perez,No contesta,asignaciones,2026-06-22 16:25:17.000000,perezmica206@gmail.com,+543841461391,Avellaneda,Formulario Web
24742,Tobias,Gonzalez,No contesta,asignaciones,2026-06-24 10:09:54.000000,tobiasgonzalez539@gmail.com,+542494289284,Ezeiza,Formulario Web
24751,Guadalupe,Gracias,No contesta,asignaciones,2026-06-22 16:24:58.000000,guada2004g21@gmail.com,+543549458579,Malvinas Argentinas,Formulario Web
24756,Reynaldo,Surco,No contesta,asignaciones,2026-06-23 17:43:04.000000,deliabsalvatierra@gmail.con,+541136876038,La Matanza,Formulario Web
24758,ANA LAURA,DA ROSA,No contesta,asignaciones,2026-07-23 16:33:34.000000,ana.l_370@hotmail.com,+541132790729,C.A.B.A,Vendedor-App
24774,Ariadna,Carrizo,No contesta,asignaciones,2026-09-02 09:57:24.000000,ariadna3carrizo@gmail.com,+542974940333,C.A.B.A,Formulario Web
24779,José Elias,Torres,No contesta,asignaciones,2026-06-26 12:18:38.000000,yaniflor8@gmail.com,+542665102396,Tigre,Formulario Web
24782,Nestor,Diaz,No contesta,asignaciones,2026-07-20 10:34:12.000000,diazjuandedioscom8@gmail.com,+543886618368,Almirante Brown,Formulario Web
24784,Diego maartin,Acosta,No contesta,asignaciones,2026-06-23 11:06:47.000000,da4112430@gmail.com,+541139471802,Ituzaingó,Formulario Web
24786,Angel Omar,Maciel,No contesta,asignaciones,2026-07-28 15:25:07.000000,omar38maciel@gmail.com,+541124792609,C.A.B.A,Formulario Web
24792,Yesica,Farias,No contesta,asignaciones,2026-06-24 15:52:58.000000,yesifarias33@gmail.com,+541131053877,Gral. San Martín,Formulario Web
24802,Agustina licia,Calapeña,No contesta,asignaciones,2026-07-15 13:32:54.000000,calapenaagustina60@gmail.com,+543884706369,Almirante Brown,Formulario Web
24806,Ana,Busse,No contesta,asignaciones,2026-06-24 15:49:35.000000,annemie_busse@hotmail.com,+543547668413,Otra,Formulario Web
24808,MARCELA,CLAPS,No contesta,asignaciones,2026-07-16 15:27:39.000000,impuestosest@gmail.com,+541144185451,Vicente López,Vendedor-App
24818,Melina,Reales,No contesta,asignaciones,2026-06-24 15:49:20.000000,realesmelina@gmail.com,+541136482122,Moreno,Formulario Web
24841,Mayra Elizabeth,Roberto Varas,No contesta,asignaciones,2026-07-16 15:27:39.000000,lauuvaras@gmail.com,+541167166854,Almirante Brown,Formulario Web
24850,Ileana Antonella,Ponce,No contesta,asignaciones,2026-06-29 08:10:32.000000,ileanaantonellaponce127@gmail.com,+541141573191,Lomas de Zamora,Formulario Web
24855,Narela,Médica,No contesta,asignaciones,2026-07-17 11:00:33.000000,mama@gmail.com,+541136543256,C.A.B.A,Vendedor-App
24898,Juan,Salaverry,No contesta,asignaciones,2026-06-24 15:49:00.000000,juanignaciosalaverry003@gmail.com,+543455486660,José C. Paz,Formulario Web
24906,Carlos,Moyano,No contesta,asignaciones,2026-06-24 15:48:32.000000,guanucocarlos08@gmail.com,+543885203032,Otra,Formulario Web
24915,Mariela,Romero,No contesta,asignaciones,2026-08-03 14:44:01.000000,romeromariela85@gmail.com,+541164799613,C.A.B.A,Formulario Web
24922,Cecilia,Valdiviezo,No contesta,asignaciones,2026-06-24 15:48:00.000000,cvaldiviezo@globalzeg.com,+541131891035,La Matanza,Formulario Web
24926,victoria,decan,No contesta,asignaciones,2026-06-30 11:09:19.000000,victoriadecan@gmail.com,+541124097239,C.A.B.A,Formulario Web
24948,Matías,Masotta,No contesta,asignaciones,2026-06-24 15:47:27.000000,vlg866@gmail.com,+541130583875,San Isidro,Formulario Web
24973,Santi,Ybañez,No contesta,asignaciones,2026-06-29 08:11:13.000000,ybanezsanti1@gmail.com,+542920370141,Quilmes,Formulario Web
24975,Mariela,Monzon,No contesta,asignaciones,2026-06-24 15:47:12.000000,marielamonzon34@gmail.com,+541164823720,Florencio Varela,Formulario Web
24980,CAROLINA VERONICA,LEMOS,No contesta,asignaciones,2026-07-17 11:00:21.000000,carola.lms@hotmail.com,+541122732928,Florencio Varela,Vendedor-App
24987,GABRIEL,LEIVA,No contesta,asignaciones,2026-07-16 15:29:04.000000,leivagabriel83@gmail.com,+541131049668,La Matanza,Vendedor-App
24993,Brayan,Rios,No contesta,asignaciones,2026-06-25 10:17:05.000000,b33rios@gmail.com,+541138320367,C.A.B.A,Formulario Web
25003,Mariela,Guevara,No contesta,asignaciones,2026-08-06 10:42:10.000000,marielaguevara@hotmail.com,+541164844575,Vicente López,Formulario Web
25006,camila sofia,conrado,No contesta,asignaciones,2026-07-23 16:33:58.000000,camilaconradoroma@gmail.com,+543444406033,C.A.B.A,Formulario Web
25011,Alberto,Alvarez,No contesta,asignaciones,2026-06-26 12:18:01.000000,alvarezalbertojavier@gmail.com,+541135430116,C.A.B.A,Formulario Web
25012,matias,benzer,No contesta,asignaciones,2026-07-17 13:53:28.000000,matiasbenzer@gmail.com,+541125834237,Almirante Brown,Formulario Web
25022,Ayelen,Paez,No contesta,asignaciones,2026-06-25 10:55:05.000000,milipaez135@gmail.com,+541130398491,Tres de Febrero,Formulario Web
25043,Angelo,Paez,No contesta,asignaciones,2026-06-25 10:55:11.000000,paezangelo278@gmail.com,+543825587959,La Matanza,Formulario Web
25068,Miguel,Serrano,No contesta,asignaciones,2026-06-25 13:56:09.000000,serranomiguel58angel@gmail.com,+541126094698,Avellaneda,Formulario Web
25072,Gonzalo Agustin,Benitez,No contesta,asignaciones,2026-06-29 08:18:07.000000,maiayamilmedina@gmail.com,+541166667949,Gral. San Martín,Formulario Web
25082,Florencia,Vorrath,No contesta,asignaciones,2026-07-01 14:29:57.000000,florenciavorrath406@gmail.com,+542266572000,La Matanza,Formulario Web
25095,Angel,Astudillo,No contesta,asignaciones,2026-06-29 15:59:57.000000,angelastudillo948@gmail.com,+541151498082,C.A.B.A,Formulario Web
25112,santino,quevedo,No contesta,asignaciones,2026-06-29 16:32:20.000000,santinoq160@gmail.com,+541137786552,José C. Paz,Formulario Web
25121,Laura,Fernandez,No contesta,asignaciones,2026-06-29 16:28:51.000000,beatrizfernandez2819@gmail.com,+541141476756,Berazategui,Formulario Web
25124,Pilar,Saltos,No contesta,asignaciones,2026-07-16 11:35:15.000000,saltospilar086@gmail.com,+543814687402,Gral. San Martín,Formulario Web
25160,Luz Antonella,Corti,No contesta,asignaciones,2026-07-23 16:34:22.000000,cortiluzantonella@gmail.com,+5491165082769,C.A.B.A,Vendedor-App
25169,Lucia,Cofre,No contesta,asignaciones,2026-07-20 12:23:02.000000,cofrelucia0@gmail.com,+542914373180,Otra,Formulario Web
25172,Melina Anahi,Rodríguez,No contesta,asignaciones,2026-06-26 12:11:57.000000,jessica188gonzales@gmail.com,+541168840810,José C. Paz,Formulario Web
25174,Axel fernando,Ruiz,No contesta,asignaciones,2026-07-20 10:34:33.000000,ruizeusebio1257@gmail.com,+543877619519,Campana,Formulario Web
25188,Neyen,Cataldo,No contesta,asignaciones,2026-07-28 15:40:25.000000,neyencataldo2@gmail.com,+541127615353,Tigre,Formulario Web
25210,Juan,Zsmora,No contesta,asignaciones,2026-06-26 12:42:06.000000,pepeurizar23@gmail.com,+541158496340,San Isidro,Formulario Web
25232,Rafael yosniel,Jiménez Diaz,No contesta,asignaciones,2026-06-27 13:38:41.000000,kundazobrasil90@gmail.com,+541161065543,Moreno,Formulario Web
25233,Jair Efrain,Villafuerte,No contesta,asignaciones,2026-08-03 14:41:22.000000,villafuejair@gmail.com,+541130068551,Lanús,Vendedor-App
25234,ANTONIA MARISA,GIMENEZ,No contesta,asignaciones,2026-07-17 10:59:18.000000,marizagimenez53@gmail.com,+541168650426,San Miguel,Vendedor-App
25235,Sandra,Candales,No contesta,asignaciones,2026-06-29 08:18:44.000000,sandracandales038@gmail.com,+541159268579,Berazategui,Formulario Web
25247,Elisa,Villca,No contesta,asignaciones,2026-06-29 16:32:01.000000,felisa31@gmail.com,+541123587174,Esteban Echeverría,Formulario Web
25248,DAMIAN,QUINTANA,No contesta,asignaciones,2026-07-17 16:11:20.000000,damianquintana2013@gmail.com,+541133240640,Lanús,Vendedor-App
25269,SILVIA,COTO,No contesta,asignaciones,2026-07-14 16:35:46.000000,silviacoto@fibertel.com.ar,+541144300412,C.A.B.A,Vendedor-App
25280,Belén,Castagnini,No contesta,asignaciones,2026-06-29 14:11:15.000000,bcastagnini5@gmail.com,+541163518974,Quilmes,Formulario Web
25283,Maria romina,Landaida,No contesta,asignaciones,2026-06-29 08:20:28.000000,romilan90@gmail.com,+541139558873,C.A.B.A,Formulario Web
25291,Yanella,De titt,No contesta,asignaciones,2026-07-20 12:20:14.000000,detittayanella@gmail.com,+5492352551853,C.A.B.A,Formulario Web
25293,enya morena,gnisci,No contesta,asignaciones,2026-07-02 09:26:40.000000,enyamorenagnisci@gmail.com,+541157309500,C.A.B.A,Formulario Web
25295,Claudia,Borquez,No contesta,asignaciones,2026-06-29 14:11:05.000000,borclau9@gmail.com,+541128359713,C.A.B.A,Formulario Web
25307,Ivana,Zabala,No contesta,asignaciones,2026-07-17 11:07:47.000000,ivanazabala88@gmail.com,+542664577444,Pilar,Formulario Web
25315,Pamela soledad,Villarreal,No contesta,asignaciones,2026-08-03 14:38:29.000000,pamelasoledad186@gmail.com,+541140500437,José C. Paz,Formulario Web
25321,Alex,Arrieta,No contesta,asignaciones,2026-06-29 12:06:56.000000,kingoata49@gmail.com,+541133737870,Merlo,Formulario Web
25322,Rosana,Miranda,No contesta,asignaciones,2026-06-29 12:06:24.000000,rosanamiranda284@gmail.com,+541139208155,Almirante Brown,Formulario Web
25326,Fiama,Zaina,No contesta,asignaciones,2026-07-17 10:59:34.000000,fiazaina@gmail.com,+542616689270,C.A.B.A,Formulario Web
25333,Alejandro,Vázquez,No contesta,asignaciones,2026-06-30 16:26:05.000000,av6709919@gmail.come,+543888503982,Avellaneda,Formulario Web
25337,juan,Morales,No contesta,asignaciones,2026-06-29 12:02:54.000000,jianmoraless073@gmail.com,+541176670613,Gral. San Martín,Formulario Web
25340,Carla,Kiszka,No contesta,asignaciones,2026-07-01 09:37:20.000000,carlakiszka@hotmail.com,+541124586624,San Isidro,Formulario Web
25350,Maximo,Zabala,No contesta,asignaciones,2026-07-01 10:43:58.000000,zabalamaximo77@gmail.com,+5491150008197,C.A.B.A,Formulario Web
25351,Luis,Barrozo,No contesta,asignaciones,2026-07-20 12:14:39.000000,luisbarrozo12345@gmail.com,+5490022971580,Ezeiza,Formulario Web
25360,Sixto,Toledo,No contesta,asignaciones,2026-07-03 11:32:21.000000,sixtolucianotoledo@gmail.com,+542975093796,Tigre,Formulario Web
25367,Eliana,Flores,No contesta,asignaciones,2026-07-03 15:48:05.000000,casajuana425@gmail.com,+541138264058,Florencio Varela,Formulario Web
25369,Cande,Dolis,No contesta,asignaciones,2026-07-01 11:41:12.000000,candelasolis1738@gmail.com,+541176706970,Florencio Varela,Formulario Web
25372,Andrea Lucia,GóMez,No contesta,asignaciones,2026-06-30 16:17:48.000000,andrealucia946@gmail.com,+543758502827,Otra,Formulario Web
25373,Lautaro,Garcia,No contesta,asignaciones,2026-07-28 15:40:38.000000,lautarosebastian228@gmail.com,+541162377377,Merlo,Formulario Web
25382,Carolina Nahir,Medina,No contesta,asignaciones,2026-07-06 16:18:47.000000,rocioevelynmedina@gmail.com,+541124746981,Tres de Febrero,Formulario Web
25393,Macarena Melina,Supzeszyn,No contesta,asignaciones,2026-07-17 13:52:43.000000,msupzeszyn@gmail.com,+541137949084,Merlo,Formulario Web
25395,Jazmin,Bures,No contesta,asignaciones,2026-06-29 11:33:53.000000,buresjazmin@gmail.com,+541155885954,Lomas de Zamora,Formulario Web
25398,Raquel,Gaspar,No contesta,asignaciones,2026-07-03 11:32:34.000000,rg1656972@gmail.com,+542478405685,Campana,Formulario Web
25404,Cintia,Gomez,No contesta,asignaciones,2026-06-29 12:22:43.000000,cintianoemi1218@gmail.com,+541168300518,Malvinas Argentinas,Formulario Web
25410,Lorena,Cabrera,No contesta,asignaciones,2026-07-06 16:00:20.000000,lc2599695@gmail.com,+542216920012,C.A.B.A,Formulario Web
25411,Katerinne,QUINTANA ESTIGARRIBIA,No contesta,asignaciones,2026-06-29 11:33:26.000000,quintanaestefani96@gmail.com,+541165723998,Lomas de Zamora,Formulario Web
25456,Agustín,Juarez,No contesta,asignaciones,2026-06-29 16:54:10.000000,agustinjuarez3222@gmail.com,+541136738849,La Matanza,Formulario Web
25500,Ariel,Moreno,No contesta,asignaciones,2026-07-06 11:41:47.000000,morenoariel@gmail.com,+541156238990,Otra,Vendedor-App
25501,Antonella,Lopez,No contesta,asignaciones,2026-07-20 10:34:58.000000,lopezanto988@gmail.com,+541161109780,Berazategui,Formulario Web
25509,Conyuge,conyu,No contesta,asignaciones,2026-06-30 16:08:51.000000,correo@gmail.com,+541132889963,Hurlingham,Vendedor-App
25525,Celeste,Talavera,No contesta,asignaciones,2026-07-06 16:10:11.000000,celestalavera8@gmail.com,+541167423402,Gral. San Martín,Formulario Web
25530,Vicente daniel,Jara,No contesta,asignaciones,2026-06-29 15:50:22.000000,vj7199653@gmail.com,+541166550497,C.A.B.A,Formulario Web
25545,gaston dimas,aguirre,No contesta,asignaciones,2026-07-03 10:48:38.000000,stazikdimas@gmail.com,+541163788880,Tigre,Formulario Web
25565,Agustin,Esposito,No contesta,asignaciones,2026-07-01 09:39:25.000000,agusespovalenti@gmail.com,+541139141762,La Matanza,Formulario Web
25582,Marina,Gomez,No contesta,asignaciones,2026-06-30 12:55:12.000000,marrgomez94@gmail.com,+541128789726,Quilmes,Formulario Web
25587,Brisa,Rivas,No contesta,asignaciones,2026-07-03 13:46:51.000000,brisanazarena777@gmail.com,+541171370729,Morón,Formulario Web
25589,Franco,Barua,No contesta,asignaciones,2026-06-30 14:07:52.000000,francobarua5@gmail.com,+541125041740,Lomas de Zamora,Formulario Web
25593,Paulina,Gomez,No contesta,asignaciones,2026-07-03 12:59:53.000000,pauligom22@gmail.com,+541138332954,Lomas de Zamora,Formulario Web
25606,Agustin,Ciccarelli,No contesta,asignaciones,2026-07-01 09:39:00.000000,agustin.ciccarelli98@hotmail.com,+541164854500,Tres de Febrero,Formulario Web
25615,laura,tra,No contesta,asignaciones,2026-07-01 09:40:15.000000,lauratravaglini1@hotmail.com,+541159204948,C.A.B.A,Formulario Web
25617,Samuel Agustin,Oberoff,No contesta,asignaciones,2026-07-11 18:32:09.000000,oberoffsamuel@gmail.com,+541151512249,Malvinas Argentinas,Formulario Web
25639,Percy,zamalloa,No contesta,asignaciones,2026-07-01 09:40:46.000000,randallgorvenia432@gmail.com,+542214766978,C.A.B.A,Formulario Web
25648,Micaela,Micaela Ortiz,No contesta,asignaciones,2026-07-02 11:56:52.000000,mo2496994@gmail.com,+541126468075,Florencio Varela,Formulario Web
25650,Marina,Carrizo,No contesta,asignaciones,2026-07-17 11:07:36.000000,martinacarrizo@gmail.com,+541135667898,C.A.B.A,Formulario Web
25656,LIAM,BARROCA,No contesta,asignaciones,2026-07-23 16:34:47.000000,liambarroca7@gmail.com,+541123099133,Almirante Brown,Vendedor-App
25659,Paula,Soria,No contesta,asignaciones,2026-07-01 09:41:14.000000,paulasoria08@gmail.com,+541141413580,Quilmes,Formulario Web
25690,Daiana,Sccwapp,No contesta,asignaciones,2026-07-27 12:38:20.000000,daianaschwapp53@gmail.com,+542984928877,Avellaneda,Formulario Web
25693,Gaññg,Gonzalez,No contesta,asignaciones,2026-07-01 12:49:11.000000,colaborador1340@gmail.com,+541167085041,C.A.B.A,Formulario Web
25707,Juliana,Catan,No contesta,asignaciones,2026-07-02 09:25:49.000000,catanjuliana00@gmail.com,+543857405222,C.A.B.A,Formulario Web
25710,ERICA,MANCILLA,No contesta,asignaciones,2026-07-17 13:51:59.000000,mancillaerika464@gmail.com,+541123880898,Avellaneda,Vendedor-App
25723,Roxana,Visciglia,No contesta,asignaciones,2026-07-02 11:56:44.000000,roxy_ochi@live.com,+541123141053,Gral. San Martín,Formulario Web
25736,Leon,Gómez,No contesta,asignaciones,2026-07-17 15:52:10.000000,leongbsso2006@gmail.com,+542213189432,C.A.B.A,Formulario Web
25754,José,Garrido,No contesta,asignaciones,2026-07-20 12:00:07.000000,jg81616336@gmail.com,+542944550686,Malvinas Argentinas,Formulario Web
25761,Elias,Elias Martinez,No contesta,asignaciones,2026-07-01 15:37:51.000000,monomartinez3232@gmail.com,+541136126743,Ezeiza,Formulario Web
25763,Lautro,De jesus,No contesta,asignaciones,2026-07-17 11:18:55.000000,lautarodejesus728@gmail.com,+541151620343,C.A.B.A,Formulario Web
25789,Xiomara,Zárate,No contesta,asignaciones,2026-07-02 10:40:49.000000,xiomarapelochuso1342@gmail.com,+543487618845,Zárate,Formulario Web
25794,valentina alanis,castro,No contesta,asignaciones,2026-07-16 11:35:40.000000,valenc455@gmail.com,+541123538034,Esteban Echeverría,Formulario Web
25807,magda carolina,acosta,No contesta,asignaciones,2026-07-20 11:58:36.000000,magdacarolinaacosta@gmail.com,+541160339336,Vicente López,Formulario Web
25816,FEDE,CURA,No contesta,asignaciones,2026-07-08 12:11:35.000000,fede@gmail.com,+541130071914,Tres de Febrero,Vendedor-App
25821,Azul,Reimer,No contesta,asignaciones,2026-07-02 09:27:12.000000,azulreimer1@gmail.com,+541126551694,C.A.B.A,Formulario Web
25825,Santino,Coronel,No contesta,asignaciones,2026-07-03 13:13:29.000000,santinocoronel731@gmail.com,+542213557724,San Fernando,Formulario Web
25830,NATALIA,TALAVERA,No contesta,asignaciones,2026-07-23 16:35:07.000000,natalytalavera@gmail.com,+541133732239,Pilar,Vendedor-App
25834,Genaro,Ortiz,No contesta,asignaciones,2026-07-07 10:12:48.000000,genaortiz38@gmail.com,+542473464333,Zárate,Formulario Web
25836,LAURA VANESA,LOBOS,No contesta,asignaciones,2026-07-17 13:52:06.000000,lauralobosv88@gmail.com,+541131188994,C.A.B.A,Vendedor-App
25839,LUCAS,GONZALEZ,No contesta,asignaciones,2026-07-29 15:44:29.000000,lucasgon77@gmail.com,+541146341045,La Matanza,Vendedor-App
25842,Maria del Carmen,perez,No contesta,asignaciones,2026-07-17 13:51:50.000000,provisionindustrial17@gmail.com,+541134110454,Avellaneda,Vendedor-App
25845,Lyda Alejandra,Recalde,No contesta,asignaciones,2026-07-07 10:12:57.000000,lydarecalde517@gmail.com,+541134238268,San Fernando,Formulario Web
25847,FIORELLA,RIGAMONTI,No contesta,asignaciones,2026-07-17 13:51:40.000000,fiorellamrigamonti@gmail.com,+541131519836,Pilar,Vendedor-App
25854,Angelo,Ante quera,No contesta,asignaciones,2026-07-28 15:41:31.000000,nahuelantequera51@gmail.com,+542302528717,Avellaneda,Formulario Web
25859,Bianca morena,Fernández,No contesta,asignaciones,2026-07-02 16:13:30.000000,fernandezyustina9@gmail.com,+541138858309,Tigre,Formulario Web
25867,Laura otilia,Yanquin,No contesta,asignaciones,2026-07-06 10:38:56.000000,llanquinlaura98@gmail.com,+542966406144,Pilar,Formulario Web
25879,Brenda,Torres,No contesta,asignaciones,2026-07-06 14:27:15.000000,brentorres236@gmail.com,+541170605287,Gral. San Martín,Formulario Web
25884,Matias,Iannuccilli,No contesta,asignaciones,2026-08-28 16:22:48.000000,diegoiannuccilli98@gmail.com,+541163592601,C.A.B.A,Formulario Web
25893,Brisa,Lemma,No contesta,asignaciones,2026-07-16 11:35:34.000000,brisafutbol10@gmail.com,+541125424383,Lomas de Zamora,Formulario Web
25914,Maximiliano,Odetti,No contesta,asignaciones,2026-07-10 15:39:04.000000,maximilianoodetti3@gmail.com,+543534799433,Otra,Formulario Web
25933,Romina Vanesa,Figueroa Albero,No contesta,asignaciones,2026-08-03 13:04:06.000000,romiivane28@gmail.com,+541162386116,Gral. San Martín,Formulario Web
25963,Luna,Rojo,No contesta,asignaciones,2026-07-02 16:12:57.000000,rojonahiracatalina@gmail.com,+542622542318,Malvinas Argentinas,Formulario Web
25978,Fernanda,Da Costa Machado,No contesta,asignaciones,2026-07-03 13:05:50.000000,nandadcm@gmail.com,+541125533556,C.A.B.A,Formulario Web
25980,Maxima,Garcia,No contesta,asignaciones,2026-07-06 13:00:12.000000,garciamaxima537@gmail.com,+541122582765,Merlo,Formulario Web
26000,Williams Ismael,Williams Navarro,No contesta,asignaciones,2026-07-06 10:19:22.000000,navarrowilliams99@gmail.com,+541133249418,C.A.B.A,Formulario Web
26021,Sergio,Toloza,No contesta,asignaciones,2026-07-20 12:11:44.000000,sertolytt@gmail.com,+541165315067,La Matanza,Formulario Web
26028,Damian,Di Francesco,No contesta,asignaciones,2026-09-07 12:01:03.000000,difran50@hotmail.com,+541133987133,Quilmes,Formulario Web
26029,Patricia,Fabia,No contesta,asignaciones,2026-07-08 15:58:57.000000,guadafabian@gmail.com,+541133533048,C.A.B.A,Formulario Web
26030,Cinthia,Herrera,No contesta,asignaciones,2026-07-08 14:45:34.000000,cinthiadanielah@gmail.com,+541126064936,La Matanza,Formulario Web
26032,carlos maria,molina,No contesta,asignaciones,2026-07-06 14:25:52.000000,fabianamendizabal20@gmail.cln,+542326408919,Otra,Formulario Web
26050,Lionel,Serrano,No contesta,asignaciones,2026-07-08 16:00:16.000000,serranolionel40@gmail.coms,+541126500248,Moreno,Formulario Web
26056,Yamila,Silva,No contesta,asignaciones,2026-08-04 14:20:47.000000,yamilasilva2311@gmail.com,+541136303545,Avellaneda,Formulario Web
26068,Valentín,Valentin Ruiz,No contesta,asignaciones,2026-09-02 12:48:56.000000,ruizvalentin269@gmail.com,+5491138115852,Gral. San Martín,Formulario Web
26085,Florencia Adriana,Velazquez,No contesta,asignaciones,2026-07-17 11:26:49.000000,florecia2813@gmail.com,+541154694801,Florencio Varela,Formulario Web
26104,Karina,Gareca,No contesta,asignaciones,2026-07-06 10:20:03.000000,katrina241074@gmail.com,+541124690945,C.A.B.A,Formulario Web
26123,PRUEBA,PRUEBA,No contesta,asignaciones,2026-07-10 14:30:44.000000,cintiacobermedicina@gmail.com,+541169007942,C.A.B.A,Vendedor-App
26130,Sol,Landra,No contesta,asignaciones,2026-07-08 16:07:07.000000,sollandra@hotmail.com,+541139095224,Gral. San Martín,Formulario Web
26135,Linda,Venialgo,No contesta,asignaciones,2026-07-17 11:02:04.000000,lindavenialgo@outlook.com,+541135099632,C.A.B.A,Formulario Web
26160,Deni,Cabral,No contesta,asignaciones,2026-07-13 15:55:28.000000,dc9414415@gmail.com,+543856502848,C.A.B.A,Formulario Web
26163,Jose,Pelozo,No contesta,asignaciones,2026-07-06 16:06:33.000000,paton12342026@gmail.com,+541134299422,Merlo,Formulario Web
26167,Luis Gabriel,Barilaro,No contesta,asignaciones,2026-07-20 12:10:19.000000,loquitopepovende@gmail.com,+5490022992096,Otra,Formulario Web
26197,Brisa,Ramirez,No contesta,asignaciones,2026-07-17 13:51:21.000000,pomeli46@gmail.com,+541161983336,Tres de Febrero,Formulario Web
26202,Mariana,Fernandez,No contesta,asignaciones,2026-07-20 11:52:44.000000,mf903714@gmail.com,+541132608634,Avellaneda,Formulario Web
26207,Lucio,Rinaldi,No contesta,asignaciones,2026-07-10 14:30:33.000000,luciorinaldi22@gmail.com,+541170835309,C.A.B.A,Formulario Web
26208,Lionel,Albarracin,No contesta,asignaciones,2026-08-28 16:12:57.000000,petronafilm@gmail.com,+541121786994,Avellaneda,Formulario Web
26214,Juan,Marsano,No contesta,asignaciones,2026-07-17 13:51:25.000000,marsanojuanoscar1@gmail.com,+541166146995,C.A.B.A,Formulario Web
26220,Bruno,Lucero,No contesta,asignaciones,2026-07-29 10:53:32.000000,brunoese47@gmail.com,+542804260342,Otra,Formulario Web
26225,Victor,Serratore,No contesta,asignaciones,2026-07-10 14:30:26.000000,4448ms47@gmail.com,+541136233608,Otra,Formulario Web
26228,Joel,Perichon,No contesta,asignaciones,2026-07-20 11:51:39.000000,perichonjoel8@gmail.com,+541140688129,Tigre,Formulario Web
26233,Stephanie,Mendez,No contesta,asignaciones,2026-07-17 11:28:31.000000,stephaniemendez2026@gmail.com,+541141903569,Ezeiza,Formulario Web
26237,Vanesa,Torres,No contesta,asignaciones,2026-07-20 11:51:15.000000,ezevanepri12@gmail.com,+542622351003,Almirante Brown,Formulario Web
26247,Casandra,Andrada,No contesta,asignaciones,2026-07-06 17:21:16.000000,casandraandrada34@gmail.com,+543834235180,San Fernando,Formulario Web
26254,Maria,Fernandez,No contesta,asignaciones,2026-07-20 11:50:28.000000,mf7679113@gail.com,+541130154858,José C. Paz,Formulario Web
26280,Giuliana,Zosi,No contesta,asignaciones,2026-07-17 11:35:07.000000,zosigiuliana17@gmail.com,+542214884239,Otra,Formulario Web
26283,Denise,Ruiz,No contesta,asignaciones,2026-07-06 17:22:02.000000,ruizdenise9@gmail.com,+541166502125,C.A.B.A,Formulario Web
26304,Nilda Johanna,Romero,No contesta,asignaciones,2026-07-24 15:12:34.000000,romeronildajohanna@gmail.com,+541176604137,Tigre,Formulario Web
26307,Valentina,Larlus,No contesta,asignaciones,2026-07-17 11:01:57.000000,larlusvalentina539@gmail.com,+542494315252,Otra,Formulario Web
26314,Agustín,Irrutia,No contesta,asignaciones,2026-07-16 11:35:52.000000,airrutia90@gmail.com,+542617789897,Campana,Formulario Web
26341,Yoselin,Fredes,No contesta,asignaciones,2026-07-08 16:01:50.000000,fredesyoselin8@gmail.com,+542664888776,Campana,Formulario Web
26370,Lidia,silva,No contesta,asignaciones,2026-07-07 09:20:52.000000,sl7587976@gmail.com,+541140952122,La Matanza,Formulario Web
26386,Ana,Lombardo,No contesta,asignaciones,2026-07-08 16:07:51.000000,anapaulalombardo01@outlook.com,+541173856473,Ituzaingó,Formulario Web
26391,PABLO FACUNDO,ROLDAN,No contesta,asignaciones,2026-07-08 16:57:45.000000,ruthale9@yahoo.com.ar,+541123218079,Lanús,Formulario Web
26394,Bárbara Sofía,Carboni,No contesta,asignaciones,2026-08-04 14:19:45.000000,bscarboni@gmail.com,+541150533945,C.A.B.A,Formulario Web
26416,Paulina,De los Santos,No contesta,asignaciones,2026-07-16 15:26:11.000000,paulina_delossantos@hotmail.com,+541121909333,San Isidro,Vendedor-App
26419,Emili,Perez,No contesta,asignaciones,2026-07-20 10:52:54.000000,nenucoju@gmail.com,+541127008314,C.A.B.A,Formulario Web
26423,Adriela Magali,Sartori,No contesta,asignaciones,2026-07-08 16:10:50.000000,adry_ms_94@hotmail.com,+543754411693,C.A.B.A,Formulario Web
26436,Bere,Gonzalez,No contesta,asignaciones,2026-07-17 11:37:42.000000,bereegonzalez@hotmail.com,+541169529964,C.A.B.A,Formulario Web
26440,Cyn,Rodri,No contesta,asignaciones,2026-07-09 23:02:13.000000,doctoracynthiarodriguez@gmail.com,+541157990944,C.A.B.A,Formulario Web
26447,EVALUNA,BETANCOURT,No contesta,asignaciones,2026-07-20 10:52:05.000000,betancourtevaluna9@gmail.com,+541151116074,Lanús,Formulario Web
26449,Micaela,Nuñez,No contesta,asignaciones,2026-07-17 11:39:49.000000,leonmiky02@gmail.com,+541136327882,Merlo,Formulario Web
26464,Jeremias,Alderete,No contesta,asignaciones,2026-07-09 23:02:59.000000,jeremiasalderete174@gmail.com,+541138911762,Berazategui,Formulario Web
26465,Daeio oscar,Cañete,No contesta,asignaciones,2026-07-10 15:51:11.000000,dariooscarcanete@gmail.com,+541124909651,Gral. San Martín,Formulario Web
26466,Yesica,Maccio,No contesta,asignaciones,2026-07-22 16:25:13.000000,ymaccio17@gmail.com,+541130138132,Lomas de Zamora,Formulario Web
26482,Rosa,Calpanchay,No contesta,asignaciones,2026-07-20 10:35:30.000000,calpanchayrosana123@gmail.com,+543834031284,San Fernando,Formulario Web
26506,silvina,dolores,No contesta,asignaciones,2026-07-17 13:51:08.000000,sytaguirre@gmail.com,+541138262016,Lanús,Vendedor-App
26525,Laura Florencia,Martin,No contesta,asignaciones,2026-07-09 23:03:32.000000,lauraflorencia@hotmail.com,+541154608971,C.A.B.A,Formulario Web
26539,julian,van landeghem,No contesta,asignaciones,2026-07-15 12:47:30.000000,julivanalandeghem@gmail.com,+541165889021,Quilmes,Formulario Web
26552,Micaela,Nuñez,No contesta,asignaciones,2026-07-17 10:09:04.000000,micaelaunicaba@gmail.com,+541169712093,Avellaneda,Formulario Web
26560,Franco,Sánchez,No contesta,asignaciones,2026-07-13 15:28:02.000000,francovaldez639@gmail.com,+5490026008967,Campana,Formulario Web
26603,Lilian,Andrade,No contesta,asignaciones,2026-08-04 14:18:27.000000,andradeliliand@gmail.com,+541125795408,C.A.B.A,Formulario Web
26641,Rocio,Niveyro,No contesta,asignaciones,2026-07-08 15:36:40.000000,rocioniveyrob@gmail.com,+541141794941,Lomas de Zamora,Formulario Web
26658,Beatriz,Franco,No contesta,asignaciones,2026-08-03 13:00:03.000000,francovilma405@gmail.com,+542216787237,C.A.B.A,Formulario Web
26663,María Cristina,Pastrana,No contesta,asignaciones,2026-07-24 15:10:59.000000,mariacristinapastrana0@gmail.com,+541166155499,Tigre,Formulario Web
26685,Dionisio,caceres,No contesta,asignaciones,2026-07-12 17:43:52.000000,dioniciocaceres204@gmail.com,+541126207871,Pilar,Formulario Web
26688,Cintia,Gomez,No contesta,asignaciones,2026-07-17 11:01:37.000000,sabrinacg122@gmail.com,+541122762872,Moreno,Formulario Web
26693,Marcela,Barria,No contesta,asignaciones,2026-07-20 11:49:39.000000,barriamarcela87@gmail.com,+542975935463,Malvinas Argentinas,Formulario Web
26694,Lautaro,Funes,No contesta,asignaciones,2026-07-14 10:59:33.000000,funeslautaro103@gmail.com,+542613602024,Malvinas Argentinas,Formulario Web
26702,Marcelo,Calama,No contesta,asignaciones,2026-07-17 10:08:26.000000,marcelocalama3@gmail.com,+541123356103,José C. Paz,Formulario Web
26703,Maximiliano,Maximiliano Sanchez,No contesta,asignaciones,2026-07-17 15:54:20.000000,maxsanldz@gmail.com,+541159888828,Otra,Formulario Web
26705,Darwin,Roque Villavicencio,No contesta,asignaciones,2026-07-10 11:47:43.000000,darwinroque1306@gmail.com,+541165872749,C.A.B.A,Formulario Web
26708,Ricardo,Diaz,No contesta,asignaciones,2026-07-12 17:42:26.000000,ricardito301995@gmail.com,+543855195156,Quilmes,Formulario Web
26722,Francisco,ivan Burgos,No contesta,asignaciones,2026-07-17 15:34:01.000000,franciscoivanburgos@gmail.com,+541176595049,Merlo,Formulario Web
26723,Mara,Bazan,No contesta,asignaciones,2026-07-17 12:37:09.000000,marabazan740@gmail.com,+541165901699,Quilmes,Formulario Web
26728,Carlos,Barrios,No contesta,asignaciones,2026-07-15 12:48:13.000000,marianavbarrios15@gmail.com,+541158075532,Ezeiza,Formulario Web
26732,Tomas,Gonzalez Blanch Flower,No contesta,asignaciones,2026-07-10 11:56:13.000000,tomasblanchf@gmail.com,+541139138006,Lomas de Zamora,Formulario Web
26739,Carmen Graciela,Merk,No contesta,asignaciones,2026-07-28 15:49:34.000000,gracielamerk@yahoo.com,+541156406080,C.A.B.A,Formulario Web
26744,Eliana,Cioffi,No contesta,asignaciones,2026-07-10 15:49:18.000000,ecioffi241@gmail.com,+541134778640,Lanús,Formulario Web
26748,Maria Fernanda,Vannini,No contesta,asignaciones,2026-09-02 15:14:43.000000,gotadelluvia71@gmail.com,+541157405448,Lomas de Zamora,Formulario Web
26759,oriana,jara,No contesta,asignaciones,2026-07-17 13:50:36.000000,jaraoriana721@gmil.com,+542216381965,Pilar,Formulario Web
26764,Claudia,Rodríguez,No contesta,asignaciones,2026-07-15 12:50:42.000000,cr5886122@gmail.com,+541125825805,Almirante Brown,Formulario Web
26766,Lucia,Ripa,No contesta,asignaciones,2026-07-10 15:49:23.000000,luciaabigailripa@gmail.com,+542296893116,Gral. San Martín,Formulario Web
26768,Estela,Fabiano,No contesta,asignaciones,2026-08-26 10:40:24.000000,estelafabiano628@gmail.com,+542223508205,C.A.B.A,Formulario Web
26769,Thiago,Rodríguez,No contesta,asignaciones,2026-07-17 14:37:01.000000,thiagordgz06@gmail.com,+543436223714,Otra,Formulario Web
26770,Rocio,Ramirez,No contesta,asignaciones,2026-09-02 15:15:58.000000,rochy9373@gmail.com,+542326403194,Otra,Formulario Web
26772,Candela,Orellana,No contesta,asignaciones,2026-07-10 11:55:35.000000,nailaorellana836@gmail.com,+541161152201,Moreno,Formulario Web
26798,Nora,Piantanida,No contesta,asignaciones,2026-07-12 17:43:07.000000,norapiantanida@gmail.com,+541136165967,C.A.B.A,Formulario Web
26808,Jerónimo,Rossi,No contesta,asignaciones,2026-08-03 12:57:02.000000,jerorossi0@gmail.com,+5491157431717,C.A.B.A,Formulario Web
26836,Mariana Elizabeth,Moyano,No contesta,asignaciones,2026-07-31 11:24:48.000000,marianmoyano72@gmail.com,+541159666648,Gral. San Martín,Formulario Web
26848,Briana,campos,No contesta,asignaciones,2026-07-10 15:28:31.000000,brianaandreacandiacampos@gmail.com,+541170807722,Malvinas Argentinas,Formulario Web
26858,Hector,Daniel,No contesta,asignaciones,2026-07-17 13:50:26.000000,dani87gomez@hotmail.com,+541124872296,Gral. San Martín,Vendedor-App
26860,SUSANA,HURLINGHAM,No contesta,asignaciones,2026-08-24 10:24:59.000000,su.hurli@yahoo.com,,Lomas de Zamora,Vendedor-App
26865,Andrea,Steppunhn,No contesta,asignaciones,2026-08-03 12:56:27.000000,andrea1976@gmail.com,+541155641304,Otra,Vendedor-App
26866,DARDO,DATO,No contesta,asignaciones,2026-07-20 15:24:02.000000,dardo2085@gmail.com,,Gral. San Martín,Vendedor-App
26871,MIGUEL,MENDEZ,No contesta,asignaciones,2026-07-23 12:18:50.000000,miguelmendez@ymail.com,+541153437820,C.A.B.A,Vendedor-App
26889,Emiliano,Trotta,No contesta,asignaciones,2026-07-24 12:57:53.000000,emilianotrotta83@hmail.com,+541161434879,La Matanza,Formulario Web
26896,Banesa,Boan,No contesta,asignaciones,2026-07-20 12:11:55.000000,vanesaboan1977@gmail.com,+541136713097,Moreno,Formulario Web
26898,Oriana,Rodríguez,No contesta,asignaciones,2026-07-17 11:01:02.000000,orianagimenez1234@gmail.com,+543445490141,Campana,Formulario Web
26905,Angie,fazio,No contesta,asignaciones,2026-07-20 11:40:51.000000,angietripera@gmail.com,+542212001654,C.A.B.A,Formulario Web
26929,Hugo,ocu,No contesta,asignaciones,2026-07-17 15:44:04.000000,jorge63@gmail.com,+541168615387,Otra,Vendedor-App
26940,Micaela,Bernst,No contesta,asignaciones,2026-07-17 18:25:44.000000,bernstmica@gmail.com,+541165743254,Vicente López,Formulario Web
26942,Joselusi,Escalante,No contesta,asignaciones,2026-07-13 11:28:47.000000,escalantejoseluis102@gmail.com,+541162595227,José C. Paz,Formulario Web
26946,Milena Belén,Aquino,No contesta,asignaciones,2026-07-23 16:35:33.000000,aquinomilena460@gmail.com,+543456584549,San Fernando,Formulario Web
26953,Daniel,Aranda,No contesta,asignaciones,2026-07-20 12:12:07.000000,moscadelafe12@gmail.com,+541151163611,La Matanza,Formulario Web
26955,LUCAS MARCELO,ROMERO,No contesta,asignaciones,2026-07-17 13:49:56.000000,lucasemi1992@gmail.com,+543834035393,San Fernando,Formulario Web
26958,Barbara,Go,No contesta,asignaciones,2026-08-25 17:20:01.000000,barby.bg@hotmail.com,+541155248413,C.A.B.A,Formulario Web
26960,Samanta,Ohingis,No contesta,asignaciones,2026-07-13 11:29:10.000000,gaonasamanta@gmail.com,+541168017036,La Matanza,Formulario Web
27005,Hugo,Silva,No contesta,asignaciones,2026-07-20 12:12:19.000000,racinghugostones@gmail.com,+541164768447,La Matanza,Formulario Web
27007,Florencia soledad,Cisneros,No contesta,asignaciones,2026-07-28 15:57:32.000000,matiasegerez@gmail.com,+541120499845,Moreno,Formulario Web
27011,Daniel,Olivera,No contesta,asignaciones,2026-07-14 13:58:09.000000,anideluk@gmail.com,+541163072768,La Matanza,Formulario Web
27028,Axel elian,Godoy,No contesta,asignaciones,2026-08-25 17:08:01.000000,godoyaxelelian@gmail.com,+541157373469,Florencio Varela,Formulario Web
27034,Florencia,Vera,No contesta,asignaciones,2026-07-14 13:58:13.000000,vera.florencia@hotmail.com,+541149800322,Quilmes,Formulario Web
27037,Sol,Crotti,No contesta,asignaciones,2026-07-13 19:37:59.000000,solcrotti@gmail.com,+541141428601,Lomas de Zamora,Formulario Web
27050,Camila,Ramírez,No contesta,asignaciones,2026-07-13 16:04:09.000000,camilagiuliana70@gmail.com,+543518154176,C.A.B.A,Formulario Web
27057,Ezequiel,Bello,No contesta,asignaciones,2026-07-14 11:00:35.000000,belloezequiel173@gmail.com,+541176015503,Pilar,Formulario Web
27058,Lautaro,Lafuente,No contesta,asignaciones,2026-07-16 17:14:59.000000,rojasrodrigob@gmail.com,+541169696509,Almirante Brown,Formulario Web
27059,Ezequiel,Celiz,No contesta,asignaciones,2026-07-22 14:50:44.000000,celizezequieldavid@gmail.com,+542657281908,Zárate,Formulario Web
27060,Nicolas,Marzonetto,No contesta,asignaciones,2026-07-17 15:34:51.000000,nicomarzo71@gmail.com,+542635024643,Otra,Formulario Web
27066,Marcos,Rodiadis,No contesta,asignaciones,2026-07-20 12:12:39.000000,marcosrodiadismp@gmail.com,+541168735026,Otra,Formulario Web
27076,Camila Victoria,Martinez,No contesta,asignaciones,2026-07-20 10:50:40.000000,camimartinez147@gmail.com,+541165514595,Florencio Varela,Formulario Web
27077,Roman,Castro,No contesta,asignaciones,2026-07-14 11:01:49.000000,romancastro566@gmail.com,+541150636574,Merlo,Formulario Web
27079,Guillermina,Pagliero,No contesta,asignaciones,2026-07-17 13:49:49.000000,sofiapgliero@ymail.com,+541141458865,C.A.B.A,Formulario Web
27080,Claudia,Ploskenos,No contesta,asignaciones,2026-07-16 15:24:12.000000,claudiaploskenos@hotmail.com,+542995321440,Otra,Formulario Web
27089,Carla Verónica,González,No contesta,asignaciones,2026-08-07 10:46:32.000000,angelvillalba1613@gmail.com,+541135802283,Almirante Brown,Formulario Web
27110,VIVIANA DE LOS ANGELES,NINANCURO ARREGUI,No contesta,asignaciones,2026-07-15 19:56:29.000000,vninancuro@gmail.com,+541176440100,C.A.B.A,Vendedor-App
27118,Patri,pa,No contesta,asignaciones,2026-08-03 12:45:39.000000,patry48@gmail.com,+541168699339,Otra,Vendedor-App
27129,LORENA,LOTO,No contesta,asignaciones,2026-07-17 13:49:34.000000,lorenaloto76@gmail.com,+541137997431,La Matanza,Vendedor-App
27134,Diego Andres,Gomez,No contesta,asignaciones,2026-07-16 15:25:17.000000,diegogomez9@gmail.com,+541133232119,San Isidro,Vendedor-App
27138,ROSA,PUNTOo,No contesta,asignaciones,2026-07-22 16:37:15.000000,puntorosan@gmail.com,,C.A.B.A,Vendedor-App
27140,Denisse ludmila,Mendoza,No contesta,asignaciones,2026-07-13 19:50:41.000000,ludmilamendoza861@gmail.com,+541166470417,La Matanza,Formulario Web
27166,Cris,sric,No contesta,asignaciones,2026-08-03 12:37:41.000000,crisparticular@gmail.com,+541168217565,Otra,Vendedor-App
27186,Karina,leo,No contesta,asignaciones,2026-08-03 12:36:07.000000,karileo@gmail.com,+541157530344,Morón,Vendedor-App
27196,Gabo,Huarte,No contesta,asignaciones,2026-07-15 13:45:14.000000,leticiavirguez@gmail.com,+541162202492,C.A.B.A,Formulario Web
27203,Mariela,Garcia,No contesta,asignaciones,2026-07-24 12:54:43.000000,mg3772280@gmail.com,+543489330443,Campana,Formulario Web
27207,Romina,Rivero,No contesta,asignaciones,2026-07-16 15:24:08.000000,rominarivero281@gmail.com,+541128701186,Pilar,Formulario Web
27214,Tiaru,Gimenez,No contesta,asignaciones,2026-07-23 17:24:52.000000,gimeneztiaru20@gmail.com,+542477634963,Otra,Formulario Web
27215,Marcos,Aguirre,No contesta,asignaciones,2026-07-22 10:20:07.000000,marcosdavidaguirre35@gmail.com,+542665127503,Otra,Formulario Web
27229,HERNAN DANIEL,HOFFMAN,No contesta,asignaciones,2026-07-20 11:49:58.000000,hernandh19@outlook.com,+541135701677,C.A.B.A,Vendedor-App
27246,Santiago,Rd,No contesta,asignaciones,2026-07-15 13:45:00.000000,sromerodelfino@gmail.com,+541149271617,C.A.B.A,Formulario Web
27247,Maria,jo,No contesta,asignaciones,2026-07-20 11:39:20.000000,maria50@gmail.com,,Otra,Vendedor-App
27250,Sergio ariel,Sandobal,No contesta,asignaciones,2026-08-25 12:53:51.000000,manuchisandobal61@gmail.com,+541139189057,Almirante Brown,Formulario Web
27251,Rodolfo,Leigues Carbajal,No contesta,asignaciones,2026-07-15 12:56:38.000000,leiguesrodolfo1@gmail.com,+541164204041,C.A.B.A,Formulario Web
27271,Carla,Sariano,No contesta,asignaciones,2026-07-27 12:38:41.000000,csariano@gmail.com,+541130820005,Lanús,Formulario Web
27277,Walter,catan,No contesta,asignaciones,2026-08-03 12:33:37.000000,waltercatan@gmail.com,+541124180616,Otra,Vendedor-App
27281,Fabrizio,Mallon,No contesta,asignaciones,2026-07-16 15:24:24.000000,fabriciomallon015@gmail.com,+541125588327,C.A.B.A,Vendedor-App
27294,Cladia,Nuñez,No contesta,asignaciones,2026-07-20 12:12:58.000000,amayaleandro035@gmail.com,+541169437530,Lomas de Zamora,Formulario Web
27295,Macarena,Arcuri,No contesta,asignaciones,2026-07-20 15:08:42.000000,macarenaarcuri@gmail.com,+541122729400,Vicente López,Formulario Web
27303,Natalia,Basile,No contesta,asignaciones,2026-07-15 13:44:38.000000,natalia_b04@hotmail.com,+541156360396,Gral. San Martín,Formulario Web
27316,Leonardo,Diaz,No contesta,asignaciones,2026-07-16 15:24:00.000000,leod46154@gmail.com,+541170054154,Ituzaingó,Formulario Web
27322,Florencia,Lopez,No contesta,asignaciones,2026-08-26 09:57:31.000000,florlopezx2026@gmail.com,+543875912024,Malvinas Argentinas,Formulario Web
27330,Raul,Ibarra,No contesta,asignaciones,2026-07-15 13:43:42.000000,a85390717@gmail.com,+541166173906,Pilar,Formulario Web
27335,Horacio Emanuel,Bogado,No contesta,asignaciones,2026-08-25 12:43:09.000000,fraco1234rocio@gmail.com,+543364526780,Campana,Formulario Web
27337,Lucas,Planes,No contesta,asignaciones,2026-08-04 14:16:52.000000,isaiasledesma562@gmail.com,+542216618587,La Matanza,Formulario Web
27338,Mónica solange,Pozzer,No contesta,asignaciones,2026-07-23 10:09:01.000000,monicasolangep@gmail.com,+542216615213,Otra,Formulario Web
27339,Alejandro,Avellaneda,No contesta,asignaciones,2026-07-16 12:14:46.000000,alejandroavellaneda161@gmail.com,+541164685410,Pilar,Formulario Web
27347,Victor,Vicchi,No contesta,asignaciones,2026-07-15 14:02:33.000000,victorvicchip@gmail.com,+5490022776607,Otra,Formulario Web
27362,doris,Arebalo,No contesta,asignaciones,2026-07-16 14:34:03.000000,arebalodoris414@gmail.com,+543513327205,C.A.B.A,Formulario Web
27365,Cintia,Ponce,No contesta,asignaciones,2026-07-20 10:50:09.000000,cintiaponce249@gmail.com,+541141652510,Merlo,Formulario Web
27366,Iara,Dioca,No contesta,asignaciones,2026-07-23 12:58:11.000000,iaradioca@gmail.com,+541126624145,La Matanza,Formulario Web
27378,Gabriel,moron,No contesta,asignaciones,2026-07-20 11:23:02.000000,gabriel60@gmail.com,+541137565957,Morón,Vendedor-App
27382,Antonella,Kovtun,No contesta,asignaciones,2026-07-27 12:38:56.000000,petizambon7@gmail.com,+543644568369,Otra,Formulario Web
27390,NOEMI,FARIÑA,No contesta,asignaciones,2026-07-20 10:47:13.000000,jaimecosu@gmail.com,+541166369873,C.A.B.A,Vendedor-App
27396,Daniela,Lopez,No contesta,asignaciones,2026-07-17 13:48:44.000000,lopezdaniela@hotmail.es,+541150791992,C.A.B.A,Formulario Web
27410,Yamila,Flores,No contesta,asignaciones,2026-07-20 10:47:33.000000,florescorreayamilapatricia@gmail.com,+541128774326,Tigre,Formulario Web
27419,Leonardo,Arzuaga,No contesta,asignaciones,2026-07-20 10:40:11.000000,leoarz23@gmail.com,+541157464986,Berazategui,Formulario Web
27436,Marcela,Pierotti,No contesta,asignaciones,2026-08-04 14:16:24.000000,marcelapierottimp@gmail.com,+541136027295,Otra,Formulario Web
27450,Yesica,Lobo,No contesta,asignaciones,2026-07-17 10:04:26.000000,loborubi615@gmail.com,+541150147438,San Miguel,Formulario Web
27456,Alejandro,Bircher,No contesta,asignaciones,2026-07-16 14:33:18.000000,alejandrobircher13@gmail.com,+541151093020,Morón,Formulario Web
27496,Claudio omar,Marti,No contesta,asignaciones,2026-07-29 11:12:46.000000,galloclaudio712@gmail.com,+541154711093,Merlo,Formulario Web
27511,Jesús segundo,Romano,No contesta,asignaciones,2026-07-24 12:48:18.000000,romanosegundo78@gmail.com,+541157637489,Lomas de Zamora,Formulario Web
27534,Agostina,Garcia,No contesta,asignaciones,2026-07-20 10:49:21.000000,agostinagarcia5@hotmail.com,+541134196591,Avellaneda,Formulario Web
27564,Ailen,Toscano Dsperon,No contesta,asignaciones,2026-07-20 10:46:40.000000,ailuesperon@gmail.com,+541170086953,Avellaneda,Formulario Web
27567,Leonardo,Rodriguez,No contesta,asignaciones,2026-07-17 14:03:45.000000,lgalvan1419@gmail.com,+541136263392,Almirante Brown,Formulario Web
27571,Maria Magdalena,Palmeri,No contesta,asignaciones,2026-08-03 12:25:55.000000,palmerimagdalena1@gmail.com,+541168365078,José C. Paz,Formulario Web
27583,Isa,Santina,No contesta,asignaciones,2026-09-02 15:23:35.000000,tusuario@gmail.com,+543885691167,Malvinas Argentinas,Formulario Web
27585,Javier,López,No contesta,asignaciones,2026-07-17 14:28:05.000000,javito123686@gmail.com,+542984539709,Almirante Brown,Formulario Web
27590,Exequiel,Astudillo,No contesta,asignaciones,2026-08-05 15:57:40.000000,exequielastudillo447@gmail.com,+542616580991,Avellaneda,Formulario Web
27594,Sebastián,Diaz,No contesta,asignaciones,2026-07-24 15:10:33.000000,sebastia@ndiaz.com.ar,+543855865410,Otra,Formulario Web
27596,Matias,Tapia,No contesta,asignaciones,2026-07-20 15:52:07.000000,todosunidos4444@gmail.com,+541169642659,La Matanza,Formulario Web
27597,Oscar Matatam,Serrano Gonzalez,No contesta,asignaciones,2026-07-20 10:39:51.000000,oscarmatatam@gmail.com,+541156269597,C.A.B.A,Formulario Web
27598,Kiara,Juarez,No contesta,asignaciones,2026-08-25 12:20:50.000000,ulisesdesima24@gmail.com,+543813631218,San Miguel,Formulario Web
27605,Nicolas,Rodríguez,No contesta,asignaciones,2026-09-02 15:24:42.000000,bebeynicolas1234567@gmail.com,+541126463245,Morón,Formulario Web
27617,Mateo,Melendres,No contesta,asignaciones,2026-07-21 10:36:07.000000,emymele22@gmail.com,+541144096873,C.A.B.A,Formulario Web
27620,Matías,Olmos,No contesta,asignaciones,2026-07-20 10:46:06.000000,matiasolmos015@gmail.com,+542226629299,Ezeiza,Formulario Web
27623,Daniel,García,No contesta,asignaciones,2026-07-18 18:07:20.000000,danielricardogarcia16@gmail.com,+541124831853,La Matanza,Formulario Web
27634,Mario,Diaz,No contesta,asignaciones,2026-08-03 12:17:14.000000,mariodiaz@gmail.com,+541164704140,Otra,Vendedor-App
27644,Lorena,Varela Barreto,No contesta,asignaciones,2026-07-18 17:08:17.000000,vble@hotmail.com,+541159470585,C.A.B.A,Formulario Web
27648,MARIANO,PICCOLI,No contesta,asignaciones,2026-07-20 10:39:38.000000,anabellagaregnani@hotmail.com,+541161509922,C.A.B.A,Vendedor-App
27651,Hernán Horacio,Fonseca,No contesta,asignaciones,2026-07-20 10:39:21.000000,tatofonseca@hotmail.com,+541121560913,C.A.B.A,Vendedor-App
27652,Viviana,gordon,No contesta,asignaciones,2026-08-03 12:15:28.000000,gordonvivi@gmail.com,+541155995531,Otra,Vendedor-App
27654,Alan Rosendo,Vaccarella,No contesta,asignaciones,2026-07-20 10:39:09.000000,alanvaccarella96@gmail.com,+541140784401,C.A.B.A,Vendedor-App
27658,Vanesa,Martinez,No contesta,asignaciones,2026-07-20 10:13:54.000000,vanesamartinez1237@gmail.com,+543329645997,Otra,Formulario Web
27662,Micaela,Natan,No contesta,asignaciones,2026-07-20 10:38:45.000000,mikanatan@hotmail.com,+541169293898,C.A.B.A,Vendedor-App
27666,Julieta Guadalupe,Ojeda,No contesta,asignaciones,2026-07-20 10:38:25.000000,guadaojeda89@gmail.com,+541131215901,C.A.B.A,Vendedor-App
27668,Nancy,Mazzola,No contesta,asignaciones,2026-07-20 10:38:14.000000,fiorellatatu2@gmail.com,+541159601678,C.A.B.A,Vendedor-App
27673,Daniela,Ledesma,No contesta,asignaciones,2026-07-20 10:38:02.000000,ledesmadaniela97@gmail.com,+541123855502,San Isidro,Vendedor-App
27676,Natalia,Piroli,No contesta,asignaciones,2026-07-20 10:37:41.000000,nppiroli@gmail.com,+541151433928,San Isidro,Vendedor-App
27678,Jacqueline,Olivera,No contesta,asignaciones,2026-07-20 10:37:27.000000,jakeoliv1@outlook.com,+541161386390,C.A.B.A,Vendedor-App
27681,Thomas,Amilivia,No contesta,asignaciones,2026-07-20 10:37:11.000000,marlenecanesi31@hotmail.com,+541525141969,Moreno,Vendedor-App
27683,Pablo,Mena,No contesta,asignaciones,2026-07-20 10:36:56.000000,damian.262009@hotmail.com,+541121757258,Merlo,Vendedor-App
27685,Romina,Busto,No contesta,asignaciones,2026-07-20 10:36:35.000000,busto7207@gmail.com,+541126381803,Merlo,Vendedor-App
27688,Marcelo,Farias,No contesta,asignaciones,2026-07-20 10:33:47.000000,estelalareja@gmail.com,+541164072293,Merlo,Vendedor-App
27690,Roque,Santovito,No contesta,asignaciones,2026-07-20 10:32:54.000000,roki65@live.com.ar,+541132332355,Moreno,Vendedor-App
27691,Hector,Ovejero,No contesta,asignaciones,2026-07-20 10:32:21.000000,mariews27@hotmail.com,+541161291436,San Isidro,Vendedor-App
27696,AGUSTIN,CANIGLIA,No contesta,asignaciones,2026-07-23 16:36:07.000000,piluromano@hotmail.com,+541158208819,C.A.B.A,Vendedor-App
27698,CAMILO FRANCO,AGUSTIN,No contesta,asignaciones,2026-07-23 16:36:00.000000,camilofranco176@gmail.com,+541164707835,Merlo,Vendedor-App
27699,GABRIELA,BAEZ,No contesta,asignaciones,2026-07-20 15:52:01.000000,rfazio705@gmail.com,+541157368311,C.A.B.A,Vendedor-App
27700,URIEL,SCREPANTE,No contesta,asignaciones,2026-07-23 16:36:23.000000,urielscrepante@gmail.com,+541126538056,Morón,Vendedor-App
27701,Natacha,Hoenigfeld,No contesta,asignaciones,2026-07-20 15:51:55.000000,natachahoe@gmail.com,+541161190501,Morón,Vendedor-App
27703,Maria Emilia,Samudio,No contesta,asignaciones,2026-07-20 15:51:44.000000,samudiomariaemilia4@gmai.com,+541134816814,C.A.B.A,Vendedor-App
27705,JAVIER PEDRO,SEFERINO,No contesta,asignaciones,2026-07-20 15:51:37.000000,cfgonzalez@gmail.com,+541553897194,C.A.B.A,Vendedor-App
27710,Catalina,Tagliabue,No contesta,asignaciones,2026-08-05 14:28:30.000000,tagliabuecatalina@gmail.con,+541130812445,C.A.B.A,Formulario Web
27715,MARISA,DI RICO,No contesta,asignaciones,2026-07-20 15:51:32.000000,marisa_dirico@hotmail.com,+541158168073,C.A.B.A,Vendedor-App
27716,Catalina,Gomez,No contesta,asignaciones,2026-07-20 15:51:10.000000,gt-catalina@hotmail.com,+541159242070,C.A.B.A,Vendedor-App
27718,alejandro,gambarini,No contesta,asignaciones,2026-07-20 15:51:02.000000,alejandrogambarini1@gmail.com,+541136824858,San Fernando,Vendedor-App
27721,Guillermo,Fellenberg,No contesta,asignaciones,2026-07-20 15:50:53.000000,guillermofellenberg@gmail.com,+541131805145,C.A.B.A,Vendedor-App
27722,FRANCO DANIEL,DII GIAMBERARDINO,No contesta,asignaciones,2026-07-23 16:36:50.000000,francodanieldigiambernardino@gmail.com,+541171059986,Vicente López,Vendedor-App
27723,pablo,diaz,No contesta,asignaciones,2026-07-20 15:50:39.000000,pabloda425@gmail.com,+541164344676,C.A.B.A,Vendedor-App
27724,Alan,Carrillo,No contesta,asignaciones,2026-07-20 15:50:32.000000,carrillo.brenda@hotmail.com,+541143706778,Lomas de Zamora,Vendedor-App
27734,Gisela,Bertino,No contesta,asignaciones,2026-07-20 10:32:06.000000,giselapvb@gmail.com,+541130419618,Merlo,Formulario Web
27736,Aylen,Suarez,No contesta,asignaciones,2026-07-20 12:34:44.000000,suarezaylen99@gmail.com,+542262651443,Otra,Formulario Web
27749,Lucas,Lessona,No contesta,asignaciones,2026-07-21 11:14:04.000000,lessonalucas649@gmail.com,+541128824897,Tigre,Formulario Web
27760,Aldana,Alderete,No contesta,asignaciones,2026-07-20 12:34:00.000000,eveyaldii@gmail.com,+541135906140,Merlo,Formulario Web
27765,Leonela,Pereyra,No contesta,asignaciones,2026-07-20 09:10:47.000000,leonelap544@gmail.com,+541131273463,Morón,Formulario Web
27766,Jose Maria,Segovia,No contesta,asignaciones,2026-08-07 15:25:22.000000,josesegovia419@gmail.com,+541155014231,Quilmes,Formulario Web
27769,Kevin,Espinoza,No contesta,asignaciones,2026-07-19 13:25:27.000000,smithrev48@gmail.com,+541138962335,Pilar,Formulario Web
27788,Alberto,Dolorini,No contesta,asignaciones,2026-07-20 12:33:33.000000,adolorini@gmail.com,+541164878657,C.A.B.A,Formulario Web
27791,Cristian,Gutiérrez,No contesta,asignaciones,2026-07-27 12:39:17.000000,cristianeugeniogutierrez@gmail.com,+543835506672,San Fernando,Formulario Web
27792,Marianela,Alderete,No contesta,asignaciones,2026-07-23 12:09:04.000000,marianelaalderete947@gmail.com,+542267432472,Merlo,Formulario Web
27800,Federico,Valdez,No contesta,asignaciones,2026-07-20 15:06:52.000000,fede_fv@outlook.com,+543487530728,Zárate,Formulario Web
27802,Belen,Cruci,No contesta,asignaciones,2026-07-22 16:36:53.000000,belucru@gmail.com,+541141982715,Gral. San Martín,Vendedor-App
27816,Sofia,Ferreyra,No contesta,asignaciones,2026-07-20 11:07:17.000000,ferreyrasofiac@gmail.com,+541141711293,Lanús,Formulario Web
27819,Patricia,Bracho,No contesta,asignaciones,2026-07-23 10:02:59.000000,patriciabracho06@gmail.com,+541152204811,C.A.B.A,Formulario Web
27849,Belen,Cuenca,No contesta,asignaciones,2026-08-24 16:44:52.000000,cuencab595@gmail.com,+541136825175,Moreno,Formulario Web
27854,Monica,Cufre,No contesta,asignaciones,2026-07-24 12:41:40.000000,monicacufre@gmail.com,+541131290015,José C. Paz,Formulario Web
27875,Cristina,Romero,No contesta,asignaciones,2026-08-03 11:47:36.000000,cristinaromero2347@gmail.com,+542945414676,C.A.B.A,Formulario Web
27879,melani,faverzani,No contesta,asignaciones,2026-07-22 13:44:19.000000,melanifaverzani69@gmail.com,+541144711657,Avellaneda,Formulario Web
27880,Nadia,de los Santos,No contesta,asignaciones,2026-08-24 16:30:40.000000,bjubj@gmail.com,+541123134300,C.A.B.A,Formulario Web
27889,Juana,Casado,No contesta,asignaciones,2026-07-29 10:21:07.000000,juanaluciacasado1978@gmail.com,+543489334830,Campana,Formulario Web
27890,Mauricio,Ponce,No contesta,asignaciones,2026-07-28 14:01:06.000000,mauricioangel197251@gmail.com,+541137755937,Lanús,Formulario Web
27894,Isabella,Caccioppoli,No contesta,asignaciones,2026-07-31 11:20:14.000000,isabellacaccioppoli59@gmail.com,+541128885715,Quilmes,Formulario Web
27909,Hugo Leonardo,Acuña,No contesta,asignaciones,2026-08-24 16:28:18.000000,leitoacuna05@gmail.com,+542176088743,Merlo,Formulario Web
27910,Valen,Valen,No contesta,asignaciones,2026-07-24 12:37:25.000000,valentinanaiaravazquez2026@gmail.com,+541128611532,Avellaneda,Formulario Web
27912,Priscila,Dames,No contesta,asignaciones,2026-07-23 10:03:23.000000,damespriscila10@gmail.com,+542804969464,Otra,Formulario Web
27914,Tiziana,Bordon,No contesta,asignaciones,2026-07-21 10:32:12.000000,bordontiziana83@gmail.com,+541126935813,Gral. San Martín,Formulario Web
27934,Ayelen,Perez,No contesta,asignaciones,2026-07-22 12:52:26.000000,payelen44@gmail.com,+541133508240,Merlo,Vendedor-App
27937,Jonathan,Vargas,No contesta,asignaciones,2026-08-04 14:14:45.000000,jonathanevargasjv@gmail.com,+541125723672,José C. Paz,Formulario Web
27943,Alan,De la serna,No contesta,asignaciones,2026-07-22 12:52:17.000000,gabiale716@gmail.com,+541144071059,Avellaneda,Vendedor-App
27945,Martha,Avila,No contesta,asignaciones,2026-07-21 16:33:53.000000,nachuchodiana222@gmail.com,+541172377333,Merlo,Formulario Web
27946,Jorge,Palacios,No contesta,asignaciones,2026-07-22 12:52:12.000000,jorgepalacios_@live.com.ar,+543364318584,San Isidro,Vendedor-App
27949,Denis,Cabañas,No contesta,asignaciones,2026-07-22 12:52:05.000000,dr5037684@gmail.com,+541156054906,C.A.B.A,Vendedor-App
27951,MARIEL BARBARA MARCELA,TEJEDA,No contesta,asignaciones,2026-07-30 16:25:17.000000,tejadambm@hotmail.com,+541160416276,C.A.B.A,Vendedor-App
27952,Emma,Azucena Gigena,No contesta,asignaciones,2026-07-22 12:52:02.000000,valentinamaylen10@gmail.com,+542995129040,C.A.B.A,Vendedor-App
27953,Victoria,Silvero,No contesta,asignaciones,2026-07-22 12:52:00.000000,kiarasilvero@gmail.com,+541130650499,San Fernando,Vendedor-App
27955,Brandon,Olea,No contesta,asignaciones,2026-07-22 12:41:18.000000,brandonolea679@gmail.com,+541166053633,San Fernando,Vendedor-App
27961,Mabel,Ledesma,No contesta,asignaciones,2026-07-22 12:41:14.000000,mabelledesma03@gmail.com,+541137867769,Avellaneda,Vendedor-App
27974,Natasha,Vital,No contesta,asignaciones,2026-07-22 12:40:52.000000,natashaailenvital@gmail.com,+541136118148,Avellaneda,Vendedor-App
27975,Marielena,Cedeño,No contesta,asignaciones,2026-07-22 12:40:49.000000,marielena979@gmail.com,+541138050990,C.A.B.A,Vendedor-App
27978,Matias,Ramirez,No contesta,asignaciones,2026-07-22 12:40:46.000000,matias-ramirez@hotmail.com,+541131360123,San Isidro,Vendedor-App
27984,Osvaldo,Denegri,No contesta,asignaciones,2026-07-22 12:40:33.000000,osvaldo.denegri@hotmail.com,+541532132330,C.A.B.A,Vendedor-App
27992,Valentina,Lio,No contesta,asignaciones,2026-08-03 13:32:54.000000,liovalentina7@gmail.com,+541150567028,La Matanza,Formulario Web
27993,Federico,Copertini,No contesta,asignaciones,2026-07-22 12:40:36.000000,fedecoper@hotmail.com,+541167691443,C.A.B.A,Vendedor-App
27994,Ivana,Tamolunas,No contesta,asignaciones,2026-07-22 12:40:39.000000,compacto@gmail.com,+541158750458,C.A.B.A,Vendedor-App
27995,Sabrina Yael,Celiz Teves,No contesta,asignaciones,2026-07-22 12:40:26.000000,sabrynatevesceliz@gmail.com,+541151061317,C.A.B.A,Vendedor-App
27999,Sergio,Villasanti Villanueva,No contesta,asignaciones,2026-07-22 12:40:20.000000,estela22091173@gmail.com,+541139504632,C.A.B.A,Vendedor-App
28001,Natalia,Motano,No contesta,asignaciones,2026-07-22 12:40:11.000000,nataliaserrano@hotmail.com,+541124773434,C.A.B.A,Vendedor-App
28002,María Paz,Sotto,No contesta,asignaciones,2026-08-24 16:26:55.000000,sottocarabajalpaz@gmail.com,+543446375191,C.A.B.A,Formulario Web
28003,Carolina,Martinez Russo,No contesta,asignaciones,2026-07-22 12:40:08.000000,carolina.russo97@hotmail.com,+541565718498,C.A.B.A,Vendedor-App
28004,Hernan,Altamirandar,No contesta,asignaciones,2026-07-24 12:16:47.000000,altamirandahernan23@gmail.com,+541159435067,Avellaneda,Formulario Web
28008,Nancy Natalia,Leguiza,No contesta,asignaciones,2026-07-22 12:40:05.000000,natalialeguiza9@gmail.com,+541150492169,C.A.B.A,Vendedor-App
28010,Lucia,Bestard,No contesta,asignaciones,2026-07-22 12:39:48.000000,lucialu2018lucialu@gmail.com,+541123994853,Avellaneda,Vendedor-App
28015,Angelina,Salles,No contesta,asignaciones,2026-07-22 12:39:52.000000,angelinasalles810@gmail.com,+541138883637,La Matanza,Formulario Web
28023,Andrea,Glielmi,No contesta,asignaciones,2026-07-22 12:39:29.000000,andreaglielmi3@gmail.com,+541562063034,San Fernando,Vendedor-App
28026,Maria Victoria,Posse,No contesta,asignaciones,2026-07-22 12:39:15.000000,vposse@gmail.com,+541130538301,Morón,Vendedor-App
28027,Alberto Mauricio,Miño,No contesta,asignaciones,2026-07-22 12:39:10.000000,mauriciomino107@gmail.com,+541150534990,Tigre,Vendedor-App
28028,Daniel Hugo,Torres,No contesta,asignaciones,2026-07-22 12:39:06.000000,danieldht71@gmail.com,+541540520304,Avellaneda,Vendedor-App
28030,Fabricio,Fuentes,No contesta,asignaciones,2026-07-22 12:38:56.000000,fuentesdepesa@gmail.com,+541156789933,C.A.B.A,Vendedor-App
28033,Tomas,Pacheco,No contesta,asignaciones,2026-07-22 12:38:52.000000,tomaspacheco60@gmail.com,+541131283100,C.A.B.A,Vendedor-App
28039,juan,ciceri,No contesta,asignaciones,2026-07-29 11:10:43.000000,juanncice@gmail.com,+541167121175,C.A.B.A,Formulario Web
28040,Brandon,Segovia,No contesta,asignaciones,2026-07-24 09:59:53.000000,segoviabrandon10@gmail.com,+541153116990,La Matanza,Formulario Web
28053,Sofia Daniela,Marret,No contesta,asignaciones,2026-08-24 16:24:19.000000,sofy_1039@yahoo.com.ar,+541130160034,La Matanza,Formulario Web
28060,Giuliana,Luca,No contesta,asignaciones,2026-07-24 12:16:02.000000,giuarquitectura@gmail.com,+541164711018,C.A.B.A,Formulario Web
28063,Ishai,GRUNWALD,No contesta,asignaciones,2026-07-23 09:56:32.000000,ishaigrun@gmail.com,+541130183077,C.A.B.A,Formulario Web
28064,Alberto,Rama,No contesta,asignaciones,2026-07-24 12:02:48.000000,xxxxxxx@gmail.com,+5491169093966,C.A.B.A,Vendedor-App
28067,Fiorella,Cardoso,No contesta,asignaciones,2026-07-31 16:04:33.000000,fiorellacardoso@gmail.com,+541167582790,La Matanza,Vendedor-App
28075,Selena,Mac,No contesta,asignaciones,2026-08-26 09:59:26.000000,macielselenaabril123@gmail.com,+543487618712,Zárate,Formulario Web
28082,Edith,Reyes,No contesta,asignaciones,2026-08-07 15:16:18.000000,arzarreyes99@gmail.com,+541124019644,Lomas de Zamora,Formulario Web
28086,Emmanuel,Adaro,No contesta,asignaciones,2026-07-24 12:15:21.000000,emmanueladaro960@gmail.com,+542634574218,Gral. San Martín,Formulario Web
28101,Julio,cesar Rodríguez,No contesta,asignaciones,2026-08-03 16:35:02.000000,julio80cesarrodriguez@gmail.com,+543757676128,Lanús,Formulario Web
28104,Martin,Cruz,No contesta,asignaciones,2026-07-30 14:39:08.000000,mc882224@gmail.com,+543886128547,Almirante Brown,Formulario Web
28113,CELESTE,CHIU,No contesta,asignaciones,2026-07-23 16:37:12.000000,cjueya@gmail.com,+541554753763,C.A.B.A,Vendedor-App
28134,Raquel,Andrada,No contesta,asignaciones,2026-08-05 11:18:36.000000,raquelandrada2@gmail.com,+542954545541,José C. Paz,Formulario Web
28149,Luciana,Abaca,No contesta,asignaciones,2026-08-04 14:12:49.000000,lucianaabaca427@gmail.com,+542477355913,Otra,Formulario Web
28152,AYELEN MAGALI,MOIX,No contesta,asignaciones,2026-07-28 13:59:23.000000,ayelen.moix@outlook.com,+541165301081,C.A.B.A,Vendedor-App
28161,Laura Beatriz,Lopez,No contesta,asignaciones,2026-07-23 15:48:52.000000,xauralo76@gmail.com,+541141806092,San Miguel,Formulario Web
28163,Mariela,Puente,No contesta,asignaciones,2026-07-23 10:06:06.000000,marielamail@gmail.com,+541167252012,Lomas de Zamora,Vendedor-App
28165,ANALIA,Ríos,No contesta,asignaciones,2026-07-30 09:21:28.000000,rodrigoscartononi@gmail.com,+541157021977,San Fernando,Vendedor-App
28182,Luz Lorena,Gonzalez,No contesta,asignaciones,2026-07-23 10:27:18.000000,luzgz2508@gmail.com,+541150068591,C.A.B.A,Vendedor-App
28208,Patricia Mónica,Villaverde,No contesta,asignaciones,2026-08-04 11:57:48.000000,pvillaverde@fi.uba.ar,+541121594930,C.A.B.A,Formulario Web
28228,Rodrigo,Calizaya,No contesta,asignaciones,2026-07-22 16:35:30.000000,briangugul0906@gmail.com,+543886578976,Ezeiza,Formulario Web
28233,Paula,Paz,No contesta,asignaciones,2026-07-24 12:12:26.000000,pazpaula108@gmail.com,+541164644828,Quilmes,Formulario Web
28247,José Emerson,Vilchez santamaria,No contesta,asignaciones,2026-07-25 08:56:40.000000,joseemvilchezsan@gmail.com,+541130731086,C.A.B.A,Formulario Web
28249,Matias,Gutierrez,No contesta,asignaciones,2026-07-22 16:07:30.000000,matygutierrez06@gmail.com,+541128573562,Lanús,Formulario Web
28250,Ibana soledad,Pinto,No contesta,asignaciones,2026-08-24 16:21:23.000000,ibanasoledadp@gmail.com,+541162483132,Campana,Formulario Web
28261,Francisco,Romero,No contesta,asignaciones,2026-07-23 09:09:55.000000,fr3150657@gmail.com,+541140812599,José C. Paz,Formulario Web
28262,Maria Eugenia,Acuña,No contesta,asignaciones,2026-07-25 08:57:06.000000,duarteevelynayelen@gmail.com,+541136893779,La Matanza,Formulario Web
28266,Jhenny,Valero,No contesta,asignaciones,2026-07-23 16:32:10.000000,jhennyvalero2002@gmail.com,+541165831645,C.A.B.A,Formulario Web
28278,Lucia,Cauhepe,No contesta,asignaciones,2026-07-25 08:58:20.000000,lula247@gmail.com,+542266470531,Vicente López,Formulario Web
28281,Angie,Vicent,No contesta,asignaciones,2026-07-23 16:26:00.000000,angiervicent@gmail.com,+541132315161,C.A.B.A,Formulario Web
28285,Gabriela,Alvez,No contesta,asignaciones,2026-07-25 08:57:31.000000,gabitaisa2015@gmail.com,+541122891688,Florencio Varela,Formulario Web
28292,Julia,Santos Lopes,No contesta,asignaciones,2026-08-13 16:51:13.000000,juliasantoslopes07@gmail.com,+541141415497,C.A.B.A,Formulario Web
28303,JUAN,FERNANDEZ,No contesta,asignaciones,2026-09-02 15:47:01.000000,jfernandez@gmail.com,+541165081533,San Miguel,Vendedor-App
28304,Erika,Queirolo,No contesta,asignaciones,2026-07-25 08:57:53.000000,eriquei116@gmail.com,+541158329595,C.A.B.A,Formulario Web
28306,OSCAR,GRAMAJO,No contesta,asignaciones,2026-07-30 12:46:01.000000,oscargramajo@gmail.com,+541162343299,Hurlingham,Vendedor-App
28307,Rosa,Rodriguez,No contesta,asignaciones,2026-09-02 15:22:16.000000,rosa.rodriguez@bue.edu.ar,+541139372028,La Matanza,Formulario Web
28339,Natalia Analia,Romanelli,No contesta,asignaciones,2026-08-24 16:19:54.000000,natalyanaly79@hotmail.com,+541166525210,C.A.B.A,Formulario Web
28345,Morena,Martinez Yacobazzi,No contesta,asignaciones,2026-07-23 14:02:45.000000,indiayacobazzi@gmail.com,+541128554053,Moreno,Formulario Web
28349,Gabriel,correa,No contesta,asignaciones,2026-07-31 09:56:37.000000,papucho25022001@gmail.com,+541165996700,Campana,Formulario Web
28353,Javier,Montes,No contesta,asignaciones,2026-07-23 12:10:27.000000,javiermontess1@hotmail.com,+541139537723,C.A.B.A,Formulario Web
28354,Agustina,Rocha,No contesta,asignaciones,2026-07-23 09:09:21.000000,nahirrocha17@gmail.com,+542364563644,Otra,Formulario Web
28357,Sebastian,Cauzzi,No contesta,asignaciones,2026-07-24 12:12:17.000000,sebastiancauzzi03@gmail.com,+541123385434,San Miguel,Formulario Web
28365,Nicol Abigail Arenas,Arenas,No contesta,asignaciones,2026-08-24 16:18:19.000000,nicolearenas20096@gmail.com,+543884851249,Otra,Formulario Web
28378,FABIAN,SZAKIEL,No contesta,asignaciones,2026-07-25 08:59:05.000000,fabiansza@gmail.com,+541164530247,Lomas de Zamora,Formulario Web
28383,Natalia,Romero,No contesta,asignaciones,2026-07-24 10:48:49.000000,nataliaromero19@hotmail.com,+541158693237,La Matanza,Formulario Web
28389,Nara Noely,Ojeda,No contesta,asignaciones,2026-07-24 10:39:55.000000,naraestudiorobledo@gmail.com,+541161022332,Moreno,Vendedor-App
28408,Agustin,Coronel,No contesta,asignaciones,2026-07-24 10:38:43.000000,agustincoronel43@gmail.com,+541136946097,José C. Paz,Vendedor-App
28409,Lucila,Cardozo,No contesta,asignaciones,2026-07-24 10:38:27.000000,lucilac330@gmail.com,+541138413490,Berazategui,Vendedor-App
28410,Braian,Manzo,No contesta,asignaciones,2026-07-24 10:38:11.000000,braianmanzo88@gmail.com,+541167619501,Moreno,Vendedor-App
28411,Alejandra,Olivera,No contesta,asignaciones,2026-07-24 10:37:52.000000,pauolivera33@gmail.com,+541564597650,Morón,Vendedor-App
28414,Floencia,Abaca,No contesta,asignaciones,2026-07-24 10:37:34.000000,florenciaabaca1@hotmail.com,+541125110873,Berazategui,Vendedor-App
28415,Gustavo Gabriel,Meza,No contesta,asignaciones,2026-07-24 10:37:19.000000,gustyriverplate2595@gmail.com,+541161054935,Tigre,Vendedor-App
28418,Mario,Lescano,No contesta,asignaciones,2026-07-24 10:35:36.000000,micaelacatalinacordero@gmail.com,+541132760973,Berazategui,Vendedor-App
28422,Laura,Guillen,No contesta,asignaciones,2026-07-24 10:33:50.000000,laurafabguillen@gmail.com,+541160316339,Tigre,Vendedor-App
28426,Sandra Noemi,Marquez,No contesta,asignaciones,2026-07-24 10:33:30.000000,sandramarquez604@gmail.com,+541122620544,C.A.B.A,Vendedor-App
28427,Ivana,Baez,No contesta,asignaciones,2026-07-24 10:31:49.000000,anybaez91@gmail.com,+541162413685,Vicente López,Vendedor-App
28431,Valeria Laura,Gonzalez,No contesta,asignaciones,2026-07-24 10:31:31.000000,valcebu@hotmail.com,+541163744366,Malvinas Argentinas,Vendedor-App
28445,Angel,Loria,No contesta,asignaciones,2026-07-24 10:30:06.000000,loriaangel579@gmail.com,+541170370691,C.A.B.A,Vendedor-App
28459,Milo,Montes,No contesta,asignaciones,2026-07-24 10:29:51.000000,gbg_25@yahoo.com.ar,+541122698547,Avellaneda,Vendedor-App
28461,Eliana,Díaz,No contesta,asignaciones,2026-07-24 10:29:23.000000,eadiaz26@gmail.com,+541169246813,C.A.B.A,Vendedor-App
28462,Patricia,Toledo,No contesta,asignaciones,2026-07-24 10:29:10.000000,toledop@gmail.com,+541137834103,Vicente López,Vendedor-App
28463,Cecilia Beatriz,Murillo,No contesta,asignaciones,2026-07-24 10:28:55.000000,cecikiagym1277@gmail.com,+541168743641,Ezeiza,Vendedor-App
28466,Claudio Gustavo,Fernandez,No contesta,asignaciones,2026-07-24 10:28:31.000000,fclaudio81@yahoo.com.ar,+541169376122,Avellaneda,Vendedor-App
28467,Andrea Veronica,FLURIN,No contesta,asignaciones,2026-07-24 10:28:10.000000,flurinandrea@hotmail.com,+541136503465,Merlo,Vendedor-App
28470,Claudia,Guzman,No contesta,asignaciones,2026-07-24 10:48:32.000000,guzmanclaudia696@gmail.com,+541166504354,Avellaneda,Vendedor-App
28483,Wanda,Sotelos,No contesta,asignaciones,2026-07-25 08:56:06.000000,wandasotelos@gmail.com,+541150595102,Lomas de Zamora,Formulario Web
28485,Claudio,Oliveira,No contesta,asignaciones,2026-07-24 10:26:58.000000,balaiosanfernando@gmail.com,+541130500345,Tigre,Vendedor-App
28490,Soto,Debora,No contesta,asignaciones,2026-08-07 15:13:33.000000,sotodebora@gmail.com,+541123063335,Otra,Vendedor-App
28505,Victoria,Ullmann,No contesta,asignaciones,2026-08-24 16:15:00.000000,victoriaullmann22@gmail.com,+543644225282,C.A.B.A,Formulario Web
28515,Victoria,Benitez,No contesta,asignaciones,2026-08-24 16:13:59.000000,adelasosa2023@gmail.com,+542664815908,Avellaneda,Formulario Web
28530,Juan,Angerama,No contesta,asignaciones,2026-07-24 10:44:56.000000,juanangerama17@gmail.com,+541126017458,Pilar,Formulario Web
28534,Jonatan,Ormar,No contesta,asignaciones,2026-09-02 15:20:46.000000,ormarjonatan@gmail.com,+541125422705,José C. Paz,Formulario Web
28535,Silvana,Sepúlveda,No contesta,asignaciones,2026-09-02 15:19:02.000000,silvanasepulveda1996@gmail.com,+5490029245951,Avellaneda,Formulario Web
28538,Nahuel,Sosa,No contesta,asignaciones,2026-08-24 16:12:15.000000,nahuelangel488@gmail.com,+541123783837,C.A.B.A,Formulario Web
28539,Alberto,Padin,No contesta,asignaciones,2026-07-30 12:29:54.000000,albertopadin35@gmail.com,+542494371841,Otra,Formulario Web
28559,Agustina,Espinola,No contesta,asignaciones,2026-07-30 10:26:21.000000,agustinaespinola939@gmail.com,+541136214758,Almirante Brown,Formulario Web
28619,Miguel,Canezza,No contesta,asignaciones,2026-07-26 17:48:44.000000,miguelcanezza1991@gmail.com,+541130574012,La Matanza,Formulario Web
28637,Maximiliano,Retamoso,No contesta,asignaciones,2026-07-27 20:58:48.000000,maxievg45@gmail.com,+541169572355,Lomas de Zamora,Formulario Web
28642,Camila,Quintela,No contesta,asignaciones,2026-07-31 11:19:53.000000,camilaq788@gmail.com,+541164159740,Lanús,Formulario Web
28667,Sergio,Mispir,No contesta,asignaciones,2026-08-10 17:10:05.000000,mispirsergio263@gmail.com,+541151669517,Merlo,Formulario Web
28677,Maricel,Acosta,No contesta,asignaciones,2026-07-27 09:09:05.000000,acostamaricel466@gmail.com,+543704337087,Gral. San Martín,Formulario Web
28681,Cristian,tapia,No contesta,asignaciones,2026-07-27 21:00:51.000000,tapiamafia23@gmail.com,+541123473386,C.A.B.A,Formulario Web
28684,gladys,ciccozzi,No contesta,asignaciones,2026-08-10 17:12:04.000000,gladysciccozzi764@gmail.com,+542214204824,C.A.B.A,Formulario Web
28691,Sebas,Altamirano,No contesta,asignaciones,2026-08-24 15:17:52.000000,sebastianaltamirano353@gmail.com,+541122718238,José C. Paz,Formulario Web
28703,Carla,Valle,No contesta,asignaciones,2026-08-26 10:03:09.000000,vallcarla38@gmail.com,+541178989547,Ezeiza,Formulario Web
28710,Laura,Arevalo,No contesta,asignaciones,2026-09-02 15:41:58.000000,ml_ferreras@hotmail.com,+541124881434,C.A.B.A,Formulario Web
28720,Alvaro,Valencia,No contesta,asignaciones,2026-07-27 21:02:06.000000,mariovalencia1805@gmail.com,+541171035206,C.A.B.A,Formulario Web
28723,Aylen tamara,Barria,No contesta,asignaciones,2026-08-24 15:16:01.000000,barriaaylentamara@gmail.com,+542974627364,C.A.B.A,Formulario Web
28729,Carlos,Ochoa,No contesta,asignaciones,2026-08-26 13:04:38.000000,27carlosarmando@gmail.com,+543804166485,Avellaneda,Formulario Web
28734,Jorge gastón,Gaete,No contesta,asignaciones,2026-09-02 15:40:33.000000,gastonputo604@gmail.com,+541162803042,C.A.B.A,Formulario Web
28736,Ailen,Peguino,No contesta,asignaciones,2026-07-27 10:12:44.000000,ezequielavalos038@gmail.com,+541139162464,Quilmes,Formulario Web
28742,Daniel Alberto,Velazquez,No contesta,asignaciones,2026-07-27 21:03:34.000000,dv804408@gmail.com,+541149734686,C.A.B.A,Formulario Web
28752,Jazmin,Vazquez casin,No contesta,asignaciones,2026-08-12 11:07:49.000000,jazminvazquezcasin@gmail.com,+541159034497,San Isidro,Formulario Web
28759,Edwar,Ruiz,No contesta,asignaciones,2026-07-31 11:19:39.000000,edwaruiz22@gmail.com,+5491123913026,C.A.B.A,Formulario Web
28775,Agustin,Szemscyuk,No contesta,asignaciones,2026-08-03 11:43:00.000000,aszemscyuk2@gmail.com,+541122924731,Lanús,Formulario Web
28790,Bianca,Arce,No contesta,asignaciones,2026-08-07 15:09:14.000000,biancajaquelinearce@gmail.com,+541134978848,Gral. San Martín,Formulario Web
28792,Brian,Zuñiga,No contesta,asignaciones,2026-07-27 10:21:37.000000,bz119677@gmail.com,+542604276259,Ezeiza,Formulario Web
28793,Anto,Rojas,No contesta,asignaciones,2026-07-28 14:02:53.000000,rojas2yamila2@gmail.com,+5490026661815,Malvinas Argentinas,Formulario Web
28795,Jonathan,Caturini,No contesta,asignaciones,2026-08-03 11:45:17.000000,jonathancaturini@gmail.com,+543442564861,Almirante Brown,Formulario Web
28822,Yiustina,Juarez,No contesta,asignaciones,2026-07-30 11:38:44.000000,juarezyiustina4@gmail.com,+542213042470,Almirante Brown,Formulario Web
28824,Antonia Marisa,Gomez,No contesta,asignaciones,2026-08-03 16:35:26.000000,gantomarimza@gmail.com,+542617174686,Almirante Brown,Formulario Web
28831,Sergio martin,Mena,No contesta,asignaciones,2026-07-28 14:18:51.000000,solvaluleon@gmail.com,+541139324867,C.A.B.A,Formulario Web
28837,Carolina,Campos,No contesta,asignaciones,2026-09-02 15:39:05.000000,melofran911@gmail.com,+541157979474,Florencio Varela,Formulario Web
28847,Lucas,Ojeda,No contesta,asignaciones,2026-07-30 16:21:49.000000,ojedalucas2026@gmail.com,+541130216754,Almirante Brown,Formulario Web
28848,Aaron,Ojeda,No contesta,asignaciones,2026-07-27 11:47:07.000000,ojedaaaronjoel@gmail.com,+543454740055,Avellaneda,Formulario Web
28853,Gino,Di Mauro,No contesta,asignaciones,2026-08-07 15:01:00.000000,ginodimauora@gmail.com,+541169978263,C.A.B.A,Vendedor-App
28870,Alexandro Rafael,Marcial,No contesta,asignaciones,2026-09-02 15:33:59.000000,marcialrafael13@gmail.com,+541172148974,C.A.B.A,Formulario Web
28879,Ayelen,Naredo,No contesta,asignaciones,2026-08-04 14:21:12.000000,aye_eam@hotmail.com,+541134012644,Quilmes,Formulario Web
28883,fidel,pastore,No contesta,asignaciones,2026-08-12 11:03:38.000000,pastorenorberto70@gmail.com,+5491169499271,C.A.B.A,Formulario Web
28886,Damaris,Caballero,No contesta,asignaciones,2026-09-02 15:33:04.000000,caballerodamaris9@gmail.com,+541124551626,San Miguel,Formulario Web
28905,Federico,Dominguez,No contesta,asignaciones,2026-09-02 15:31:02.000000,federicodom16@gmail.com,+541140812326,Quilmes,Formulario Web
28908,Maria belen,Castillo,No contesta,asignaciones,2026-08-03 10:13:49.000000,mariabelenn296@gmail.com,+541124915083,Lanús,Formulario Web
28909,Nicasio,Dillon,No contesta,asignaciones,2026-07-30 11:36:17.000000,abalerina22@gmail.com,+541136344990,C.A.B.A,Formulario Web
28914,Rosana,TRAPANI,No contesta,asignaciones,2026-07-31 15:34:49.000000,rolat83@gmail.com,+541167184910,Gral. San Martín,Formulario Web
28917,Fedetico,RAMIREZ,No contesta,asignaciones,2026-08-10 17:13:11.000000,mirtasusanaramirez@gmail.com,+541160133258,C.A.B.A,Formulario Web
28925,pancho,marinoni,No interesado,prospectos,2026-07-27 16:27:33.000000,fm@grupocober.online,+542394402347,La Matanza,Formulario Web
28936,test mkt,julio,No contesta,asignaciones,2026-07-31 15:19:15.000000,test@mkt.com,+542975055050,C.A.B.A,Formulario Web
28944,Julia,Tatto,No interesado,prospectos,2026-07-27 18:57:49.000000,juliattto@hotmail.com,+541165084608,C.A.B.A,Formulario Web
28950,Micaela,Romero,No contesta,asignaciones,2026-07-30 14:27:25.000000,micaalaromero@gmail.com,+541151270656,Vicente López,Formulario Web
28958,Ismael Alejandro,Llanos,No contesta,asignaciones,2026-08-03 11:57:42.000000,llanosismaelalejandro89@gmail.com,+543816465841,San Miguel,Formulario Web
28970,Leonel,Ledesma,No contesta,asignaciones,2026-07-30 10:29:33.000000,ledesmalucasleonel24@gmail.com,+543856454528,Ezeiza,Formulario Web
28971,Jorge Leonardo,Arias,No contesta,asignaciones,2026-09-02 15:29:35.000000,leonardoariaseyf@gmail.com,+541179034262,Florencio Varela,Formulario Web
28974,Victor,Ovejero,No contesta,asignaciones,2026-07-30 14:34:11.000000,ovejerovictor227@gmail.com,+541149398373,Moreno,Formulario Web
28978,Yaquelin,Gonzalez,No interesado,prospectos,2026-07-28 03:22:15.000000,yaquelingonzalez2354@gmail.com,+543854763067,San Miguel,Formulario Web
28983,Claudio,Duran,No contesta,asignaciones,2026-09-02 15:28:43.000000,duranclaudio349@gmail.com,+541164194713,Avellaneda,Formulario Web
29000,Joaquín,Uriarte Luna,No contesta,asignaciones,2026-09-02 15:27:55.000000,joaquin18jul@gmail.com,+541173687863,C.A.B.A,Formulario Web
29052,Martina,Ferreyra,No contesta,asignaciones,2026-08-10 10:56:04.000000,ferreyramartina67@gmail.com,+541172476044,Avellaneda,Formulario Web
29053,Ivan,Svarzman,No interesado,prospectos,2026-07-28 14:24:49.000000,canevaconi@gmail.com,+541140784312,C.A.B.A,Formulario Web
29057,JORGE ALEXANDER,ROBLES MOLINA,No contesta,asignaciones,2026-07-31 15:04:06.000000,jmiamolina@gmail.com,+541159902178,La Matanza,Vendedor-App
29068,Yanireth,Querales,No interesado,prospectos,2026-07-28 15:54:12.000000,yanirethqueralesperalta@gmail.com,+541133961713,C.A.B.A,Formulario Web
29076,Nicolás,Alvarez,No contesta,asignaciones,2026-07-30 14:09:33.000000,nicolasalvarrezz@gmail.com,+541125501177,La Matanza,Formulario Web
29096,Enzo ariel,Cuello,No contesta,asignaciones,2026-08-26 10:08:02.000000,cuelloelias449@gmail.com,+543442459351,Ezeiza,Formulario Web
29100,Micaela,Migueles,No contesta,asignaciones,2026-08-13 17:19:30.000000,micaelamigueles98@gmail.com,+541134782625,Quilmes,Formulario Web
29105,Heng Li,Lin,No interesado,prospectos,2026-07-28 21:02:47.000000,lhl1014@gmail.com,+541136649333,C.A.B.A,Formulario Web
29120,María Belén,Chávez,No contesta,asignaciones,2026-07-30 14:09:10.000000,belenchavez25maria@gmail.com,+541122661816,Merlo,Formulario Web
29123,Luciano,Cardozo,No interesado,prospectos,2026-07-29 03:16:37.000000,lucianoadriancardozo803@gmail.com,+541164446540,Malvinas Argentinas,Formulario Web
29126,Juan Manuel,Monserrat,No contesta,asignaciones,2026-07-30 15:07:25.000000,juanmonse010@gmail.com,+541130802498,San Miguel,Formulario Web
29137,Thiago,Aguerreberre,No contesta,asignaciones,2026-08-03 12:09:11.000000,aguerreberrefabricio5@gmail.com,+543456257036,Avellaneda,Formulario Web
29139,Priscila,Morinico,No contesta,asignaciones,2026-08-03 15:42:31.000000,morinicopriscila846@gmail.com,+543454280063,Almirante Brown,Formulario Web
29156,Naomi,Sandoya,No contesta,asignaciones,2026-08-03 12:10:21.000000,knaomisandoya@gmail.com,+541171460641,C.A.B.A,Formulario Web
29157,Alejandro,Perdomo,No interesado,prospectos,2026-07-29 11:30:04.000000,fradan73@gmail.com,+541122782484,C.A.B.A,Formulario Web
29159,Dariela,Erbes Osterwalder,No interesado,prospectos,2026-07-29 11:14:01.000000,dariverbes@gmail.com,+541155653009,Tigre,Formulario Web
29160,MICHELE,DOS SANTOS,No contesta,asignaciones,2026-08-06 11:32:56.000000,michleledossantos653@gmail.com,+541136971642,La Matanza,Vendedor-App
29197,Braian,Fernández,No contesta,asignaciones,2026-08-14 13:36:01.000000,daianagianelaacosta@gmail.com,+541154877647,Lomas de Zamora,Formulario Web
29213,Daniel,Mendez,No interesado,prospectos,2026-07-29 17:25:26.000000,danydanila11@gmail.com,+541149725521,Lanús,Formulario Web
29214,Angela,Perez Parra,No interesado,prospectos,2026-07-29 17:25:27.000000,ang.perez@bue.edu.ar,+541159307571,C.A.B.A,Formulario Web
29217,Macarena,Ruibal,No contesta,asignaciones,2026-07-30 12:32:45.000000,ruibalmacarena00@gmail.com,+541133544566,Vicente López,Formulario Web
29222,Micaela,Gonzalez,No contesta,asignaciones,2026-08-14 13:05:51.000000,danygonzalez683@gmail.com,+541156398507,C.A.B.A,Formulario Web
29225,Zahira,Saravia,No contesta,asignaciones,2026-07-31 10:56:04.000000,zahilopez30@gmail.com,+541137046512,La Matanza,Formulario Web
29233,Milena,Sabattino,No contesta,asignaciones,2026-08-12 11:08:26.000000,milenasabattino@gmail.com,+541157644306,La Matanza,Formulario Web
29240,Alexis Daniel,Castro,No interesado,prospectos,2026-07-30 01:06:59.000000,alepaso1375@gmail.com,+543329301752,C.A.B.A,Formulario Web
29243,Francesca,Mason,No contesta,asignaciones,2026-08-26 13:03:43.000000,francescamason505@gmail.com,+542477534869,Merlo,Formulario Web
29247,JOAQUIN,MORA,No contesta,asignaciones,2026-07-31 14:11:28.000000,joacomora2006@gmail.com,+541135945945,Almirante Brown,Formulario Web
29265,Mari Jose,Ubeda,No contesta,asignaciones,2026-08-01 17:07:34.000000,ayrtonlautarolionel3780@gmail.com,+542964624874,C.A.B.A,Formulario Web
29269,Mateo,Rakauskas,No contesta,asignaciones,2026-08-26 11:42:24.000000,rakauskasmateo@gmail.com,+543543418677,C.A.B.A,Formulario Web
29270,Guillermo,Garay,No interesado,prospectos,2026-07-30 03:52:23.000000,ojongaray33@gmail.com,+541176607426,Florencio Varela,Formulario Web
29302,JONATHAN JAVIER,BAZAN,No contesta,asignaciones,2026-08-06 11:32:46.000000,bazanjonathan76@gmail.com,+541134540201,C.A.B.A,Vendedor-App
29304,Marcelo alejandro,Gomez,No contesta,asignaciones,2026-08-14 13:10:16.000000,cristalbusto1@gmail.com,+541167940138,La Matanza,Formulario Web
29328,Walter,Eguren,No contesta,asignaciones,2026-07-31 11:21:12.000000,egurenwalter@gmail.com,+541126989645,Almirante Brown,Formulario Web
29333,Facundo,Franco,No contesta,asignaciones,2026-08-26 11:38:47.000000,facundogfranco@gmail.com,+541122586893,Esteban Echeverría,Formulario Web
29358,VALERIA,RAMIREZ,No interesado,prospectos,2026-07-30 16:24:47.000000,varamirez84@gmail.com,+541161779724,C.A.B.A,Formulario Web
29374,Alejandro,Moreira,No contesta,asignaciones,2026-08-14 13:13:53.000000,am4593695@gmail.com,+543637607267,Almirante Brown,Formulario Web
29376,Alejandro,Moreira,No contesta,asignaciones,2026-07-30 18:25:51.000000,am4593695@gmail.com,+543637607267,Moreno,Formulario Web
29381,MARTA,BOGADO,No contesta,asignaciones,2026-08-14 13:20:50.000000,kary22_04@yahoo.com.ar,+541154844085,Lomas de Zamora,Formulario Web
29386,Izabel,Rocha,No contesta,asignaciones,2026-08-05 11:35:48.000000,izabelcsrocha@gmail.com,+541164008561,C.A.B.A,Formulario Web
29388,Camila,Nicastro,No interesado,prospectos,2026-07-30 21:20:42.000000,caminicas@gmail.com,+541161410001,Gral. San Martín,Formulario Web
29389,Priscilla,Paredes,No contesta,asignaciones,2026-08-11 10:41:42.000000,priparedes05@gmail.com,+541126828397,La Matanza,Formulario Web
29402,Nahir,Mendez,No contesta,asignaciones,2026-08-04 15:28:09.000000,mendeznahir31@gmail.com,+543887469057,Moreno,Formulario Web
29404,Tomas,Madronal,No contesta,asignaciones,2026-08-14 13:36:12.000000,tomasmadronal5@gmail.coml,+542216741974,San Miguel,Formulario Web
29418,Claudio,Villagrán,No contesta,asignaciones,2026-08-26 12:58:04.000000,cvillagran536@gmail.com,+541164523739,Merlo,Formulario Web
29420,Orlando,Marin,No interesado,prospectos,2026-07-31 08:18:01.000000,marinandres0023@gmail.com,+541138955547,Moreno,Formulario Web
29430,Emiliano,Serrano,No interesado,prospectos,2026-07-31 10:23:22.000000,agosagm@gmail.com,+541167274437,Pilar,Formulario Web
29436,Maximiliano andres,Apud,No interesado,prospectos,2026-07-31 10:22:25.000000,maximilianoapud211@gmail.com,+541164594194,Almirante Brown,Formulario Web
29452,Claudio,Ruiz,No interesado,prospectos,2026-07-31 11:17:33.000000,claudioruiz847@gmail.com,+541139394176,Lomas de Zamora,Formulario Web
29457,María Angelina,Baez Riquelme,No interesado,prospectos,2026-07-31 11:59:06.000000,baezangelina994@gmail.com,+541161177268,C.A.B.A,Formulario Web
29466,FEDERICO,MENDEZ,No contesta,asignaciones,2026-08-03 11:55:49.000000,fedemartinez22@gmail.com,+541134657754,Malvinas Argentinas,Vendedor-App
29476,Nicole,Nicole Núñez,No contesta,asignaciones,2026-09-02 15:47:50.000000,nblackn013@gmail.com,+541169570986,Malvinas Argentinas,Formulario Web
29485,Luciana,isaak,No contesta,asignaciones,2026-09-14 10:33:17.000000,isaakluciana9@gmail.com,+541171432802,La Matanza,Formulario Web
29499,Ana Lucia,Depaoli,No interesado,prospectos,2026-07-31 17:00:32.000000,analuciadepaoliald@gmail.com,+541158769973,La Matanza,Formulario Web
29505,Samuel,Rauseo,No interesado,prospectos,2026-07-31 17:21:06.000000,samydaye16@gmail.com,+541122519358,La Matanza,Formulario Web
29515,Walter,Zoloaga,No contesta,asignaciones,2026-08-03 12:33:30.000000,yesiduarte32@gmail.com,+541136219862,Lanús,Formulario Web
29527,Mariadelosangeles,Cantero,No contesta,asignaciones,2026-09-02 15:44:49.000000,canteromariadelosangeles761@gmail.com,+541151817455,La Matanza,Formulario Web
29529,Juan,Andrés rojas,No interesado,prospectos,2026-08-01 04:51:20.000000,changolorojas42@gmail.com,+541165732396,Moreno,Formulario Web
29533,Mario,Cancinos,No interesado,prospectos,2026-08-01 06:19:28.000000,cancinosm52@gmail.com,+541171438330,La Matanza,Formulario Web
29535,Enzo,Rodriguez,No contesta,asignaciones,2026-08-12 11:08:57.000000,chalablon@gmail.com,+541150369532,Moreno,Formulario Web
29536,Ariel Alejandro,Muñoz,No interesado,prospectos,2026-08-01 07:31:42.000000,elgalez1737@gmail.como,+541162764461,San Miguel,Formulario Web
29542,Diego Ismael,Silva,No contesta,asignaciones,2026-08-05 10:39:03.000000,d41070627@gmail.com,+541140895414,Tigre,Formulario Web
29549,CANDELA,LEIGA,No contesta,asignaciones,2026-08-18 11:08:52.000000,mari_leiga@yahoo.com.ar,+541163955422,C.A.B.A,Vendedor-App
29554,Lorena,paniagua,No contesta,asignaciones,2026-08-06 14:34:32.000000,paniagualorena901@gmail.com,+541125948295,Tigre,Formulario Web
29555,Yonatan,Gamarra,No interesado,prospectos,2026-08-01 12:04:01.000000,orlandomiguelduran@gmail.com,+543487208997,Zárate,Formulario Web
29557,Francisco,Silva,No contesta,asignaciones,2026-08-03 10:55:12.000000,mecanicafcs2@gmail.com,+541142894062,San Fernando,Formulario Web
29559,JUAN CARLOS,ANDREO,No contesta,asignaciones,2026-08-01 20:17:32.000000,juankc_1965@hotmail.com,+541133517977,Avellaneda,Vendedor-App
29560,Leonardo,Pagliani,No contesta,asignaciones,2026-08-03 10:21:19.000000,leonardopagliani935@gmail.com,+542244506606,Quilmes,Formulario Web
29561,Lino,Ocampo,No interesado,prospectos,2026-08-01 12:14:22.000000,ocampoariel869@gmail.com,+541121571636,Tigre,Formulario Web
29562,Jorge,Acosta,No contesta,asignaciones,2026-08-12 11:09:25.000000,acostajorgeluis469@gmail.com,+541145266367,Florencio Varela,Formulario Web
29565,Juan angel,Laguna,No interesado,prospectos,2026-08-01 12:23:53.000000,juanangellaguna14@gmail.com,+542975278380,Tres de Febrero,Formulario Web
29568,MOIRA AGUSTINA,CHAVES,No contesta,asignaciones,2026-08-05 17:44:25.000000,aguustina.chaves@hotmail.com,+541156669906,C.A.B.A,Vendedor-App
29571,Elias,Zaracho,No contesta,asignaciones,2026-08-04 10:34:13.000000,eliaszarachocontacto@gmail.com,+5491170590898,Campana,Formulario Web
29576,Paula,Contreras,No interesado,prospectos,2026-08-01 16:31:36.000000,paulacnt@gmail.com,+541159199267,C.A.B.A,Formulario Web
29578,Belen,Pared,No contesta,asignaciones,2026-09-02 16:02:06.000000,paredb60@gmail.com,+541153764932,La Matanza,Formulario Web
29579,Silvina,Heres,No contesta,asignaciones,2026-08-04 11:52:42.000000,silvinaheres92@gmail.com,+541170458822,Florencio Varela,Formulario Web
29581,Mariangela,Pacheco,No contesta,asignaciones,2026-08-04 10:00:32.000000,maipachecooropeza@gmail.com,+541132516223,C.A.B.A,Formulario Web
29587,Guadalupe Marianela,Tolaba,No interesado,prospectos,2026-08-02 00:27:44.000000,guadatolaba25@gmail.com,+543884475489,Malvinas Argentinas,Formulario Web
29589,Michael,Luna,No contesta,asignaciones,2026-08-05 10:23:03.000000,michaelluna201312@gmail.com,+542281353258,Moreno,Formulario Web
29593,Emanuel,Aranda,No contesta,asignaciones,2026-08-03 15:38:43.000000,emapolakoaranda63@gmail.com,+542478558291,Zárate,Formulario Web
29594,René Fabian,Tejerina,No interesado,prospectos,2026-08-02 02:57:30.000000,familiatejerina21@gmail.com,+543888465328,Gral. San Martín,Formulario Web
29595,Lautaro,Robles,No interesado,prospectos,2026-08-02 02:59:59.000000,robleslautaro860@gmail.com,+541128716906,José C. Paz,Formulario Web
29596,Maximiliano,Metralle,No contesta,asignaciones,2026-08-14 15:24:58.000000,metrallemaxii09@gmail.com,+543442518596,Malvinas Argentinas,Formulario Web
29604,Tobías,Lizaso,No interesado,prospectos,2026-08-02 07:08:40.000000,lizasotobias82@gmail.com,+542317634345,San Miguel,Formulario Web
29605,Ramona,Cabrera,No interesado,prospectos,2026-08-02 07:26:09.000000,diegofabiang30@gmail.com,+541151092471,José C. Paz,Formulario Web
29606,Yoel,alejandro Luna,No contesta,asignaciones,2026-08-05 11:37:14.000000,yoelalejandroluna@gmail.com,+541171630046,José C. Paz,Formulario Web
29607,Ramona,Cabrera,No contesta,asignaciones,2026-08-14 14:43:23.000000,diegofabiang30@gmail.com,+541151092471,José C. Paz,Formulario Web
29609,BRISA,A VIZAGUIRRE,No contesta,asignaciones,2026-08-14 15:27:02.000000,briivizaguirre8@gmail.com,+542634180691,Gral. San Martín,Formulario Web
29611,David,Reyna,No interesado,prospectos,2026-08-02 09:20:15.000000,reynadavid285@gmail.com,+542634883261,Gral. San Martín,Formulario Web
29615,Cecilia,Giovinazzo,No interesado,prospectos,2026-08-02 11:56:17.000000,ceciliagiovinazzo@gmail.com,+541140466161,C.A.B.A,Formulario Web
29645,Lucia,Aranda,No contesta,asignaciones,2026-08-04 11:52:34.000000,lucia.aranda89@hotmail.com,+541125129273,C.A.B.A,Formulario Web
29665,Luciana,Lencina,No interesado,prospectos,2026-08-03 00:14:51.000000,lencinalucianagabriela@gmail.com,+541173723442,Quilmes,Formulario Web
29689,Aranza,Maglione,No contesta,asignaciones,2026-08-04 11:45:40.000000,aramaglione@gmail.com,+542964407749,Hurlingham,Formulario Web
29693,Andrea,rotondo,No interesado,prospectos,2026-08-03 08:49:01.000000,fitandrearotondo@gmail.com,+541136897440,C.A.B.A,Formulario Web
29697,Sofia,Martin,No contesta,asignaciones,2026-08-04 11:51:23.000000,soficeleste54@gmail.com,+541131464765,La Matanza,Formulario Web
29711,Araceli Beatriz,Rivero,No interesado,prospectos,2026-08-03 11:18:29.000000,aracelirivero46@gmail.com,+542944364996,C.A.B.A,Formulario Web
29713,Gabriel,Alvarez,No contesta,asignaciones,2026-08-10 11:11:48.000000,gabrielralvarez70@gmail.com,+541156011163,Vicente López,Formulario Web
29718,Facundo,Vazquez,No interesado,prospectos,2026-08-03 11:34:05.000000,facundovazquez987@gmail.com,+541169115641,Merlo,Formulario Web
29720,María Victoria,Cirillano,No contesta,asignaciones,2026-08-06 10:33:55.000000,victoriaciri@hotmail.com,+541151042772,La Matanza,Formulario Web
29728,Roman,Eseisa,No interesado,prospectos,2026-08-03 12:01:24.000000,eseizaroman8@gmail.com,+542241618548,Lanús,Formulario Web
29729,Morena,Galindi,No interesado,prospectos,2026-08-03 12:01:28.000000,lamorenagalindo20@gmail.com,+542914319527,Ezeiza,Formulario Web
29736,Pylar,Carballeda,No interesado,prospectos,2026-08-03 12:21:46.000000,pylarcarballeda87@gmail.com,+5491165441597,Esteban Echeverría,Formulario Web
29756,VERONICA,BARRIOS,No contesta,asignaciones,2026-08-18 11:09:45.000000,veryto.15@hotmail.com,+541134781355,La Matanza,Vendedor-App
29792,luciana belen,coronel,No contesta,asignaciones,2026-08-10 10:55:36.000000,lucoronel239@gmail.com,+541149712868,C.A.B.A,Formulario Web
29793,Mariana,Cousillas,No interesado,prospectos,2026-08-03 16:59:56.000000,marianacousillas@gmail.com,+541160151631,Lanús,Formulario Web
29801,Ricardo Angel,Konop,No contesta,asignaciones,2026-08-10 16:44:15.000000,ricardokonop@hotmail.com,+541130053972,C.A.B.A,Formulario Web
29802,Aylen,Herrera,No interesado,prospectos,2026-08-03 17:59:26.000000,aylenherrera8@gmail.com,+542227472528,La Matanza,Formulario Web
29805,Fernando,Ceccato,No contesta,asignaciones,2026-08-05 16:20:46.000000,ckinformaticaytecno@gmail.com,+541122903566,Morón,Formulario Web
29813,Matias,Bordarier,No interesado,prospectos,2026-08-03 20:49:24.000000,matiasbordarier@gmail.com,+541158099049,Lanús,Formulario Web
29815,Marcelo sebastian,Muñoz,No contesta,asignaciones,2026-08-11 12:10:37.000000,el_sanjuanino@live.com,+541134726907,C.A.B.A,Formulario Web
29816,nahiara,verza,No contesta,asignaciones,2026-08-06 10:27:25.000000,nahiaraverza13@gmail.com,+541164596307,Lomas de Zamora,Formulario Web
29822,Wbeimar,Valderrama Baquero,No contesta,asignaciones,2026-08-14 15:39:43.000000,wbeimar85@hotmail.com,+541176493145,C.A.B.A,Formulario Web
29823,Mauricio,Hernandez,No contesta,asignaciones,2026-08-14 15:40:44.000000,mauricioandreshernandez99@gmail.com,+541138536192,San Miguel,Formulario Web
29826,Juan gabriel,Erazo,No contesta,asignaciones,2026-08-14 15:43:24.000000,juangabrielerazo43@gmail.com,+542622447147,Campana,Formulario Web
29830,Alejandro,Orsomarzo,No contesta,asignaciones,2026-08-26 12:55:29.000000,alejandroorsomarzo5@gmail.com,+541165885910,Merlo,Formulario Web
29831,Daniela,Silva,No contesta,asignaciones,2026-08-04 13:55:51.000000,danielasilva68192@gmail.com,+542254595027,C.A.B.A,Formulario Web
29832,Miguel,Finochio,No contesta,asignaciones,2026-08-10 11:25:28.000000,miguelfinochio5@gmail.com,+542236859053,Tres de Febrero,Formulario Web
29833,Lorena,Arce,No contesta,asignaciones,2026-08-06 10:38:12.000000,lorenaarce564@gmail.com,+543888504004,San Isidro,Formulario Web
29834,Flor,gomez,No contesta,asignaciones,2026-08-05 11:37:18.000000,florenciaabigailgomez3020@gmail.com,+541139471377,La Matanza,Formulario Web
29835,Yanet,Dominguez,No contesta,asignaciones,2026-08-14 15:44:38.000000,yanetdominguez824@gmail.com,+542266445903,C.A.B.A,Formulario Web
29836,Jose Luis,Perez,No contesta,asignaciones,2026-08-06 10:26:57.000000,josedeltreinta30@gmail.com,+541139295706,La Matanza,Formulario Web
29838,Lisandro,Cardoso,No contesta,asignaciones,2026-08-12 11:09:56.000000,lisandrocardoso2021@gmail.com,+5490022751351,C.A.B.A,Formulario Web
29839,Julieta,Pacheco,No contesta,asignaciones,2026-08-26 12:58:33.000000,angelicapacheco691@gmail.com,+543535623506,Almirante Brown,Formulario Web
29842,Maximo,Reynoso,No contesta,asignaciones,2026-08-11 13:57:55.000000,maximorey5570@gmail.com,+543886401194,Gral. San Martín,Formulario Web
29845,Franco,Heim,No contesta,asignaciones,2026-08-10 11:15:14.000000,francoemanuelheim@gmail.com,+542922432628,Avellaneda,Formulario Web
29846,Sofía,Blanco,No contesta,asignaciones,2026-08-06 10:39:16.000000,sofiablanco2658@gmail.com,+541169177696,La Matanza,Formulario Web
29847,Daniel,gaitan,No interesado,prospectos,2026-08-04 08:09:57.000000,dangus959@gmail.com,+543412796714,San Miguel,Formulario Web
29850,Pablo,Cuello,No contesta,asignaciones,2026-08-14 15:47:15.000000,cuellopablo450@gmail.com,+541126293203,La Matanza,Formulario Web
29852,nestor marcelo,aviles,No interesado,prospectos,2026-08-04 09:19:12.000000,marceloaviles761@gmail.com,+541127586731,Florencio Varela,Formulario Web
29854,Mercedes,Ramirez,No interesado,prospectos,2026-08-04 10:05:22.000000,mercedesnramirez@gmail.com,+541136289623,C.A.B.A,Formulario Web
29857,milagros,scorpaniti,No contesta,asignaciones,2026-08-05 11:37:49.000000,milagros.scorpaniti@live.com,+541121724655,C.A.B.A,Formulario Web
29873,Ernesto damian,Rotela,No contesta,asignaciones,2026-08-10 11:22:42.000000,damianrotela@gmail.com,+541131172145,Tres de Febrero,Formulario Web
29877,Daniel,Diaz,No interesado,prospectos,2026-08-04 12:37:55.000000,daniel_elbostero_10@hotmail.com,+541136319265,Malvinas Argentinas,Formulario Web
29883,Fernanda,Provenzano,No contesta,asignaciones,2026-08-14 15:52:46.000000,fernandaprovenzano2019@gmail.com,+541158598445,Lomas de Zamora,Formulario Web
29884,Nahir,Gomez,No contesta,asignaciones,2026-08-04 15:51:43.000000,nahirgomez81@gmail.com,+541121890999,Tres de Febrero,Formulario Web
29895,Victor Javier,Ferreira,No contesta,asignaciones,2026-08-10 11:20:22.000000,ferreiravictorjavier@gmail.com,+541133833880,Lomas de Zamora,Formulario Web
29896,Anahi,de Segovia,No contesta,asignaciones,2026-08-05 11:38:17.000000,anahidesegovia@yahoo.com.ar,+541157074694,Lomas de Zamora,Formulario Web
29906,Carla,Capozzi,No contesta,asignaciones,2026-08-05 14:01:49.000000,carlacapozzi@icloud.com,+541166709765,Quilmes,Formulario Web
29908,Federico Luis,Rinaldi,No interesado,prospectos,2026-08-04 16:37:44.000000,lucila_casadei@hotmail.com,+541151750691,San Isidro,Formulario Web
29912,Maria,Rosati,No interesado,prospectos,2026-08-04 16:56:20.000000,crosati1302@gmail.com,+541122990036,C.A.B.A,Formulario Web
29935,Melany,Alvarez,No contesta,asignaciones,2026-08-11 12:07:25.000000,melanyaalvarez00@gmail.com,+541154931249,Lanús,Formulario Web
29942,Zoe,Narváez,No contesta,asignaciones,2026-08-14 15:53:43.000000,santillanpolaka@gmail.com,+541159120302,Lomas de Zamora,Formulario Web
29959,Hernando,Muñoz,No interesado,prospectos,2026-08-05 01:52:53.000000,munozhernando296@gmail.com,+541126999616,La Matanza,Formulario Web
29961,Delia elizabeth Benítez,Benítez,No contesta,asignaciones,2026-08-06 10:40:26.000000,deliabenitez256@gmail.com,+541157625078,Florencio Varela,Formulario Web
29964,Agustín,Torres,No contesta,asignaciones,2026-08-10 11:26:10.000000,aguscasden33@gmail.com,+542974701365,C.A.B.A,Formulario Web
29969,Alfredo,Sarmiento,No interesado,prospectos,2026-08-05 03:47:18.000000,alf307845@gmail.com,+543875426803,Malvinas Argentinas,Formulario Web
29970,Matias,Luna,No interesado,prospectos,2026-08-05 03:50:19.000000,lunagomezmatias@gmail.com,+542246442120,La Matanza,Formulario Web
29974,Trinidad aidana,Vera,No interesado,prospectos,2026-08-05 05:06:59.000000,wuiliammartinez258@gmail.com,+543416962792,Zárate,Formulario Web
29975,Axel,Morel,No contesta,asignaciones,2026-08-10 11:27:30.000000,renaytania22@gmail.com,+541162606814,Avellaneda,Formulario Web
29980,Leonela,Guzmán,No contesta,asignaciones,2026-08-11 12:07:42.000000,leoaguzman98@gmail.com,+542914049735,C.A.B.A,Formulario Web
29997,Florencia,Escobar,No interesado,prospectos,2026-08-05 10:54:25.000000,flopiescobar@gmail.com,+541157547638,Quilmes,Formulario Web
30002,Vanesa,Chavez,No contesta,asignaciones,2026-08-10 11:25:23.000000,vchavez301187@gmail.com,+541121632121,C.A.B.A,Formulario Web
30041,Gustavo,Cossani,No contesta,asignaciones,2026-08-10 11:29:34.000000,daycrosacompras@gmail.com,+541158517343,Quilmes,Formulario Web
30056,Tamara,Carrasco,No interesado,prospectos,2026-08-05 14:56:34.000000,tamcarrasco@hotmail.com,+541150543300,Tigre,Formulario Web
30063,María Laura,María Laura,No contesta,asignaciones,2026-08-11 16:26:27.000000,correlalicorre@gmail.com,+541150384263,C.A.B.A,Formulario Web
30077,Norma,Lauriano,No interesado,prospectos,2026-08-05 17:27:08.000000,mauriciomartinez098@gmail.com,+541170600549,San Isidro,Formulario Web
30084,Melisa,Cabrera,No contesta,asignaciones,2026-08-07 10:47:09.000000,melcabrepipi28@gmail.com,+541125954002,La Matanza,Formulario Web
30094,Laidet,Parra Toro,No interesado,prospectos,2026-08-05 22:16:19.000000,laidetparratoro@gmail.com,+541123814403,C.A.B.A,Formulario Web
30107,Isidro alejandro,Aguilera,No interesado,prospectos,2026-08-06 01:27:31.000000,isidroalejandroaguilera707@gmail.com,+542954633579,Almirante Brown,Formulario Web
30110,Georgina,Ponce,No interesado,prospectos,2026-08-06 02:42:35.000000,georginap943@gmail.com,+542478579360,C.A.B.A,Formulario Web
30114,Marta beatriz,Amaya,No interesado,prospectos,2026-08-06 04:51:54.000000,launemax05@gmail.com,+5490038473530,San Miguel,Formulario Web
30115,Verónica,Vallejos,No contesta,asignaciones,2026-08-21 11:18:15.000000,moreverosabry@gmail.com,+541151490153,Pilar,Formulario Web
30124,Ruben alberto,Briongos,No interesado,prospectos,2026-08-06 06:59:39.000000,rubenalbertobriongos24@gmail.com,+541167913854,Malvinas Argentinas,Formulario Web
30125,Gastón Emmanuel,Ortiz,No interesado,prospectos,2026-08-06 06:59:39.000000,gastoneltrebol@gmail.com,+541125731486,La Matanza,Formulario Web
30130,Mariana,Pérez Cuervo,No interesado,prospectos,2026-08-06 08:27:13.000000,marianapc72@yahoo.com.ar,+541167639566,C.A.B.A,Formulario Web
30147,EZEQUIEL,MEDINA,No contesta,asignaciones,2026-08-11 13:48:28.000000,ezequielmedina11@hotmail.com,+541165987044,C.A.B.A,Vendedor-App
30151,Carolina,Purdon,No interesado,prospectos,2026-08-06 11:48:20.000000,caro_purdon@gmail.com,+541130892779,C.A.B.A,Formulario Web
30167,Carolina,Jara,No contesta,asignaciones,2026-08-11 14:41:16.000000,carolinajara443@gmail.com,+541130757888,Gral. San Martín,Formulario Web
30170,Carla,Rodriguez placereano,No contesta,asignaciones,2026-08-14 16:55:00.000000,caarli33@gmail.com,+541151752955,C.A.B.A,Formulario Web
30172,Sergio,Achilli,No contesta,asignaciones,2026-08-10 16:47:08.000000,info@alarmasysistemas.net,+541151778426,Esteban Echeverría,Formulario Web
30185,JUAN MANUEL,FIT,No contesta,asignaciones,2026-08-20 16:04:02.000000,juanmanuelfit1@gmail.com,+541130114585,La Matanza,Vendedor-App
30201,Nicole,Finocchi,No contesta,asignaciones,2026-08-14 16:56:01.000000,nicolefinocchi370@gmail.com,+541122708384,La Matanza,Formulario Web
30221,Matias,Weimberg,No contesta,asignaciones,2026-08-11 11:55:14.000000,matiasweimberg@gmail.com,+541133653550,Hurlingham,Formulario Web
30233,Cristian,Ballistreri,No interesado,prospectos,2026-08-06 21:57:53.000000,cristianballistreri@hotmail.com,+541167544123,Florencio Varela,Formulario Web
30239,Marcos Mariano,Mendoza,No contesta,asignaciones,2026-08-14 16:57:07.000000,3dmariano@gmail.com,+542323601345,La Matanza,Formulario Web
30241,Luciano,Paez,No contesta,asignaciones,2026-08-07 12:16:47.000000,paezluciano020@gmail.com,+542664942021,Almirante Brown,Formulario Web
30242,Luciano,Paez,No contesta,asignaciones,2026-08-07 12:17:08.000000,paezluciano020@gmail.com,+542664942021,Almirante Brown,Formulario Web
30246,Cristina graciela,Romero,No contesta,asignaciones,2026-08-07 14:58:31.000000,gabrielabenitez@gmail.com,+541176126719,Florencio Varela,Formulario Web
30258,Rocío,Díez,No contesta,asignaciones,2026-08-14 16:58:08.000000,ndiez7133@gmail.com,+541140574762,Malvinas Argentinas,Formulario Web
30259,Miguel,Acosta,No contesta,asignaciones,2026-08-10 14:23:30.000000,19762025angel@gmail.com,+543756586373,Almirante Brown,Formulario Web
30260,Gloria,Estefanía Diaz,No contesta,asignaciones,2026-08-15 18:12:32.000000,gloriaestefaniadiaz210@gmail.com,+543886702735,Tigre,Formulario Web
30263,Ruth,Mansilla,No interesado,prospectos,2026-08-07 03:33:15.000000,ruthmansilla03@gmail.com,+542914071735,Avellaneda,Formulario Web
30273,Damián,Goytea,No interesado,prospectos,2026-08-07 05:10:40.000000,alejandrogoytea24@gmail.com,+542212246315,Ezeiza,Formulario Web
30274,Alexander,Campos,No contesta,asignaciones,2026-08-11 11:55:38.000000,alexandergabrielcampos31@gmail.com,+541168849451,José C. Paz,Formulario Web
30276,Marcos,Olivera,No contesta,asignaciones,2026-08-11 11:41:24.000000,luntudejardin@gmail.com,+541164006212,Lanús,Formulario Web
30277,Valeria yanina,Carrasco Fernández,No contesta,asignaciones,2026-08-10 10:52:23.000000,valec6060@gmail.com,+541176302505,Moreno,Formulario Web
30280,Romina Patricia,Schreiner,No interesado,prospectos,2026-08-07 08:47:02.000000,rommy2210@gmail.com,+541131115924,Gral. San Martín,Formulario Web
30282,Marce,Lpz,No contesta,asignaciones,2026-08-14 16:59:08.000000,machu_lpz14@icloud.com,+541131546789,Vicente López,Formulario Web
30336,Daian martin,Rodriguez,No contesta,asignaciones,2026-08-11 12:19:44.000000,rdaianmartin@gmail.com,+541133329935,Florencio Varela,Formulario Web
30342,Daiana,Maffuche,No contesta,asignaciones,2026-08-11 13:02:55.000000,priscilamaff14@gmail.com,+541158568487,C.A.B.A,Formulario Web
30349,MICAELA,GUARDIA,No contesta,asignaciones,2026-08-26 11:45:02.000000,guardiamicaela@gmail.com,,C.A.B.A,Vendedor-App
30354,Pamela,Farias,No contesta,asignaciones,2026-08-12 10:47:06.000000,pamelavpf@gmail.com,+541150405900,Malvinas Argentinas,Formulario Web
30364,Gisela,Mellino,No contesta,asignaciones,2026-08-11 13:03:00.000000,giselamellino77@gmail.com,+541169195801,C.A.B.A,Formulario Web
30383,Juan,Enrique,No contesta,asignaciones,2026-08-15 18:13:19.000000,fjuanenrique1987@gmail.com,+543329327451,Avellaneda,Formulario Web
30388,Cristina,López,No interesado,prospectos,2026-08-08 02:46:13.000000,alejandra72vazquez@gmail.com,+541139099663,Quilmes,Formulario Web
30392,BELEN BEATRIZ,CEBALLOS,No contesta,asignaciones,2026-09-02 16:06:35.000000,belenbceballos20121@gmail.com,+541154843110,La Matanza,Formulario Web
30396,Ariel,Quiroga,No contesta,asignaciones,2026-08-11 13:47:28.000000,danielagarrido110@gmail.com,+541136003570,La Matanza,Formulario Web
30397,Leonardo,Leonardo Martinez,No interesado,prospectos,2026-08-08 06:47:31.000000,mleonardo1981sl@gmail.com,+541173613115,Avellaneda,Formulario Web
30401,Irma,Maidana,No interesado,prospectos,2026-08-08 09:02:01.000000,irmamaidana62@gmail.com,+541154105499,Quilmes,Formulario Web
30403,Lorena,Castillo,No contesta,asignaciones,2026-08-11 11:55:24.000000,lorenacastillo829@gmail.com,+541140620015,Florencio Varela,Formulario Web
30412,Mariana,Pereira,No interesado,prospectos,2026-08-08 13:34:30.000000,estudioiden@gmail.com,+542494684488,C.A.B.A,Formulario Web
30414,Micaela,Torrado,No contesta,asignaciones,2026-08-11 12:20:24.000000,micaelatorrado@gmail.com,+541132673273,Lanús,Formulario Web
30429,Nicole Desiree,Gomez Montalto,No contesta,asignaciones,2026-08-11 11:55:27.000000,nicoledesiree4@gmail.com,+541133512147,C.A.B.A,Formulario Web
30434,Sebastian,isola,No interesado,prospectos,2026-08-08 19:48:40.000000,sebastianisola@hotmail.com,+541157355322,La Matanza,Formulario Web
30439,Jorge,Oviedo,No contesta,asignaciones,2026-08-11 12:20:56.000000,oviedojorge826@gmail.com,+541171634587,Lomas de Zamora,Formulario Web
30445,Miriam,Ybarra,No contesta,asignaciones,2026-08-12 10:46:46.000000,ybarramiriameliza@gmail.com,+541140635857,San Fernando,Formulario Web
30450,Franco,Ontivero,No contesta,asignaciones,2026-08-13 14:34:46.000000,frankochiina@gmail.com,+541176667999,Morón,Formulario Web
30454,Ayelen,Civitato,No contesta,asignaciones,2026-08-11 11:55:49.000000,cinthiaaye91@gmail.com,+541128055458,Ituzaingó,Formulario Web
30455,José Luis,Mongelli,No contesta,asignaciones,2026-08-11 11:40:43.000000,yulimongelli@gmail.com,+541159817406,Lomas de Zamora,Formulario Web
30462,analia,panetta,No contesta,asignaciones,2026-08-18 12:13:16.000000,analiapanetta8@gmail.com,+541122456031,Lanús,Formulario Web
30469,Carlos,Lopez neris,No contesta,asignaciones,2026-08-11 11:55:53.000000,clopeznerisarq@gmail.com,+541157141072,Vicente López,Formulario Web
30473,Milagros,Samudio,No contesta,asignaciones,2026-08-10 14:59:54.000000,milagrosayelen2024@icloud.com,+541127393765,C.A.B.A,Formulario Web
30477,Santiago,Duarte,No contesta,asignaciones,2026-09-02 16:07:28.000000,santiagoduarteok@gmail.com,+541133418563,La Matanza,Formulario Web
30478,Mailina,Grandinetti,No interesado,prospectos,2026-08-09 14:05:59.000000,grandinettimailina@gmail.com,+541156102221,C.A.B.A,Formulario Web
30483,Andrea,Chujbeb,No contesta,asignaciones,2026-08-11 12:21:37.000000,annchjb@gmail.com,+541126758363,Pilar,Formulario Web
30486,Sergio,Mesa,No contesta,asignaciones,2026-08-11 11:55:56.000000,marcelomeza2712@gmail.com,+541162224987,La Matanza,Formulario Web
30512,Valeria,Gomez,No interesado,prospectos,2026-08-10 04:59:36.000000,gomezvaleria544@gmail.com,+541125381391,José C. Paz,Formulario Web
30522,Ezequiel,Cides,No contesta,asignaciones,2026-08-11 11:51:22.000000,gonzalezmendiazmf@gmail.com,+541126507749,Morón,Formulario Web
30532,Alvaro,Lopez,No contesta,asignaciones,2026-08-11 11:51:16.000000,nadiadnf@gmail.com,+541144302597,Ezeiza,Formulario Web
30535,LUCAS NAZARENO,FERNANDEZ TIRRA,No contesta,asignaciones,2026-08-13 16:26:01.000000,lucasnfernandez@gmail.com,+541130232015,C.A.B.A,Vendedor-App
30537,Brenda,Petroni,No contesta,asignaciones,2026-08-11 16:09:16.000000,brendapetroniv@gmail.com,+541166494986,La Matanza,Formulario Web
30539,MARIA PAULA,MILSTEIN,No contesta,asignaciones,2026-08-13 16:25:55.000000,mariapaulamilstein@gmail.com,+541141780760,C.A.B.A,Vendedor-App
30559,Brian Ezequiel,Ferreyra,No contesta,asignaciones,2026-08-13 14:32:26.000000,vscotti918@gmail.com,+541125893019,La Matanza,Formulario Web
30563,Gonzalo,chiappe,No interesado,prospectos,2026-08-10 14:09:39.000000,gonzaloezequiel15@outlook.com,+541167014322,Lomas de Zamora,Formulario Web
30567,VERONICA ALEJANDRA,OLIVERA,No contesta,asignaciones,2026-08-13 16:25:29.000000,veronicaolivera@gmail.com,+5490029113234,C.A.B.A,Vendedor-App
30571,Leonardo,Quintana,No interesado,prospectos,2026-08-10 15:01:10.000000,gestorialq@gmail.com,+541169044254,Hurlingham,Formulario Web
30580,rocio,pellegrino,No contesta,asignaciones,2026-08-12 12:14:44.000000,mrociopellegrino@gmail.com,+541126102038,C.A.B.A,Formulario Web
30587,Maria luz,Ledesma,No contesta,asignaciones,2026-08-11 16:02:15.000000,ma_luzdelrosario@hotmail.com,+541166042928,Malvinas Argentinas,Formulario Web
30590,MARIA FERNANDA,GAVILAN HERNANDEZ,No contesta,asignaciones,2026-08-24 11:07:26.000000,gavilanjng2019@gmail.com,+541171150447,La Matanza,Vendedor-App
30599,gabriela,colipe,No contesta,asignaciones,2026-09-08 10:34:41.000000,gabriela_c93@outlook.es,+541151188548,Tres de Febrero,Formulario Web
30600,ROMINA ROSANA,JAYMES,No contesta,asignaciones,2026-08-13 16:25:12.000000,rominajaymes@gmail.com,+541169244743,Avellaneda,Vendedor-App
30610,Virginia,Di risio aboy,No interesado,prospectos,2026-08-10 18:32:28.000000,dirisiovirginia@gmail.com,+541165830013,San Isidro,Formulario Web
30614,Sabrina,Mendez,No contesta,asignaciones,2026-08-12 11:07:59.000000,sabrimendez932@gmail.com,+541133900514,Tigre,Formulario Web
30619,María del Rosario,Milani,No contesta,asignaciones,2026-08-12 12:15:15.000000,mmilani73@yahoo.com.ar,+541151041338,C.A.B.A,Formulario Web
30622,Mariela,Patrault,No contesta,asignaciones,2026-08-14 17:27:07.000000,mpatrault1972@gmail.com,+542243429413,Gral. San Martín,Formulario Web
30630,roxana romina,jaime,No interesado,prospectos,2026-08-11 01:00:09.000000,santiagovalentin006@gmail.com,+541121854815,José C. Paz,Formulario Web
30631,Martin maximiliano,Nieva,No contesta,asignaciones,2026-08-11 16:09:31.000000,maxinievadiaz28@gmail.com,+542622275541,Gral. San Martín,Formulario Web
30634,Blanca,Silva,No interesado,prospectos,2026-08-11 01:31:34.000000,zoemilagrovictoria03@gmail.com,+541131448949,Gral. San Martín,Formulario Web
30648,Rodri,Marazz,No contesta,asignaciones,2026-08-11 11:40:58.000000,rodrigomaraz996@gmail.com,+543886401925,Malvinas Argentinas,Formulario Web
30649,Cristian,Unrein,No contesta,asignaciones,2026-08-14 17:28:22.000000,unreincristian6@gmael.cpn,+541160236320,Pilar,Formulario Web
30659,Romina,Solano,No contesta,asignaciones,2026-08-12 10:21:22.000000,solanoaromina@gmail.com,+541170658908,San Isidro,Formulario Web
30660,MARIA HELENA,CHAVES,No contesta,asignaciones,2026-08-18 10:56:14.000000,jnavarro6342@gmail.com,+541170169843,C.A.B.A,Vendedor-App
30687,Paloma,Becerra,No contesta,asignaciones,2026-08-12 12:13:57.000000,palomabbecerra@gmail.com,+541164422534,Tres de Febrero,Formulario Web
30690,Lucia,Rojas,No interesado,prospectos,2026-08-11 12:23:13.000000,luvaluvita1@gmail.com,+541149280611,C.A.B.A,Formulario Web
30696,Luis,Farragio,No interesado,prospectos,2026-08-11 13:13:48.000000,luis@gmail.com,+541132049659,C.A.B.A,Formulario Web
30697,Gisela,Soutto,No interesado,prospectos,2026-08-11 13:28:12.000000,gisesoutto@gmail.com,+541133366590,Quilmes,Formulario Web
30705,Florencia,Rinxivillo,No interesado,prospectos,2026-08-11 14:18:55.000000,joserobertorinzivillo@gmail.com,+541166804901,Avellaneda,Formulario Web
30709,milagros,presta,No interesado,prospectos,2026-08-11 14:36:52.000000,nad_sol@hotmail.com,+541164770036,Lomas de Zamora,Formulario Web
30725,Jose Luis,Canle,No interesado,prospectos,2026-08-11 15:59:17.000000,terminal2225@gmail.com,+541154200989,C.A.B.A,Formulario Web
30763,Elizabeth,Florido,No interesado,prospectos,2026-08-12 00:36:39.000000,elizabethflorido125@gmail.com,+542273426656,C.A.B.A,Formulario Web
30765,Romeo,Ojeda,No contesta,asignaciones,2026-08-14 10:14:15.000000,ojedaromeo712@gmail.com,+541128887113,Almirante Brown,Formulario Web
30769,Josue,Peralta,No interesado,prospectos,2026-08-12 01:40:51.000000,enzomontiel1111@gmail.com,+541150092629,La Matanza,Formulario Web
30782,Ellen,Mansilla,No interesado,prospectos,2026-08-12 03:27:51.000000,ellenmansilla2@gmail.com,+541136336156,Berazategui,Formulario Web
30784,Gabriela,Treumann,No interesado,prospectos,2026-08-12 04:37:53.000000,daviescristian1@gmail.com,+542805061508,C.A.B.A,Formulario Web
30792,claudio,ramirez,No interesado,prospectos,2026-08-12 06:07:24.000000,claudio2016ramirez@gmail.com,+541125319572,C.A.B.A,Formulario Web
30794,Gimena,Dominguez,No interesado,prospectos,2026-08-12 06:49:08.000000,gimeee89@gmail.com,+541156230537,San Miguel,Formulario Web
30804,Leonardo german,Etchecopar,No contesta,asignaciones,2026-09-08 10:33:07.000000,etchecopar43@gmail.com,+541150232521,Pilar,Formulario Web
30805,DATO,REFRITO,No contesta,asignaciones,2026-08-26 11:44:16.000000,reefrito1@gmail.com,+541198747324,Quilmes,Vendedor-App
30833,Maria Lorena,GUZZO,No contesta,asignaciones,2026-08-21 13:05:06.000000,lorenaguzzo44@gmail.com,+541163559789,C.A.B.A,Formulario Web
30844,Ramona Del Carmen,peralta,No contesta,asignaciones,2026-08-18 11:55:58.000000,ramonamartinaiam@gmail.com,+541134657833,Gral. San Martín,Vendedor-App
30872,Sofía,Boeri,No contesta,asignaciones,2026-09-04 13:36:48.000000,sofiaboeri6@gmail.com,+541127845061,San Isidro,Vendedor-App
30883,Christian Nicolas,Gomez,No interesado,prospectos,2026-08-13 00:20:28.000000,christianperro1010@gmail.com,+541126107904,Almirante Brown,Formulario Web
30892,Julieta,Ocampo,No contesta,asignaciones,2026-09-02 16:12:52.000000,ocampojulietaandrea@gmail.com,+541154678345,Campana,Formulario Web
30911,Liliana,Zarza Trinidad,No interesado,prospectos,2026-08-13 03:59:22.000000,lilianazarza54@gmail.com,+541137744795,Morón,Formulario Web
30949,Fernando,Soriano,No interesado,prospectos,2026-08-13 12:35:41.000000,ferosoriano@gmail.com,+541140291253,C.A.B.A,Formulario Web
30963,Maria Graciana,Salvati,No contesta,asignaciones,2026-08-14 12:25:58.000000,mgracianam@yahoo.com.ar,+542392612171,Quilmes,Formulario Web
30971,Maria,Parolini,No contesta,asignaciones,2026-09-01 08:59:39.000000,amaiamaria0809@gmail.com,+541134643616,Quilmes,Formulario Web
31011,RUBÉN,GIMÉNEZ,No contesta,asignaciones,2026-08-20 15:58:09.000000,gimenezruben860@gmail.com,+541131219770,La Matanza,Vendedor-App
31016,Maia,Bassino,No contesta,asignaciones,2026-08-20 14:00:26.000000,maiabassino7@gmail.com,+541135878388,Lomas de Zamora,Formulario Web
31024,Jeremias,Vargas,No contesta,asignaciones,2026-09-02 16:13:47.000000,jerevargasmorris@gmail.com,+541140789560,José C. Paz,Formulario Web
31030,Sebastián,Mételes,No interesado,prospectos,2026-08-14 08:37:01.000000,sebastianmeteles@gmail.com,+542323551807,Merlo,Formulario Web
31031,Natalia Yamile,Boll,No contesta,asignaciones,2026-09-08 10:32:51.000000,nataliayamib39@gmail.com,+543644881200,C.A.B.A,Formulario Web
31035,Mireya,Rueda,No interesado,prospectos,2026-08-14 09:41:02.000000,mireya32_12@hotmail.com,+541123934188,C.A.B.A,Formulario Web
31046,Tomas Luciano,Mattivi,No contesta,asignaciones,2026-08-14 10:40:05.000000,tomasmattivi@gmail.com,+541144844018,La Matanza,Vendedor-App
31115,FRANCISCA CATALINA,SUAREZ,No contesta,asignaciones,2026-08-20 15:57:17.000000,sofia@gmail.com,+541157550905,La Matanza,Vendedor-App
31126,Valeria,Mendoza,No interesado,prospectos,2026-08-14 21:18:59.000000,glmviajes@hotmail.com,+541137343621,C.A.B.A,Formulario Web
31129,Jessica,Campos,No contesta,asignaciones,2026-08-17 17:10:10.000000,jc9632592@gmail.com,+5491122943349,Florencio Varela,Formulario Web
31132,Veronica,Piriz,No interesado,prospectos,2026-08-15 00:45:58.000000,pirizsoleyludmi509@gmail.com,+541127403036,La Matanza,Formulario Web
31134,Alexis,Almaraz,No contesta,asignaciones,2026-08-18 17:40:49.000000,almarazalexisdavid@gmail.com,+543855724341,Lomas de Zamora,Formulario Web
31151,Alejandro,Granizo,No contesta,asignaciones,2026-09-02 16:14:58.000000,granizomartin91@gmail.com,+541151237467,Hurlingham,Formulario Web
31153,juan,cabanay,No contesta,asignaciones,2026-08-19 10:10:17.000000,cabanayj@gmail.com,+542657322662,Campana,Formulario Web
31166,Marie,Tvz,No interesado,prospectos,2026-08-15 10:58:43.000000,tvzmariela@gmail.com,+541126820494,Lanús,Formulario Web
31178,Victoria,Torrano,No contesta,asignaciones,2026-08-20 14:10:35.000000,victoria.hasmudi@hotmail.com,+5491160327957,Vicente López,Formulario Web
31200,Luciano,Davies,No contesta,asignaciones,2026-09-02 16:16:19.000000,daviesluciano127@gmail.co.com,+542804779047,C.A.B.A,Formulario Web
31201,Nicolas,Riquelme,No interesado,prospectos,2026-08-16 03:02:45.000000,nicolasriquelme815@gmail.com,+541164227154,Quilmes,Formulario Web
31205,Claudia,Pampillon,No contesta,asignaciones,2026-08-18 17:40:46.000000,pampillonclaudia56@gmail.com,+541121804727,Avellaneda,Formulario Web
31211,Daiana,La Cona,No interesado,prospectos,2026-08-16 09:59:08.000000,laconadaiana@gmail.com,+541159733526,Lanús,Formulario Web
31217,Carla,Zaccai,No contesta,asignaciones,2026-08-18 11:06:03.000000,aguusbe@gmail.com,+541165852208,C.A.B.A,Formulario Web
31221,Julieta,Romano,No contesta,asignaciones,2026-09-02 16:17:20.000000,julietamromano03@gmail.com,+541133335561,Merlo,Formulario Web
31225,Juan,Gerez,No interesado,prospectos,2026-08-16 13:19:04.000000,juanramongerez48@gmail.com,+541123632722,Merlo,Formulario Web
31226,Daniela,Fernandez,No interesado,prospectos,2026-08-16 13:32:37.000000,danielabeatrizfernandez@gmail.com,+541127594845,La Matanza,Formulario Web
31235,Andrés,De sosa,No contesta,asignaciones,2026-08-18 11:08:38.000000,adamiandesosa@gmail.com,+543741456346,Almirante Brown,Formulario Web
31238,Damian,Acosta,No contesta,asignaciones,2026-09-02 16:18:19.000000,damianacosta819@gmail.com,+541159402293,Merlo,Formulario Web
31241,Camila,Vallejos,No contesta,asignaciones,2026-08-19 10:14:19.000000,cv5895717@gmail.com,+541126913411,Vicente López,Formulario Web
31246,Santiago,Centurión,No contesta,asignaciones,2026-08-19 11:20:22.000000,santiagocenturion04@gmail.com,+541161603588,Quilmes,Formulario Web
31247,melany,lugo,No contesta,asignaciones,2026-08-21 15:01:26.000000,melanylugo822@gmail.com,+541164883429,Morón,Formulario Web
31248,melany,lugo,No contesta,asignaciones,2026-08-18 11:15:48.000000,melanylugo822@gmail.com,+541164883429,Morón,Formulario Web
31258,Karen,Centeno,No contesta,asignaciones,2026-09-02 16:19:30.000000,kc6101366@gmail.com,+541121716249,José C. Paz,Formulario Web
31263,Javier,Viera,No contesta,asignaciones,2026-08-17 17:10:33.000000,javierviera1132123@gmail.com,+541125507121,Avellaneda,Formulario Web
31264,Fernando,Rafaniello,No contesta,asignaciones,2026-08-21 15:05:11.000000,rafaniellofernando05@gmail.com,+541136410737,San Isidro,Formulario Web
31268,Priscila,Sicari,No contesta,asignaciones,2026-08-25 17:14:38.000000,priscilasicari2324@gmail.com,+542226486504,C.A.B.A,Formulario Web
31281,Walter,Garlepp,No interesado,prospectos,2026-08-17 12:12:53.000000,rociobjuarez66@gmail.com,+541135921179,Gral. San Martín,Formulario Web
31288,Lisandro uriel,Olivera,No contesta,asignaciones,2026-08-18 11:14:39.000000,oliverauriel55@gmail.com,+541124897738,C.A.B.A,Formulario Web
31290,Rosa,Jara,No contesta,asignaciones,2026-08-19 10:14:03.000000,rosajaradecout@gmail.com,+541131338709,Merlo,Formulario Web
31293,Noelia lucia,Soria pace,No contesta,asignaciones,2026-09-14 11:08:29.000000,noepace01@gmail.com,+541155932956,C.A.B.A,Formulario Web
31296,Martín,sanchez,No contesta,asignaciones,2026-08-21 10:42:23.000000,martinsanchez83rp@gmail.com,+542226632762,C.A.B.A,Formulario Web
31304,Eliana,Perdomo,No interesado,prospectos,2026-08-17 14:59:40.000000,elianaperdomo18@gmail.com,+541167955075,C.A.B.A,Formulario Web
31315,Brian,Aubain,No contesta,asignaciones,2026-09-11 11:42:34.000000,brianaubain8@gmail.com,+541172805500,Tres de Febrero,Formulario Web
31316,sofia,calcagno,No contesta,asignaciones,2026-08-19 12:08:42.000000,sofiajimenacalcagno@gmail.com,+541165975406,Tres de Febrero,Formulario Web
31320,Priscila,García,No contesta,asignaciones,2026-08-19 12:08:40.000000,garciapriscila098@gmail.com,+541168929581,Hurlingham,Formulario Web
31331,Pablo,Cordoba,No contesta,asignaciones,2026-09-11 11:43:38.000000,ojoblindado1976@gmail.com,+541172476909,Almirante Brown,Formulario Web
31332,Sergio,Sandoval,No interesado,prospectos,2026-08-17 19:37:59.000000,sersandoval77@gmail.com,+541167863500,Merlo,Formulario Web
31339,Nelvy,Arduz,No contesta,asignaciones,2026-08-20 15:56:18.000000,arduznelvy568@gmail.com,+541158203522,C.A.B.A,Formulario Web
31344,Marisol,Chavarri,No interesado,prospectos,2026-08-18 01:41:24.000000,chavarrimarisol1@gmail.com,+541140715668,La Matanza,Formulario Web
31348,Itati,Galeano,No interesado,prospectos,2026-08-18 02:07:35.000000,galeanoitati55@gmail.com,+542966707813,C.A.B.A,Formulario Web
31367,Brenda,Ayala,No contesta,asignaciones,2026-08-18 17:40:33.000000,brendadaianaayala0@gmail.com,+541164395623,La Matanza,Formulario Web
31393,Sebastian,Trebino,No contesta,asignaciones,2026-08-25 17:23:19.000000,sebastiantrebino@gmail.com,+541134217933,Esteban Echeverría,Formulario Web
31409,Maria julia,Jimenez,No contesta,asignaciones,2026-08-19 12:08:30.000000,mariajulia_jimenez@hotmail.com,+541169378018,Lomas de Zamora,Formulario Web
31423,Miguel,Rodas Genez,No interesado,prospectos,2026-08-18 15:03:07.000000,miguelrodasgenez@gmail.com,+541144721658,La Matanza,Formulario Web
31427,Micaela,Barreiro,No contesta,asignaciones,2026-08-20 10:42:22.000000,miabarreiromb@gmail.com,+541150157893,Tres de Febrero,Formulario Web
31442,Facundo,Pizarro,No contesta,asignaciones,2026-08-21 10:29:08.000000,facumpizrro@gmail.com,+541153446640,Lomas de Zamora,Formulario Web
31449,Alejandro,Ferrazzuolo,No interesado,prospectos,2026-08-18 16:04:57.000000,indionauta@gmail.com,+541136305909,C.A.B.A,Formulario Web
31470,BARONI,AYELEN,No contesta,asignaciones,2026-08-26 10:01:08.000000,florenciabaroni1234@gmail.com,+541122511553,Moreno,Formulario Web
31476,Franco,Lynch,No interesado,prospectos,2026-08-18 18:10:19.000000,francolynch97@gmail.com,+541156975957,Malvinas Argentinas,Formulario Web
31500,Milagros,Mercado,No interesado,prospectos,2026-08-19 00:52:48.000000,jazminmercado9909@gmail.com,+542635036634,Almirante Brown,Formulario Web
31505,Kim,Mascareño,No contesta,asignaciones,2026-09-04 12:16:27.000000,sofiafunes45@gmail.com,+542475425370,Malvinas Argentinas,Formulario Web
31519,Pablo,Orellano,No interesado,prospectos,2026-08-19 08:13:00.000000,orellanopablosebastian60@gmail.com,+542374886278,Moreno,Formulario Web
31521,Emilce araceli,Salinas,No contesta,asignaciones,2026-08-26 11:33:37.000000,eminoaaah@gmail.com,+541151160342,C.A.B.A,Formulario Web
31526,Gabriela,Mendoza,No contesta,asignaciones,2026-08-31 12:01:34.000000,camilagarciauriburu@gmail.com,+541150624195,Moreno,Formulario Web
31529,Luciano,Núñez,No contesta,asignaciones,2026-08-19 14:40:37.000000,nunezluciano791@gmail.com,+541133993055,Ituzaingó,Formulario Web
31532,agostina,ferrario,No interesado,prospectos,2026-08-19 10:47:48.000000,agostinaisabellaferrario@gmail.com,+541131937018,Gral. San Martín,Formulario Web
31533,nicolas,romano,No contesta,asignaciones,2026-08-26 15:37:45.000000,cristianromano1988@gmail.com,,Morón,Vendedor-App
31543,fabian,maldonado,No contesta,asignaciones,2026-08-20 15:55:56.000000,maldonado-fabian@hotmail.com,+541136553075,Berazategui,Formulario Web
31546,Zulema,Mangano,No contesta,asignaciones,2026-08-21 10:29:28.000000,yuremangano00@gmail.com,+541158600363,La Matanza,Formulario Web
31555,Laura,Arrejin,No interesado,prospectos,2026-08-19 11:57:56.000000,laurarre@gmail.com,+541134292793,Tres de Febrero,Formulario Web
31559,fernando,chiesa,No interesado,prospectos,2026-08-19 12:13:29.000000,delucaviviana2013@gmail.com,+541125802450,Vicente López,Formulario Web
31566,KAREN VIVIANA,PADILLA ALVAREZ,No interesado,prospectos,2026-08-19 12:34:56.000000,cacaoyamorcuantomasmejor@gmail.com,+541130363274,Vicente López,Formulario Web
31571,Maia,Monteros,No contesta,asignaciones,2026-08-20 14:13:44.000000,maiamonteros788@gmail.com,+541156948351,Moreno,Formulario Web
31586,Acevedo,Ricardo Salvador,No contesta,asignaciones,2026-09-11 12:47:03.000000,ricardosalvadoracevedo1971@gmail.com,+541123842694,José C. Paz,Formulario Web
31605,TestV,Mktprueba,No contesta,asignaciones,2026-08-20 09:45:27.000000,vgilardonicober@gmail.com,+541112341234,Campana,Vendedor-App
31606,micaela,aranda,No contesta,asignaciones,2026-09-14 11:14:50.000000,micaela_aranda_ok@hotmail.com,+541136975942,C.A.B.A,Formulario Web
31628,Braian,Kloster,No contesta,asignaciones,2026-09-08 10:38:02.000000,braiankloster7@gmail.com,+541134178526,Berazategui,Formulario Web
31653,Verónica Beatríz,Gonzalez,No contesta,asignaciones,2026-08-21 10:51:58.000000,soyverin19@gmail.com,+541132583085,Ituzaingó,Formulario Web
31654,Ramona,Fontana,No contesta,asignaciones,2026-08-20 16:18:17.000000,fontanaramona58@gmail.com,+543718664768,Campana,Formulario Web
31675,Analia,Davidovich,No contesta,asignaciones,2026-08-21 10:29:50.000000,davidovichanalia@gmail.com,+541138748112,C.A.B.A,Formulario Web
31709,Tomas,Tomas Fernández,No contesta,asignaciones,2026-09-08 10:37:16.000000,losandes1207@gmail.com,+541159432289,Lomas de Zamora,Formulario Web
31734,LILIANA,Furchi,No contesta,asignaciones,2026-09-01 09:37:36.000000,ln-1608@hotmail.com,+541157504950,Morón,Formulario Web
31748,Maria alejandra,Picallo,No contesta,asignaciones,2026-09-11 12:12:55.000000,picalloalejandra@gmail.com,+541171890328,Esteban Echeverría,Formulario Web
31768,Julio dario,piscicelli,No contesta,asignaciones,2026-08-31 12:01:59.000000,piscicellijuliodario@gmail.com,+541165796727,Tres de Febrero,Formulario Web
31845,Angel,Cisneros,No contesta,asignaciones,2026-08-24 10:04:15.000000,ivicamijoscy1985@gmail.com,+541172340565,Quilmes,Formulario Web
31873,Marco,Camacho,No contesta,asignaciones,2026-08-23 17:15:35.000000,camachovacamarcoantonio40@gmail.com,+543873079298,Almirante Brown,Formulario Web
31876,Martin,Ozan,No contesta,asignaciones,2026-08-24 12:55:54.000000,martinozan51@gmail.com,+543821455830,Campana,Formulario Web
31885,Cintis,Perez,No contesta,asignaciones,2026-09-04 12:16:05.000000,sebastianbazan0705@gmail.com,+541156007404,Gral. San Martín,Formulario Web
31892,Agostina,Banfo,No contesta,asignaciones,2026-08-24 12:37:50.000000,banfoagostina@gmail.com,+541128651964,Lomas de Zamora,Formulario Web
31895,Lautaro,Mercau,No contesta,asignaciones,2026-08-24 12:57:47.000000,lautaromartinmercau282@gmail.com,+542665021193,Zárate,Formulario Web
31926,Leandro,Dacheville,No contesta,asignaciones,2026-08-26 09:36:59.000000,dachevilleleandro7@gmail.com,+541136022519,Gral. San Martín,Formulario Web
31931,Sebastián,Hernández,No contesta,asignaciones,2026-08-26 12:27:18.000000,seba42214@gmail.com,+541132131426,Florencio Varela,Formulario Web
31934,Joelalexander Perez,Joelalexander Perez,No contesta,asignaciones,2026-09-04 12:15:52.000000,pjoelalexander03@gmail.com,+543813451583,Tigre,Formulario Web
31939,leila,furtado,No contesta,asignaciones,2026-08-24 13:00:41.000000,furtadoleilar@gmail.com,+541139033845,C.A.B.A,Formulario Web
31940,analia,ferrante,No interesado,prospectos,2026-08-23 11:25:00.000000,jprobbio@gmail.com,+541158897168,Avellaneda,Formulario Web
31944,Abel,Diaz,No contesta,asignaciones,2026-08-25 14:11:29.000000,amadeoabel234@gmail.com,+542622525310,Florencio Varela,Formulario Web
31945,Claudio,Castro,No contesta,asignaciones,2026-09-01 18:04:57.000000,cfcastro1561@gmail.com,+541164728847,Vicente López,Formulario Web
31946,Alexis,Zacarias,No contesta,asignaciones,2026-08-26 09:37:03.000000,zacariasalexis31@gmail.com,+541161860644,Lomas de Zamora,Formulario Web
31959,Guillermo José,Lescano,No contesta,asignaciones,2026-08-28 15:34:21.000000,guillermolescano89@gmail.com,+541171100432,José C. Paz,Formulario Web
31961,David,Rojas,No contesta,asignaciones,2026-08-24 12:51:29.000000,rojasdavidnani2006@gmail.com,+541149277577,Merlo,Formulario Web
31962,Cintia,Cardoso,No contesta,asignaciones,2026-08-25 10:31:22.000000,cintiacardoso676@gmail.com,+542617148269,Gral. San Martín,Formulario Web
32059,Miranda thiara,Daura,No contesta,asignaciones,2026-09-01 18:04:47.000000,mirandathiaradaura@gmail.com,+541163767756,San Isidro,Formulario Web
32063,Myriam raquel,Cardozo,No contesta,asignaciones,2026-08-31 12:02:15.000000,myriamraquel10@gmail.com,+541165980463,Merlo,Formulario Web
32064,Siro,Polanco,No contesta,asignaciones,2026-08-24 17:18:45.000000,siirin09@gmail.com,+541128328373,C.A.B.A,Formulario Web
32086,Victor Daniel,Da Silva,No contesta,asignaciones,2026-08-26 09:39:59.000000,danids1901@gmail.com,+541136217564,Merlo,Formulario Web
32118,Nahuel,Villagra,No interesado,prospectos,2026-08-25 03:49:57.000000,nahuelmatias2025@gmail.com,+541151073508,La Matanza,Formulario Web
32136,Santiago,Sauro,No contesta,asignaciones,2026-09-04 12:15:11.000000,santiagosauro1709@gmail.com,+541136053550,Quilmes,Formulario Web
32151,Marcelo,Alvarenga,No interesado,prospectos,2026-08-25 12:36:18.000000,marceloalvarenga1923@gmail.com,+541122587967,Avellaneda,Formulario Web
32156,Lujan,Gutiérrez,No interesado,prospectos,2026-08-25 13:12:13.000000,gutierrezmariaq156@gmail.com,+543835518430,San Fernando,Formulario Web
32174,MatíAs,Jaquez,No contesta,asignaciones,2026-08-26 09:47:06.000000,matiasjaquez468@gmail.com,+541176676877,Almirante Brown,Formulario Web
32175,Natalia,Fernandez,No interesado,prospectos,2026-08-25 14:53:45.000000,delcarmenfernandez85@gmail.com,+542944702967,Almirante Brown,Formulario Web
32183,Sara,Lescano,No interesado,prospectos,2026-08-25 15:40:08.000000,saralescano586@gmail.com,+541135798092,Almirante Brown,Formulario Web
32185,Gonzalo,Frias,No interesado,prospectos,2026-08-25 15:56:06.000000,gonzalonicolasfrias@hotmail.com,+541168592381,Avellaneda,Formulario Web
32202,Walter,Cabrera,No interesado,prospectos,2026-08-25 18:01:34.000000,waltermiguelcabrera22@gmail.com,+542216767398,Berazategui,Formulario Web
32204,Evangelina Beatriz,Moyano,No interesado,prospectos,2026-08-25 18:38:21.000000,moyanoevelyn940@gmail.com,+541130577068,La Matanza,Formulario Web
32207,Alejandra,groisman,No interesado,prospectos,2026-08-25 20:13:53.000000,alegroisman@gmail.com,+541145506090,Vicente López,Formulario Web
32216,Ismael,Nieto,No contesta,asignaciones,2026-08-28 14:56:02.000000,gabrielismaelnietosilva@gmail.com,+543826441850,C.A.B.A,Formulario Web
32218,Estefania,Caro,No contesta,asignaciones,2026-08-31 11:16:33.000000,caroestefaniacaro231@gmail.com,+543843434551,San Isidro,Formulario Web
32220,Jorge,Burgos,No interesado,prospectos,2026-08-26 02:07:00.000000,jorgenestorburgos45@gmail.com,+541128483357,Hurlingham,Formulario Web
32236,Lucas,Barreto,No contesta,asignaciones,2026-09-07 12:34:04.000000,xentenario19052005@gmail.com,+541166317068,C.A.B.A,Formulario Web
32265,Briza,Toloza,No contesta,asignaciones,2026-08-28 14:33:37.000000,brizatoloza6@gmail.com,+541164642727,Almirante Brown,Formulario Web
32284,Daniel Jorge,SILVA,No interesado,prospectos,2026-08-26 15:27:33.000000,danielj12silva@yahoo.com.ar,+543512012883,C.A.B.A,Formulario Web
32287,MELODY,DI DARIO,No contesta,asignaciones,2026-09-01 12:57:59.000000,meldidario2@gmail.com,+541128601451,La Matanza,Vendedor-App
32296,Dominga Susana,Luppino,No contesta,asignaciones,2026-08-31 10:13:29.000000,s.luppino@hotmail.com,+541140592049,San Isidro,Formulario Web
32307,Noelia,Añazco,No contesta,asignaciones,2026-08-28 15:07:08.000000,anazconoelia2@gmail.com,+541123705093,Avellaneda,Formulario Web
32325,Marcelo,Ochoa,No interesado,prospectos,2026-08-26 18:35:38.000000,marcelok405@gmail.com,+541121893159,La Matanza,Formulario Web
32355,Andrea,Mora,No interesado,prospectos,2026-08-27 02:44:06.000000,moraandreab1992@gmail.com,+542994293250,Quilmes,Formulario Web
32367,Elba,Gauna,No interesado,prospectos,2026-08-27 08:42:28.000000,maritagauna08@gmail.com,+542268540627,Malvinas Argentinas,Formulario Web
32412,Diego,Vera,No interesado,prospectos,2026-08-27 12:30:53.000000,diegoveraisaias@gmail.com,+541160551412,San Isidro,Formulario Web
32415,Cristian,Chomiak,No interesado,prospectos,2026-08-27 12:54:46.000000,chomiakcristianandres81@gmail.com,+541128884896,C.A.B.A,Formulario Web
32430,Renzo Tamburella,,No interesado,prospectos,2026-08-27 14:38:34.000000,,+5491160061026,,WhatsApp entrante
32459,Kevin,Zarza,No interesado,prospectos,2026-08-27 19:47:43.000000,kevinzarza752@gmail.com,+543482774087,Campana,Formulario Web
32470,Elba,Chaves,No interesado,prospectos,2026-08-27 23:12:34.000000,elbachaves6@gimail.com,+541125820535,Merlo,Formulario Web
32474,Bianca,Paz,No contesta,asignaciones,2026-09-01 12:34:46.000000,bpaz90180@gmail.com,+541176589707,Florencio Varela,Formulario Web
32475,Mariasol,Salguero,No interesado,prospectos,2026-08-28 01:24:41.000000,mariasolsalguero234@gmail.com,+542224466130,C.A.B.A,Formulario Web
32478,Nahuel,Barrios,No interesado,prospectos,2026-08-28 04:02:55.000000,barriosnahuel685@gmail.com,+542964510380,Almirante Brown,Formulario Web
32484,Diego,Sarcona,No contesta,asignaciones,2026-08-31 11:17:54.000000,diegosarcona@gmail.com,+541135206133,C.A.B.A,Formulario Web
32497,Alejo,Vallejo,No contesta,asignaciones,2026-09-11 11:48:31.000000,vallejosalejoo@gmail.com,+543454741791,Almirante Brown,Formulario Web
32514,LUCAS OSCAR,MAFFIA,No contesta,asignaciones,2026-09-02 13:43:40.000000,lucasoscarmaffia@gmail.com,+541101121391,La Matanza,Vendedor-App
32519,CATHERINE,PRADA,No contesta,asignaciones,2026-09-02 13:40:15.000000,catherineprada@outlook.com.ar,+541124799604,La Matanza,Vendedor-App
32545,Van,Fernandez,No contesta,asignaciones,2026-09-01 12:25:08.000000,wunjoinfo@gmail.com,+541141618881,C.A.B.A,Formulario Web
32555,Maria Rosa,Saez,No interesado,prospectos,2026-08-29 10:53:30.000000,merysaezmrs@gmail.com,+541132376775,Ezeiza,Formulario Web
32556,Fabián,Guerrero,No interesado,prospectos,2026-08-29 11:17:58.000000,licenciadoutn@gmail.com,+541150561010,La Matanza,Formulario Web
32568,Almendra,Patti,No contesta,asignaciones,2026-09-01 12:23:35.000000,almendrapatti@gmail.com,+541131460628,La Matanza,Formulario Web
32582,melina,callero,No interesado,prospectos,2026-08-29 21:28:30.000000,melicallero2005@gmail.com,+541164484466,Vicente López,Formulario Web
32603,Marcelo,Lopez,No interesado,prospectos,2026-08-30 15:09:46.000000,libreriagrafica@hotmail.com,+541150424239,C.A.B.A,Formulario Web
32616,Antonella,Fernández,No contesta,asignaciones,2026-09-02 17:15:43.000000,antonandez4414@gmail.com,+541157967583,Lanús,Formulario Web
32628,Romina,Cahe,No interesado,prospectos,2026-08-31 07:36:57.000000,caheromina@gmail.com,+541122711594,San Isidro,Formulario Web
32648,Yamila,Carballo,No interesado,prospectos,2026-08-31 11:30:29.000000,yamilacarballo1771@gmail.com,+541140575770,Florencio Varela,Formulario Web
32656,Noemi,impa,No interesado,prospectos,2026-08-31 12:14:26.000000,noemilucindacoriimpa@gmail.com,+542993280965,Malvinas Argentinas,Formulario Web
32664,Myrian,Susan,No contesta,asignaciones,2026-09-01 11:53:35.000000,mirususan@hotmail.com,+541137836898,Lanús,Formulario Web
32677,Ricardo,Vera,No interesado,prospectos,2026-08-31 14:25:38.000000,rv071539@gmail.com,+541155011945,Ezeiza,Formulario Web
32697,Pilar Agostina,Romero Cortes,No contesta,asignaciones,2026-09-11 12:01:33.000000,osoleonpilar140822@gmail.com,+5491122771800,Avellaneda,Formulario Web
32701,Maximiliano,Percara,No interesado,prospectos,2026-08-31 17:31:37.000000,maximilianopercara@gmail.com,+543456461908,C.A.B.A,Formulario Web
32742,Nora Fernanda,Tagliaferro,No contesta,asignaciones,2026-09-15 20:32:14.000000,noratagliaferro31@gmail.com,+541130660086,Lomas de Zamora,Formulario Web
32751,Anibal,Borda,No interesado,prospectos,2026-09-01 12:35:55.000000,anibalborda63@gmail.com,+541161301193,La Matanza,Formulario Web
32802,Victoria,Ortenzi,No interesado,prospectos,2026-09-01 20:15:06.000000,mariavictoriaortenzi@gmail.com,+541154553484,C.A.B.A,Formulario Web
32821,Candela,Seiffer,No interesado,prospectos,2026-09-02 09:44:12.000000,candelaseiffer@gmail.com,+541133695324,C.A.B.A,Formulario Web
32827,GABRIELA,GARDENES,No contesta,asignaciones,2026-09-15 20:33:13.000000,lapetisitaculona32@gmail.com,+541124816879,La Matanza,Vendedor-App
32837,LAURA,DAT,No contesta,asignaciones,2026-09-08 11:54:05.000000,darlaura@gmail.com,,C.A.B.A,Vendedor-App
32845,Hernan,Alvarez,No contesta,asignaciones,2026-09-03 10:21:51.000000,hernanalvarezfrances@gmail.com,+541166831387,C.A.B.A,Formulario Web
32848,CECILIA GUADALUPE,GERSHANIK,No contesta,asignaciones,2026-09-15 20:32:43.000000,guadagersha@gmail.com,+541124672127,Ituzaingó,Formulario Web
32849,María Luz,Sansone Sergnese,No contesta,asignaciones,2026-09-04 12:35:40.000000,luzsansone@gmail.com,+541161935685,C.A.B.A,Formulario Web
32880,Lorena,Marinetto,No interesado,prospectos,2026-09-02 16:23:00.000000,marinetto_cl@yahoo.com.ar,+541159043103,C.A.B.A,Formulario Web
32883,Bárbara,sosa,No interesado,prospectos,2026-09-02 16:47:02.000000,pergaminovale@gmail.com,+541124455569,C.A.B.A,Formulario Web
32896,tomatis,maria,No interesado,prospectos,2026-09-02 19:24:52.000000,mariatomatis276@gmail.com,+541161980371,Vicente López,Formulario Web
32908,CAMILO ERNESTO,LEON TERREROS,No interesado,prospectos,2026-09-03 08:52:29.000000,camiloleonterreros1993@gmail.com,+541134415924,C.A.B.A,Formulario Web
32972,JUAN GABRIEL,AMIGO,No interesado,prospectos,2026-09-03 15:40:47.000000,gabriel.amigo@live.com.mx,+541133319901,Lomas de Zamora,Formulario Web
33004,Micaela,Rodriguez,No interesado,prospectos,2026-09-03 18:26:54.000000,varitassantas@gmail.com,+541149469896,La Matanza,Formulario Web
33007,carlos,mendez,No interesado,prospectos,2026-09-03 19:02:52.000000,carlosmendeza1991@gmail.com,+541154016819,Morón,Formulario Web
33008,María belen,Bononato,No contesta,asignaciones,2026-09-15 20:22:54.000000,belenbononato35@gmail.com,+541122992633,Avellaneda,Formulario Web
33065,Lucas,Fasanella,No contesta,asignaciones,2026-09-07 16:41:53.000000,lucasfasanella@hotmail.com,+541128605720,Quilmes,Formulario Web
33080,Patricia,Montalto,No contesta,asignaciones,2026-09-14 20:47:43.000000,patricia.montalto@bue.edu.ar,+541164794568,C.A.B.A,Vendedor-App
33092,Abril,Martin,No contesta,asignaciones,2026-09-07 16:41:58.000000,abrilcmartin05@gmail.com,+541122509185,C.A.B.A,Formulario Web
33162,Camila,Chinchilla,No interesado,prospectos,2026-09-06 14:04:58.000000,camila.chinchilla@hotmail.com,+541141437823,C.A.B.A,Formulario Web
33194,Lucas,Bieladinovich,No interesado,prospectos,2026-09-07 10:43:06.000000,vsenia@icloud.com,+541153742962,Quilmes,Formulario Web
33220,Margarita,Chumba,No interesado,prospectos,2026-09-07 11:45:25.000000,margachumba_65@hotmail.com,+541168908737,C.A.B.A,Formulario Web
33281,Natalia,Sánchez,No interesado,prospectos,2026-09-07 16:30:18.000000,natysolsis@gmail.com,+541166159210,Vicente López,Formulario Web
33297,María,Castelucci,No interesado,prospectos,2026-09-07 17:54:07.000000,lauracastelucci@gmail.com,+541162927965,C.A.B.A,Formulario Web
33300,Patricia,Calvo,No interesado,prospectos,2026-09-07 18:15:52.000000,calvopatricia29@gmail.com,+541138713825,Lomas de Zamora,Formulario Web
33317,Iara,Nadal,No interesado,prospectos,2026-09-07 21:31:42.000000,iaranadal@yahoo.com.ar,+541160293321,Lanús,Formulario Web
33322,Claudia Nataly,Robles Ostos,No contesta,asignaciones,2026-09-15 20:14:56.000000,claudiarobles712@gmail.com,+541123628847,C.A.B.A,Formulario Web
33335,Agustin,Pereira,No interesado,prospectos,2026-09-08 09:22:57.000000,agusriver1978@gmail.com,+541176440976,La Matanza,Formulario Web
33403,Mónica carme,Patito,No interesado,prospectos,2026-09-08 14:30:19.000000,monicapatito@gmail.com,+541163029226,Morón,Formulario Web
33405,Elena Srapi,,No interesado,prospectos,2026-09-08 14:41:20.000000,,,,WhatsApp entrante
33446,Micaela,Gonzalez,No contesta,asignaciones,2026-09-09 13:15:29.000000,gonzalezmiicaa4@gmail.com,+543751660111,Avellaneda,Formulario Web
33452,Paula,Allende,No contesta,asignaciones,2026-09-10 15:44:37.000000,pallendeb@gmail.com,+541128252070,C.A.B.A,Formulario Web
33453,Marcela,Antonini,No interesado,prospectos,2026-09-08 20:50:36.000000,marceantonini@hotmail.com.ar,+541162579250,C.A.B.A,Formulario Web
33455,Elisabeth,Grande,No contesta,asignaciones,2026-09-15 20:16:03.000000,elygrande2010@gmail.com,+541123198324,C.A.B.A,Formulario Web
33461,Sol Salud,Rojo,No interesado,prospectos,2026-09-09 08:47:01.000000,rojomarialaura779@gmail.com,+541138903599,C.A.B.A,Formulario Web
33472,anabela,santillan,No contesta,asignaciones,2026-09-10 15:45:20.000000,anabelavaninasantillan@gmail.com,+541141688627,La Matanza,Formulario Web
33563,Ivi,,No interesado,prospectos,2026-09-09 16:48:49.000000,,+5491122552517,,WhatsApp entrante
33566,samanta,gomez,No interesado,prospectos,2026-09-09 17:10:02.000000,lasamygomez81@gmail.com,+541153752825,C.A.B.A,Formulario Web
33578,Roxana,Sanguinetti,No contesta,asignaciones,2026-09-10 15:48:29.000000,rsanguinetti9@gmail.com,+541165116414,C.A.B.A,Formulario Web
33653,LUCAS,LOZANO,No contesta,asignaciones,2026-09-14 17:49:28.000000,lucaslozano@gamil.com,+541122629340,C.A.B.A,Vendedor-App
33674,Pablo,Riquelme,No interesado,prospectos,2026-09-10 15:25:09.000000,pabloriquelme1612@gmail.com,+541176101576,Almirante Brown,Formulario Web
33675,Dylan uriel,Cornejos chisari,No interesado,prospectos,2026-09-10 15:26:33.000000,nataliabelenchisari123@gmail.com,+542617790302,Gral. San Martín,Formulario Web
33726,Victoria,Nuñez,No contesta,asignaciones,2026-09-15 20:17:10.000000,nunezvictoriaa005@gmail.com,+541176302149,La Matanza,Formulario Web
33731,Analia,Rodriguez,No interesado,prospectos,2026-09-10 21:20:29.000000,analiaburgis21@gmail.com,+541124097675,C.A.B.A,Formulario Web
33783,Mariela,Hermita,No interesado,prospectos,2026-09-11 14:23:37.000000,pelahermita@gmail.com,+543417791443,C.A.B.A,Formulario Web
40036,Agustin,Contreras,No contesta,asignaciones,2026-09-14 20:50:02.000000,contre99@hotmail.com,+541164357076,C.A.B.A,Formulario Web
40039,Yeison,Torrealba,No contesta,asignaciones,2026-09-14 10:43:18.000000,yeisontorrealba31@gmail.com,+541125877199,C.A.B.A,Formulario Web
40045,Valeria,Albarado,No contesta,asignaciones,2026-09-15 10:18:40.000000,valalbarado82@gmail.com,+541156408835,C.A.B.A,Formulario Web
40052,Norberto gonzalo,Castro,No contesta,asignaciones,2026-09-14 20:46:50.000000,norgonzalocastro@hotmail.com,+541123291967,Tigre,Formulario Web
40072,florencia,martinez,No contesta,asignaciones,2026-09-15 11:18:53.000000,florenciamilagrosm11@gmail.com,+541173706007,Esteban Echeverría,Formulario Web
40085,Elizabeth,Riganti,No contesta,asignaciones,2026-09-15 16:15:55.000000,licelizabethriganti@gmail.com,+541159564108,Avellaneda,Formulario Web
40105,Franco,Ezequiel Osores,No contesta,asignaciones,2026-09-15 16:16:20.000000,osoresfranco17@gmail.com,+541173567901,Lomas de Zamora,Formulario Web
40130,guadalupe,ubeira,No contesta,asignaciones,2026-09-14 21:24:53.000000,lupitawhisky9@gmail.com,+541135041750,San Isidro,Formulario Web
40137,Virginia,aranda,No interesado,prospectos,2026-09-14 09:53:59.000000,vikyaranda73@gmail.com,+541153362245,Berazategui,Formulario Web
40150,Javier,Cabaña,No contesta,asignaciones,2026-09-15 17:23:46.000000,chinofsa@hotmail.com,+542966636143,C.A.B.A,Formulario Web
40202,Mario,Figueroa,No interesado,prospectos,2026-09-14 14:44:54.000000,mf7581473@gmail.com,+542644569393,Lanús,Formulario Web
40227,Gustavo Fabián,Ortiz,No contesta,asignaciones,2026-09-15 12:57:42.000000,gustavofabianortiz486@gmail.com,+543487709166,Vicente López,Formulario Web
40270,Izabelle,Alencar,No contesta,asignaciones,2026-09-16 16:07:06.000000,izabellealenca13@gmail.com,+541161257420,San Isidro,Formulario Web
40302,ludmila,ailen,No contesta,asignaciones,2026-09-16 16:06:01.000000,ludmiaylen602@gmail.com,+543777653285,C.A.B.A,Formulario Web
40316,Andrea Soledad,De Almeida,No interesado,prospectos,2026-09-15 11:31:45.000000,dealmeidaandrea407@gmail.com,+543755703799,San Isidro,Formulario Web
40318,Martire,Galarza,No interesado,prospectos,2026-09-15 11:42:08.000000,martiregalarza@gmail.com,+543412452905,Tigre,Formulario Web
40322,ruben,poma,No interesado,prospectos,2026-09-15 11:34:42.000000,sentitebellapoma@gmail.com,+541168935086,C.A.B.A,Formulario Web
40348,Maria Milagros,Atencio,No contesta,asignaciones,2026-09-16 16:05:27.000000,atenciomariamilagros8@gmail.com,+542345514801,Pilar,Formulario Web
40363,cecilia,meza,No interesado,prospectos,2026-09-15 15:19:40.000000,ceciliameza2125@gmail.com,+541125041712,C.A.B.A,Formulario Web
40365,Pablo Rubén,Molina,No contesta,asignaciones,2026-09-18 14:49:57.000000,pealmolina@gmail.com,+541132398723,C.A.B.A,Formulario Web
40397,Julieta,Ferragut,No interesado,prospectos,2026-09-15 19:31:44.000000,julietaferragut@gmail.com,+541159540544,C.A.B.A,Formulario Web
40414,Luciana,Spano,No interesado,prospectos,2026-09-15 22:53:35.000000,luciana.spano@hotmail.com,+543751498987,Avellaneda,Formulario Web
40422,Marcelo,Chain,No interesado,prospectos,2026-09-16 00:09:13.000000,chainm22@yahoo.com,+541157661961,Tres de Febrero,Formulario Web
40424,Manuel,Carli,No interesado,prospectos,2026-09-16 07:42:51.000000,telgozonanorte@gmail.com,+541132818142,Vicente López,Formulario Web
40425,Jason matias,Britez,No contesta,asignaciones,2026-09-18 10:23:41.000000,matiasjb_27@hotmail.com,+541126270818,Lomas de Zamora,Formulario Web
40444,Luz Teresa,Solís Galeano,No interesado,prospectos,2026-09-16 10:24:19.000000,luzteresasolis@gmail.com,+543718681750,Malvinas Argentinas,Formulario Web
40457,Mariana,Santos,No interesado,prospectos,2026-09-16 10:50:13.000000,marian-santos1971@hotmail.com,+541160452946,San Fernando,Formulario Web
40464,Petty,Correa,No interesado,prospectos,2026-09-16 11:47:25.000000,marinacorrea@gmail.com,+541157607070,C.A.B.A,Formulario Web
40465,MIRNA,TALA,No contesta,asignaciones,2026-09-17 23:26:34.000000,mirnatalar@gmail.com,,Lanús,Vendedor-App
40476,Ezequiel,Ledesma,No interesado,prospectos,2026-09-16 11:30:12.000000,ezequielledesma16@gmail.com,+543644225654,Almirante Brown,Formulario Web
40491,Verónica,Perez,No interesado,prospectos,2026-09-16 12:45:15.000000,veronica.tatu@hotmail.com,+541157246403,C.A.B.A,Formulario Web
40498,Erica,Raineri,No interesado,prospectos,2026-09-16 13:33:36.000000,byetermos@gmail.com,+541167091547,San Isidro,Formulario Web
40502,sofia,franco,No interesado,prospectos,2026-09-16 14:02:39.000000,sofiafranco25@gmail.com,+541122547182,C.A.B.A,Formulario Web
40548,Martin,Cespedes,No contesta,asignaciones,2026-09-17 15:52:04.000000,mh_cespedes@hotmail.com,+541169200540,C.A.B.A,Formulario Web
40596,Johys,Silva,No interesado,prospectos,2026-09-17 10:55:59.000000,johys25691@gmail.com,+541126145090,C.A.B.A,Formulario Web
40602,Lucia,Lucia Pérez,No contesta,asignaciones,2026-09-18 11:22:00.000000,lucia.perez.2001@hotmail.com,+541166537124,Avellaneda,Formulario Web
40605,Alan,Molina,No interesado,prospectos,2026-09-17 11:13:46.000000,alnamolina123@gmail.com,+541133824623,Lomas de Zamora,Formulario Web
40607,Antonella,Cepeda,No interesado,prospectos,2026-09-17 11:29:41.000000,antonellacepeda1993@hotmail.com,+541127556281,Gral. San Martín,Formulario Web
40613,CARLOS,PERNICO,No interesado,prospectos,2026-09-17 11:56:47.000000,carlospernico@gmail.com,+541156257346,Almirante Brown,Formulario Web
40616,LUCIANA,SEGURA,No contesta,asignaciones,2026-09-17 12:02:58.000000,seguraluciana2001@hotmail.com,+541524566863,C.A.B.A,Vendedor-App
40619,Julieta,Faig,No interesado,prospectos,2026-09-17 12:32:42.000000,julietafaig@gmail.com,+541125838544,C.A.B.A,Formulario Web
40620,Mara,Lagos,No interesado,prospectos,2026-09-17 12:48:53.000000,maraelagos@hotmail.com,+541136677653,C.A.B.A,Formulario Web
40628,Alma,Gutman,No interesado,prospectos,2026-09-17 13:16:37.000000,almagutman@yahoo.com.ar,+541133137984,C.A.B.A,Formulario Web
40661,adriano,seoane,No contesta,asignaciones,2026-09-18 12:52:51.000000,adrianoemersonseoane@gmail.com,+541140638649,Morón,Formulario Web
40663,RICHARD,Guardia,No contesta,asignaciones,2026-09-18 12:52:12.000000,datoguardia@gmail.com,,C.A.B.A,Vendedor-App
40669,Lucas,Barche,No interesado,prospectos,2026-09-17 18:04:11.000000,barchelucasgabriel@gmail.com,+543725443804,Gral. San Martín,Formulario Web
40673,Judith Dahiana,González Fernández,No contesta,asignaciones,2026-09-18 11:00:34.000000,judithdahianagonzalez@gmail.com,+541123459538,Ezeiza,Formulario Web
40677,Milagros,Herrera,No interesado,prospectos,2026-09-17 20:04:48.000000,herreramili2001@gmail.com,+541122857487,Lanús,Formulario Web
40680,Candela,Salina,No interesado,prospectos,2026-09-17 20:46:03.000000,dumduttydum@hotmail.com,+541139396111,C.A.B.A,Formulario Web
40688,Gustavo Sebastián,Olivera,No interesado,prospectos,2026-09-18 08:06:27.000000,gustavosebastian594@gmail.com,+541155758753,Avellaneda,Formulario Web
40716,Ernesto,Cicero,No interesado,prospectos,2026-09-18 11:39:20.000000,ernestocicero@hotmail.com,+541158439980,Malvinas Argentinas,Formulario Web
40720,Martin,Briane,No interesado,prospectos,2026-09-18 10:59:54.000000,martinbriane@hotmail.com,+542994012282,C.A.B.A,Formulario Web
40732,Maria,Olivera,No interesado,prospectos,2026-09-18 12:12:29.000000,maria2025niki@gmail.com,+541125242316,Malvinas Argentinas,Formulario Web
40733,Roberto,Vargas,No interesado,prospectos,2026-09-18 11:40:58.000000,roberto_datos@yahoo.com.ar,+541159486980,San Fernando,Formulario Web
40735,Christian Alejandro,Montenegro,No interesado,prospectos,2026-09-18 11:31:32.000000,chrisalejandro22mon@gmail.com,+541137059360,Malvinas Argentinas,Formulario Web
40743,Sandra,Barra,No interesado,prospectos,2026-09-18 11:41:38.000000,sandra_barra@yahoo.com,+541126323123,Gral. San Martín,Formulario Web
40750,Josué Osvaldo,Cardozo,No interesado,prospectos,2026-09-18 12:27:30.000000,josuecardozomtx@gmail.com,+543757523666,Lomas de Zamora,Formulario Web
40760,EZEQUIEL,CABOTT,No contesta,asignaciones,2026-09-18 17:03:38.000000,exequielcabott@gmail.com,+541121633109,La Matanza,Vendedor-App
40762,ALEJANDRO EZEQUIEL,AUYERO,No contesta,asignaciones,2026-09-18 17:02:32.000000,auyeroalejandro8@gmail.com,+541150610153,Moreno,Vendedor-App
40764,SANTIAGO,DESTITO,No contesta,asignaciones,2026-09-18 17:01:15.000000,santidestito23@gmail.com,+541130856244,La Matanza,Vendedor-App
40772,María,Gallo,No interesado,prospectos,2026-09-18 14:15:58.000000,mariafernandagallo1@gmail.com,+541158512333,La Matanza,Formulario Web
40800,SOPHIA   SABRINA,DAVILA RODRIGUEZ,No contesta,asignaciones,2026-09-20 15:19:32.000000,carolrodriguezt@gmail.com,+541168571852,C.A.B.A,Vendedor-App
40813,Lorena,Ramírez,No interesado,prospectos,2026-09-18 20:48:31.000000,loreeramirez1997@gmail.com,+541123463429,Moreno,Formulario Web
40816,Mario,SIGAMPA,No interesado,prospectos,2026-09-18 21:17:53.000000,ayemario@icloud.com,+541137638077,Lomas de Zamora,Formulario Web
40819,Debora Carmen,Rodríguez,No interesado,prospectos,2026-09-19 08:46:24.000000,debora82rodriguez@gmail.com,+543704853654,Quilmes,Formulario Web
40828,Silvia,Degilippi,No interesado,prospectos,2026-09-19 11:12:35.000000,silviadefilippi61@gmsil.com,+541162545589,C.A.B.A,Formulario Web
40835,Analia,Lopez,No contesta,asignaciones,2026-09-20 15:42:07.000000,anylopez601@gmail.com,+541165907964,San Isidro,Formulario Web
40843,Ezequiel,goncalves,No interesado,prospectos,2026-09-19 13:09:13.000000,agoncalves125@yahoo.com.ar,+541141779657,C.A.B.A,Formulario Web
40859,Bakur,Isahakyan,No interesado,prospectos,2026-09-19 17:00:46.000000,tattisahakyan@gmail.com,+541132380406,C.A.B.A,Formulario Web
40874,Carlos Adrián,Pires Madeira,No interesado,prospectos,2026-09-20 10:02:16.000000,madeiracarlosadrian@gmail.com,+541138761584,Lomas de Zamora,Formulario Web
40888,Romina,Hernandez,No interesado,prospectos,2026-09-20 14:17:58.000000,monicabeatrizciampa@gmail.com,+541125149758,Avellaneda,Formulario Web
